transaction_id,address,market_id,side,amount,price,timestamp,outcome
0xd6504505bab74f5a2968b6dfe8c650a9302a3936b7f7182d231f50acca5d8e79,0x7a19ca0da60923554c04ff5ce77754f44507daa5,0xda2b34ddbdcdb6e383d6b24b4b95eeb08f9b063f43c8619cdfa5f4c0dcb546c0,SELL,1.96,0.99,2026-03-29 18:36:32.000000,Up
0xc16b5cd0c28f2d7b40f054a8592dbfd447ec180e5839bf6c9ec24518c39c4291,0xa45fe11dd1420fca906ceac2c067844379a42429,0x24bf73374a40ed40aebca1a74adfafd8dc22306156e8395a69226303599fe374,BUY,12.0,0.72,2026-03-21 09:54:49.000000,Up
0x9941b11c13a98e3cb3c493069fa7143a1844862011aca8a0d4c054f5b789ed7e,0x2005d16a84ceefa912d4e380cd32e7ff827875ea,0xd88b4c6d849f6bc75db372a1c631b0d6ef408e56483d6120c2bcb7eb37e96915,BUY,5.44527,0.43,2026-04-27 01:52:20.000000,Over
0x2fa127dac04ecb81d2f923388f2053e0a0573304b3877e782415e47ce7cefb69,0x251c1a283703beed41590b0875a8dcb8ddd1541f,0xe7a7c05357491e01880a220e3c763d05cd36abce62b1ec26b6cdae9c6dd87cc1,BUY,5.0,0.36,2026-05-10 06:11:48.000000,Up
0xac7960d17c5e401ceef6a181dd57a6bbea995d5699deeff229d56272c68b3ac7,0x0439cd4d089e2a6c75c425c86445e38bd01dc82b,0x92724a6265adcb1ec706e61b16b201f3803e77f2e77e34149b9b2ded55d9878b,BUY,12.41985,0.06140015015015015,2026-04-03 06:15:09.000000,No
0x13bf57677284e4490b128e4b0c7cba6226afc773c61ab1b11386890883c75727,0x457586b63a5510ef9f294254b888395a4d9647d2,0x6ad39832e66dc323e216f49c793711e5405e43bc12160286d1a7c3b81645790e,BUY,21.450910999999998,0.21999997271999794,2026-04-17 21:41:54.000000,Down
0x4b6ddaee398289ea517a575299bc78cf670915ad3e5ef83ab0873117f2fc87e1,0x01c30460039187197832c5c77b65af1eaa1de516,0xbfbc3c3694e879c691d444984777b188c7a6556b548a1c30d8156cd4c79401a8,BUY,2.042856,0.6999999020978473,2026-05-11 20:26:47.000000,No
0x58d17b023ecfd6f3d39ca474f94c880256c711ad20fdb174bae084ff7b167f3d,0x5904fcc9e9294260e1403d57b2b8dd248308940f,0xe517a459be3025cd1319c25ecc95cf238938e27d2fb5bda04f20d5c7c3065d19,BUY,5.004754999999999,0.999000000999,2026-04-01 14:20:47.000000,Yes
0x648584a5288095a94e18155eec14050b7cac6d0eeafa4e1061d072f44f809fef,0xcabf093e6228e589c6a0b7852139438b8ac56c89,0xb7101948fa3e64fb5c8a5daea13232fb290f20e1b36d50b094288d58fbe40ed3,BUY,5.0,0.74432,2026-05-10 23:27:43.000000,Up
0x3cba42d3ef5515ea90bb91319a71430ddb03ba454185d6aba20ab1e5d70077d7,0x76bde92b8025cb408bb5f408f73027c3754e0fa4,0x4917814025f71855fcac8321df79c4e339e7b156eaadd58e3b729b5b19219e7e,BUY,8.916,0.32,2026-04-22 05:40:26.000000,Down
0xcc0d9a3c2ff1384e8416a26fc10aada999f39df0cca2dc2b115943e8caa3bf07,0x081a3b357baafc91af26f83f622e2652668c66d0,0x151f00b091b2e346656190b49c06644920fdba4f1280f7976e7f5f6bdfec7bb3,SELL,60.0,0.26508,2026-05-10 06:08:41.000000,Yes
0xe5146d78011cbc188c2de72146b5d621812ec83258134ffa7f90a31454cd38d5,0x71fa0acc436ecdc9c36d007060d559604a44da19,0x1b37ba735c44cc560ca0db02caffcbf6c34a2672c315f526061a27447cf65eef,BUY,2.000496,0.8399999802352597,2026-04-16 10:52:12.000000,Down
0x681c4c953b7198c80c18615c22c8344119b2643c683bcefc3b7fdda5f44a636a,0x7cf6128b9985ddf56b2ed28d6ab78fdd80cdf7e4,0x37b9736858bb6e64959fed3e6873d19525690baf8b0a318969bb4d26e94e6f60,BUY,1.785713,0.559999843199887,2026-03-20 04:53:09.000000,Up
0xfeed7cef5ed8c7ae12788dbee808a9ec582b385cb9825ec20034e5ea6d467c8d,0xfab2260cb5c930e952b13d88b69147deba029490,0xcf7c9a787fbf56ed1fae332aac8f47685f9eb16f59bf75913577209c4a4b82ce,BUY,19.98841,0.66,2026-04-22 20:40:28.000000,Up
0xb9ba960771522557677dfef005b7e3d37761ce2547fafefafb4459cf311a4ed2,0xa61e5fbc4fcefa3223dbd711251ea3bc073023cb,0xe443dab97ad8b7f58558cc7a6a3932d156031e962a451e0461e9a4578d78fe84,BUY,50.0,0.03,2026-04-09 01:19:51.000000,Yes
0xe0a86887ab647b8a00e1e5f2403d8a6901d899e7dec878f7cdb08123aef33127,0x1070931b322284cd9552575d6cfb1374724b78d2,0x745da8a6db7f44051aace9345aeb4f4bbbba73a4998096cef8aad532c90d9afd,BUY,1.522,0.64,2026-04-14 12:02:39.000000,Down
0xbd106a0e18678239e4a43f7c9d8b628e07abb31b85486739f7636607879e8bd8,0x9b9ff79cdc3c6dc3abbc494b06ea577567bea26a,0x5a59d269c2b5108cd2f64c624e46ee2c8b5cfd88b882582565f927918315b6aa,BUY,26.0,0.997,2026-04-03 12:19:43.000000,No
0x17008adb832834d25569cf10f43a0a7bc5fb4184cdba0a511693857e9d1fdc98,0x7edb8d9e184f9747d6957dc3d54e1e8a0d6e7993,0x2bf40affb44560184257e95446111165f7995bd1cbccedbd825bffa5ec66f974,BUY,24.82,0.76,2026-04-10 10:34:35.000000,LNG Esports
0x3a49ae30d295ebb79d3adfaebb2e783e8c14f0db2a3aa0ab891ce0cd05b4d05c,0x537494c54dee9162534675712f2e625c9713042e,0x250fd28043e23405226bde011f9b93826605f59f93f00419ff6e9b4ca026f641,BUY,5.0,0.46,2026-03-25 20:48:27.000000,Down
0x38362fc5a6fea01476ac0b996131d7e70fa8e3b9d82129c1eed4b379fc18d5c1,0xd4253cf046d1e7080c2bab443737710d55a9c0e4,0x8ee61ba3e731438cd8928c11e9d7ed8c7e1d5854349c300bb679d9803e0a6a5c,BUY,22.014,0.7,2026-04-08 23:20:47.000000,Down
0xba41deb454594777c59480b6192cc1af59936683496f672b70afb791da2e1ca5,0xd2546e1d1abd3656d4889d989e34428332dff453,0xd0d8b0d7ea848dee73c4aab6fd56317b151fd002eecf0d6fb706ac34155607b3,BUY,6.995,0.53,2026-04-01 16:22:59.000000,Up
0x37c065b1a4b337341a1eef690f726e7771d4dd6d446e057eb2259b22e3d7f2d8,0x9b9ff79cdc3c6dc3abbc494b06ea577567bea26a,0x6331a779482df72d904c3c1e12b6409ff836bc06f8c97945cba9b25ada2c605c,BUY,45.0,0.997,2026-03-26 02:22:07.000000,No
0x9b6c3dd1bfe695af93c4bbfa5fb0c498470175117aaecc3a908fa9a3d3f6e4dd,0xac6df77395095fd6a6f16e836ad845dd8cb0919a,0xa31f52e3cbcae48cc542c9d138fab583a637750dfd83cc0927909a9618d9b1a4,BUY,13.703702,0.2699999605945897,2026-05-06 10:29:54.000000,Down
0x4e7469df6ec59e657315ab2a62f373b8bf92f94dc4d650f7d0df5e03f985738d,0x2ccee10e7b6258e11f380018e0f9961d18016e85,0xf126d5253f29cc9bf73fac80374b7801f5a6b2ad73a46b9453051e46f664210e,BUY,116.84,0.33,2026-05-13 17:38:40.000000,Down
0xc8ad437a6b9bb52e50c0a97ad597152c4ca0a6b30901a3a7187648c687538d56,0x27014c28624ec23b17f42c8d866291e585d02804,0x4197bf7e572f1dd731669d33d05532c6d3b8cba71fb83dc69d789110e39c41b4,SELL,3.0,0.998,2026-04-20 04:23:22.000000,No
0xef6db9919c01fb82e923cb3c14df6b83751c1a4e290cdb0495375cc05f7b3572,0x19bbad7a3809efff764e9f78d85badb2e7a72895,0xcf58cf14041f92eb5d7a3bc0e38812eceffeeca676f4119c185fe1ad28e65097,SELL,0.8,0.87,2026-04-18 22:17:22.000000,Up
0xdb80f7e00cf31dea6f29a339fceae9fb23a2a42ccde232b64437afbdb3065c8f,0x75cc3b63a2f2423085e10706c78b494017b93ce1,0x828ae938bf1d2f08aa9ca6d10a07e1bab42099829fdc4b79c091c4c75194ed11,SELL,4.0,0.76,2026-05-11 08:12:15.000000,Down
0xfa29072a1e2fc2f5628fdea773afa6458045a71adfa929e31c2ea38b0d9dacbe,0x4eabe86dd5f9173729db2e1d051930b826318859,0x6b67bf15ea2e55738cdad96842bccb0dbc47094273c3ba39a7b3965ca0553bea,BUY,11.986748,0.8299999966799987,2026-04-14 12:05:11.000000,Yes
0x837c9d37b1040e4dce66ba5fe8bee700c97eb75f414dc7666315736bdd01a405,0xb502791305c76d366ffb3d64f8578a2a579f3505,0xa2d691b2f1afee3831f44399c93501a4410c0b51b4b518cb20a76cb5f3414a35,SELL,0.02,0.98,2026-04-01 20:28:39.000000,No
0x29067328ff8750d02967f2eeaa66e1decfea408c8616e176cc3472a8995b33ba,0xfb642d888ba3626f952d07a6030a7f051d81b36d,0x473a635c58912f13e944fd0a0a4aa0daa788ea27f70cbeb11e336e7f760046cb,BUY,41.325363,0.28999998461599324,2026-04-08 19:11:07.000000,Down
0xee98bebce55446f1e26e3d62d02a818f47b64e770d7bf15d54317c422aa64310,0xa41eeb36e5978490562df6ddad7e18cc39dd73f0,0x10dbc8e333153895c8a1be3b67d507d07cdb5da4f76a67cab7c1f482ecdd5327,BUY,10.0,0.42,2026-03-29 15:30:10.000000,Down
0xbd6943836f3d4c6cf441d34ed3079fe69e04773f435be1cfc4b1fed6bd148358,0x9eb5cc59f60496c27b4315f3040fe375d50821aa,0x3dfa51fbc34efc347adf40f21c951fe2e8f5768e1dc689c81ad67454496e0656,BUY,30.8884,0.95,2026-04-14 11:04:21.000000,Up
0x30a7ef4d230baf267786ef4d4f2807016d0911f47136c8419c98e245c8cd4083,0xf71076cd348d0a6166db903c5107f7a4594fdad7,0xa26a45f65afbf41c9dfac49ae1f219865987b8be2f04bf4eb5c1f5f7378e0466,BUY,7.75,0.64,2026-03-19 13:50:27.000000,Down
0xf8bb3d4f7e55fe107a552ccdc568605b445ff83b3cda3079d8471c68b146b13e,0xe9076a87c5ed90ef16e6fe6529c943baeca0cff6,0x5e9c44ba0427e7f12cfdb6cb68e9e67114f5a20266eb2434772b84f29bf7e99b,BUY,69.047697,0.089999988766917,2026-04-07 22:22:59.000000,Down
0x1d00eb7e69542adcb27ba3869c490214bb846d2fab35a0e63631a4ada96cab35,0xe94dfc472dcd5f217a117da8141642416cb74880,0xc71d4d05b0c31cab74ef5ab6c8ce96cf3e3cd50c24875965119790391e01e32c,BUY,103.86666000000001,0.96,2026-04-03 14:27:25.000000,Up
0xcb0df65d82d252a4733009f793ce8eab9accfb9d60cec36ae7e034b1b3a703cc,0xc1994c0d76c8436df9165be3458894f6370adbb4,0xbcc9fd7671a211c20d2167c47f3614bd24e8f70012e4bd7a5d7ff11a7c81b436,BUY,15.83872,0.86,2026-04-19 02:25:44.000000,Down
0x133e3448843ef553511fdc9152c9340b918f9860b078b2697ff8db40ec30e812,0x79fbb45ec791405da6469a5e60ac779a829c97a5,0xe806ce3acba7a4b5fba1e39510176ea642fb40296919d7e5a0d20c85077ed83e,SELL,9.56,0.53,2026-04-10 07:30:55.000000,Down
0x4b6d4283d1add95cbde5c614fd425649299c689ec32bc912b7438db93b8f598a,0x5e2b9261b0c4f697b55bf921ff2bc227183d9101,0x11982693d8f3d8e4e9c31e9ad8073cda6caa972514457eb9b3b9e72336a06505,SELL,35.0,0.65,2026-04-18 03:50:54.000000,Up
0x499d6dcaefd6521f5ea3cd6bf49ceaae7b7d58823df065c9de107632cc2d6ff6,0xae152411fe82d122137d94628ddbbf6e0cf0ef38,0xd2e82ada13a370381ae6f34d18e7a1b6b2034b9598f6b6bdcb84980f4e49f7e0,BUY,6.0,0.77,2026-05-15 12:36:32.000000,Down
0xb776041544aa81cdaebab76020ca06c34de9785cb97c3345e7fa9c6c0d7f2362,0x82a59f9c648edcb10ab8f310237f5e34f7fd674e,0xe7125ff38603e945f2a07cd2c03b9caad94df3317ad27b17aeac60c651d2e28f,BUY,14.625,0.08,2026-05-09 15:20:00.000000,Yes
0x36cb83a13712a9d273b30cecee3c4326364a83bc1349fe83e07dfb246a918615,0xc1650117a741e1a14e8ff9636ce7d0dd06d78c0d,0x7d5fe9e5c2ca94b78894c1658f3cea7fcded71c4e7c22f97078524e06d87b658,BUY,9.090908,0.10999990319998838,2026-03-20 07:01:27.000000,Up
0xebe81bcbb139c6b3660f1499606edfc6225d55c985ab973a980ab5ff0e52b589,0x6a95d162c25f68045b853f170c2618b13dce3be6,0xe6f9c838c8c2c748076d8e7d9aebb55e0856b7c539b12082191685ed944448e9,BUY,6.72,0.75,2026-04-29 05:02:16.000000,Down
0x97b2af464ee2015efd6c4cf6a9a709f790ae60ab84258671b7b6a8a629915eac,0x13b3591b74ac8fd7893ca1524398839f5534e22f,0x6ddc75299b7bb5f9f2b322dd240ad410e9e27f210b6f618a02c549b41b27d7e0,BUY,10.0602,0.9940059839764617,2026-04-30 00:44:48.000000,Down
0x66c7ad25f4f07210e67d388c0f1c5da95496e28cffa48ec6eec648ad5033618a,0xb5c8a83acccdf5fcee9120bb6a4f543f3ae7d418,0x61b69b12cedab2c1fe4cb58d73ce4ced1a4183c404705445a6b1e8edecb11e11,BUY,1609.0,0.005,2026-03-20 04:52:51.000000,Yes
0x504e3c062dc41eb94d75d166e54a647120b93d0f3475320ccc372278e51287a8,0x982b7ba71a3ef5fda56ff2acf1b7aca2175ce78b,0xbc4cf96726795f4806109df3284ab7084a980f32122094c5efffb229e8dcc609,BUY,9.375,0.64,2026-03-21 08:52:11.000000,Down
0x6f364a31f2dbf4ec563815bb1c2f2348179727f9c67a2201fdaf87ca9df2756b,0x087f435ee285ddceb69ccfb4220d8a1e7c6a2ebf,0x93441bb9e3c53fa96a110548a22a3eaf5a3123160e6d91398ee046bde950b7b6,BUY,2.66,0.43,2026-03-20 14:36:39.000000,FaZe
0xddaad2b82087c58927baf524e34ff09655e56ae73825f9756a7c2aa1ef56147a,0xe131e85ebcc499b55a9b19adfaf84ea8337aa3e9,0xe6d756a0470cb074d2f2e75ad0d5f94ac8279ccfd8550912006dfa3cfbfaae30,SELL,1006.0,0.998,2026-05-15 09:26:52.000000,No
0x68a9a52037723e5af94d00b91268e05862558342c93ebb1ecb44a9fb38fc2249,0x383fa44e496436055b56f24dab17a4e731ebc0eb,0x022b620596358595bcfded2d84a5990754d2f1ade4fddd404f1e4421320a14f8,SELL,9.11,0.03338090010976948,2026-04-04 21:13:13.000000,Up
0xea74262b7392e716ac0b84cce8551d9d135fbd5f7ed5c89455d70120c80bdf58,0x75cc3b63a2f2423085e10706c78b494017b93ce1,0x25e5a712da9e362f9768538ad04fb5cc7565de5fd0cc706bf39860a3803e6401,SELL,3.0,0.89,2026-04-26 20:36:34.000000,Up
0x9b18fca07ae677928f6d5653904134a7dadd8de87f7741e00c10040b531d5680,0x9984e42ab7e7920f22ddb8b46f5419914a7027a6,0x7cda5291c16278074e8833a8aa4b0412d196816ceb294e968a7d5f1c64f0350a,BUY,26.333794,0.8866102379633962,2026-04-01 16:23:09.000000,Up
0xbae20f3f53ea9d770b8ac8c1893093394f1da6665d7cdee259c123ffc3178fa4,0xd4253cf046d1e7080c2bab443737710d55a9c0e4,0xa8a79b93d9e84ef4629080f03232e0b1bb541a300476f3bebd62a6982b0319cf,BUY,9.586179999999999,0.98,2026-04-19 05:29:44.000000,Up
0x6f6c602d4664dca1fc11269a982ee8d08d05dcd01682bcd418f380ff03753ebc,0xe4b40d75a8aec9c5198564df662dbaf51dba874d,0x5e5482b1e2afa7bed0b9a0c3c8ad33a83dd6cc6d649666cdf1977be64c42c82a,SELL,11.88,0.991,2026-05-11 04:03:32.000000,No
0xcc2099c9d04417e55777ccec185e61b2dd9671ed09aa6c9225b0eb9b54167b0a,0x7d4ed386d4c32a012739cfff96d0a8426eaeb700,0xf11fcee00f3062c948f4a4552051ed0a1e468acc96d9acd6c330fb9815631e05,BUY,9.8,0.51,2026-03-28 21:41:40.000000,Up
0xf936a3ae78822d5b1a7febb3d7d88d1a04302515f0f81e1a049af19295dfbcc6,0x99ed7fad89ab72b9a0eb62c46ea41d24089eba07,0xf99480a41fba9f00306b2bd9fd91619259c3ba9a9135b5cbb0317af58647578d,BUY,9.0,0.97,2026-04-28 16:05:12.000000,Up
0xb695e8e2b90044e92d5b6edd3fdf0a19678f1c39bfb5e819e8e6b265d412fb45,0xb51a3447f6580b95b1f9e26dbb6ee3929f5a6c7b,0x1b76d761e563ea42c7d68c4ac3e8bed5992515553e7092ab3fefc95b29d9a69f,BUY,2.046468,0.4699998777999096,2026-04-10 09:35:25.000000,Down
0xc36620b686154f309dbe0ba7a6abbaec0dc17dd816ca53064b69127175117203,0xa386f499c0c15532ecaa21c2f73f6779ef002fca,0x78ffb630caffb3153a5289caba3416e5486ba78646763563bb80d0bc88636445,SELL,43.07,0.93,2026-04-21 02:55:00.000000,Up
0x0b05450adfcbc146cefe76e6d25f670bead25f90a0061fdddb554996d610b13a,0x6137f9f49c72422bdd7a0eb5c01206dc1c337203,0x406c335f7b7ab4f319db4a48652fd7727bbffce5d966132f81cb2361491fb7b3,BUY,18.601893,0.5299999899299992,2026-04-25 15:18:38.000000,No
0x1c617bc788585b95e75f7858859984193ec048e0d52df8f7c5e81f9ec100b688,0x63d3fd1fb8f97d01596969e0316022a6126c752f,0x47d2ae49c8c02e298c72a699ccb6accade78255da7459f2bc2539139bb428019,BUY,5.08899,0.97,2026-04-08 20:14:41.000000,Up
0x7caacbd01f4d64efe051ed88d3f45bad1370d2b82fdd882e8001704b7c60b866,0xb77778b0ed37ad61176519da34b24118c9593ff9,0x819754b3350bcc0a88adeaf7d6bbb6a9867f576fbcd88454892621ce64e5f164,BUY,35.090376,0.26999998055999946,2026-04-10 16:43:21.000000,Up
0x8250c0b6d733aee546362686ddd4f3e93b1ee8a0ef4be416eeec8e061d4e715e,0xb9a42e27108f4853b1a72b6fde432f61d9e65a71,0xae83a3044c15967b67d5ea0a831ddd6d246008ff38ac333f295e53973f356871,BUY,4.8596,0.61,2026-04-04 16:08:31.000000,Down
0xf9c9b156bf7d74e3e4f9e1d5fbdb0eb873cb01247c324760a414c22ccf26caaa,0x89b58f1bb2596792f629376c35e7c4c31aef5aa7,0x3299583dea3cddfbda1d98db59d618898f194ba3fba53ae551815d8f969baaa7,BUY,4.712,0.2,2026-04-20 20:37:48.000000,Down
0xaf0f368e6106c66057bc610fc77d5d23bd41b820dde0b7266ec414cdb9ae15dc,0x40bda4adc3c384f5853611a19b27849d28547413,0x9a8daa1311795a7acfac74f4fbb6d24345214c6aa8e33a9578222dc531cf28f4,BUY,40.0,0.99,2026-03-25 12:14:33.000000,Down
0x6684b3b73e14f239fa33d2cc63d739b071c0a631b7431b50b754a40e328c1ddf,0xc675f7243bd120fe53474f5570c015f7b766a0b2,0x89fd5d09302b0b097c5b27ccd602db95e308eb17a3323f9487393f6b8149f3c2,SELL,4.92,0.37,2026-04-16 09:51:32.000000,Up
0xc65c1e0a53be02165492e4494ebf3e7c92bd8d8fd5b3b116b57b934133cc2b66,0xdc6823548da7d63d86434664f1acd1a1e926f5c8,0x121f1b187426fa34b3bef60419d48218c3f4a8a3f8ee8b51cf994cf5cb52c91a,BUY,1069.64,0.999,2026-03-21 09:53:21.000000,Yes
0x5aee2c93fa5201a0996068d05c976a6b03d68ec74a76a16b73885159965abd73,0x984840698f9d4cc6fa7d0056a7251bcdb280b0ba,0xb30657d366e775fa4bcd39a2819f3bd337a58054295c30fc768855be875fa411,BUY,5.6,0.3,2026-04-29 01:46:46.000000,Down
0x48067e761fea9d43a083a273178e9e9e0090bb46a9d6cc6f369aec6bcb875f22,0x6c4490948df4b4d88f5b9a800d5ad3cb629e3ae5,0x7bd1926e7c65fe620c3b3b350e06cc61995b69b17d98fbdc97e187e143cfcc00,BUY,24.0,0.48,2026-03-20 23:15:41.000000,Up
0xff0eaca9d3f05756bac2bf85cfce380ddb44efcf3ee55f4c2a23e897bc6ce928,0x67246bcb06f067f8fdda52391d5f70e0dd6a9592,0xa04cb026e8043c3f21075efe1941631127ac21fb1843a91c6952b8eacd8aaa20,BUY,5.66985,0.14,2026-04-09 10:33:59.000000,Billy Harris
0x14962ca625ea23b0c54a23bd6831148c3bea87bcb5f701b706d04d7439778fa7,0x72660196630e99513f750507b142d9a7bdee4a64,0x29c64bffbe80724944b355dab89b0b106715fece2ccb8be6c81402e4e008999c,BUY,25.641024,0.3899999859599991,2026-04-29 18:36:38.000000,Rockets
0xff44740a567590e93a8f8f6e4950cda6a1921bc35bca74683b2f655c1c36b829,0x6c9c51ed49c25d4d1f1091412b0821c317002b80,0x07d35296ff72293d9f7843bbfed2b5058a4d1243d4c0c5575147220aa8110e81,BUY,47.452829,0.5268389583263835,2026-05-09 23:30:05.000000,Up
0xc490ff676187b4cba28f859821f8f92099a58f0fbfcadcdeca03c3a2165b1063,0xa42f127d7e8df9f16881ffcc9ed0bc0326875f5a,0x6c79d6e55b76a215a79983466b57f9b76a152ac1911fa8094e1b1fe0d24c1a94,SELL,25.0,0.16,2026-03-21 02:26:39.000000,No
0xbf8afdc6167820ea3086e8ae63d4946c3a7822146ae522a66458533db4472b11,0xd1a63a243042d864520512fbdbd2fd20e0ab1507,0x1cd45b06f4e05b87f31656ae16ee275d9a234deb627fd811c293768f3bc4d8c8,BUY,4.17,0.998,2026-04-08 20:10:53.000000,No
0x4de2b81be66f03cb11151c2acb6bc66748f7443fb603ca2b1a9b35df36059ef3,0xb75d86279aeb4036cfbe08f6ae1482be385575d3,0x31821e466586fc59765b6a35fd17d103ee14d4b182f1007027fac8fc30a9c391,BUY,3.9301269999999997,0.26999983366066826,2026-04-25 14:07:50.000000,Down
0x1fcfef3dd07da7d435d24f7887dfbb5235e422aecb4cbe610b41614ed1e0fe12,0x9ddc4ea641741f1985b833f2d4b9dfbba2dee874,0xa0746abda38e8221ef64d36bbadd76e51d528fcbc4ee32a6e6ac67e6860ce00e,BUY,13.341173,0.8499999962522036,2026-04-29 19:37:16.000000,Los Angeles Angels
0x6efa53146be02911a06e9861e6e624a1831c3a9c30bd2f810870758630532131,0x3c6f2cd6c444666d01e07d061ce688a78c34469f,0x56bfed9ce09dd557dc6f98d19d390f3390fc2d24212b1de03b2000e804fa3d32,SELL,96.0,0.27,2026-03-31 01:38:31.000000,No
0x94c0a02f821de1f7f6dae07d9ddb416cc1c3b9be8fb889e144b4dbcd077e6540,0x6d9f6ea54a3aaac3ceee0a0a9579da944ccb5568,0xc7911e83ababfd286d2ce342215717c290eb2ff9e9e1bde12db1b9c874fe76a1,SELL,1.19,0.97,2026-04-14 14:09:47.000000,Up
0xf93374bf87d07b1ee5234ce592da771adfa1f0abc60653ace12bfc405be9441b,0x39fd921acf9be28b17a422bf624dc6b30685849e,0x5a38455ad44889c16200a9a1137dc6e9ec01f07a389bca70040cd7bd952bc9d3,SELL,42.5,0.001,2026-03-25 21:52:31.000000,Yes
0x8152a151c17e94a756a022b1194cd90c514ca1a38ee79dd7982dc14ac4e06851,0xd353126d7001d23221aa4642ecbe90f871299ac2,0xd7538cc62c31fc2cae82da1911900a1d77cdfb202346051a67822dd4f4a8bde8,SELL,3.85,0.33,2026-04-04 01:37:51.000000,Yes
0x7d4f58ed01d190436588f5e49198588886767bba13230d2fde74073b3bfabb0d,0x1f624696c102b99bea92c75a502fa7e4a6d676f6,0x86b302ef4cd116116e515178a116662a3bdec78df1f5d9a90843f39650deef53,BUY,297.0,0.84,2026-05-13 01:00:03.000000,Yes
0xc10040c56a0bc7f2a9bbd638d842c743762e6fdd97d1c3a282c434ca8ca25ca0,0x2f880cf7fa3dc3bc53c6344a88c379304536a6f0,0x58f96849663c06930c35286785dd10ded411cc5849fef345a50b589c878f9f14,SELL,5.0,0.01,2026-04-17 22:47:46.000000,Yes
0xe26a184c51abb327d75fb3261354d6b290b3d6cbc7479b240c90fdf65fe65c05,0x212e81c253ac46ddc57a3fa3b47c30e51b0d791a,0x6ff67c17141dff5fcae2772bda0d95834a5bcb9e895b64de43e70a79a3de3d54,BUY,2.635445,0.40999990681811826,2026-04-01 13:19:21.000000,BetBoom Team
0x51e8c1301d21901d849cdec90222108baeeb29ee3b99e8ddcee7afc8fe082730,0x3f3937fe8dd576266be6a4a2469af794a253a73d,0x4fe3ec927c7a9bf2b64c46560b6f76b3a8798e04de1fa87816f5780a0e462369,SELL,0.1,0.16,2026-05-06 08:39:04.000000,Up
0x4a059adf49001d9d2d49379c90a97efa1f911e0a77920ebaf60ee265149e35f4,0x048b2694ca74e8f9d12811119bff9a546bb4cdb5,0x7613ace828b93eaf9f584c9f6c17ef7fdc9a8f80f5558111a2ff41d4b2cf2c14,BUY,4.97468,0.789999959796409,2026-03-21 06:35:37.000000,Down
0x32afcb34cfcce1657137a8ed07de10bb8ab66fdb4f5dffacf6aed0dc1570b5f2,0x55d85d933307d7a77e7d86ab1ed35d44c4a14aa6,0xdbd81fff4d4144880f03a569a0378fa2f74e9970a621730cb51ab618b9c1bf78,BUY,20.0,0.57,2026-04-15 04:28:20.000000,Red Wings
0x3243cb8e7d2bfe006dfb52416520ecb09a56306ee682447440d8f26d7dd40631,0x5a465e23658ef018243dc92e329f0a103b208da1,0x0e41488dada6abe3025a222d4b615d49bbed3b1dc2baf85ea5db1a82575ccf0a,BUY,1.234563,0.8099999756999036,2026-05-15 13:37:33.000000,Down
0x0e8886b36709249d867a948ec7e06f1f5ea8bea28bce32b827b3cbe15307c450,0x71a5ca0863aa1ca499be22db031e258e204be72b,0x6556f44ff9b8fdf8f38a788cee303b8ac12063aaa2980b4a594e1d686c736e44,BUY,8.178894,0.9769999990229967,2026-04-09 20:50:07.000000,No
0xd3e7d5b46194fc6aa41949877b754d6c6111b2b4d5995c602f34196da00ebe7d,0xda673a27af4942fe070e492e3241d5e0d39eb9e2,0xe420719ad966e52aa01b4509cb2112e8546da5f3fd709bbe6af7ba78ee670f29,BUY,11.449426,0.869999998259999,2026-04-25 19:28:42.000000,Magic
0x9c693356b9192c97dbfabc5c1284c4e8e1b6ed6aad72710aa8e936886c3f03d0,0x8538331b8559457459e7c257193d4bbec593ee29,0x9bbec328a9bafc6811c68e4d5307382ea07fc32d5d5deeee851523728616741f,BUY,13.8275,0.998,2026-03-18 22:29:45.000000,No
0xdffe3d6d6d2c19f25804e15e328953c8dd15bc1c6e70657a949bbdd497679542,0x941e9756c3588cdc806d9e1005528a5cdcfa1fbf,0x699dddaa619e8c484f1bda8a8d44e287eeb24ccd6113343b5ed2a1be18f61eb4,SELL,3.99,0.004,2026-04-26 04:59:22.000000,Down
0x712701e0d4ff52e4350d7693f2fac31315a86b4c944d960a4d5de193d8503514,0x116c6d1117c8690203bad2e6c5bee0d9f27fe162,0xab0030e4ce9a7e54cbe64e584199d00cbe9656b55f249160e3bf0ee32c6409c9,BUY,15.48387,0.23,2026-04-14 12:05:09.000000,Yes
0x40cb379d103896ddcd78efd784bf591cdb543616a3c1bd94733bbff3bfdc638e,0xdae37ea4238f43fc3f25c1ef6c83be1aa5270863,0x796e791e7058571e460278814fc7a3183752285338f1400087b98bef3c447908,SELL,20.33,0.984,2026-04-18 07:56:56.000000,No
0xd28557c424fb3b04da26401372e8f45d2fb15c7ff5b1bdb00da51d99a0fb1905,0x25f4707c93e4bfdf26cd6c5cc46c5464691cf88e,0x4580ce41e492e46113354fe144bcf5ee05cc365eda19faa296bb56b4330f2b50,BUY,4.8632,0.62,2026-04-19 17:45:30.000000,Up
0x0e978fe060faf8c199d2f2542f1e8c86022cbefbf4a17a6672b9ff73f580669d,0x60f91841126dd2411b0d413591ffd2ea756f7764,0xc2efd4a822dc6d8e866bb3f0c30b9d8ab7431757902ae692d6635940519cdb19,BUY,89.35083,0.989,2026-04-19 19:51:06.000000,No
0x77c27b6ef5b29913c87621711e5bf0e255b5e591602a65ed60a77c14e7af4f6c,0xab03f377164c3726d498e56f7a9398cd8eb74494,0x9086a0aa12bef39c94888d514f09228ec34ccfe6f7ddb356c17ea56c4efea749,BUY,6.5,0.74,2026-04-29 18:36:06.000000,Up
0xeac97f9f0e5bef98de5229b3b8e751fb5291db2fb4646c1a002d6be1d294c769,0x44ac33bac4cd70f5022d1103122dd3e73427dc9e,0xa2e0602a0b75753d0ffe4f4730702d63680a1deea026f052042702db7dd3ccd6,BUY,2.272726,0.43999980639989156,2026-03-25 14:19:39.000000,Down
0xb8575e819c434295ebaf8d85706a6131c1d7d3153c248fdec77ab35efb356758,0x75110b2afa07a881292528a355715a0febe1582e,0x63b5e94a494dd74fce1c7f2d52c8848df36e9586cc11646fbe31950a0b6c0b49,BUY,14.790614999999999,0.5699999770689612,2026-04-18 01:49:58.000000,Down
0x7557e8e3b852c8fd836cbad22094db3e3df2189b3a3fb1122063d22ae999d10b,0xbb021fb34bb812060e03aa874ae236f076c72a11,0x84edef36bded182da6a395ac6c785dba8f3e09b6c5ad041385b2042536cbef25,BUY,277.8755,0.998,2026-04-14 10:01:51.000000,No
0x561876e032c35ab66cbab98f319604ccc5f3a92cebc4c23385ec94b3e458aa42,0x326893d8a282c4c19e8db025dd84a18688c89862,0xfabd996b0839b742f3716934170e8da537df43524c75350e70cb47871e10e504,BUY,5.88336,0.73,2026-04-03 00:01:59.000000,Up
0x15cd354e701b0ed739d35f1ad211cfe988e10e64f099abb57e4e453d2cc9100e,0xb8227dad24ddabe5979e51ac19c1d71cb1e2b6fa,0x039db38a3a15897630bb60804d4f0bdbfb4cdb1bebdfcad70a1b28e3f5aab27d,BUY,4.802,0.45,2026-04-09 14:35:53.000000,Down
0xd5061fb1c8afefa7ddd086b19dea72fec6423bfa313784ff2efb3090bb7d27db,0x79cc177b1f24a76fc620fbc4396bb07e9d614d02,0x03fa5569a29ebd0313a305e17f666173b5d12f6481071bca6fcd7eb57130ed69,BUY,2.20623,0.9,2026-04-18 04:50:30.000000,Up
0x39b52eb3f2f024c6e909271d6063c2d79ac375c2c86f816bd003e4163a409f66,0x0fe9ad6d7befdfbe26b010ec15afbcd35f5b2c94,0x50a846152ff7dc1e8e0f9fd44b5d991258b670e8f9bab3140eb834e7a5d198e7,BUY,7.642856,0.13084101021921649,2026-03-20 22:12:37.000000,Down
0xbb10f8f846c75ddfb0d0caae0ace8d04352bc7c3a0a13b6a7d2efab0feca0f10,0x07d4bfc978b02e87078984199d96894b3a760143,0x34cd62ee5f2c182b2bc778b4c26ab8f72e3b5a4ee95d206c90434a1c5e90c2f6,BUY,4.9172,0.77,2026-04-11 02:04:41.000000,Down
0x0996f6f61e4d4ff21b797fee9eed91d46c3cfbeb6ed0576e933d4e7def001855,0x2f5752ca929f5cd14553d5903d27c6693b1bd939,0x941b47914611b32a14a0088b24deb8cea6aceda0c3edbf7e5d767e7104350a7f,BUY,1.4997,0.65,2026-04-04 09:56:55.000000,Up
0x24decb995bdb34aef56d3519551ce78dc767cad086b64df44937376f2f6cf981,0x55173bc7f6e52f45ec05fd14fbc6f34e81b6e334,0xa0d2521a751e1c1323af9e7c054ee2adda96adb0979bdffd7a324bb39bb64e3d,BUY,21.74,0.999,2026-04-18 10:58:48.000000,No
0xac132599476ab4ddf780abf81e3a7e09acc58bacbcabb40b32128993de270aae,0x5985a14cf95cfec3eeb82ee41765e4ae3c6f9fff,0x49ca3702e9fcfa65c5c4ef49b86fe484f43069efc6a22ffb0e8cb05320be987b,BUY,7.6415820000000005,0.6599999846808484,2026-04-17 20:41:42.000000,Up
0xf2d59977621e73a2e5f69dfe2c00807aee2adf8f0a865924fbb9598b6a948868,0x619e3c4bc07e157e03afcf379cdd49df55e836ff,0x42c6b735831dc6f8b664d65cc1c742519bf3ce86daca82236db69d6733d0ee50,BUY,1.2710730000000001,0.9399999843331769,2026-04-18 12:01:24.000000,Up
0xea26897f3da975485c1ebc1942e9ad726fd6b9cf15c4f864682a0e98c8876cb2,0x1fdba68c176f76766ffbe0d3104acbb1d125e9c6,0x307e6774f5f508447996616eb0a3f9145128de1e5d8153662cb58af2b3c5138a,BUY,6.410254,0.7799999812799929,2026-03-24 01:09:49.000000,Up
0x7a0c1a635f45ba2607e533e5f8988b6a0b2d6bdbf7d2866f095aa085f12720ae,0xa90322f5025458083bd31866d577000e2f0399d7,0xe76ec07aa4670c03445fb6cb04a2a76175734db4db3442b17d0373597a660880,BUY,10.917800000000002,0.91,2026-04-17 13:33:04.000000,Down
0x70478d7b935fca2741cc8554fadcd23049407abece64e46d50e1325acd0843e4,0x237d0c114052bf8a2f04633217e540b644ec916b,0x37de5a5c4b59d8498c24354964cdea74e2dd0cbc20c51f8f430ef720d41c4813,SELL,2.04,0.53,2026-05-15 10:27:33.000000,Down
0x0156aaad91318ce362d54a74d9b4717d3212bace3c7875ea4d6ac8648b8ed76f,0xe38b7a6553cbcac3bf6d9e22c83cdce092951fdc,0xe43b1495d47c4a087ea63e0fc50297908ea6b922b0cb6dec972898a2781f76ef,BUY,36.329109,0.789999996972125,2026-03-22 00:06:25.000000,Down
0xe4a943cd744b1b9fb8c263f198c4c0866a5931300ba9cbc34f81e716712e6b9e,0xdf1bede75758bc94f7a48c4ae3929efc9d7f4e30,0x672438cda529a47c34320a3d0412e7f33d6dc1b279d48e315316ae433927395e,BUY,5.784,0.5,2026-04-18 15:10:30.000000,Down
0x3284ea747a6558a99ecc08aedf7d626f1f06a8662f38e96298f46061f74032d6,0x0d05acd6baaa8ea1fac50ab74a7679ae6f534518,0x05dd6700f2681128b511a75c26c3e7587af6e5877706e1d04edb438fe9ba6443,BUY,77.175,0.4,2026-03-20 16:48:55.000000,Down
0xd6939e9c7a78f4a93d2c155a435c93dba2df8d5817f2380b642b3022a503d177,0x46d3b59ae36787b2d563267129066f69a7822c20,0xc55a3a27e09c21b6b7d4c74f8ed3d655ea8f3e7403e02cf0f306843ae6d1b160,BUY,1.72413,0.8699999419997332,2026-03-29 07:22:08.000000,Up
0xca3154a8a3d815a9da01845696e6bbe438e9a9f8483ab4b0ce78eb49f63988d1,0x138963953d3f7dbb729b909602a6901e9ce8ed48,0x0b298ab2b2cad3308d486c804985c1ede7ea949bde363f44784a3b2a460be788,SELL,298.3,0.998,2026-03-20 21:05:23.000000,No
0xe72c2d1366c183a4422683501f9a113ffe535e9aa2c97e96e811b1d262967a10,0x8ef6a1cc3fb81a0e2c3eb405a09ce497a23563ee,0xde1b93fd9906f97c2e2b9aa617fb38c2339a3fb3e0c383236d65b4cea77c56e5,BUY,5.0,0.99,2026-05-12 05:24:44.000000,Up
0xbafb6027d9885b287f2de1507053aedbbf4eafbdb610850df06b05a81338e328,0xc07e2f7f3e3241a8807f42d1e531a5b92cb81493,0x75bd346e87cd3b6a040f7170121f275033a255dfb3e55976273cc453b3fce8a9,BUY,4.82,0.5,2026-04-17 15:35:06.000000,Up
0x9ea6452e7782ac081cb490d534dceb13314b6f4f421667a4cbaa5bc6dd41baa7,0xc3a206887b10ea2cd3b764d839dcf363a7d9b9be,0x6d19c2dc4b245050680b613e8c7b16112db8719b88ee1ad4895aa8c95b3b1354,BUY,7.498465,0.6499999674999887,2026-04-08 12:15:11.000000,Down
0x1aa973e08d6fb2c41aacea20258d87112609b144682008d305e88dd7a2230a18,0x9b9ff79cdc3c6dc3abbc494b06ea577567bea26a,0x36e8ca24d2a13435f519f15580d42b45cdbe3bc425fb39a7c2733260357af0fa,BUY,599.0,0.013,2026-04-15 04:27:54.000000,No
0x9ef69bd9f0d44df63effe6868fd0ddfba8ea987f7d7c16407698d1be5339fd0a,0xc6accd5b5f647aacb751b8f3e9d640e723733778,0x3adb5bc9bfbc321d8c24ed0304e5e929a14910dcd4a407f0c98c6fbd02f36837,BUY,1.644884,0.5899998465998865,2026-04-25 21:28:12.000000,Down
0x9d39539f62c0d2da6dd56187726374e38ce854db303e6ad7b702e1bb1caf75ba,0x2b85928c0de8e5521e2dc79369d6190abd7abf37,0x6263524a1425c17408ccd940050148e2ea8abeea6a5b351c27063a2867b82c40,BUY,112.9398,0.69,2026-04-16 03:01:48.000000,Clippers
0xa40f5d905cca033c23ab32098ab4d5ad1708650163390f3ca26b4d365f7fbaf2,0x3b02b19d79888a0b59505972a4fc19125b6a725e,0x6eb64b0bb58091b6def317e6cb7fdcc2cfb4a559126ffb94ea5ccc3ba428ac4f,BUY,11.975926,0.9969999814628113,2026-03-18 04:41:09.000000,Yes
0x89bbd1dab7a738c5f5d433f86a968460edb99cd47309ce2329481c254d975ddc,0xa17dde9587e0eef15500a3aed3d243496015ef8a,0x2a59bc461689110e57636cb5de9ae7ef476cfa294aa86d4788ab727f2dcaa0c2,BUY,91.8,0.993,2026-03-29 22:43:48.000000,Down
0x85123ca7981025eddd97d88bf164a0d79a2ddb2847c790a429eaddcd9eb6f39d,0x2d08b1b8961a8c35606b2b6dcb32de47eafe3932,0x207153f2e001d3a1f10a5063d996ea100fa7a16b11131728dd3db60dd1355eaf,BUY,4.39168,0.48,2026-04-08 20:12:07.000000,Down
0xc0a16916ddb987a8c0947bb6feb24db0a1042fdf986bb4093b9d55439bedadf3,0xe50671e0f2180ff588e9ef10f6fef2aa7ab3674e,0x0cf947957428736417a0a67403b92350745f4395934758884da53cc1b6fa6486,BUY,11.11111,0.5399999639999964,2026-03-21 03:27:11.000000,Up
0x88d3fa9a915e99a53468aac9cb1c274e792b53b598d725a16efbc2f2e90902bc,0x4d40c3f3627f64591eac428cd4248c651a9c398d,0xf9c56850fc7f488bfe5f655f9f8b9dfb9b0d364b27bb994fdd5ee0cc619a3a82,BUY,6.222221,0.44196421181439877,2026-05-06 04:35:52.000000,Down
0xc3a44ca7c34ecaffe8a109a3b6d334a936170054dcc4852037a45b177c1d2f20,0xfb1b88dc2106c9468b2aedd12d91a9234c04f426,0x78978df0e0f2bfd72222fe9389914a2e3b886c5a5abd9765dac5d8ba3c549a2a,BUY,10.867923,0.5299999825173587,2026-03-22 01:11:47.000000,Jazz
0x36b149c020925f0d046e98fb71393d271b3e45aefee3a9def2836161382a40d7,0x21280fd5af62b925dc06f77015fa244c9fefda98,0x4fc4233a4b83e10430f2a1698a79846005c92d5bc381593c41770fb3e21e9ba4,SELL,97.0,0.4,2026-04-04 12:02:01.000000,No
0x7212006ce220c88ab34596d71c0baa05206edc427ae54063646f783bc568325f,0x642c673dd63f9de86715a9566c55671eb52821a7,0x860230aabe261b85f0689dda7a2ab1f70f30e5eff55026f3a5ce0fdf243d076f,BUY,586.0,0.74,2026-05-14 10:32:54.000000,KT Rolster
0x6f0f35a42dfca7611f005f05da515b3bfab73935f11a46f514c94456e7932a3b,0x44622523080d83e57e94e749a76252dc89128d6c,0x7f695758278e6d4d9e63df862afa88d664d3402a3d26e4d32ae05121cdbddba6,BUY,5.030166,0.9939999992047976,2026-05-14 08:27:12.000000,No
0xe6bd8969566f53e91fd87b92da8a36f1c19d411ffa50f2e11568560e38be5bd4,0x248e430b558538d2f26a44963ad0fe2095bd663a,0xa2364083b6a17e325233bc463e226ee6abf9dce96250a74735bcced52fc1e035,SELL,4.0,0.15,2026-05-09 11:42:00.000000,Yes
0x6f0a14c04bedd1a6ac8b8a65d1c0358dadd727243693660683ef529900355731,0x47b34083c774bd2736d123b894bfb71e46358964,0xbe23041b052bd89bbb2f8821e1ec46555ec80a6067abc6bdfa169ccd055820f6,BUY,2.080771,0.5099999489999587,2026-04-18 21:16:48.000000,Down
0x60df7dc5a35c6c0a34bef0ad8ae70c342af0c6e0863fa1d569b1424a98d1d2df,0x2b6bcd3b853602a109aa76717e6a0b3d79f4d955,0xedf5f450dbaf7c53295d9b6aae6bc8ddaa013827f4188505ebf1d5709e2b6844,BUY,10.0,0.51,2026-05-10 13:00:39.000000,Down
0x9920c7412482a1e1348b88654b836045d2e5faae3b66de522e7a24cf020dd439,0x2a25f7cbf3fc823e315c31602d2eccab85788055,0x0ed58c1942e1b38d48a678cdc2029182e228d273f5808bbdc704dd2759d89290,SELL,9.42,0.019,2026-04-19 08:32:20.000000,Yes
0x94ddaed0ccb8187b1899ba5ac9a18b637a09c50571f1f1aae72274748eb862fb,0x1a967b272e98b708fb26a947a50c23785ac29797,0xe6bd2436dc977d90baec3b0de343fba9c385f52d11c862885b22fbf7a3fa07c7,BUY,1.091,0.999,2026-04-20 13:30:08.000000,No
0x68d2fe534c55b94a55c579a017ad8394d22acf18ac68bd5dd8294935c860a9b3,0x0d05acd6baaa8ea1fac50ab74a7679ae6f534518,0x992eeb68dd1fef38b9b6463fb81d4d7079fab05c8cf616d81ff85389797aef26,SELL,63.0,0.11,2026-03-20 23:12:49.000000,Up
0xad56e104e0c4db4a6c0d3fabdc97864234b4260d57fce71c4c58de8e0b165d58,0x64a6ded0414dcfbc1668a5d7977512f996364ac1,0x264e8c0e6abb75189603708463c4322a72299bd2d21df0fe5c75f7cb6066e708,BUY,4.845,0.38,2026-04-18 08:57:42.000000,Yes
0x1104c341efcd7fae0a3dc69a4cb2b724dc346809bc7727709979ebdccb33f708,0x5046a24f595a3743e1e29a041ba4a515383f7676,0x28872d7d6f63cc8e4172a1825ce9694898f3e94e1f6f97496896d77bb54ef502,BUY,20210.326665,0.02473982767759484,2026-05-12 20:54:07.000000,Yes
0xd5214f19b4194c84df7ad664822a01b63b2da5a30abec6ce354d5832644f0f01,0x147c2760baa011fdcd0d02ea0f610ffb0fd92540,0xabcc60cbe9abac049ecbc2fe4b74a556e082b305a29664f33dd99afbf55a16e4,BUY,4.9355,0.57,2026-04-22 08:42:30.000000,Sofia Costoulas
0x8997e24ce1bdf1f812a6514a71b423c0f425cc9f3c6596f624acc3e96b93f7de,0x3dd2db2d398ff72c2c71c9ad6473368b941e9ab1,0xf4952533ebde3df2aa26f41e860aa3a84e3b212b1d8f8d8ee6a2950c4c4f1a83,BUY,129.0,0.999,2026-03-21 07:45:43.000000,No
0xd7d1c8a0fc00622ce278b618db1a7c9a0339e1a2c713677d2b2b718aa1629dad,0xb885d345f9224018f85999a302553807fac4e677,0x6bdf0ff5a684f6bc6df80653f54ed6d4ead7480c9def7c0b50f0f842874a64d2,SELL,7.66,0.68,2026-04-10 19:45:47.000000,Yes
0x08af50f43ecdfcbb748917f31a3d5b66c1f20228b82590de5d4314e3707e4b3e,0x7122e8b021458c2bc2f4612802f2111b04dfecf6,0xfa6444796599b1305bd0a141b8a399028860c0e69a579713fdac0b0736c7e6b7,BUY,9.836064,0.6099999959333327,2026-05-08 19:47:00.000000,Down
0x333049836e20c2682bb69f086c94ac7ead13e3d5d9f481406fd42d6bdfa9363a,0xe88e5431c492c25d26407dad46eeb45ee8ad586f,0xe76ec07aa4670c03445fb6cb04a2a76175734db4db3442b17d0373597a660880,BUY,1.10312,0.9,2026-04-17 13:33:02.000000,Down
0xe90f1b57bc069f67b4724ac74c6ff2e5dc41713641b4dc23b5715b7b09332b1b,0xda52aa724e14a8684df36883523ad32f476559d9,0xbb4e4bd13ba2e20c858d5236e4206f8f2b181b2a9f01dd998653779849209a4b,BUY,1.1147,0.8899999109995639,2026-04-04 19:07:11.000000,Down
0xa03d4e96d7a5144e6653e45ce8a3b7d8fcdfaf5496f741287426dbb42f17a7e4,0x77a17d0eece25ddf37027342b250e2bfea51985f,0xa2b7d292821eafb97059947b9d834512deda11b7866e0f7b299bcb035071d626,BUY,90.270666,0.9969999999778444,2026-03-29 04:16:24.000000,No
0x8ba50be08f69322e6164f8928277f2fe9a2c6956ebab5a837a3b0d4345b811d0,0x1c33e6ff620ce9e54357fa44687d5a4ac5de02c1,0x1afe31adca6f9933f6af534e7e92652b0b913d10f12b403a702df8678cdf570b,BUY,2.083332,0.47999982719988943,2026-05-09 00:53:34.000000,No
0xc4397d6321794336a63374a15e1c662688d0957afca1b8c8a109e079fe6ad59f,0x5a218c7ad04135830a45c41aaed7294df7809318,0x5c2e6aef8af5931e9bfa3750364626d754531d2fada2885d45c356b175962a25,BUY,200.012,0.7492050476971381,2026-04-19 22:53:10.000000,Yes
0xeb0cf2d50ccb694bdc5b6aef37377c41617730f15f3d535868a788086bb07015,0xfc053bafc8e1d31e6fc7082cfd5648357fcb03db,0xc46412ec9ceb3278b150f5fce4ece66c9c56e9350530690f43b6798f3dbef4fd,BUY,1.0101,0.99,2026-03-23 07:22:51.000000,Down
0x14e40f42ff5242f8ea4a569503d382471d00b7f646b71ca4c705d286a41d387f,0xfb273da052c3e4dbc8fcde906b08746842aeb180,0x68beecc857017df8663fa36c0c86310dec7305aa88fe830c94651391314afc1c,BUY,7.0,0.14,2026-04-07 05:30:13.000000,Yes
0x68f31a059cc31933f303e6606388169ffd9fba86421e0e3aa4e0a398396d0a2f,0x595c25890da7fef5a359f672856df3222c4b3b03,0x4025f79326722dc11741d0fc491fed0a68231492216933a8b4957dcea4eac3d4,BUY,10.9835,0.95,2026-04-22 20:43:46.000000,Yes
0x1549ab9701be4d6f7f10831994370341704d496ef67601c99232553b18c6469d,0x4da76bbf120899fc10fa6e0aad4bffdd19a7355e,0x306d10d4a4d51b41910dbc779ca00908bd917c131541c5c42bbbc736258d2d56,BUY,5000.0,0.76,2026-03-21 13:11:35.000000,No
0xfefcd55da0e6fcb67cd6361dd257927a30ebab217d9f728faa89010473261dc6,0x0673813f8dcd881b54bc5a80eb9ca427c76fafab,0x1c6b6cb12a101c5941d609b84862d03d18a96a0e9dce966c85b6451545479110,BUY,36.666665,0.029999974090907912,2026-03-25 13:19:17.000000,Up
0x7fdc3ba969a47b18d54b355634f6ee61ea82bb22bea239c5f5efac83bb6f623c,0xc31f7231ced7e42fa939dad03d24a256c847bdd0,0x4917814025f71855fcac8321df79c4e339e7b156eaadd58e3b729b5b19219e7e,BUY,1.37779,0.87,2026-04-22 05:42:04.000000,Up
0xe1972fcaac0979f5b179178cf7a5e6f0657dab43a19c3adf6b277199b347166a,0x3d9dfd8f6891ebac303f950f645e8313253bc978,0xd79fe765f7e2adfbaa07429050cf179647f409202f12c93879e966f1da99ecaa,BUY,5.0,0.999,2026-04-18 17:11:06.000000,No
0xb9406ce35922c68e50ebf4045b738359d8ce882b68ebfb65174e597a1a988436,0xf93b8c86ce0952f25be06bd48487fa73b611405c,0x7fbb8a3dac3e0aa4d7cd793cd7a8b9825e60ce8cd8642f3b3e619ec4acfd02fa,BUY,1.25,0.8,2026-05-11 06:11:51.000000,Up
0x11d4920a4cbb148089d63e727452ff6e3f59868ff06427f417c4421eafa8fec5,0x043c3060f7131e25d6be29c2e53e7c8a7bdc442d,0x9257edd93ec879f50c5778099b513a8d352a67dbe1004bad3f8b0c1d980e8208,BUY,1.05263,0.9499995249992875,2026-03-30 09:58:22.000000,Down
0x8f26af46740de4c5d3c106924a86670a4b318ca9d2094f8d536e472546dd080c,0xa28bc4669bb613d1ddaed5a779a4ca4ca10ba196,0x460ac8e94c4f1057c591e644ed36c86c7e28361fd8c01a157507c925040a6510,BUY,4.8164,0.49,2026-04-18 00:43:30.000000,Down
0x17632b7d20e0a331376eadc19d85670e959b37013da7e039c30e537bbc9ca183,0x0e1e3983b0b48c1e98d7d9a14af372a67faacaa1,0x43669b265c0a07957febe8d5af6394045352c5f8d96d8e5811411b4a9c11641b,BUY,5.046621,0.8520540773717702,2026-03-29 02:52:32.000000,Up
0x4122773ce71de7afa05c66ab0841360ba6b38e4246d6fc272e5fd292fa34e71a,0xa2f2b80d9f749d958ff616c2fa035f7bc98a249f,0x9c6b80e1b1f5798eb9675a3c41d22202d215fdd2a05f9ca14bf0265b6c8d291f,BUY,4.918188,0.5099999254615207,2026-04-22 08:40:14.000000,Up
0xddb70f06c8eed2c186b79931a8a765b7e26d0121a6c1de41a8e7e76b5bfbdca2,0xa5f4f213cc32184044bb50966eb4abcbbba2d546,0x3177023514ad642b2a6f4115fc7bc133e66e8f6b7d6b1139e4cd8712cb743b0f,SELL,4.07,0.69,2026-05-08 17:41:42.000000,Down
0xff2f195b53d508d3b0a591067dc5a248db92186bf5edb8e0fce3ae67fa25d657,0xee55214ee3a9ee22a404663c76ca832577df7b04,0x9db11da01210719ce1c0c9c5359fe82743c5cabd7005e575a3ae78033ad33417,BUY,5.178266,0.6099999511999739,2026-04-04 02:40:25.000000,Up
0xa758a0f58d56eae1e1e017d7afc6d9955d0d862b9d0131d8ebe5bf73062f6497,0x732f189193d7a8c8bc8d8eb91f501a22736af081,0xe32bea4e800184dd00c7fd4e956dded012dcbabdf59661fa9067b134bffae6a0,BUY,5.0,0.33,2026-03-21 19:45:21.000000,Up
0xd0e38e56e6a80264851006708906503dd7319cf6d33793667ce1351230f565b9,0x28b44d263744b62ea19c9a29dc9abbeb5143c695,0x6ab1e35b52ec80fba6b05ce600ab7824ddd6f9d2b21a5bce59a6919df13d8d2f,BUY,5.61908,0.59,2026-04-02 16:37:39.000000,Up
0x3a8d717eb1bb16cab9e021adef125a31974bc12625bc8c9d06d5efce14a6d4d8,0x17aa1297346d985adff54621a48d4a2a4ce2ba4f,0x39c0072e3ac7591be3cb57ad79a592bdc7e512934acaf1ac30966b62f5f85cf5,BUY,29.6976,0.86,2026-04-19 21:57:30.000000,Up
0x2e159a9a1b39149f9de9bdec9e400dd8f2a73d49c63fc1afef6ae8c3bc7b9058,0xbac98df3b81ea8977c2bd8ca70e50960665cbb68,0xdd6df6bc49de64cf38b2059cea20d00b86ef0c01b4c146e8930471d20f599cef,BUY,73.099896,0.9709999997811214,2026-04-27 16:58:20.000000,No
0x7be18fe76a7195ecbcec916ef4ab1defa2c5d12e57c8c825067bebfdf700da14,0x70e3ad8b787326cba1baf393ad281de795cf0e3b,0x379ca09f9b6ff4b761c09d7a40bc3ed838ff8edb5eb9d74ffeed8f73c1157ec7,BUY,5.370369,0.5399999515861945,2026-03-20 09:15:43.000000,Up
0x7f6add5bdddbc7b2553e533002a32776f1e69be636247913fa44c4542e77720e,0xed0ccf22657348d34a9afb29dc5e5a6636c31712,0x75f78ac38eb8e04ac6ab6688f1ea1cdae6296d190b3b80a52e8b751cb0be59e2,BUY,2.050315,0.88,2026-04-26 10:07:16.000000,Up
0x97946536d615080c367d5894a63ac76a3e108390259af6506587fcd141c6c8d5,0x9471feba4b6445a2190fb493cb3069176b38eb8a,0x7805da31d5528febd5fbdd7f883376c3a7de3b9fe9ff30ffffe4fafb9df85de4,SELL,2.94,0.53,2026-04-08 14:19:17.000000,Up
0x2635608de8be3472581aaaca4c6d8fc5eac088cd3f9b47358f8a9c6db6cbc1e2,0xfc10b8a2ef1d9ac5c72efc4aa55cad7195527b47,0x71619c45419d7803c608952ceaee660e1f18ee9dd6d3d0fdbdc19389b4f2aafd,SELL,0.17,0.7,2026-04-20 02:02:34.000000,Down
0xed8801db41c49b8df85f74d6415e64b06a776714b562dd803d8c595a6ea0f8bb,0x510ee70532c3d928a19ee99956af154b8bb2d0b4,0xc53a6bdefa97943f60d26b4112e11ff035e6ce4ee6eafc39d991277dca1bac41,BUY,5.027013999999999,0.9629999976173098,2026-04-27 00:46:10.000000,No
0x9ac39de7ff8bca1e70b8c2d04465f4358b9dc55348ced906b3549afbe7b553d4,0x3a440f6ebaf3cf2593deb63ed88e0f2515b7b15b,0x803f6c7be9acb959de70f4273519645eb109af87335eb45de39be097f0b7b2b1,BUY,34.532094,0.8599999988533331,2026-04-24 11:48:04.000000,Down
0x8f8c23bced2f4f23d1ec4992be6b6e8973fa288c50f3915a5f95f8f09fe4d764,0xfc412ffef2c0a7cb6b9f528b56a8e55e70a3c3f9,0xfe3d96aed1080802c0501a6a6db96eecc92e913329b61610b11326e71f240803,BUY,4.935,0.74,2026-04-18 18:14:50.000000,No
0x9c77418ed26b04fcd687fc5570a5815d5ab4b3a3ee3058d3c72c7b91f9ac3978,0xaf53d7a44c5c73c2be120215353b00734f1a795e,0xcfa71bc2d89c8859f94fb8070d6b097e9a7c3c27b8bc054acdf0fb6155cc9bbe,BUY,45.28557,0.019559008819823604,2026-04-09 20:49:21.000000,Yes
0x2445b27db5910089d11f7eb287d5ac4aac4b8eda2f974ecf618a551225a73a47,0x1b01d0a50854356ee016f6ff15398b53df4b619d,0xd8b20c0be546f4dfa039bb3791f88c4dde971889225f8282dea177cd3ed56e01,BUY,2.857141,0.3499998774999204,2026-03-29 00:45:18.000000,Atlanta Braves
0x9b5eefb9ac96d8ab345a78c898af7ad45fb4b12fa6e863129a43d3b66e36f587,0xf16446a7032d6167c5c61986e35af21fd0a631b1,0xdda7d5017be661e87715a6e9e4933aad8a9231041cc7d5103c11a3fcb14bf292,BUY,5.0,0.91,2026-03-29 22:39:56.000000,Yes
0x35d20d1a1e0d178b9f8e6d3983d7278f4cffb226920cb8783ff903b3dcd9eef7,0x2d8b401d2f0e6937afebf18e19e11ca568a5260a,0xc5ffeb8e76203d93908e79e436de5d6b08182702e30e7d219bb580afa7da8ecd,BUY,40.0,0.55,2026-03-20 07:05:21.000000,Up
0x494189a6c3478422c0efcfd79b755aaa5945889a0a6c34c13166218d23c917ab,0xfc1fcdda9b57d7277fbe9966db8fe1e43ab1222b,0xc7140ddb5ae5dc94d4553fb05d4600816f33ff024844cebe8326f4c41c4a1a47,SELL,150.52,0.24058463991496146,2026-04-15 13:22:34.000000,No
0x44f6ce6d8fee1a3c3e674ab786e81b4067956cef34bc9941be019b8c5272abd8,0xf247584e41117bbbe4cc06e4d2c95741792a5216,0x5a242da8ccf6b6f86febd77d6d017690131be1786bce5fd20567f70115972751,SELL,72.0,0.06,2026-03-20 00:40:45.000000,Down
0x3dc90c70bbd753d786c788b059f935cf01de9d1ff77fc7b141ce79bcb36c74a0,0x7dfc8aa22f2d4d6f9cbf55cf86682a4d2477f54e,0x67df5fe279a22dd4b396272ee7f4f7babd115ca74f6fcafcb6af7c877900c9bb,BUY,4.7912,0.42,2026-04-20 23:41:02.000000,Down
0xf8071f0d55e2837cf0c1b6b856649b6bf23337e46c82459ff4874086b6ee12d0,0xa6896d11f76dfa2820662c1f441496f51553559b,0x4c138284b6f9de16dff00fa22734ca9d7e89c29bc3e282cd519ba48856aa054b,BUY,4.8452,0.57,2026-04-22 03:40:18.000000,Up
0x9e09d720204eb292f95687197459c8c70cc1e157af69e8699aa589538cbf06de,0x39fd921acf9be28b17a422bf624dc6b30685849e,0xff081c52486b2843da251a6d97187318a578af62f2a16cb47c9531fea1e8c1ee,SELL,10.0,0.016,2026-03-18 04:37:29.000000,Yes
0xabb521a35c8b8c1a6ecea0000b174037481f21737b5ced047ed3877fb26fb5d8,0xe81915e3ff260080478ea86766e8af659f3a2a5b,0x24236c5b7e3724fbc6671209d761c38d7366beb623f2f4115dc222d904b71054,BUY,2.873415,0.68,2026-04-02 09:35:23.000000,Up
0xa6628db47aae97d048867576419d7678930a1722176458972708b49e467e657b,0xb6c6271ca430f29bfd70ccb70b803cff122a043d,0x5028ef9228e9579d38cd165f4360a0e8af3678fedad3c638853e1c4038c155ec,SELL,7.66,0.997,2026-04-17 13:34:38.000000,No
0x3c770b1063a2c03fba55454ce27528dff34097c4ceba79d3c4ef9b3adb06452a,0xd44367e0881494252fda91ec01343067e82eb46f,0xcb239105ed21a2420ba4d85090b9bc32755c56601ffdc528afd17fd6282fe930,SELL,69.41,0.993,2026-04-17 17:35:56.000000,No
0xb6bbf65c208d9b9b31e051e24f6809eea834be453f3650a4ae1981c5e5f5a214,0xeb3734fdd24f5083082e1b04ced7592ddcb91708,0x537fcb026aa8c038be160f4f45eb3ac72890e3d216192dce3c75e320cec743f2,BUY,488.75,0.25,2026-04-10 12:42:53.000000,Anyones Legend
0x5fd00990eafd0b3901a3d4feea9d7d01cd128d5fe9e7fc00c3eb22be2494f358,0x0c0c984e4e0e01788f2bedfca6141da9f7e9306a,0x93638935d4ccd19fee9cf004dc79796c41e3a31ceceb7e8452209d1da0ac723e,SELL,137.7,0.9700607116920842,2026-03-21 19:42:13.000000,Down
0xe972b0e634011184c9dd29f93c932daa66bed868798562bea88f9fc2cfab225d,0xe8dd7741ccb12350957ec71e9ee332e0d1e6ec86,0xfda648d24cdad32dfe959195bd75ef4c81fbea5130eb6c7a4a0c18607a11ce63,BUY,100.0,0.999,2026-04-29 03:50:02.000000,No
0xc4e0ab9bf47288722ad0b666b776086fcebc20b018cede190f53f1e4bf98fef2,0xf81ca6e5444bb7c44cb288a28003ac621facd0ff,0x3e0303447367d44d8cd30dda41ff5dd89a1f635321b5235a27592f66410b239c,BUY,5.9082,0.49,2026-04-22 20:40:22.000000,Under
0x673192d92d6029ac88146329ce3f3428ffde6fa8a04c963f2117d6d55f404fb8,0xa497f6d9b942f3a73e24f9642316f0979c677891,0xacc23a9c2a560142bda18884949374d6a9d920b0e44c57b43bc4e8911727b01f,BUY,24.74444,0.9,2026-05-08 02:22:09.000000,Thunder
0xb02aef438a2a46d46335b9396ac6ed24f284d9311bc207c9b0da476c24ca3401,0x732f189193d7a8c8bc8d8eb91f501a22736af081,0x94ff12070425e6760ce22991ac1b66c3df2224116dbc7d430d6a3148f5293cd6,BUY,69.11,0.97,2026-03-28 23:40:50.000000,Up
0x1c57f5fa307426f79d3990b7a91a45afb67da8845e4bd9ead406394906f738c3,0x0a3c884d874da99eec0350da51387b10bfc84fec,0x6ff433c776f0024a4c60d877509116ea84e0c665199123ea31b541bedd634dd3,SELL,18.26,0.03,2026-03-30 23:31:53.000000,No
0x78943efbdab08425eab14a50c157d70a5552616a1c88b177e6253fededfc6f3b,0xb5e8433f43c7a0d7515108ab79d11eaaa72ac9bf,0x75bd346e87cd3b6a040f7170121f275033a255dfb3e55976273cc453b3fce8a9,BUY,2.181096,0.43999980639989156,2026-04-17 15:37:36.000000,Down
0x0f8124283421f11105b966c5ac39e705dc14cac5fc9daacd23c6c598fab327da,0xf613d20d8ede6f4705a1288e6d2f668b1c78b2d4,0x720dd66fcaea2e0a23dccbf4117346d9d632c7b73f8a5432384a1c7f3f4c07db,SELL,5.0,0.29,2026-04-29 22:37:54.000000,Down
0x4e2701fd0adf78ecf79c828b9070374a87c0dac22d2510314e8132d732e7f046,0xf18af4ede11048b8695d775f72ec5e7a236ee4e5,0x5507e6919be00fbd6360f9ee27e5199bd176c25e395a64292071ed5a1ef24f40,BUY,52.916784,0.5574790599519427,2026-03-20 21:07:43.000000,ASVEL Lyon-Villeurbanne
0x5c6f5e90d55ec4e6331dd3389df7f5461c223c7214b5802bffb7deb83b712f73,0xeebde7a0e019a63e6b476eb425505b7b3e6eba30,0x07244c875f32a72be3548edc3b7e8216bf7e605757ae933267c3f77ea6a8e41a,BUY,10.0,0.45,2026-05-08 18:47:42.000000,Up
0x5059350690049ee83d5724dedc349368a45d24565abc24e59fdb492637bffdd7,0x9b9ff79cdc3c6dc3abbc494b06ea577567bea26a,0xf950740bc71136155d6525cc0528a582c81f88812bff227803190c32ca25f54d,BUY,30.0,0.996,2026-04-09 09:32:07.000000,No
0xe291e24aaeeb88013635af674d63faa8a532c224cb5ca45522602662d97afd51,0xc5d521074e88279556836998fb2a5d2e2c1c6caa,0xf19239fb49165188fbba0e149de64dd101f33580725ac3518e0da6d7e0ee664b,BUY,3.972221,0.3599998590209356,2026-05-09 22:14:31.000000,Down
0xbccb9b897722f375c2820d61691ffe01098d2c82f44b3b90e5673c081cbda51a,0xda724dda4f6094e7931bbf1b87499e87b8464b52,0xb9e8fb5b63180018f0306afe6fa580888673247373fe29862ebdc37ad403b977,BUY,5.0,0.9,2026-03-30 03:14:22.000000,Down
0x59b76b0227e06bebafff562ce326658a4be93536c57657c8c7a817d471199f28,0xe1d6b51521bd4365769199f392f9818661bd907c,0xdea07e6400b7980d83905a8cb3c798264cc7d872c216959d2ac40dd3dbf5fea4,BUY,119.98896,0.66,2026-04-27 09:49:34.000000,Down
0xa8a87e06a1b5bb711e2f5726c500900b4a11ee69d997ac57289de9bf6e64e522,0xcad64bdefa2d1154e49a4fb8e3d070dae98dbd59,0x35d2263f1be90f20f3098a957aa54e1f191167b07b4f779fa3abda98f195b1c8,BUY,48.272,0.52,2026-04-03 13:21:37.000000,Up
0x2231ad775849076bfe6a707e62563f56c07a187c4ad3da7ea40a26b743eb4531,0x6df9bc2aa1b5fa3e86bd7633d05bc577d4f5bf25,0x26c8f2bccd68e50e05dcd4af2d20e784b27579feacd41a6370b8c5f2b18cd978,BUY,9.5608,0.39,2026-04-04 15:05:23.000000,Up
0x4fc236552293e8fbd83f6ed21119187d61a23d78db8f5576a08d0b4818b3ba0e,0xf00a425c656ecba92edea0f36fe97a577b47dc01,0x82054fef911bc6a8249e846e9d5f9678e9e3b9eddad1ece3971eabe4ae7be486,BUY,5.050504,0.9899998099199605,2026-03-19 16:04:59.000000,Down
0x6df8ad0a19330ace29fed6760218ef773cf62d36259199d7eebce81d7a8337ca,0xfeb7a1c07e2b998d04e0e353e1ea29f3923ba4b4,0x76d22a4723ff12d80b9151af73e4da515b5e4a858eb4aa6189d1576bef6b2a2c,SELL,88.88,0.44,2026-04-05 00:17:33.000000,Yes
0xff60d49b1b6ceb211b142d7125abd59a50ca6a8d06a8e9576aba7fa79ad53ac0,0xb55c8385f35091983161a8873a1343c4313204ea,0x3cc61bda3114d3c3d2e9e72a8ff9f08395446e3210d8d9976763aaf60a856fe2,BUY,38.255807,0.8599999994772035,2026-03-24 00:02:41.000000,No
0xebdaa0cd751173bec0a55be4f22685cc660f6ef2eb748311fe02309d68abf1f3,0xdbec48c747dae31d73d78bf4a7ab05c11065b300,0x22834e93e0242e154299785629202f0db8b6fdec576b5c9f77474ad117f8f1e8,BUY,1.785713,0.559999843199887,2026-03-20 16:47:39.000000,Up
0x06341bff09b61164346e5d5d3c3cb13c834465e7e13f912d9fa545c58c4ee989,0xeebde7a0e019a63e6b476eb425505b7b3e6eba30,0x121eba92a070e22f29a1cc926a060ca7622fb4155f729960e6032dad9e4cb61f,BUY,40.15536,0.39,2026-04-18 19:17:40.000000,Down
0xb6f81e263a9ec1850fbb0549c8d8050a2bfb79e5a409b3b41cb6f8408dad23b3,0x4e30401826a11c3f315047002a4f1898b91e9d3e,0x3c3a8f30ed7627a14478a57b1aa820b5775fb71e2a1774496ebbdbabb8f09784,BUY,4.9469590000000006,0.5199999840612971,2026-04-04 08:46:01.000000,Milwaukee Brewers
0x613aacdf006cc7cf3ed8d474ae4b32d6f8ffea456847645f743b3ccdd3a8c66c,0xb6fa57039ea79185895500dbd0067c288594abcf,0xe285bf8454fc9cbe7e8cdedefb00009b475c2729a60811d76a5a9d716b5b8bd7,BUY,25.0,0.83,2026-03-19 21:27:35.000000,No
0x396f339fa490509fc1a8c2c6ba3e106c744a1c8ab41ee494ffe0b6648f218ba7,0xb5f981a3977890597df8473a9f000225a5beb08f,0x11a9809fdb5bf336c32028682a0bbd6fc0f53f33fe4ac91aa422340df5794837,BUY,531.89,0.6034973396754968,2026-04-04 21:18:15.000000,Up
0xd48a86b80cc1fa29749ad7b578200e14bcfb0986c59b4eca719a5be1901bea2f,0xbf5588feab1d64e047444d9d8a3b9972269892a2,0x73d80e5d9f998f53bf733190f3b0ff401feda4c9fc4f2b5bfb6a68a21956aba1,BUY,3.8961,0.77,2026-04-05 00:14:07.000000,Over
0x2b352aae7b311d6556a3df938c4df4a2c56b565b33a37ae24c7ad10d8e6adde6,0xcc82a123e218a39f374e531172f8c3460ebe3918,0xda445ae823579ae4b631aa29673dc7b302a8cb6548e892b029b0ea6ceafdbfc6,BUY,9.99784,0.997,2026-04-09 11:38:43.000000,No
0x6412bad6d5dd9e1b8901684c5fe709c435319bf5ab7ef7535671f7cb89f69f1c,0xe787b7d9d65bf7a9c6faebac76b175cfc0c465d4,0x9c51b2844a4193749186a7e5456dff1ed0a646f377005fd94b6e6386223fb9ec,BUY,1.8700830000000002,0.5699999429999539,2026-04-25 19:23:34.000000,Down
0xb74e0ecf1de4d2f21e6229115c23d09a248bff4948e9adf98b3244fa705c3df8,0x9eb5cc59f60496c27b4315f3040fe375d50821aa,0xf92359b3b406671a9f1ebc49e5a797ce79d384a34056e3f2ee7cb315c31d5bc0,BUY,30.0,0.9797566666666667,2026-03-28 22:44:12.000000,Down
0x6160a7ef0225ac0873804a78b557054e0fa833feecce1330573018396c81d384,0xcfe0194e7f0baad591e79df71a2637ef79d3ffcc,0xa8d217439c112423fe8028092ac1783501a0282fc5e2c2fbadf058fa0f34551d,BUY,4.8848,0.68,2026-04-25 15:13:26.000000,Up
0x7298dc7623501348f4c1763cc5134e104101d20b27fc5757bd2cd6b4f1dee37e,0xb69b56ffb3939e5106562f4f31fadab330de368e,0x8dd2e1dadb9b5c0c2ac1ae590f460d869a09161aae78e5d4d46c4012e1603568,BUY,4.9275,0.71,2026-04-26 08:01:02.000000,No
0x83a62561bbcf3c2ba5039de1ca608ee6f8cf2e69ed1eeb676a8af6225f3122e6,0xb354ed9f84e21e1baf54c64f78aec6ad678d150c,0x778dd8ce9c94da94677b784fa2db2b65936f2a0dc12c7f5db6e290cd28887dd4,BUY,5.013342000000001,0.47999993087998233,2026-04-19 20:55:50.000000,Up
0xf2929b737718cae6731e808ca3d6d9b9ee1349f2e1da804b9c743c04382dbad1,0xf0b0ef1d6320c6be896b4c9c54dd74407e7f8cab,0xc5300759dc2089042380795fe7384010a6b6ebdf9e6da7ed3f786d9a5f61c563,SELL,7.17,0.78,2026-03-29 10:24:02.000000,Yes
0x6406e5792e53615a24cfefd2c6917bbde2186c4dc2d871089389b854986b3d96,0xdae37ea4238f43fc3f25c1ef6c83be1aa5270863,0x9b56568af78dd036b03c641e0673729d72cd7d63578eb0119cd23eb1f94f1b56,SELL,20.24,0.988,2026-04-19 17:45:40.000000,No
0xcf21a9dee5b6d8ab74e5d178c96ba1fc9efe10474ed3323d244e9d0c58b1b178,0x7341320dbe9503d837e20a3d76364c4b1347016d,0x1afd117c23f67fcdb555c6470ad515eca0c32d3354763a187082ee47fe147c8d,BUY,96.688,0.54,2026-04-25 14:12:56.000000,Up
0x44cadbaa6da9ffefe1e5c74e97e163b691144c2fa3d21894a266ad2c27525e1c,0x032f60439bf69ba53e769baa63f92d6d274420f8,0x085f19a43fe816c6326d86c70fb0d289ed38fc5e31a8db9878b9c56e1162fa7a,BUY,2.2293309999999997,0.6699998817646494,2026-04-21 02:48:06.000000,Up
0x30c40e4d060f9c62b04bab970e0f7c34e4547332a14689dcc540a5b07804a6f3,0xe28feea8eb5e5f909d574a92f860fa751712a9b0,0x39d58ead3a6a6496f1b916c87d040afd6a0508324fd03ab4e94175ef7982f1e5,SELL,5.0,0.76,2026-03-18 11:49:25.000000,Down
0x7da54d5a3cb8207f05c1318a70a67667c26e0a8833ff38192bb0485897ccb0fe,0xd682268e3cb6d9d03b8079b20a133d1e4cf809db,0xbe23041b052bd89bbb2f8821e1ec46555ec80a6067abc6bdfa169ccd055820f6,BUY,2.1624659999999998,0.48999998218180263,2026-04-18 21:22:14.000000,Down
0x85a6e9aeefcabb69cfd256aa064656cc400b128b0b78c903a8dad281a995132f,0xbb5f415065a925646a173c5ef40425598aef2eca,0x00f7c44da87a4dcc92e6b4499a103a3dc9ad48e31915ef48375612a272264c4f,BUY,30.85322,0.97,2026-04-07 01:49:21.000000,Down
0x15221ba470e2be28de2bf67f4b02b71c3ba39b547e42c9c87e72a108ac4e68e8,0x00c8945ca70ee742ed7e96a3c096b1fc076a7c34,0x02d0478c6360fc90c6cd2d55d580ae26d4bf23c3fd73c4f4d002a6892bf40ad5,BUY,5.7624,0.45,2026-04-03 11:20:29.000000,Down
0x973b30d4320addc3131942e5c70287747c03b6513a5a100798453ba38c8c4f6c,0xca9e900521490021fc9b832eb9cf88c1d789d38f,0xd8099fd68c787ebd631ad90dcf6358174641e7d4bd006c82924f2db1f5cae710,BUY,33.440007,0.5799999982599999,2026-04-09 01:17:05.000000,Down
0x9f99a29a6f86fdb66bb5293c925b23f2228d0512dcaba94d572e4d322b76928a,0x5e2b9261b0c4f697b55bf921ff2bc227183d9101,0xaca120c29433ae27496a254243fad4ada9b2c85c404f816d8532d51c6cb963f1,BUY,49.622,0.895,2026-04-18 00:43:40.000000,Up
0xe01cf8fb9834bac2830e6ec20e3be0dc0a21745ca7b70aac93510e47e24391be,0x556a04b151b0a965dedd405a38decf249ea8cc08,0xfe230d510eaf545198c0d62bb17871e5fe8989f1b19aa54c0c062b858360987c,BUY,112.5628,0.995,2026-04-15 16:33:20.000000,No
0x7b8122265668a94ed118ee9ea27c15b8bf46d86ce66635865df00d8c7f2ace74,0xfa03bd55b04f676c92ea213fe30315f5109f2ebb,0x10e68b6f809dfd61c7fdf832d08c76f68e80e538f1e23edf41eaaac8fbf3e8a8,BUY,12.765956,0.4699999749333305,2026-05-08 19:48:40.000000,No
0x4911ed5fec3e8926b66064fdc6e9480174252fb707310c73da28245e8aa7fa71,0x0f8eb0d3521f61b7a83428c321dd7fb296c63082,0xc5ff4a6d97924ecca3ec5fad5f14a8821ebd44e8b132f9d4d00e1e68a675a18c,BUY,238.86,0.6,2026-04-18 22:17:28.000000,Over
0x4bab2a7322f2780bac9e9764311492a73a88f05740a285d8dcd6459dea370dd1,0x1a967b272e98b708fb26a947a50c23785ac29797,0x190d98a8009045e55fdef0923372d308086469ba1c5286ea5a76a744f6496fa0,BUY,1.901333,0.9939999989481064,2026-05-06 17:42:30.000000,No
0x5d49bfa5cf631d660081b95282cb302f95a0836ee3d1a7c88c0d0f55a74bcae4,0xf3a710078c35b891cc0ce98c1badaa023a4f2fd8,0xe636d8083403ca9b955067c9f1eed9d38fab45fb862d9a24d2544726cdff48a2,BUY,34.24128,0.5,2026-04-02 08:36:25.000000,Down
0x3e9a7ef6b8578923e2d59dd295d3fec2a4abf7483486f977491411e7cf4a8bae,0x9ab95de2204fe563bea7749be7004d6d8c65ca45,0x531bf286f33e9a846bbc12a740afca59cf5dab718ae90b08d7181933491c025a,SELL,21.27,0.4,2026-04-30 04:25:12.000000,Down
0xe0cd199194bad6982f6e3c1e959ce4c232c274d26ea6a14fd0bd8fa6ee926b90,0xcab7abe5bd64f7e006660d425f76f723a5421ae5,0xd90911550745005de2842b0f3a23126336e5c071843e4adfaedd927e23338a71,BUY,6.018535,0.8199999835999839,2026-04-01 08:49:39.000000,Up
0x8a70968161bbfab14706eb5a375a4695ea4ce66e8157df607bb2a64f960aa31e,0x6c16704fcb089c523633b057db72d26aeb3766ce,0xf2f7deb121e08fd7b68cc2c36f902368db4b81683fc9817448e7c5d55168d4af,BUY,4.64634,0.8199998278214681,2026-03-21 04:32:55.000000,Down
0x84d388b6ae115da7d2b508fb4d82d0bd5bd538a1985d911c235c9c572cc6c743,0x2e22d0b4fe6e3d1d3ea864470fe927983833e3f3,0xd9fb1184af0064e5e34b129f5b79afa5a17b7e32f2953ab05efed82315fee6d4,SELL,1.24,0.93,2026-05-15 02:13:14.000000,No
0xdd6e7ddc87fffc5986365319d99c00c1e6336f348601e29de03bef2a4963294b,0x4ab5f2c34d1693086b1e1af652441004edc0373d,0x2bc364c41c7dd6aeb4385801484ef5099e424bd42f6ca166c3a3ada7f860523f,BUY,9.339621,0.5299999860808057,2026-03-28 22:45:12.000000,Up
0x344cc8a7b261a9563f740eb6bf5960d708a15714f8b342d8dfdf3b07080f5611,0xb53ef1e5a63a9e0353422d4b6554c3c2190c2576,0xd72115597c7eae71578b26ebe0e4c48e983449d7dd28574476542539f7b311d1,BUY,7.77333,0.40384378135792515,2026-04-19 19:52:12.000000,Up
0xde4a5bca3d51e78e29ae171fc619103c58796f2127a740d261eec0b7fd3ad285,0xc9307c36ac4ddc7a190b3042b016442c32b567b3,0x1a01bf78f56a507fcb666d564d8c8b91b0750679163ed6e96746102c9b7d285d,BUY,43.81074,0.3909999922393459,2026-03-22 21:09:27.000000,Yes
0xe30c2c8fe5c2239086067e5343ad0c9ff06e5e5709fad790f1388bb24155a42b,0x5fc50816f1592dabeaf8a9a7d83ca94edce5610e,0x589b9e3f6dbeff018b943a2002bc6931a1ba85147b8f983ff6efe9aa576a6fe4,SELL,47.2,0.04,2026-03-24 02:22:37.000000,No
0xc4b12b70d67441c9636314417f6866085dbc5808ae469e58598a33d8954f27f7,0x38575c2ec374b3fbb2cd2ccb8df076969a2e6605,0xae83a3044c15967b67d5ea0a831ddd6d246008ff38ac333f295e53973f356871,BUY,3.62258,0.6,2026-04-04 16:07:39.000000,Up
0x69b4067ac0c465ea01151fea7c56c49f1bdd40f5ebfce4ee0310d83c20834bff,0xa3ad70cf48a2f2b44163e798223c01a2c2536866,0xcef0ea92825ef2e046a97ef9b628709d0071614832d3bfc9c6c8dc119a472618,BUY,162.0,0.998,2026-04-17 09:52:48.000000,No
0x948c79519a5098c852a3f7f5545407fa3f75c5e0ec36b8ee308e6e861b5deaba,0xe9a796f3169fc3f1564618fe062fea2cb6033f39,0x95921fbe5ab5fc42a3c27baead8662055ebe2f145ff186cdb102668626fad1c8,BUY,14.285713,0.5599999803999982,2026-03-20 10:17:03.000000,Up
0xc104bb2bbcb28d0b709ca71f923835545f42d4c2b09a2893a54052894e9327d5,0x31393e2f8333d4a6e2e31ca6424defe8b6cb9e2e,0x7a779b441e75f49bdbba7c776a997e4773d0e7dc7393d20f39cbc59ff3452d83,BUY,8.5232,0.64,2026-04-03 21:30:47.000000,Up
0x8fde806e1df7dea19cd7d5113caf0e6296e99d64503f753bca019e258d760338,0xc67f572e0f39ef85e4cfafcf353d144c054fdac8,0xcd15588af6698ade328f0856cfc24b82acd814b6c128fbc1860020353f89d671,BUY,5.0,0.16,2026-03-18 08:31:33.000000,Yes
0x7444bfeeece81b694902537e0d27878e06fefe1500e77a9f8c3eb5cd2f3a1990,0x5bc331ff6a2f3a679f0c98cca0d92cdda5c47a59,0xd5e42b82840edde1418ddb9e0c8d3d33c28ffeeb8979863b8ac776528fbb8b0c,SELL,0.29,0.84,2026-04-27 04:13:52.000000,Down
0x2ea0f563653d35d919180775f14ac73c1ddd0a778399d63042794ccef2212358,0xebca7162f7d07eae763b8cdf5a6fc7579de79b71,0xef918f0690c3ea585d1f4d3c984c3fcf52bd127d7fb42b642c9b9d00054a5b71,SELL,1.55,0.11,2026-04-29 13:24:02.000000,Up
0xb4eb1c029a572d42d6ca62af2fa0a663741c912603cdf66588838ec06559a237,0x44116b11989f94c5f097bc4a985e34de210c715d,0xdd329b54a6c1b2d608bb6567c089bc48a24a6d8f97c89886a47e6d89cf82fedb,BUY,6.331932,0.8099999813076891,2026-04-08 13:19:09.000000,Up
0x07b26ad14f7d331399eade700b51155a65e4f6510177e6bfba350af510aae1f2,0x5b06192fbcffd6d547a93f3241b1063e8827bdc9,0x0565222b9ce92ab1b0e96aba8fb2b5434cc6b24dcfb0c8f2eca2de041907a2d0,BUY,5.555553,0.7199999711999867,2026-03-24 10:37:17.000000,Up
0x8670d19791b572a413b1330c91d76fae08dfd11a2be65c671ada730bd4c53db2,0x5b6331e7ff0831a3fe2ed12004747db1a9c911a4,0xf8173bcb28bf8353200e548239d5bc6fdef675ba204c9f4c3cb5545b47ee11fd,BUY,6.1513670000000005,0.2899999182446604,2026-04-01 06:35:27.000000,Down
0x7ed146c691d8e866f69bf4ed4eda6b5390d55bae5ad5baa309d8ffd9367f200a,0x4560328f04f84c40f5e4f6030dc0150099fc8ce8,0x705d1650bf42ab4520656c680e063532b66c6c427cdd81d6eaadbf53b90ae7c4,BUY,5.00925,0.997,2026-04-20 17:35:22.000000,No
0x8930ad7cb37335cfbebdc418bfc8c67fec6e5f07e56732f74bac0267a552eb9b,0xe8976b469cf97e47af9f8b7834229e0e16a7baae,0x8c8160d0a5d72f936f6118b736c01f86ab8e30e7f66d7be27305e6a08296539f,BUY,25.141058,0.37999998327999907,2026-04-09 23:50:27.000000,Up
0xad00af64f147f432f67c5f2eaa90249618b0f1f0b367113c0f21595d120c9217,0x118ade08e24ece7adae028a9ad3b12f51f11d7bd,0xdb7af68b0c40a995db13a8c748df69065b2ad3f12db488e1d0bc3d6e336e24be,BUY,2.0,0.91,2026-03-19 01:18:11.000000,Up
0xe359d825ffb36e5bd9235ca570ad17d691a9af5e5eb57593145250f685b467d2,0xc6f5b38e2ecfdfaf93b2fa56803d294136f8f34c,0xfc9ac79cbf006609d9acf042dd3cd8ec016b5810b602511bb82776fc814244b6,BUY,13.0,0.15,2026-04-18 02:53:10.000000,Yes
0xfa90313bd21a7af113687c210a9c439a8a9a932ef6dcf9333151f84af7383602,0x39aaed185b92e99a78249610cc14a589b764583c,0x27e7fddd52f9f808a784accdd26f9940048af893cc37deef0343b14e72a538cb,BUY,9.9945,0.989,2026-04-03 05:10:33.000000,No
0xeb64b8031bdc6b580565c5de18fdb933d740a1b99cf5dccd36a90795573b4da7,0x698a9b8d725af0e04a9f2c9654d68673bf69e142,0x0b48d5d3b00735aa0fa83d1d2d18eb11ef397efba02edf50cdb78681944192eb,SELL,24.91,0.27,2026-04-15 05:57:16.000000,No
0x74d7abe32590483a52cc8ff4557fbd3129228ae8a92f12e671ce2edde68a2e4a,0xf8bc2bac64b266ce3ad4cdb79ccd3c99d9a3d640,0x4bf927342615e0775ae85642bf003345c60f11a872c3a7319c885f2bb9cc3ee0,SELL,159.15,0.998,2026-03-25 15:29:17.000000,No
0x86d0588907d350976f4eb7fef3320bf4a0d85eb5646688368b0b6de76c2dc384,0xfddaef781fa7ec7c1c46e14daaded915b273aa2c,0xe610480bd4e5a98f45952e33d39e856f8b4eb43ccfa9d077c5a8344172c63364,SELL,11.05,0.26,2026-03-20 16:47:27.000000,Down
0xe99a8763e0a02e489171b6423b9f98e50409d55f1968e4d5672eb8760c08f723,0xf03dbe5ef6755708a4b42bce848f3ed2271ebf20,0x273ec1992633c5a207407c4a892de77e740357194ef6884857ef2de361970487,BUY,7.210466,0.12999989859997768,2026-04-18 08:59:28.000000,Down
0xb2fca2c5affba60d23eff3dcdbd47f6438c0f766c7004d6f6aea5d3e24494db5,0x68dbafbff553b89254d426eab28e8cea8a229a20,0xf5cee24c2848d2e03b721924b77def098163bf25019a4d1ccdab3d5a912ed5fc,BUY,7.8053420000000004,0.11999989919998387,2026-04-26 17:33:48.000000,Up
0xc954973133aff04976dd02f4dea6e671d2c0fe2343cc3cae413be608aa0ea124,0x0fedcda277ddaef368a30e9ced5ecbc19e796dcc,0xcb3e8f7cd107c83c2fbe497d4ec571bdb845b5961a21b911c0f7bf0de9b02ac6,BUY,2.156861,0.5099999489999587,2026-04-29 21:38:36.000000,Magic
0x071caa4031582807f74c70732718dfb71cda8afe9edf1bd7b38df50dda49c112,0x198a70383665f2e87992a2478687504546082080,0xebe6127c97586959877480214ae86f1983121612a38affc7d3d9dbbf025a1dae,BUY,4.985,0.9,2026-04-10 11:35:35.000000,No
0x18b4850f0f238fc8c004d071a0b0483a57cd5c2508d2be435c4007ffabc3962a,0x08d505a547f770da32a299f27e4168a387838315,0xc4ba1a5e5f48b5f7206c224effe26fb3e28d8b3b569bf42bbe84f627ebf41664,SELL,6.0,0.999,2026-05-10 13:00:06.000000,Down
0x90be0c2a1575f72484d2db6ba09a48635aaa9f5861d88d37c36a7d898a16c8fb,0x21a17e734ef61462ce77fa0f08e38956ae4b1911,0x12248e75fb2a63e01755b5427a3e4557be019804f5bfb02088f830aa458087b4,BUY,48.99395,0.97,2026-04-17 21:39:32.000000,Down
0x9c770dddf8dd7d687c9adaf93c433b10c9c9883e28fffff8b4a534313164c92b,0x7f7a98fd2a04d7868a53283675e23c29f6e5ba3b,0x05f0e3ecee449531c3b394be5a981e1d5326edd2247166f39454a4d26457526d,BUY,14.285713,0.6999999929999994,2026-05-08 23:51:39.000000,Up
0x1118771cd172f468663c0b2369862af63fa8dc49ef37400504251ad73bb00ca8,0x8575467a6743c81ef0a8d06acc76e99b454a87fe,0x3baca5b0070978e7518ec4fbaf7ac79e30eb8adc48534e0004780fca2a59a2f2,BUY,28.0,0.998,2026-04-09 13:36:39.000000,No
0x3e70e89e7abef8b145bcacbd391dcf6ede74f2c61f4e160be5ebd1a37b5d4b5d,0xc62a479d9b413aef58b9278a7792969d4b1f42fe,0x2bc364c41c7dd6aeb4385801484ef5099e424bd42f6ca166c3a3ada7f860523f,BUY,3.074073,0.8099999577108286,2026-03-28 22:46:00.000000,Up
0x96faf4e13b121adc9f6d92bb884b191665e5b32e12e2a46b33f61f20d4324f52,0x2e1835e1e373dff779809444fbc237c0b915a353,0xcc91f1c529189b24d03db9dbed274ff829223fb6c66c622b90308f0d9d6d81df,BUY,2.941792,0.389999811499934,2026-04-26 08:00:54.000000,Up
0x27697bbaf198c2bb2165e2c8773d1326dbe26b105b4d804e0fb919c7b012965f,0x9e160e72712ce49178e2f75919930cb39e4ce908,0x98f22e9820c477fb3315ce3b316ae9c15e16b52e3b882af1a458da582010d53b,BUY,4.797618,0.8399999749875876,2026-03-20 09:14:59.000000,Down
0x9fb902d13b6d436afed9ac816d50621c8eb67cff6cf517e0d7a9f5d5da9239ca,0xef3b36d3a7e49585387d24ae458c736ae849a343,0xdb28d4c398f7eacb4f0ddcf6265bcd252de23343ba97d0f6991dd58b3c765d64,SELL,8.67,0.97,2026-03-23 20:49:43.000000,Down
0x710d3b93e51b97eab6a18f8c4466939826682881668bd1cd551043594fc597db,0xea08743ba685adbe2cf67e09255c00e2c31cbd09,0xee03dbd7056cf4d669e12189813a6409bf046164a3ebe168d9eb8718e5b7cab5,BUY,20.9433,0.91,2026-04-26 05:59:54.000000,US Sassuolo Calcio
0x5292ade02a4f98a6407ca5b50876bf6854d52ec68fbdf2c526d82f4f0e7ec6f6,0xe8dd7741ccb12350957ec71e9ee332e0d1e6ec86,0x4914bfdd892a48c341b5e0f41ec10475a815f2277273110b16f95e21084bfe75,BUY,15.035461,0.986999999534434,2026-03-18 23:32:51.000000,No
0x3c6212f1d19fc6137fc125013582c351a7791d4a72f7c42b7a971164bc90b8f3,0x5046653dcc9b61684695b013f4a9b44302c0a07e,0xb6228de1fbe093069b065392e3caba97df3149873c7bbb9c3bfe351915becdde,BUY,5.102,0.98,2026-04-29 20:37:54.000000,Up
0x7a584529d361c1623c21c51d7a43e699c64459d8b49df27806d340ad58a0fc72,0x3a847382ad6fff9be1db4e073fd9b869f6884d44,0x2d20007fac5117727079ce7170f6f88d435312492337a62ea4e489d374cc0f72,BUY,34.78176,0.53,2026-04-03 12:21:15.000000,Down
0x6c590c4bd09a148dc2847c6d9328d34dff9fdb715e702f528ee954859d52e3d1,0x27abdfc9393c72a6330a3be987da4b46c726e521,0xfd0fe121feb45b877741dd2e5a1eece0423e313ecba2f5c6fbc64edaca08fc34,BUY,2.61,0.999,2026-05-11 04:03:01.000000,No
0x260582622417c8c7dfc6bf9fb62360962f0bf9fda192dcc72fb741e420b3fcf6,0xf0c06c135ae0213f2df6f15e239852b0626cb68e,0x07c081e16cb5d914bb3e23f7d7b964696150fd212a023ca24f68bf28a32c7054,SELL,97.0,0.38,2026-04-17 17:34:12.000000,Mirra Andreeva
0x2f95d598b636b7c47ec398103f5881774d14e8f4186995724881d8a6b6442c58,0x9aff97e9d47d5f4167095c541508e5141ca1c8f1,0x24bf73374a40ed40aebca1a74adfafd8dc22306156e8395a69226303599fe374,BUY,5.0,0.42,2026-03-21 09:55:53.000000,Down
0xc10b465c48c9f584998bacd3209dd71dc70750f8375ba4a24222d504d8e2a70d,0x969e9e105f6be1e821f07dfe612ee70b2fac76be,0xb46e289efcd6d0605b94faaee8fa3ee8cde97bcd4f9a48c0e30788f6bfae01b0,BUY,1.9319629999999999,0.5099998316998873,2026-04-25 15:13:42.000000,No
0xef999e41860c1d630cc3b057461c72778188c9f6014b9dfbdcc7821e1ced7be8,0x1b354522f316d3d22860d906a125a558e968bfa7,0x3866ca78885e658de7de3510edbdea140b68f58a81fccdc1dac1531a9292cae3,SELL,206.03,0.999,2026-04-27 17:56:32.000000,Alexander Blockx
0x9f656e0929f47bdf7ef366e1529da9b9fb6056cb277b5e1d19500795238e85a4,0xd136ed5000ed91439fea3f4530c969ef81e1ef46,0xe3bc313a76d2333d70df44fbb2808ff2c5bbb582a63cd32989227b3937f6d242,BUY,18.0,0.88,2026-03-21 08:48:43.000000,Down
0x4c5f015778b1599532b1356702d6a698d41bc34bde091fcab7256fe54bbf86e5,0xc4a31b3a632f5f2b5c8e6f5d38dddaacc306e55e,0xa7f038b7c4f57af33fbba29947dbfb1b69bb68e1b106df65028a966586db1720,BUY,5.086204,0.57999993708471,2026-03-21 14:20:13.000000,Down
0x22c070678f8cb53f9529dd269e935655c207075febffe2c2acc80bdf95cf280c,0x2b5920274740ca61745eeb077587bf5bb4ff9db6,0xadaac4c30a1575964ab3b66b676629e337c65929e164b57056a5eecfa944480a,SELL,25.0,0.003,2026-04-28 20:10:58.000000,Yes
0x462d84a24899cd545151381148581cbe737811655a131dcbfa576efaf7de7901,0x1c4ee4e794c367b4c81d233e79769652b8a04150,0x6478500ba6d6847475b8e57ac0d92e93c3b6251d876050f03e993d14384a4b64,BUY,8.413792,0.28999991918031726,2026-03-29 23:41:36.000000,Up
0x87e80d6aeed644b141ab4501ff477446663339f3f5dfaf94df1d67a086cbc441,0x0bcfe1e9e8286684844d237f04309f3bd4a2796e,0x2f396e7e1a3efb9ec8c1d7d8391e5810474ebac574b2b252b1ecffde1cc1a7cd,BUY,10.0,0.48,2026-03-21 17:36:07.000000,Up
0xebdeee8a1d17f36e9ed1685d5a0dc47fa5c8ed7123374696c9c203388bfc7332,0x282b3e35f1df34cf455ae32439e3ac786d5df041,0x1eb8f626013f0d84a411aaea6d34f5d2056afdeaf307052ca41dc3e2db07d2c9,BUY,5.397725,0.88,2026-03-23 06:21:35.000000,Down
0x3b3377f01aae39739407603339d0842087dba008af2724f75244a0927ef8d5e1,0xf3531b23b504cf0aed4ff21325232b2a2d496685,0x4dcba292d392a47131763d0073b775373835d21b32c31ff155790f99cc8c97ab,BUY,28.83783,0.4619566666666667,2026-04-14 15:15:41.000000,Up
0x88aab69bd1252f54968b4ba009c13d5f0c2ad59c048f57d5dfd6cfec077bb137,0x9412cdfc1e3171e1aabb013d0f494986445d0cd0,0x8c03069a99d3fc366395744b91ebdce06013180fa5799e499cf3487120724703,BUY,48.632,0.62,2026-04-01 08:51:31.000000,Down
0x0bce0d6497c4cf3c8d6c58cc16f7cba0296e2c40a24d4b0c8d21c0ae3a3c7cb1,0x2f53d2fd014879c56a26a26725e4cc574df7acb1,0xb21be5cc7fdceadf8598546a0faf1f66040a6098769874722e8ae7fd4dd7bd05,BUY,3.642856,0.8399999890196044,2026-03-20 05:58:29.000000,Down
0xe714cbd75ea5b2b88b9f51fabae18db6d683245db72df981bc86d142ce9d6beb,0x629da223adfc9957329e02de95ae3d263f92756c,0xd9c78713e53813c97ccc1261f34c1d7684d7f9d011866570335f05bac074c4c7,BUY,2.9451,0.39,2026-04-15 03:12:24.000000,New York Mets
0xc37d4eec37ea94241e02afb6942f82844375ac18064723a27d3f932c46e9e3c1,0x12b473fff95eaba87220a6d8b95b7ffd3386b7a0,0x6cf6f8dc538660e1f73e0a94452d82b945215216afe67ca74a740c36962b1a88,BUY,5.09,0.88,2026-03-28 23:42:08.000000,Up
0xda20d4b07affec83d1a578687a0553a2b4010c0a69cc2b424e8d9ff47184a782,0x4d0117b5d094b919d5a76894024fc2ccb5d2677f,0xbee2cd40473495f713c69b9dfbce9fc2837fa4011568222c83c83bb773e35053,BUY,3.050846,0.5899999541110892,2026-05-07 01:58:06.000000,No
0xaaa15e2b0c10027c8b5b0f0ad1aa33032753672dc96dddf001f2ac92a050e756,0x86b013d11b19169bd14dc0d02e047a217c6b8b58,0xbb2a19ec6b4216c58b1dc226d6fed32a24cc6de062c846fc765602c717c77d19,BUY,5.09,0.99,2026-05-15 06:24:29.000000,Up
0xfe797d9fdbe8669d8ba5522d9db596781b1be4989b8d44734daf029bc6008ee0,0x7f1ebb91512fef24b79dc01fb1abff0e8d68d7fb,0xb494364cc2300296a153b1b31d5761b59e56b030e272c71fcb3c364d007d7c89,BUY,9.89426,0.07528301886792453,2026-04-08 04:06:13.000000,Down
0x5c38976682c78184c4b30cf960f82a5e7f8ee8aa7de6659fafcfe4e256077a7f,0xd83a6ef3ea8fb8089ec8848dc122122e4b1765f3,0x0897b65ae701806e1ff796adae486d0c28d57ed4123d1860749c6e2db55e702f,BUY,63.250195000000005,0.30027411274437715,2026-04-26 21:36:40.000000,Down
0x5fa6b44ccc09003fc455d386c5ec00560134a2e6e5ed35ac169746c9ea278531,0xd0459d96d20e60404f929034f11b9c37f2d0a1ff,0x08ae3b721608b309b6ad76198ca61248e5ab69a83b1c24111d86c03dd585c31a,BUY,7.23,0.42,2026-03-24 08:00:23.000000,Up
0x672aa3038021bee4d06eda76ada931fb3f829962cbe7532ef83402256d5eb23d,0x3a603f6b4354c091f4171c6c40995315df188717,0x2ee0b8e230b6929de4a08c014f2dfce72b937f3e07ee2ba9a09cc11cecf7f4ec,BUY,5.0,0.26,2026-05-14 09:30:42.000000,Up
0xfb9374ecb62df611bace68dfd24f53eb348b3451a732770ab21f1cb5d97332d1,0x13a12ebadc50f6fa42c8f2595997d8adf329d9bc,0x7f999d88b8093dff04addf91700d88529608e9c1b17645bdd325e948b09fcdb5,SELL,200.0,0.92,2026-03-25 00:30:41.000000,Senators
0x59a15e77664bf8e85f58296d45a61159bac266ac3bf2baecf8af744fe8bcdac7,0xdb69584d4254834792bf39fa8338fd48bb1395c1,0x6e0c279ec42526552c9f1651d04f7e243785d3cdb71e34ce35ba0a09f0687597,BUY,13.771275000000001,0.29999996445497207,2026-04-26 06:00:16.000000,BNK FearX Youth
0x4592610c5fbfed118e94fe77d52e5d9d42bd2d6b3fd1ba83cb4f46936ca72603,0xdf6e99ed4089980438f9543eb2744511584e35c7,0xcc099fb98ec5a842108ef3901a4eb68eea11cb69437f332547749978ebe7ea41,BUY,4.403506,0.5699999046214539,2026-05-06 21:45:03.000000,Down
0xd155c858b7593160ed188ac10da1a56d3a23e1a026c4dfec80f9b2306e07840c,0x7f9bf26bd23046cb346044c3e5a749aedf9e277d,0x027de8f72a65504086bb3f7588a10ea1a9fbe1a216e5737280104dda951a5b96,SELL,20.0,0.43,2026-05-09 17:55:10.000000,Down
0x34e3fa42e01625a5b8bb43141f43dc7c42343eb44fd93ca455db9edf9d322fd6,0x9079e3b10d8422844afd9cb7f36468a3c6a0b19b,0x727750eac80d1e1176eeeea736c5765afce6992060a79b46c829e6a515e3c268,BUY,99.94,0.98,2026-04-18 02:47:28.000000,Cincinnati Reds
0x4afda3d2e83ac53d4d058d434e94066660c4c6f5c6af233dd952dfdeb0e992e1,0x2b27e026138b1a75ca48071f0f80785625feaf4e,0xf908339ff27e117dd93e918a5112157a490026cd3ccb374416be82b7b18c0752,BUY,4.6832,0.12,2026-04-01 13:22:09.000000,Up
0x4c96ffb193c52450974ac01996c04a40bec73818a92ab9c60e69e86cba818f18,0xc8915d60915514ce1bb59bba708055e47a34a35e,0xb04756d079fb3285febb032f0bc76936363d74464c2e5e815e86a6af56897a44,BUY,18.0,0.8,2026-03-19 17:06:41.000000,Down
0xf48652726f9afe427fbb7455db5b121c6e9979978822e7740c6dc8c54c642290,0x668c0a0197c36a808b5012132d3d0ccc4f704930,0x3e963bd00268200eb9b53427784e7deb49baab5a1fba7c05e986cb18610bfa92,BUY,14.07,0.5439445628997868,2026-05-08 13:40:40.000000,Down
0x1b902de5aca593b5a899965027295bf3e3c4ca4b1e389b9a1c23833585efad20,0x66ce4a428ec9d4e8dba2e7883fbd6fe68cd5fca0,0xb740ce80109379eff6b906889bcc5e8e801c221a11a52dbad6e7f965a825bc78,SELL,116.9,0.988,2026-03-18 08:31:33.000000,No
0x25e4889f8317e291aa5ef50a0a26b2e42af13154fa056cff4b061e1a08591d41,0xcf2dc0e5a45450e60cb374cdc400893b967d1100,0x109468fb6a3d0199f357cc11f767735a41ed185d91ccf5ebb4777f7a6f3e8e6f,BUY,86.134173,0.5730545745211244,2026-04-04 14:06:27.000000,Trabzonspor
0xf9d0275dfea87fcfdd5c05a1b757b4339cb6a4d13cedcebb44967c6210f0ae10,0x645a91730f588c5586e8860936a7e3554303fd84,0x74b45c854e94c3e38d7f8b88f2d56f01dec3c2c4454da002612f99b67bb23143,BUY,1.724135,0.5799998259997042,2026-04-29 12:23:02.000000,No
0x8b773da3b88ede133860a82dfbb82186f3a4bedfb46289eeb978cccec00153f4,0xc2e010544c47ed9cc1b56afb78f3858114be129b,0xff87b43927fab3827cf08d583a40efa52b4abd46f5cd35f9adab6c6fe813fec8,BUY,18.1248,0.77,2026-04-01 23:26:51.000000,Up
0x344829cf25f175f885e618fd4a5be06b12e9e35d32af9619a8a257ad0df6bf57,0xe613a7cea79227da1d8f56c91913c338417cc5ec,0x76809a5cb88c2bb26dab36257357accb2c235075eaad5b2d4fd6a2ebfbd72abe,BUY,94.085713,0.3499999941542665,2026-05-07 13:05:40.000000,Up
0xf41968f87b77884e080013d746cc06e87aac9e2753502061c969025b3c59611a,0xee33cb57bbfc518707e2d0f0ccaaf03efec31822,0xc686833b62c535df670edde17fe321c6568b324b6d93551cefb78767def15c2c,SELL,8.13,0.4,2026-04-15 02:05:30.000000,Heat
0xa347bb41af3619c4bc96b1b18b2427c9b2abc9a7bef951650259229d9f1081d8,0xe0229e10a858860218b6132f4234602c47bd6603,0xf99480a41fba9f00306b2bd9fd91619259c3ba9a9135b5cbb0317af58647578d,BUY,20.0,0.1962,2026-04-28 16:04:52.000000,Down
0x5346607474592c69fdde37251a878ffeab4684a122903d6ef4531fc53b16810b,0xa806270a1a7a8b18a2409c927b1e08851ce72c7c,0xe4b01866c3db5265938169e16918d3dd7e5511b678617de2b598edbcab99b61f,BUY,22.58,0.17,2026-05-08 22:51:01.000000,Down
0xdd06b4bda20bfb21fc0ca4cf5b13a7472b87adf5033a223625c990a9d0bbfeca,0x153fd6dbce3bc766746d7e2ffb8e826014e7cb70,0x816cbc893823d218b5dc3b51102f89aeae815912e81d8e3a5dedfb215f46d8e6,BUY,1.16515,0.94,2026-04-15 05:53:36.000000,Up
0xb7d2c6f1c5ff2bbf14f6e2f54df1bda141476723d52336e2c91ef299f461d86a,0x78d8df801c35a594eadfbbb7e9c5a84a923a4a88,0x9827faee30b98a542a8fe8fbe68b41d8586d1ed80ea5a08139f50823634f91fa,SELL,1.01,0.002,2026-04-14 10:01:15.000000,Yes
0x2c3b82b4293c1603ef0fe49219d032909a8afc4d6bf5bfd0e78b919ef9cf89a1,0xda724dda4f6094e7931bbf1b87499e87b8464b52,0x0adccde475978fade7280629e1807bd09b77939bf0c17842c067bb4cc44a97ab,BUY,4.9856,0.96,2026-04-04 04:39:21.000000,Up
0xee887c4959ba0f95f0efd8c293c405dc489e6357a45220c839e710575a5281c7,0xd0459d96d20e60404f929034f11b9c37f2d0a1ff,0x81c06c3be28b26e2dad78a8c9309bfbdb249767218518dff324c83437c121cf7,BUY,70.0,0.03,2026-03-25 22:54:37.000000,Up
0xcf42d6b8b55f72c427f889ad7725639e7d69b615c73c01bcfc25d0e209120e81,0x411e700062b3d2d62eeaf2b475f85e68ec5c2e0d,0x488d53d5c51df89673f4da7eed03eab937b322ce1c12661f9a57aa211fc460b1,BUY,22.06223,0.9,2026-04-27 00:48:04.000000,Up
0x2290f8fafdf517eaae459b023acef84fd777c8b5fe0661dc225508edc3294aa7,0x7bb965ecb1f662dd97063b49fef43c670a0244cf,0xc46412ec9ceb3278b150f5fce4ece66c9c56e9350530690f43b6798f3dbef4fd,BUY,6.74,0.99,2026-03-23 07:22:49.000000,Down
0x45808f6b9ff436c56b3a45952702a843885f1b8e32ace14a2e805629cc6cfb13,0xffadbdf850e655231f7c5e4a20b971f96c7cbaee,0x773d32434653144823c2403d1655a9f565cf9a567458c1f218a6c0dbd5f8b3d5,BUY,4.7516,0.31,2026-04-17 20:41:26.000000,Up
0xeee90c9d7c332ec603b2a306df4b1c2acd32e0d5a9b2cc8745f3f5e3210f6173,0xf032810a8a67d7b43c416a1c4036153b2cd300c5,0x38975ec451f60adadcd30d3d967764726727fb50400e52d4c4973c8beab6f6b0,BUY,1.08695,0.92,2026-03-29 13:29:16.000000,Down
0xa9197786d939c6c0d3f68dfb83dc4fa4ac8aeca25d827812916f6080121488c2,0xd8fa2b263e2bc7e9017e9f3a1e492a978ffa3b36,0x88dca3a85587b38d9cb57c5532346860123785c3557b0304c1eeb9983700a183,BUY,2.249546,0.6599999295999606,2026-04-26 22:40:38.000000,No
0x7d85bb12fbe6e48884edd4b726a728db4fa2d3d1a36748431bf0558bbfbd8799,0x309a5ca0d22ab1afccbb2ac601616f2fea2de3cf,0x7bd0ef4d72b7a72e879dd515927aacc9c0027da8a6b11b03b0fa2c68cb2f289b,BUY,21.739129,0.22999996917999796,2026-04-28 13:58:24.000000,Down
0xbb560b5bcb974a443625d2081d6297b8b7f4765b6d315aea93946558f385ad32,0x0fb84dd76c6dcdf6c1ff65d5971cb61d77e43268,0xcf1221c1e52721707732b175024f8f4d3f65caf20c1d979be09c59de39c3cf49,BUY,1.891613,0.5099998316998873,2026-04-21 03:59:56.000000,Down
0xc8763a3693a02ca22af43f0ab59261fc2acbfc4b1a5b99b16af406d9d238aaed,0xdc747bcb034b589434e93b8a536157a7f1dc0ca9,0xff907b6472ba278827e8bb329f775c57c31b0a7e5d8c9edb038557c69695c1a7,BUY,1.17429,0.59,2026-04-21 02:54:56.000000,Down
0x7efb3c81bb10a82a193738468ba6e95931acb185135cb267939bdecca9e34931,0x93173b86dbe2f2dd9922c751806d306b48cf5a5f,0x0341e449498f554bfba80839b08ac314c683f36a67305caa92de525d6a0771d6,BUY,200.77454,0.01994467601364153,2026-04-01 23:30:35.000000,Yes
0xe253202ac93cf12f8f88ac2bd7193e9712c293cfd43993e792e7471c802a0623,0x645a91730f588c5586e8860936a7e3554303fd84,0x3981643c18b15adc9d1f5e1a81fbb3c8f67a7a0ebcb95fe129f17348e5bb2037,BUY,2.32558,0.4299998279998968,2026-04-27 23:06:06.000000,No
0xeefe8ac68bbb5ccb9c19b996dff2aad15dc1f4a81e4c8051484bb33b5b1f063d,0x3b35887577f54ab849643d94c07e15d90beadea5,0x74dba1ce1ae9dd535414e85f2d9ab5ea32c0fb1acc9b7130b67e6d91217e24e1,SELL,25.0,0.943,2026-04-26 02:55:50.000000,No
0x9dfc12ea34daa990e2ebce63c99b987adf96aef2448258efa31fc08eff5f622e,0x0bb40f914618ea58bbee3e6d494a8be8e651413b,0x233ce0c3969a5cd5079287f16fcd283be7c1db82263e08697f85dbe1b4d2113c,BUY,1.072,0.998,2026-03-21 08:50:29.000000,No
0x0555c133de0a75d7fefa466a8cd65292d05b1e3aae3bcb995b59dc85d55774be,0x07e87aec5c341c21f874003c7eaf84250b9aed9f,0x0dbfd76bc54d1bdf1c6c880853149e70d0f78907259942caef4d1da57bd521e1,BUY,20.0,0.17245,2026-05-12 18:31:33.000000,Down
0x4daa1f3519ac4e871dcc6c33ec73d075d60f92efc2f87267e335974db85d0c6e,0xdbb80e4364667c56ad5d7675b83759e5c0a9f7de,0xd3e5b3a1b5eef703c00b3e1be5b5df145c4895cfb9c848136892956d4788d48a,BUY,28.60529,0.06383472175941353,2026-04-10 05:21:11.000000,Yes
0xb704542a8e13443960dd8e3e17b33205bae0028b8f17f3e1056b5c48e9626d9b,0xab2d057d2212ee2f016c413e5fee7f1bf2fbb1aa,0x620f2c522eae638610cfa0e24189f09123a52d5914c3d3bdb3a04ee7813b7246,BUY,494.75,0.65,2026-04-19 01:27:40.000000,Lakers
0xcf91aca442750147c7c3a0f05b9e151d512b7bcd1fa359d4316239d3b112325a,0xae34f2006c8e88ab740047f02ff8cd42321eda88,0x99e8284465fb0a0976f3b5574ae046da8194a9edf26af092c8040354f56648e2,BUY,5.98272,0.96,2026-04-19 06:33:36.000000,Up
0x6872879c4401a7a06f10ddc03fc08a97b9c8ed983c7dcc93f97afc1d94234c65,0x99419bbebe97410501be45cf61e2c103740761e8,0x1bf8342d4fd6417043e4ca126e06343284eed417281f59ae937c655f41c444ae,SELL,10.0,0.41,2026-04-27 14:55:18.000000,Up
0x342b1ec72d3afb60e8a332434a753cf71de511609a7b2a9281ee3939e9868e00,0x0a272daf879bc7058e800025ac4d8268df9c51e6,0x48fbf70c1713e71a405052bc4641e26dbba435fa557672c4040763c901cbf606,SELL,17.13,0.31,2026-03-25 07:43:41.000000,Yes
0xf574b078d6b892b8c68b179e3b0f5d19983c01d5cfc6d486eabc5e34a2610b4d,0xbf576de9d345226184d42324583c59152e1df6e7,0x6ee6411f10cc730777cabd03991fa0b75e3ce391ab8596e0d4c0330dbf755986,BUY,8.66583,0.7,2026-04-01 07:39:47.000000,Up
0x035ab6088b03ce9444b0d765a961a4f9f246f6dc4624502bec104c20e42126ed,0xeb047a3e41562b1b08c213dbaf10cbcbdf88a000,0xe63851e675659cd92ac8c80437018fb4c6c45bd9a31dc21180f19856d280051f,BUY,2.2511140000000003,0.46999988036355805,2026-04-03 09:17:35.000000,Down
0xf36536f224e50b3025e9f7008c6657a580bc0462a849018e1375daa4a33d7dbc,0xab632a39f19faf02f9f155966b47f8e5003e1f9f,0xf887472a2ac013ef61840034321aa5b46de87ac093ee77ecafca477fdbaadd45,BUY,213.279666,0.9939999999812453,2026-04-18 18:11:54.000000,No
0xae3c6901ebfd96a59de653ee24e743a740b7d3b08fb2085ae5f96a0e7996f7fb,0x04283f2fef49d70d8c55ab240450d17a65bf85b1,0xfca6ee9a779b7c0005cae7d9765e32ed7fc5a77f50cc9e69218bf085787f366c,BUY,9.676,0.55,2026-04-15 13:22:02.000000,Down
0xa97f4e93a1dcc09d240646403067e440b38bb7552f6ab6632c9e1900a23b90f4,0xc4d72df79e5af4ca3e0a2faa2082262a2af8e736,0xd82e290278038064d836ea912e3989fb7bae996b73d5a5e6910e3c5ac01ae136,BUY,8.695651,0.22999991604998868,2026-05-06 13:36:14.000000,Yes
0x6e1bc0aa1fc41ea654a24a13f87d98af45537de270f1124b1cc917ab580713f9,0xcfb103c37c0234f524c632d964ed31f117b5f694,0xf7ead5579f162089eb3dbc5f96eaa453aede7ab24f0b581c3b044bf27e51e6aa,BUY,168.3,0.6434527629233512,2026-05-15 08:26:17.000000,Down
0x953c3117d74248651990e84d2422bc460118566b3713b3f90d7c3e6552d4eae6,0x4c66f4a02512936309c580e89c0704e629d796a4,0x2580e3a9db27c3ad9d24fb06ad296b152ca67fb3ea1da42d9e84811c80e27823,BUY,14.9892,0.99,2026-04-18 06:55:04.000000,Up
0x3a7380d0373c996661c90158ed7b7926c307c803d3677c3756ad7fbccc50df88,0x01b739b360d3c2f6cc8ec84cda900d48650e2eca,0x5637e87e6f60f15aedeff7bb8f334b03051bb39b0f97a06bcfbda5691cc8d261,BUY,50.0,0.41,2026-03-26 11:52:37.000000,Up
0xfea01c69c54ca3c068c064dc5f9e32f5281d125488cf1854aee36f85a7af7fc8,0x1de29c7bd507ac0d8f21a25fb39506f03d551038,0x741a52f29af90a4f4e8ffe56337f55e62bef4660bc1299a4ec55a27157dcb0b8,SELL,18.55,0.5232398921832884,2026-04-03 15:26:25.000000,Up
0x4f84cb4693c72e11564f56b25e1b17110fac7e56e0c42d3d21ccd57f59e3c478,0x68146921df11eab44296dc4e58025ca84741a9e7,0x88d573d2ba5e43e1320cf0eb733452feb4cb4a1d4780dcb05ac6ee6830c2e4c3,BUY,12.0,0.997,2026-04-08 02:42:27.000000,No
0xdbf7403c9fc7b1dbc85a5d88d97b23a617d47e1629ce88a03dcdbd0ea35c00ba,0x622ee6389f4aacf4cf1bdafe0370017a04f3b308,0xfdd750eb233a906cd5942e18981b8d2803d5b60100cd53634503a7f8ce084ca6,BUY,5.55,0.53,2026-03-29 14:30:08.000000,Up
0x34893d61811e08b8fa3cebd5c2e7a268d81f4321791250e355a5fc97844963fb,0xa588ed9269c7f4c8cb2ffe5d8c55ba8a64516b0e,0x7fd9411e38f45abd9abe9925ead1f1329adae8dd25893ce7c52fe540744aa7da,BUY,6.82864,0.66,2026-04-25 18:24:24.000000,Up
0x25dcbe93f89b5bf89e355435115a510c0ca23c75bc511bfd58d28b02b3842a91,0x868b0075bfe285eb96095ccc241b7a2d2ad2f600,0x35c346d4596c9e7c6f86e386277c2b445235ff620c893de4b71c8b6e69643516,BUY,5.263155,0.5699999334999635,2026-04-29 02:45:10.000000,Up
0xdcc9ed25b933b58ad88c17d1f4e31a0a341cefb434e443108bb51a2aee62bd50,0xa67b51e2164aaacd98d1323d58c165605444c0b4,0x631d3f5efb567ae3247ea8fe61e0143d8c4bcdd813c0a44e645bbe5fca3d823c,SELL,2.08,0.53,2026-04-10 22:46:37.000000,Down
0x3719d7d164394f8b38aa1a7b72ca8f49589765847e90669befef8a04630abc0f,0x822a248fa7a5be859b5af4def8b7e2ae34fee9b7,0x2ecf436a863e68fd22a2f4f410d6cbde1d8c3a0e719e2c704f9f37779b4e2d5c,SELL,46.87,0.999,2026-03-28 20:37:12.000000,Iceland
0x453f6d47491db6519bd009b85f5a2f2388d9d8cc033011f2e2f2b3809e0d46d3,0x8e86476471e1c84602a8ae5eb555544b30bd6b7b,0x68e3c4e0dd8f82d010060032006fd157401b0bd8e04bd2953ae293e31eb99bf6,SELL,146.94,0.012,2026-03-18 00:58:59.000000,Yes
0x69b5c0c438435f2ea48ce8350656ccfbf09d096c871a2ae90129a3b9859ed197,0x4418147977d5c7eea961abf4e05b563267b8dc78,0x6fc87424328a66bc790ec456f7b756bf9619562c0cccf9078db507f587e38266,BUY,5.015431,0.44999991382976706,2026-04-04 11:01:03.000000,Up
0x0b7ea8e153f3a70b26ffe3b1869bd975883d1ba8613d64b094ea34bc0d477a24,0x7085946771239d7365d75276e564db8d30064c1c,0x33d2a6658f7d3f978865d234d051e6dda8128bdcc3c6a1d7a9f1ed6b95b788bd,BUY,19.158729,0.6299999859072071,2026-03-18 10:44:21.000000,Up
0x8e8a799c87dfa5a4f015d434c63d7ef4c137d5f1bda0bb0b173adf6c44b44a40,0xe8c6c9d86734255cb17a4095510a27c5da8d737a,0x04c64749c64db8d88d768e40030a205d310e9ff246be1d5e4117b5d23c73ec0c,BUY,12.0,0.2,2026-03-29 18:32:50.000000,Tennessee Volunteers
0x288692edc971ae003d948fb11b5563c51dad1ea853735592734f627f3afe82a1,0x48ff5bac3fede52a7f20232feca0447e5ff013ea,0xdc6f95f94d2db24a1904537cb8cf83e0b25fa47bac926112891eef0df8fd06f2,SELL,4.0,0.211,2026-04-10 06:31:33.000000,Yes
0x1876a1fd832a56ea575c429b265b3df6dfecfc7f3a3b1d201abba26cb57e1c34,0x621eb83e45d29ea9e09c16c40d8a2ada94ef53f1,0x0e5176e22262ca5707c9ab1f9bccee9e8ef44efd3cf102553b944bbc40714566,SELL,40.28,0.99,2026-04-04 12:05:09.000000,Up
0xe04dba8ec6657e15e16c275c297531519fdc9c5cb61950c4f1f350f43b7af9a7,0x2b407c1091b0e0de5fa5e6d96a2edda2cee3ced4,0x2459679fcf2c09b9f8f707b5e41ce3f8711c76b8b27d4da886c5ed39cfcd3d2c,BUY,5.884259999999999,0.42,2026-04-17 06:45:02.000000,Yes
0xdcbf710b9da8f457d5bbff848b061a134376f95bc1f8bdf5d605b3379b1bcdad,0x0f76e9a901b9b18b0ac0561556079aa4f0a6dcc9,0xbf6c8d6e6a81d4a0f8099c69f5d291aae32d69b46acb58eec691de53579f26a7,BUY,2.003928,0.5089998243449865,2026-05-09 03:08:26.000000,Atlanta Braves
0xe128f0713121ccf3f4e9b01aeccb88734b193022b8874c4364681effdb1a5a0b,0xe3726a1b9c6ba2f06585d1c9e01d00afaedaeb38,0x5e727ec21989b0423e21c58986744955305f43013b5294f151f9971214b59d1b,SELL,25.98,0.005,2026-03-20 09:14:43.000000,Yes
0x9529d64c2063e3253a075a2c83bcb00ecfa48c37887639a61a1046d46d1f98d5,0xb2894aad2c22f1558034e70b35a2ae6d234452fe,0xdae71fd96f73a6740e8871b76d8161a00560b6595842774955abf54d6f149d8e,SELL,2.34,0.93,2026-05-12 18:33:25.000000,Up
0x1a86d5298532054d0dc2a671399e52030c9bd58772ec5a7509bea0e1c0c8861d,0x6f8a24b2b852e2b2ac7e9885010368e197655391,0x37c139252590ae8651005670811f54a6f390af68ead9f155319217235989d197,SELL,34.51,0.999,2026-04-17 23:45:26.000000,Team Envy
0x4098491c2c8da2f5d69fdca10e87ad212f101596a980ccd9bb7025ec7ca46221,0x04f1eabdb7ac986484074dd897a47920e5a78438,0x13de6b9a9052960884ce7e836b36bbc712c6d3ef10d22c4bdebd3eb677891542,BUY,22.962961,0.2699999795322563,2026-05-12 03:45:35.000000,Up
0xad4afbff69e297d261aa02c91dd98908b8ba2a6d147dee2df33b7c2fb4585305,0x53c66b563f80f71a0cd1369cbb3e05e2b92d8c21,0x3b52c7a9b2180345529e574e1c431ea6a00d100e0c664577fa5ff4be14250a13,SELL,2.1,0.42,2026-03-24 05:52:25.000000,Down
0x3336131283ef327acc8ad14dd38111996a22e37e8c18d3ae025cb2891657c16c,0x30dbdaa5cf6714d506b4c140b1368f4d5d5f44e1,0xdf94345b54124b3264a40cccf8532945774a557b14a9caaa5de359cee166fa10,BUY,60.270104999999994,0.6099999991801075,2026-04-03 09:15:57.000000,New York Yankees
0xe2e588b15c1493ca6f44758e3b6cb63d24945a4fbbe939eadf5d4b9f3259945d,0xd1a63a243042d864520512fbdbd2fd20e0ab1507,0xb01e70a56199a6d5467f47a2b94e75e7c7218c128c8d0b8beb6dafed2f0d15c2,BUY,33.45,0.998,2026-05-15 04:16:30.000000,No
0x94dc1320803d3bc6888f6fd34e9ab027eca5a597ebaf4801805d76d16b748caa,0x6d1d304b6f43c339cfe3efe37d9f9b9e5153953b,0x5dcfb47bd898e8c2f7b5c98f9bb9ea220a9a99fd19353fbd30259eb5c2d40210,SELL,10.0,0.001,2026-04-09 05:09:49.000000,Yes
0x80b2d3f02f92666f1fcce0349b10aa2c7ae37ea20be70abfe01666e6d7497e23,0x9bf956f919ea71f304f6e37dd8edddc574d751e0,0x9485c5ab9ebe2fe5eaeb1917d7704c26e3c8a94ce7a0c19154650f9a6698f1fe,BUY,23.56,0.2,2026-04-02 11:34:45.000000,Up
0xd171c41e51d1edeb8944458f37f23f170a1f1b1af5a896b4fda3129899526865,0xc9b569336ff753e8770aa39483c4c75232f4b044,0xa67c3517c7de5e84e462b52ef998b5e0ca66a2f77a9d768dd7b3840a4893f9bd,SELL,8.42,0.56,2026-04-02 00:32:05.000000,Up
0x74a6ec1ded8de330be7e994980d9c6db78c796883999478e2edc42b0f1b2342c,0xd4f4b1356265571c3336b2d80d87cc38b9de8251,0xc5ad97b2df7ae649cd6e56ad633eb17c9555a8980e84ee45df0ac3e8c701c57a,BUY,49.0,0.49,2026-03-20 01:19:21.000000,Down
0x5e492023175efe68c1636f1373d5724391ad0749340e7569b322d3288b20b305,0x84b9b4adbe48a19fb3b13dd3b52af19606937f7f,0xcf292734a2473c2e92758af79601067f5da61c2f2a7f102fcf5fcb0dc12c9ef1,BUY,19.993,0.993,2026-04-08 16:09:59.000000,No
0x96fa430997774d9bf2e2e06392ee5ea0bdcaf07447675d0de316fb4de4e3526a,0x04fa972794e982109efb383829c9e9e60e4270ee,0x6c00560b71b2422777841984d9b7541ebf4fba7996ff8fe9d2326020cae75182,BUY,1.369862,0.7299998101998596,2026-05-10 00:35:39.000000,Up
0xb9dd707001e1e43db06bf6825388be3f0813835a9cf4ea33dc766e376237c13e,0x2dc8cfeb44ec8edb97113d4ff400f5ae3c8647d0,0xbd4c47f29092f81f777211bb56e17a6658e80992fb87db766f679160be3241c3,BUY,2.0,0.76,2026-03-25 05:17:21.000000,Nuggets
0xa3e71226d4b2fde974331e312cf73febae4dffbd6546aa0ab3bfbcc516cc0722,0x2e3c40fa47b27c676ddd573064162f57d51508ba,0x92e0ac136441c5db8ff0a36b1313683f358e18bf431e17499feb0f2218c9d602,BUY,166.5,0.36735735735735736,2026-04-28 21:15:58.000000,Yawara Esports
0xbe919b4b63e6f51c5f7d10c92d81475c1521743ff693ea0cd011add9c19e4547,0x3d33868b9c467619eed9cd2094d9dbea4e5fc72e,0x7b909bce85417a8444fd0032010488094779c88c860dfbfd009cb27a0f43a826,BUY,3.08484,0.96,2026-04-16 10:48:10.000000,Down
0x9992c1493caf43167b1552c7d67483b050f42f09f96c13ad1fcbee4943613382,0x0367f4ddbb90c2e414e6030572d6973f029369f5,0xafac21d7d4790b77bdff9a230925f0cbcba277e130eac1413cf4c016ef4b29b7,BUY,5.0,0.2,2026-05-11 20:26:50.000000,Up
0x5ea0f1a7be0f3d5f5e8e393c3a6c58d73c9d3081d631ec57233c87ab3b16d341,0x64c768851b3e6f58bafd1332b5a1ef1d8cb0985f,0x356bfdf4e49dec7688428204b3e183144eabb781e98ce5fe8b0cb236504109db,SELL,1.3,0.76,2026-04-28 00:11:12.000000,Up
0x24878a56b111f4aab55ae80f5ccb970b2785b24f9cf3a99a52b8f12c253078c4,0x84ad9c5c547a82ec9a08547b94bd922446e5bfb7,0x2109a6e5ebb9773c001955def6360373acc0a4eeb7418fa790ddb327b90a1bb0,BUY,14.8695,0.71,2026-04-27 13:52:58.000000,Zsombor Piros
0x06ba8cfc28472c7f88301b9babb8a40e7b603d239e89d0a266105e094aaa9e77,0x0bb58552f9fc73c49ba4c8bb3a77af3c531e836e,0x0a8c5dff960f17b43add42eedffb85aaec078914291d1211aa03a7ce8e39d5ed,BUY,48.56,0.6,2026-04-03 17:25:29.000000,Down
0xd25f380ced6d65035f4af33297125f42261273cb0134c86c01d9f6ef92b03201,0x9412cdfc1e3171e1aabb013d0f494986445d0cd0,0xc75dadab4beb981bb06c5603733d5006b1681bba40dd9aeb7e239b538a862a30,SELL,175.0,0.19,2026-05-06 03:29:34.000000,Up
0x0b7ad8ea3ca6540cab20d1d9b4a8e45bd77ea9f3d3dce1085245ce5f0092baa7,0x3636026376b7536bd407bd9adcc5b1f7c9471a40,0xc7f4bd500c758b7c02087c5268379eeae8d2cbfca133623a1e5f5dc7df86dc64,SELL,5.86,0.29,2026-03-26 02:27:39.000000,Down
0x574d548b09bfe0a98556b94b51ac9df9d30133a69ec329070d6d7e21b8cf8294,0x3626e122327756e3d566faff6d8db6bcec430c32,0x645db394b4dd2310f04694dc1882b47e5d67b05adc0ba062fc325918c409a333,BUY,1506.09237,0.9804070361087905,2026-04-26 01:40:06.000000,Up
0xcea473598d30e9573b838b4274dc133f06e58184419d5a6435216556230e3f86,0xdcaa2cf1ee2132a9f53ef3b95eb69ab60f88eeeb,0x60d9aca5d33bcd1b068eb111f28e7538235197b6d4067f90f5ecebd7735ed566,BUY,7.97955,0.9644875,2026-04-17 18:40:02.000000,Up
0xfccbb2695ae27835e09a06121b3491adb377a47cb1fcb71352f49165b99dab66,0x23d18416645924e097c453e8ceadd4bfeb6a353f,0x8a44c8671caed6241e6f9edc34a2ea9bbe5aa9b9d0e35d023ba4468e2db8ceb1,SELL,1.41,0.12,2026-04-10 17:41:13.000000,Yes
0xf0566ee86695cbec220a73c0ff564da05793c6d37d777f1da466d190aca03e1c,0xff2858ad3869baeeb5ad9e3f7d6a843251f10d6d,0xddcbf98a5119b51536dc2cd483f77a350a9f4deb3b737371cad63dbf504134d8,BUY,5.0,0.87,2026-03-19 20:19:45.000000,Up
0xdf8c10a41ad9e5671d3cb2a36c727210a2a8a37ce7595fab90df8130629c9104,0x21d5f7c35955914f827bce7f882405bc8f8e0bb7,0xc45126cf65b7746ad8579f8e99f510949eadd80d1f2e48bf35ebcfeddc980804,BUY,1.1265479999999999,0.8799999647998255,2026-04-03 12:19:33.000000,Down
0x06dc2c336c2e900f2077e7ab0e6154981ec150e36b478eaa6c30c51fc96036b5,0xa596dea4b139e456078b3e51f17add34a2015870,0x8ecd1d15e521b7d1020ad5596cc981c8764e9dcfbc3648f582e1a5138aee7185,BUY,1.076333,0.993999998141839,2026-03-25 15:26:19.000000,No
0x5fb16b15681b47bd60da156a628e013a5cabf7b4def561c75cf06cad53992013,0x72e2bc5836d4d272a77f538118db26226312750e,0x4a1a3591ad7c9c2dfdbfe2a30007f1e13644664674cc0f8daa33801f256acfd0,BUY,19.847543,0.6999999950704222,2026-04-17 10:59:04.000000,Up
0x78780557d65bc221e0da843569ce807adc6daf622f2a2a8bba18eff5ee1c9595,0x3103e4765afe05be0119f5ec76240a2f0ec2ceb9,0xe7d9d577cbc095c6ff68f3c9ce12a976e11d0cd811b044d36cbdf24c06b755c3,BUY,3.159035,0.3099998294999233,2026-04-19 00:23:22.000000,Kings
0xb170b1d1e222fb00b2695776484a9ad06702d75304462a475d59474b100807f4,0x7cd2f2e87395e8be53a7a006caf09baad9603079,0xa1998a7657589d447d7c73bfbc47285db2f8b422507391116392af286f4f3c0e,BUY,21.8844,0.62,2026-04-08 14:17:33.000000,Up
0xc54a70729883b4617e586961a8ec8887e93b1ac7b157793c274d17496e4e8356,0xc8229b0b5f5bd826b746d0bfc9ee382a5d1d09ce,0xd689b578102839568b706ed4af9d07a69517dfce9337fa327e12a938ff72c9ba,BUY,4.99955,0.997,2026-04-10 05:24:41.000000,No
0xf23e7e68119f021f378ee3998b92c76883c8c815a10d31a550366cc3005a947c,0x7a5d94f83ff0195387eaf9f4463433d03eda54db,0x88142152c5269f9a907cb5d22cee8cc38687c4a7fa4b6bff3befa7bf3043d7b7,BUY,9.82,0.4,2026-04-20 20:40:30.000000,Andrew Fenty
0xacfabaafdfbeb13678f71541c95681ec22997a5545b0ad015a208de5327f5d88,0x9515d28693ddd70ee4bf85be79236bf2fe105d63,0x64ca5cfcabbb1063a9a5e38060991f98798895bec33164e802b40cd0073613a9,BUY,5.0,0.55,2026-03-25 21:57:01.000000,Up
0x891dc3562e5fa911861ff2f659d7f9eef21d02c7964352190e8ed64c69b005cf,0x01c78f8873c0c86d6b6b92ff627e3802237ee995,0x11cc2df404def0e8590793a5cf1ccad3a161452e7542a342e8d9b98f51c83d70,BUY,69.26406,0.08,2026-04-22 20:45:26.000000,Yes
0xf81bdd9bf12881696755ae26f477fd0c7c4378f4d87bb0b3b5196e23204ab292,0x8a114323436ca2e468b41bdd4cc732bb77b14005,0xfa96681ff540b07aa873e4c89f3042cdef7a4f29072414627c7e1bf322cf4524,BUY,8.796368000000001,0.5499999559999947,2026-04-17 03:10:14.000000,Up
0x89df8d1ba937ef6a2e22d26add6c5c4473dbadb839c080116c640e773de7e785,0x1a5c09d9a082aaf2a543b1fc7bce36c41dd8a375,0x098871a516e0896074075d87ee0db9ab251b1f80b18a9557b33567aff0141a92,BUY,3747.0370399999997,0.8392032295761181,2026-04-20 23:41:22.000000,PARIVISION
0xc8a652f779ac820d4878a7f5732e8188d46f1a96b21c4dce30ae887ff27dad86,0x3aad180774aa4d3fc7969c42f586575e3da8226d,0xd980d740cc74b51ff966b67b5e68ef994f267e5a674714d5e15aa8f9a07ef38a,BUY,25.90123,0.42,2026-04-27 20:08:02.000000,Down
0x6d8282b1e3c91f8d3d5d7acf5ea8707bb21e2c46c2dfc91225d39224c5bf88a5,0xfa3813046e0105cb62c4577915f7f4a32bedee8c,0x2c3d236be3f096da263e01776507293adb7374339df0a964dca27192699af6d9,BUY,903.9975,0.998,2026-03-21 16:34:35.000000,No
0xc0e3d53be8c6d089f0ff3bc27b155df0f51e7b3f436707361ef9561c73efca63,0x8ef6a1cc3fb81a0e2c3eb405a09ce497a23563ee,0x65e07532cf46aaaa92387cc3e8c46fd01655f4d79f1e009d1828d8bdfb18425e,BUY,10.0,0.38,2026-05-15 08:21:40.000000,Up
0xdb4b314bce02e1db2b504fc72dc20de5e21c66ac9080c7877add5ae15bfaec4c,0x36a555375a2e0b95c4d60ace737ab27e0e441bd8,0x7207ca8ee3dd92e720c377a76662f03f99ca4501df6aaa4f9512dc671a054dda,SELL,0.04,0.87,2026-04-27 08:19:40.000000,Nongshim Esports Academy
0x557560c494a7baccb469882ad7cb814a63b8d8538e0b068df64ff7a598de9ff5,0x372a3e4764ddeda1595342d845f772cf95fb4592,0x976bd2d007813171af615496e087b482819e28781ff2835ff9df6a3d31005195,BUY,1.01894,0.98,2026-04-15 16:27:12.000000,Up
0xebbbdeccb999f9bb73aa98f6d14893d36dd481fba94d1ebc0a1f779d55d43c9b,0xb5e1f52338c73d612de55ab001e3744e4de7a3b1,0x391728af58a1f50b47fe105995381ad84d3dc402d9fc14cde641c88871642b52,BUY,4.95,0.6,2026-03-28 20:39:04.000000,Up
0x23423d144097ee8b013d4d6ff179785a54d3c77708f1d1a5f9e061227fec3d72,0xe68395eadec36628c233b201e9dc2a2963888266,0xd51d0316b919d2117a9faca15b03946681d4e61bbe57721b2e6e4060a0310073,BUY,22.222221,0.4499999797499989,2026-05-08 00:42:13.000000,Up
0x533b2cbb3f7e929e11b340f156a152b1630309dfb58cbe65cb98991668e3b268,0x1030778aae73a208752b3d52d39009c51b45dd7a,0x9117b9433d866c3a6f25d202668452bd5836ab66c54d751e788a055f33980c3e,BUY,44.106095,0.6599999932675958,2026-04-01 16:25:41.000000,Frederico Ferreira Silva
0xfef2326a500ddd3bbf01a5afb29b5ec3e8a9861bd83fe667e0462a76375d3286,0x993f3111c9fed53caec6d904ad7533aea43c59b3,0x781d7612b664cdbda322925fd89e1fe8f4897ccb81b1fa604765be9bd730be2d,BUY,5.760868,0.4599999513962132,2026-03-20 15:40:55.000000,Up
0x0bde835e21682ad4892a01e9b5eb2510362ec4bcb61b2dc8666908cef28cad79,0xf613d20d8ede6f4705a1288e6d2f668b1c78b2d4,0x720dd66fcaea2e0a23dccbf4117346d9d632c7b73f8a5432384a1c7f3f4c07db,SELL,12.16,0.29,2026-04-29 22:37:54.000000,Down
0x6b36bba86bfb0d1e1133237f67977ca91a82f4ddbdc4392579ae0db8bb4653b3,0x7bb965ecb1f662dd97063b49fef43c670a0244cf,0xb91d1df5dd48d561322e8c4798e7e85395cd7fabe5abcf406fafe93df4b14e54,BUY,10.59,0.63,2026-03-25 02:48:15.000000,Up
0x278582fcd0cdd7215bf0f781d207164575b271823ebfd391d26ee7d3eadc1221,0x9438aa75d82be68168f31582b773887c1cb4fc9b,0xe902de5b46234e17dc131200c9416c83a0d45ed12f9fd563703b1c1e65ceefb0,BUY,14.169281,0.6899999868899976,2026-04-18 00:45:48.000000,Down
0x7a26052de94e302c3f1fb074fd03f15fd9b8a77674861a05c46c79650ddd09a7,0x09c3cc358c072cfd57166f2aedd18a0e91a8df76,0x04c8124a4f6622a9e7781aaac734100fc95fa99d5a92bc0d731cc832af172a26,BUY,41.148147,0.5399999907650762,2026-04-29 17:30:14.000000,Down
0x951468f46e6d974983a3fa5539611a23c1a139dd1a0a48180057b393b28a8857,0x0c84d454825e9f42619497f6158b4753cd43a8ed,0xded075ab6f9aa9ad093625cf58fdc1dd1e901de5f39203dac455ceb30518055a,BUY,444.444443,0.4499999992125,2026-05-15 08:22:26.000000,No
0x892fc814dcb033fa229a1a307832c515da1ebd7fd15aae2b699dfefc14c9ba89,0x63d3fd1fb8f97d01596969e0316022a6126c752f,0xd1defc9ae2579d9ac3fffd5a09f3af1865f968eb1f54db80111b9b5aa0690795,BUY,5.0926599999999995,0.98,2026-04-16 04:08:30.000000,Up
0x2caeacc4a46a0189488c390b1bf32cd8f63c546eb810e9919e95074d22e2339c,0x7f2d07a2247cf609fa41a7f2bc4229418878fbf5,0x585fe915a439086bbbaa89f90345ff58f78670502aa58b719c8356604652f2e2,SELL,141.5,0.702695406360424,2026-03-20 00:44:47.000000,Canadiens
0xc925cd31a872457e7f6db1e89c8adf662362fca1528d965371312069773f5da4,0x47b34083c774bd2736d123b894bfb71e46358964,0xbe23041b052bd89bbb2f8821e1ec46555ec80a6067abc6bdfa169ccd055820f6,BUY,2.042283,0.5199999243635786,2026-04-18 20:17:28.000000,Up
0xf398ba0c4aa59bf055259e1b4f1798fa22aac0347280f1db1454711338047b56,0x8d70233aea209b6b43781b3bba30ac5594dc2f98,0x84beef5018fd995550475744d14d977b3d25af8fe0ad2a7a80325e4a2ff2e583,BUY,1.98704,0.91,2026-04-16 09:48:54.000000,Down
0x9c8141566d0c9f4f83bba8e86f0c2a42e3579e16dc5846e1f8d15a06e0cb6c5e,0xaf8a4d03cf53d218db46ca6f99b3d612a6273b49,0x9fe2b7d01d5db4a6710c1e9edc5471742064a0afd122ed68ba5d66a57142be1d,BUY,2.86608,0.38,2026-04-16 02:04:48.000000,Down
0x0fcdb1a829a817776e2d447bee497be4171973220eefe2ce81649f2c3c9345a1,0x01d77175819dfd1fbeac72e6dfc891d34d1b5fd2,0x51a2555b5054225c04040fba6c377819ef8a448a8981d230def6b381009cfa44,SELL,212.89,0.999,2026-04-27 14:51:46.000000,Daniil Medvedev
0x20872ff88e05d67c1268e74154e4e0e28ae3211c6a8590a8f4f16313e2aa5bbb,0x68c705d004636b023f584c7aef7f494a8579ed61,0x994573b0f01f85798b67e1884ed251fda66f63792cdc8828849d67ad1ee81924,SELL,1.58,0.013,2026-03-25 14:26:59.000000,Yes
0x0c77620bf8a827af2f08d0e9543a8227a3f0f77dec66931e3f6ff884b7fe7cd0,0xf4dbb1b4b20484b7be3294ad25c925d82f478341,0x5f184b6b3cf282e938fb47077077986c5d18e017fe60e641c75d92f5b2f8eab7,BUY,3.703702,0.53999997839999,2026-03-20 20:01:31.000000,Down
0x6df9bb8d3bd72bb9623d632ca0b83ec0788dc91c33c0b59561d46f93afabf543,0xd212624d423e1c351783fe71bb4250850d34feaf,0x0565222b9ce92ab1b0e96aba8fb2b5434cc6b24dcfb0c8f2eca2de041907a2d0,BUY,15.0,0.3,2026-03-24 10:37:01.000000,Down
0x7adc9e16e661d722c0eb34fecc705de03fc10466867f4715a7f89436f65f6392,0x476639d9845d7a0261cb005dae6473f089ff5a03,0x59d5514d227c027bee01e7c9f6e0a914dd73c5997966af28ec5acf6c9750f185,BUY,56.3712,0.16,2026-04-08 19:11:47.000000,Down
0xb07d405aa175ec01ffe81333d1f3a52c8a818748e85d088a76de31dab405c816,0x4e30b65b252f2bc4afaaa4caa968de850370da8b,0xf76bd0b3d8326ba4dbe9a56236bf083ac6097c6e1c940739e056625229de0b22,BUY,92.362361,0.9989999930815974,2026-03-30 23:34:47.000000,No
0x5fc09f25fa238d482e27d8cdc70886dfa748d0bf1573a7168738786537b962cc,0x3efedd954c724bd4c2844738a1597be2b2dd2ed8,0x4aaa3f23b55fd6fd3299cc82f85810bdee536386a33bd9085d0b771d0e7993c6,BUY,76.19,0.976261976637354,2026-03-29 19:41:50.000000,The Last Resort
0x2995932bf246a41193a83308aef2582159e7d7b1dc17e69737e2a6c77ebe7b1e,0x548254ca3e01e6c33498be4ed54ae03cd45023cd,0x4428291bb0c8ee14805b335a4da84cb89282b5134dc5a6b33b68fff762523b34,BUY,39.740739,0.5399999984902143,2026-05-07 02:26:46.000000,Down
0xde3d3651b8c67275bef0d26a30dad820f117c134fc65d490ebf03907b223c0ef,0x8fe1a4beb9c38a04cb237b513cbc2d0f90da83ac,0xb3907e7e310adfd847a475e4b47ee522ab328d28276a97faeef02ae70e593b3f,BUY,201.601706,0.40674258480729325,2026-03-29 06:22:06.000000,Up
0xd3885167730ba8d37835a3b81c75a995f5bf381f31abe9ea87f5e5d0a8727ea4,0xdb04dc5c20ca476b871f783329524cdcfc4df9dd,0x28043aefe2f71429fb2c7f280605e63e8839b8f4b215437b00d3d729684cfbf7,SELL,7.71,0.54,2026-04-21 05:05:40.000000,Up
0x7ded2d4c2e63033585e22496222349934e55f03fb9406389d971fdc85ea18dfa,0x4febcd66dba90e0516ff3976ef558affefd0ffd7,0x611ac8b703b5291cb8798560e6db1edf9c5eb3038b138d1885d4f708380d4b52,SELL,166.33,0.997,2026-04-03 21:30:09.000000,No
0x900b57dfd8b6beef0c3c0e0993b6af2f4eee5c8d087fd729995b80eafc947b14,0xb02188c268290bb758d6c261bdf4e552c6e1ebd9,0x5f9ee9d8d051d9ee5708915219410371cfe477b09567b1585a5083270e969f2d,BUY,15.0,0.46,2026-04-28 18:05:14.000000,Up
0x84c5e9a004ca962cf6ee05b0816bd7ef54d0419ba62f4e4f390d753a13eb7f94,0x37c94ea1b44e01b18a1ce3ab6f8002bd6b9d7e6d,0x0d2c7bcbb37785b6329bb626beb7f72b419a2b5b8b77024233f40f945a5216f4,SELL,36.32,0.26,2026-03-19 06:54:31.000000,Up
0xa40000f075196567aabff3c6be956a7d86f637d10e4f3996d976279bd587b4ed,0xfb0f17657c9c24293b918adb86362a4d8fc90b02,0x428a6263e8a163721d42311beaa2cedab2f4bc0c62440c1225238ed5070e54de,BUY,9.0,0.21,2026-05-08 18:43:27.000000,Up
0x5bc69d19e476ad46af2055522184e816d02a328c36078adfbc8c6e43bf262ff4,0x941e9756c3588cdc806d9e1005528a5cdcfa1fbf,0x95745ae0cf5bb010b980dc3055b6d79d84348eb9ffd51c69179dc42637111058,SELL,6.68,0.1799550898203593,2026-04-16 12:55:08.000000,Up
0xdc87ee487a5764a8b8676cd899668e1ea38b575472ab293c5c432e615cc242f5,0x3b6da962d904f47428c0fac8494a10f57c27769c,0x0d61554c6e4b95a4123e254e83f65534ec7e2b3b381ce0b5e79e966495ef5e3a,BUY,1.26175,0.78,2026-04-17 12:30:46.000000,Up
0x44a291de343a42d48583696ebae6be028a69741a23344d2a0186c0a645f3f68d,0x6e44486e10ea9bc07cc3efe3093a117bdc9d727f,0xc523636c6fad567a131db5ddaf84163da0b79ce8f545b94bc18a5905d657cc5c,BUY,30.303,0.99,2026-03-23 06:25:05.000000,Down
0xcaf4753569441989ddcddc728aedfdc1a05f9e511fda49508aada5b9327569b4,0x5eac60e367a9f8e1323739ff24d2e6be85e2db04,0xede3ef79b675262b8c3901973a8d2d3c20a3c932fb02a11d57e95e1133c7ac86,BUY,16.914165,0.1130000002825,2026-04-18 06:55:06.000000,Yes
0xe1a441bce4d5631dd3b4d77035d55f94cf112ad5f855953680bdbafe92fed878,0x0ebfc85f015a57c9ebd811c4cc5a1bb7f3459414,0x2e159af00fa42afa50ea0c464d210b25ca865167a91f89e1f7232193a3e694d5,BUY,2.87256,0.41,2026-04-03 12:20:35.000000,Down
0xbc4ca2b486adecb5f7d266633b8158fcd5b4c68e252d8e3e0d2e25f075155877,0xd25a12eee30f5eed409bda7efe800507f17f7f71,0x679e6a0aa778e8b8ef735cc30f32b81ea2df071efd2637c04845b6d0f2335776,SELL,5.0,0.35,2026-05-13 17:43:09.000000,Over
0xdbf8d6fc7b2fd1f7f83515ea94b6c3b206859bf5c6506492d479eb7415fa94c2,0xe1d6b51521bd4365769199f392f9818661bd907c,0x27dba6f82a7f92c982e3192e88e5f9337709cf58d2cfc02c3cbac57db36e0800,BUY,29.244,0.65,2026-04-27 10:45:18.000000,Down
0xe850a1e13ccb64b10f6332b3346182b756971dea96b51b58cd8bda4cfb8e4de6,0x298c1dcd900163d6d0f8565b941df473027490cc,0xa5913eb99100fad61ef8cb8b6aa3829ccc88b1f58da1dc36ef4ebfcc36502da6,BUY,3.448274,0.289999866599928,2026-03-19 07:56:39.000000,Down
0x4ae50b041b0cd2f8b4c9d4246bcab1974a02c628b7563696fd2ef807b0dd50fd,0xc94e62b9d56d8431b3330d1879ccde228c195931,0x343fac6c575af4400f9286a041a49cb0d3429cda25b9b6f6922dfa010d833f2c,SELL,28.01,0.32,2026-04-17 06:48:06.000000,Up
0x5d1bb820ac2ea4a67428400ab68f25ebf68fbade42a6d8e8edff6020309c2185,0xf588477725753ab7affccf18cbc6ca923a2d189f,0x0cfac875e3fa84e292a97256b74432c236904d1a3e46fe8b489978122bdc663b,BUY,30.3996,0.4934275450992776,2026-05-12 02:41:39.000000,Yes
0x8099694236fecc15b59845e3cccbef333861225784e6dc12d1479a4768224b3d,0x2a1ddbb79c752150b790aca65f9d62fe33e42f7d,0xc38fe1b31aa31c624ddcaefbf02b2780e0a2d92b4fc48da915bcd5ba9c2bb678,BUY,5.0,0.32,2026-03-29 08:25:08.000000,ThunderTalk Gaming
0x1d654e3df82d647ca99318d40afc3d00bd27e31635adc7290227e9b1403e0eb8,0x14a052cdb859d8f8f329bbbb11d5000ae73a0992,0xe94013bccd67ea6de4376467d9c3833b57f86705e0113efca9ecaa84feeb7df5,BUY,2.972,0.32,2026-04-20 01:01:32.000000,Down
0x43c84949b4180be0a0902b04d88231e63033e19c8a5efa39bcbbc74d3341fc8a,0xb0f47416ad54915aea513144d7f3a9429b446fa9,0xe88c8dbf1e22ba8358c8ff8a2450f5fee0bbc4b01447cabb3fcef7d210b9065d,BUY,11.802,0.45,2026-04-08 01:25:11.000000,Colorado Rockies
0x925008eda10c80385df6abbd842e69571a9d26bec9d732f62f0409061ffb059f,0xd2bbc6edc2739467a988984fa5c8d7537e26d53f,0x75aeb348da899cfad43425542215a93bdd7346da978588a56fb41b6f9d798967,SELL,5.0,0.002,2026-04-27 09:43:44.000000,Yes
0x76d99b238b61f1e10c0d53ad02ea08e9b7e77022a69796d499fce325c35d1467,0xb6fa57039ea79185895500dbd0067c288594abcf,0x781036f2255b0828532719a0fac35a92549f32f95bae57106c15ba68039aee0f,BUY,14.0,0.998,2026-04-09 01:20:35.000000,No
0x530d3b1ef23549afb5c911d9290c609c0f10a804d8a117183cab614075c4d0a6,0xc30959195186fcba591eec841fc06dae747d0416,0x6791712c8836e020b44f0cdda43a4e75a38a972aa1ecc97054261f7fb7f97e1f,SELL,10.0,0.02,2026-05-06 03:29:50.000000,Down
0xea2a145ebc14993cf0f0651f8956cffad87aa7b27695ea811f3bbce7ea26df40,0xeebde7a0e019a63e6b476eb425505b7b3e6eba30,0x26c8f2bccd68e50e05dcd4af2d20e784b27579feacd41a6370b8c5f2b18cd978,BUY,77.73408,0.44,2026-04-04 15:05:13.000000,Up
0xfcfa80630daa6f47dfbba39cb4651f245f87c281e2647d7c4ba43fa989d2aa96,0x3a847382ad6fff9be1db4e073fd9b869f6884d44,0x060508e85a00484c710c1801ad264c8eccfbb40ff5f4c3697563cb55be8fc2c9,BUY,18.9344,0.26,2026-04-01 02:25:43.000000,Up
0x7f724731ee1593415119c68255384c0be87dd60fd23bac1d0f7c43ebbaafd363,0x14cfdd855a7d8e5ba9f4652be5df31721ba7d019,0x22dde7fd4af2fdf940bd4daf4a9cfec95274a8cdd77b0921e5ddca44e601893f,BUY,19.28,0.5,2026-04-27 09:46:14.000000,Up
0x11b1350e7458b50c1943922384877b44d8613be9cddb566852267bb044ad6ac0,0x2144f384fbb55917fff0adf75dad7522076c96ee,0x6ddc75299b7bb5f9f2b322dd240ad410e9e27f210b6f618a02c549b41b27d7e0,SELL,30.0,0.999,2026-04-30 00:45:16.000000,Down
0x420c94a83f4953def9f0121386e2ca93ae008645ae945d74642e84cd6fe72d68,0x2822b21e0b114b650d0902b9712c4f7b9190ae31,0x6b69b9abf910741e8cfc52ec45c21ddee374b865bf1993b41b9e574f497c911c,SELL,6.0,0.69,2026-05-08 21:49:30.000000,Down
0x195b1f80ced7074719ae95031dbdac18da51d75944ccd5f9daf8376d34c213b2,0x732f189193d7a8c8bc8d8eb91f501a22736af081,0xa56551a308bc035d1906d629d53fec55fc09afade6092446069198131c22566c,BUY,40.0,0.15,2026-03-20 23:13:27.000000,Up
0xd9273173b1dfe16052654fd717616f5d602c50d09d23005de25ff4e7b3c6b7f0,0x53757615de1c42b83f893b79d4241a009dc2aeea,0x4af77391a813f9d3d59af2c83a6d4ef26b2bd6699911358e00027a7e3691a07f,BUY,270.0,0.42,2026-03-22 02:13:55.000000,Arkansas Razorbacks
0x4885c6c7b16b2bf9951a885d4ecbaf49bab38179968b6effe7f9759e5c81fede,0x5233918d47b9d0e04426f7ffd069a55a3e1d0451,0xb607bd0a35517a590481803b475c14a3a124d88d1f72ba5480516764032296e1,SELL,13.0,0.43,2026-04-03 07:15:21.000000,Down
0x3dc5c796ddb6d026d631252539017738b19b078a2b8724793ad87d0d83d16c15,0xb977ffa7f22db6633762e6372661a30bb53fb5e2,0xedb2134f82d7623c6e0b53c2fed78c1ec5c591300633d47def46be66c13c2678,BUY,44.863635,0.43999999108409293,2026-03-21 08:52:05.000000,Down
0x4bff7ca36333732df352f8e0ee4426490195f7a41efe75c43bda3d8cf94758e1,0xb27bc932bf8110d8f78e55da7d5f0497a18b5b82,0x029d1442caf834fa20d45e1e28b2f81d3ce6878520b9fb7e679547d9664d685a,BUY,30.33941,0.5029761290677702,2026-03-30 20:30:31.000000,Up
0xcf4bd6ee57c3df95d0105a2b87e65a986aa01af4c88c4663757d43042fee7d6e,0x5ccf62ac8155e49bc7d021a1a66e9ef18f5579d7,0x5341e90b72330a8eb96cb685dcffe51ad41783cc12e91b6858b9bd996b3d5b63,BUY,393.86,0.1945759914690499,2026-05-15 09:25:40.000000,No
0x188e4cc9358e143642006e136482195e5ca2b85886a919cfd66c6fefb5df1181,0x09fe78c8b9f10fb9c7c0a584bfab4205c76876ee,0x75d0cf077b8459dcbf7637c505c1e93b23657ebc3fff2c766cdbbb10820ebbb9,BUY,8.5239,0.8,2026-04-07 23:00:43.000000,No
0xd94ce71c10a610834cfd6ec00be61703449dd00236424545ce89a8d3bbbc7d9a,0xb977ffa7f22db6633762e6372661a30bb53fb5e2,0xa8ff58e2d1cd10119f407d12d0fa03b89becb52a369c89d063c2c4457d7fcb68,BUY,25.0,0.76808,2026-03-29 05:21:38.000000,Up
0x17cefe98f9fe16597224b3246ce9fb82a5ad3dc6da5a9a62d74fcefe06827227,0x9b8f253e02dc6c235e8560fc1c5032b556b6e61a,0x72402f62db74e8aad9c443aedb2cefbd4ebcdd2e83de3bcd0d153a33e05e3639,SELL,8.44,0.72,2026-03-25 05:18:01.000000,Down
0x41700e858e7a6ce32cd4bc156bca33451a266d17c69ff08197b45fa076640569,0x27dcd89849af35c379fbebab3b545ac852f5028a,0x47ea1c35794fc60863fca445a2ee01e6cde642fc719d8883892931220df581ff,BUY,4.73,0.25,2026-04-17 08:53:54.000000,Down
0xb4c32ae823ae6598ead01aca65e6997f791ffd0c6c76eb9545d15a5a20a9de56,0x79fdc514c03c6437b3446d14f856815a720d137f,0x61ce3773237a948584e422de72265f937034af418a8b703e3a860ea62e59ff36,BUY,3.080076,0.9739999922079845,2026-03-19 07:56:27.000000,No
0x10a1a34ddcc7d804b00abf334d4230132ca678e880258559a8094ea9a84f9e68,0x275a73ce0e0d1f623c92b151dea97222af66a8f6,0x4f23be21ca3439b8b4468d774efabf210ddb2a40aa42a147297cd806b8d6c778,BUY,3.3661429999999997,0.5699999107575446,2026-04-26 23:46:00.000000,Down
0x6394a46e28b06b65ec09c5454fa1fa0521778f89283d8d31b95f57da3195f3fc,0xee55214ee3a9ee22a404663c76ca832577df7b04,0x7c9dc6e244d7eb80fdb6dc3f5ffcd9e835e030f01f5cc2c85652022ed351c536,BUY,9.303230000000001,0.95,2026-04-18 03:53:40.000000,Down
0x7bc830c7ebdc97166a7b5647d36be73e8f5cc5ba757dfc41778b2b928f5c6036,0x6996faf3f7f363dfff36a29933c2eed5c23c1d0d,0x400c5fccec86e9b95e5c10bfaec1fabebf99042a1fb7021e4474447e04ff6ce9,BUY,5.8976370000000005,0.4899999950999984,2026-04-25 16:13:36.000000,Up
0x997f42f517cf0e0fd63aa0f8e49ffa55d06ae7e7aeaaf5b0fdbf633d42ee108c,0xe33d463a443e63dd81c82f9ac0ddf2c746389512,0x0e13caa643c6454955079f7fff04e3ab76defd55b97ed43e973a642d8dfcbfe1,BUY,2.347653,0.44999985681809723,2026-04-09 13:38:53.000000,Yes
0x206650c49801b587f28d51527bc96b08aa1ae78066199007ee360b56268d3ff6,0x47138dc1eef25f1ea91f3b2fda0e0f455c634d21,0x501c771dbf043e0b021620d7162f91d17b1eea0f0b7c0c037bc9485d024d9fd4,BUY,5.0,0.3,2026-05-09 11:42:23.000000,Nongshim Red Force
0x56bfdf8da378e5350024d26c079ff134bba4cc07ff0f2435ac6ea3161de989c2,0xaf2811b06cccb26333ce83245d67a9b0a483b40e,0x8bc8ae3da681293a995da5b818800baff34e46ade2c7fd5d0cbda1ea9a162f4d,BUY,14.5788,0.61,2026-04-22 03:41:26.000000,Up
0x1ea64664e0afe0e87d78c4dae49278b521695b4fe0ba35e5006d6b1db82630b5,0xe1d6b51521bd4365769199f392f9818661bd907c,0x3202f7559940b094a690a4383199472c39df598e742a0140b7b98a3b988459e8,BUY,0.76141,0.33,2026-04-20 17:35:48.000000,Down
0x8774c9ad09c4a9ec41d047fdb3929de48063bade4e8b60d64cbad3493260aa47,0xf7addcdb31a041ef5c1fc373c9c6247d690de5b6,0xb20c93c24c0646a81a869dd555d94df914a65cd32dce31f6883f8318d414a0c4,BUY,91.10445,0.999,2026-04-14 11:03:43.000000,Yes
0x297cbf109e9b72ea670bc5693acd0dcffaa4b7ed38c4b28dea75c279c7277574,0x425c08510a4380af6017e7e6160655855dcaa16e,0x856d96a0bb5201cf813cdbd02f302f27e59a46d2449784a50a61b5251d16b52e,BUY,14.46,0.5,2026-04-14 08:00:17.000000,Down
0x61ca38d8aeb0ab08b1aa05695c584dfe0c63f7e6fbb7c360908d7fd4c1903e85,0x4269f884ce1d91095c58cc70bd140b245dc3971b,0xca0136d7acc14db3835e40b5d13bc2723ffc7a34a950bef39a2f5a18b07399c3,SELL,0.98,0.48,2026-03-21 00:18:05.000000,Trail Blazers
0x7ae3ac9972f2a02e010b9b48500fdef9b770fddffbc4820a997d665c9395915b,0x287e20496c9ed3784f3b6bd53fcf9eccfa1a4e09,0xfa67020290bd7b91d8ad70dc3ad9eb8178cc1365799b87bf29c197eebc309c80,BUY,5.96962,0.23,2026-04-26 00:40:18.000000,Down
0xab4cd6bf94b48315a290c978e8cbeb11f3b382bfa73d5694ee490f3b66bf69a6,0x88f17731836942b533f33958a302fb4c31bad3d0,0xee8af9f6fb4f771a192c978548cd06d687f2cfcae407abea46159dbd98b7211f,BUY,85.189347,0.9769999997769674,2026-05-11 06:09:34.000000,Jannik Sinner
0x0035fb932d22a831108cfca9cc4c7ec6e6d05b350616117f4f9c8f6ef8aaba0b,0x9fcbdbc71ea2729c31cb21d93dc73190d259207c,0x68f453768fca620057f8abc6403ab7d4a4528c05d2895d2f6168edc23b82f8c7,BUY,1.542856,0.6999998703702743,2026-05-06 19:39:33.000000,No
0xc5b8d5b7bf4fc7ab8768c29d862a9eb75a8b9bab4a4d45e15cf619a179fdb62f,0xbb8ef6381e4a35b4124584cfce1c73137e2508c1,0x5c2fcdf172d2036eb0c0fca22e762c0f0df70836fdca9e068f8fcc7922505368,BUY,30.4792,0.44,2026-04-02 02:42:25.000000,Hailey Baptiste
0x357622fb98ad15c53756afe6b2b0e2dec2750b65cbf0bc611994d8d440d4773d,0x91ef1ffec4d7a98353cfeeeb1e4fc832f31bb0f2,0x75d5a6502b5956d0781dfd580c949eae3dd6d5f79476cd29ca51b4c523b1564a,BUY,6.37504,0.377,2026-04-09 17:39:31.000000,Yes
0x83ce2c93a60b8add481c88ca94dc2320c2ff0b2596f1f559074f64494c83f2a7,0xd1a63a243042d864520512fbdbd2fd20e0ab1507,0x7338d9dea0de820ed621abdff3de2d4b07a573bc0c1a6f7128941f4d0c5606e3,BUY,21.04,0.998,2026-04-18 17:10:46.000000,No
0x09dd51f749d524806a5362756ea779eefc942b71f36cdf62c7c3dbcfa3696c21,0xc3dc30b01536c691aa80d1f55c6731272f4b52af,0xe4594aa4536baf21ec653acb502147b1ddd14965073fb92e1dd8d59ddfeddf9a,BUY,1.5873,0.63,2026-05-08 13:40:54.000000,Down
0xcd42267ff752410e27bc711ff1bb133c73441dfba809f35d2baa22961197bd95,0x5c5ccbb8626f34af835356300f97d086ba4b828b,0x05c61ab4275ae67d8b05c3593ee70e740fc0e757cfa2e41d522b7c9bda685692,SELL,8.13,0.999,2026-05-06 11:32:00.000000,Daniel Altmaier
0xd03e05135eda9d27766ccf74a827a4d233c400b7b69d3626667f0fd54e9a02a9,0x1643038efde95846b92b008e2efedca553296ec8,0x2ccaa644480c088faba0de0a1ea5558cc511764b1881141354d78ab81f1b4336,BUY,5.176958,0.6199999323636027,2026-04-20 08:25:22.000000,Down
0x7367a588055fd61089425f6c8a9e1257b8a92ab20428838bc00cf143ee5ba878,0x6c46c4acb4372b3d9e12215695901bd9e5c7249a,0xb9d11230ac60e2b49482ccc7e7d5aad7c4b3feeead6c27583f872e96ea26cb91,BUY,9.43,0.53,2026-05-11 06:05:03.000000,Up
0x57fa74dc5242141f6c3a9ba59143df24939f4555a75631a63ad586532b0aa715,0x0ed104cf58fb41786ba88d6a061156bfc39fa626,0x17e181ff7dd5cfdb8d55b0d1152f2f186ae6a621c0882081d02fdb9aae8fc9f5,BUY,5.0404,0.99,2026-05-14 08:24:40.000000,Down
0x9c647f91fa3cd59ba34704e41bab28400b843bd182ecec54b916414a94f39294,0x903731581464802d9b94916b0271784142d40386,0xffe7531b242f52023208f7dcf2ad7c527f0d9b6cce04dd49060d79d2b5f30dc0,BUY,8.64572,0.5599999775999964,2026-04-26 02:53:54.000000,Up
0x5e6fba9ce2cf94785c977d73e2f08ea0eef877ababf748dda502526a08f48fe6,0x2bc776f8310ee936c080b779a6226309513d0513,0x3e6fba7a2d84f22aa8865732c26a711871d9de29184b01fef0638daa7739559a,BUY,5.0,0.67,2026-03-21 00:21:05.000000,Up
0x122e47138bea36e035de911a1bf817c4cc70e67f004ed270f497bd564824cd61,0x4b7fc3633cff05fc4d2ff6697efdb231b8567076,0x7a198ee26d676c080a13ec2371069153bd687cec8d6f49ba3c0bdb0c2a2b9943,SELL,23.69,0.08850654284508232,2026-04-19 02:27:42.000000,Yes
0x6b3ede9bab9aa1961531658d6a49c9fe5289c607b7a25094c72fb7b884ce0602,0x27091ce48a08a3e21d63c42d33428cf1e55d20f5,0xdfa4e44572f3dd505f221684114ffac01e5a6b10bcf86c9b4b783ca9e02aa224,BUY,5.0,0.48,2026-05-10 11:50:39.000000,Down
0x7d895f73f04e24c88be97fc76d0631cddb4c9f4390c99a6446b20c9bb2424557,0x218f36c313d6c012636b21cc6b5a043d9fef17bc,0x22a5ced45f8f38cd70eb4437395887f889461dc4d2d06757caed943d32bc4eb3,BUY,4.7336,0.26,2026-04-24 11:43:40.000000,Down
0xfa6d9bf3438aa23fe8e78c20441d497d6beb30888f9784b230e89d11d6615644,0xc7b002c2da91dcd8d99ce27bd3944883c6325466,0x92e531e2b2e76e8a189f130664e508d662a3f83f0bef642704a5abb3a9567634,BUY,10.20408,0.48999998039999687,2026-03-21 11:00:41.000000,Yes
0x613f3ff7463d5a07668b044ced633a335285ca52732f9e2433823b42836519d0,0xcab8efa66b2e31b58e0d847f588ad38ae5a392a5,0x5d69cd288ed116c72815a911baadd7670e6cd123996b7d7418346bcdf1c32c3f,SELL,5.43,0.999,2026-05-08 13:35:14.000000,Gen.G
0x0b5defbc77d7da5abbd5669bad79eb744462f4c9027c9193a89c466562804eaf,0x15ccd7145e82990360a632cc576e3e543ce06b7d,0x0dbfd76bc54d1bdf1c6c880853149e70d0f78907259942caef4d1da57bd521e1,SELL,5.88,0.24,2026-05-12 18:31:40.000000,Down
0x679ecf197b4d04e7b641296ceb19731427a07cc96b43cd79607fbb328bad45d8,0x3f3c79381f330579b8faa953c538bbc65baaf008,0xfb780b73f0cd669af597c32f8fbe9d2f4d1f6a0e2ea9edcd69cd5772940a6bd6,BUY,66.145,0.7559150351500491,2026-05-11 09:14:05.000000,Up
0x5c3a98ff9c2dcbca6e20dd69252fce8de513b529be6a596992dd85fbfb9b87d4,0x2afe3ec29ad4d6d87f0b70bfa74bcafbdf48e8a2,0x6aa39e488afd5dd8e1cd995258c28c3c485dbc4d467d4eb4d94fc6f30e172833,SELL,10.0,0.001,2026-04-04 12:01:45.000000,Yes
0x73c65f68f84c0e355a87395eadace35032a34e55514cd96e41f9cae28c99c4ae,0x927f7694de44d19a72bce76254e628d1c141d215,0x1fa887b16ff45ec5e8eddb4c8d1edfde82a336a40bb0bef20cb2545ba76f975f,BUY,15.555554,0.7199999434285658,2026-03-28 17:42:43.000000,Down
0x42df90753d11adcb353f0c509da8c67287294b2fe4869033dc3246353dd43141,0x04b6d7e930cf9e493c5e6ef24b496294f95594c8,0x7a45f564fe5859298f4c7337840db201ec6856d56ae7fb3aee718ee0128d4472,BUY,10.0,0.18,2026-03-25 15:29:19.000000,Down
0x3d090c360b319133410d99fe6fc6dd58b0e9458e9ac4ac5b643e5ef539b3e03f,0xb6e9b13eff71f87342e8baeff56ae2afb3b53008,0x5b0004bd62fcbea1a03b9051ac4976b582490e2bd349d7a1fe9f61ed3306e1a9,BUY,80.0,0.17,2026-03-24 06:51:49.000000,Up
0x1cbcc0ff729aa6d4f58533c8ad46332f0a7c8d04d2230b1ee416d8417db6c5be,0x918a53b9876644d8ad9fc8cc099e4dec5a0903c8,0xc273e75b54c565675532c1c200ae8cc8dd362e336fea6c9bdf6342a8b9216c82,BUY,6.16,0.8,2026-04-08 01:29:15.000000,Down
0xe8f6f839c93509250a2358fc9c00191074ffe4b81bf69984abb875465ef9293d,0x0524023958973e608af9fd0c753c409bd9421479,0xa4c711a0e9c857d4ed470fcf30c673f799d3000324615e8e66944e52464ac515,BUY,5.0,0.99,2026-04-28 19:11:06.000000,Fire Flux Esports
0x44c2634c63d255e23fa92d1103145796bee76d8f90d586a1cea115cacc431590,0x1394fb83dc466a56e832f74fae09f91d34d6a321,0xb4f0463169ce0c42a3317deb36190cc5f88b4865918e8857343999d5340f2af2,BUY,16.436512,0.9113850310820203,2026-05-13 04:25:01.000000,Up
0x4cb50290fb10bea580c6f88d50c8a136fd999441136c0fc38dc786907e6185f0,0x648edbd21e93cd3f612780905bc1b65679580fd3,0x19ac34c65ead0939cdd320ec62e2d0722fe2bfcb9110b761fc546dae6e77b419,BUY,5.0,0.51,2026-03-20 23:15:35.000000,Up
0xb868d7d49f444df74b2dccb3fd8e05563c5b19a34383c70da04d9b3c58b18ec8,0xda4af970e4cb5fcb33c34b46ed56a3c9b7bb41bc,0x93a144757495d68c867022424152e77ed5ff20a473cb05e16960de2b88300bd8,BUY,606.0,0.982,2026-03-24 11:38:27.000000,No
0xd5f62f2e9c8844167635da472479f7b34a703bca9ae7adad3d835d8a389e24e5,0x129b7597d55236654aad74de9a3139253b259274,0xf4b7c7207588ec69acab07479f36c624cc350e1ba46354dcfcca47b61361adab,BUY,13.73064,0.32,2026-04-22 02:10:22.000000,Down
0x7546f4c9b506b2bab8aa501e7b844ec30cc795ba63ceb7b2bf081fcafe8d8a62,0x1d5524b1021cdf3bc918b47b39d70742ec8bcde4,0x37258671a8ba3df18cc618849f474a5e7300deda55dd838bef4634aaaa5252b8,SELL,66.39,0.04,2026-03-25 05:18:21.000000,Up
0xb8d830302a8051e29585cec7c3f9849503c122525ac9d7d006c60c3801b3ebb8,0x3075bf369f92884f9fafe1a022db3ee7ebf7d6aa,0x7c9fdc227e4cc2b05a3c9a460426f9a00aa11fea34c8b56fa7b2a998b945c4bd,BUY,5.92656,0.83,2026-04-04 06:38:53.000000,Down
0x87638ec7b228200df8966e7bfdfc10c16897c3c6006277b876b2831df0e7a4b9,0x8b410b99b05d32e277264f0d7ee280df2096de3e,0x0b5def9798354d7861618fcbb28d5dd14bd2de6f9ea0cdfce5f6d6e0d0f56b77,SELL,1.51,0.37,2026-03-18 11:52:41.000000,Up
0x7efa49cbc0b25b5c406386c455a3d5af2c42956f7baa1b3e0cc00c6fae745535,0x66a17b44f6187745c4f273622a702e2f1b423de8,0xfc36b1fcaebef0c0a1756ecf546a658a322fe0664d562606632dc7e059b72da1,SELL,0.12,0.001,2026-05-12 18:37:41.000000,Yes
0x1fe0871283d291e876e812595d07bd2dedb4a08211166b025474b7edc4ae7a0f,0x0c69d91489f2eaeb9032328bec33a86378142b8d,0x87b8243c77791ed836a094da9eb0d23528aea979bb95b4613cf927fa33a3c055,BUY,2.614646,0.809999977183067,2026-04-10 19:48:21.000000,No
0x53d2c2996ae1a49f76ff27a00c7707a52ef0bc154faf5c16252b857a70a448e0,0x6caa2c1a7502554c00b7e68ffdf6533926856b80,0x847988508b0ca005897c8cc0f3ba4162e19a134cf90de5ce4cf325e76d5ad4c9,BUY,9.7768,0.69,2026-04-08 22:15:43.000000,Down
0xcccdfeec198fafa726d06b6173be4a64bad6027312d6958d62eac04dd0586c67,0xcb7611b7662308e66dc38ffaef9f04bf2713f7c1,0x725d49504ebb3d7467baa1b442f14fd1ecf31408aaa55c2d0aee5279b8d28719,BUY,1.333332,0.75,2026-04-29 06:26:42.000000,Down
0xf8ff1e5e36893589ac9b7ce19b54faf82dd8c40bae1cb6fa3839e17a4a4651a9,0x8fc6420b380a32b2718d3b04fd2d1e774d72c4de,0x65c5edf188b4826e32510616f87a4fa01d6dac7421050f45f10e366149e78831,SELL,10.62,0.999,2026-05-06 16:37:29.000000,No
0xc8a73d067c84fb04769ef141c42354f1af3d8e657f7989ae17fbfb59f3b5db38,0x972bf37cae72a169e17ae0e6179821d5778b78ba,0x3f73c56122134c1ab88a5b9563f71e6eebdc61c9fb2b7f1042f97bdc532c52cd,BUY,69.118,0.58,2026-04-08 13:14:13.000000,Jelena Ostapenko
0xf90579cc8c6b83838146f6c828f2291286d7b494a3dfb44d7251d491ea58eba4,0x722beb62befdc30beafac5abae62d4683a6db7db,0x23bc696cc21d0ec0e41eca52709cd816bf784d3784e07abb9e40c63655f78608,BUY,20.0,0.98,2026-03-21 19:49:43.000000,Up
0x14219ea586398beafab1b13635f98dd4c8cf2648fb6882bbe268517389937e3e,0x015d1ddf76a9e0084e19efbb99138cdc8f37bbe2,0x388483a23ec49cc129d2a5cd8d5a242041af7b6cf1a2810e41323fe135d51c11,BUY,1.138673,0.8699999912999827,2026-04-24 12:47:30.000000,Up
0x0a984916e7c1670ccfa05874aa0c138e6c7163ae8ab9860078e7730a0e205780,0x71fa0acc436ecdc9c36d007060d559604a44da19,0x287b6c3ae44c6f14db79b12d739b3808dc2aa0001e34ce5a92f7e9698ed79c4d,BUY,2.025973,0.7699998963461013,2026-03-23 20:50:05.000000,Down
0x9fd62c11b7cefe5fea704c9340f6a6bf19716551143a003844afa8a0e2bd1771,0x93b110ff31deb58847e841b3cbc6535b3e7b746e,0x770096e02eb8cc5f80fc4fdffce68b7bcd33aeb84965e7006097841b4443dd77,BUY,6.0,0.81,2026-03-25 17:37:09.000000,Down
0xcebaf41ba16e00bbd7f0b4b6cb9fcc5202c1621bd32fad9d4d3b99ffccf45766,0x82a59f9c648edcb10ab8f310237f5e34f7fd674e,0x2c8a53ae3d8fff52404cacf40868113f927b7bc0b6096a11cc2cc00851714e93,BUY,1.234563,0.8099999756999036,2026-05-09 14:03:23.000000,Qinwen Zheng
0xf5f393c871165b34f9e30df96c1d52d786b525767d569d28a4e80ad9b3fcaef4,0xe0229e10a858860218b6132f4234602c47bd6603,0xe15ae7436fcc0c030b8f90918bcc70739d7f6dffe6fc1a28f07a7a2de2634dc0,BUY,57.7536,0.48,2026-04-15 13:22:26.000000,Down
0xe49f3c2973f199dd37a388dd40cb600b4d3944e8baf5cdbd5998467fb03a1e31,0x47e773957655df12389bad5683e4c5afd4c39cc7,0x2ee0b8e230b6929de4a08c014f2dfce72b937f3e07ee2ba9a09cc11cecf7f4ec,BUY,6.0,0.61,2026-05-14 09:31:08.000000,Down
0xaf3183e69754218fa3500aa54927da6b8b750e2b0fd818f26780ed1721b4c016,0x6605b1bec84286187847b9dcef97d5aa3774f0f3,0xcc505cfdb85fde6a1382c463fe8016bb0a170a36c3643d3f6b90a095778e390a,BUY,8.147984000000001,0.6199999902935404,2026-04-26 18:35:32.000000,Avalanche
0x78ce3d6e5d9e2488211d40bc8924f2b661984908585a5f4060f2d67dc86c2ef7,0x9b9ff79cdc3c6dc3abbc494b06ea577567bea26a,0xd4d00e5bf8b960cc37c74c1ec19e41e00b0706add203ddcfbb65ad006c5c223a,BUY,68.0,0.99,2026-04-03 00:03:13.000000,No
0xcf3cf0950c2cde6e5d6af4af5b695351767994c1157d7ee34aeb41915023884b,0x6317b8911ff147a701923da1e22e82fd6247650e,0xeab95fc90fa721d145bc9f9925fac824b9001a051554a2a4a3be2a28dda7c123,BUY,5.040942,0.75,2026-04-03 13:21:17.000000,Up
0x81ae74e6ed25cfad2783d9ae5eaa6b124b3dacef3d49d903f1e7a5deaf500a2c,0x8f338dda516885fb3b3f421d564259c3dc1809f3,0x51ee4e425c55b1f74d6f8f11d566b1135fe9ab23aba05f3666b11c7de226ce2f,SELL,0.11,0.26,2026-03-19 02:51:59.000000,Up
0x976a9a25dfd70119ceefb499899d08de3689bc64f31ec3c248696d2c06d05041,0xe4798bd721cf3f9835590c7a3abb3fa573c470df,0x7d86390b5f05a8aa0566af9184f1c4b01cdc2bf1fcab6f47119ec3228130feeb,BUY,19.7,0.5,2026-04-27 11:51:52.000000,Under
0x2e66d2e733296e85c74e174f43b5e547f15826f00481892fa877b38050313e89,0x1510f46573df3165b032b1d9400d921ce95a866c,0x375409bc5eeeff961e82b479caeccc20f33d15738e5bce1186d628aa3d9dfb1f,BUY,10.0,0.887,2026-04-09 08:34:49.000000,No
0x86a88118e8f246b521a168270bfa2e7d13c24a6c6869b5adcf24d9c0e4d2dace,0xaa82fb604f5592049a9deed8884a2fc2587eedc5,0x22cdff1ed16cdad7bb4fded6733bcef67f4cacaac48c17952dea6bf437e01c4f,BUY,70.87755,0.9785891160176953,2026-03-20 00:45:27.000000,Up
0xf034f8b6417efeffe1a6dba419b22472c074d659bedc08ba9f22366d2134dd39,0xb2fd68009c535832194a25d2b43eb4fc6c93a4e9,0xacfb05a3bc4dd155a16322c462e5a1d4a094ca2177bd3404cb6c72783e4ae3d2,BUY,4.8668,0.63,2026-04-19 16:45:38.000000,Up
0x80033acd3e6920d15c1d7f9429634bac4eb9bcd62f71fc6aefc6bfe708cc0dc7,0x5ea76651681668b7b1b888b0a642aa17cafe7450,0x4a984d2950ae782202f5f812c054123634a52e82f447768a4cb1c1fd0a21db5d,BUY,5.0,0.999,2026-03-29 23:42:14.000000,No
0xe1a237cc28474070f23e404492911b7895072974b8b3f3c3ace1f74d8a83400c,0x4e6180a35045cecc3c72c64e78d240a5fbaf0e06,0x2df9b20c0760c50037fae3010518a120b1f5aa3b9523ccef229959bfa5d166ef,BUY,46.54922,0.06,2026-04-26 00:35:58.000000,San Jose Earthquakes
0x0f17329d574f54818e95dc1c46abec3b5a4b14b38d24d7aac85f399353a090ed,0x1db5390fcd2612c2f6aaecda086bf904b4896cc2,0x741a52f29af90a4f4e8ffe56337f55e62bef4660bc1299a4ec55a27157dcb0b8,BUY,1.969576,0.53999978399989,2026-04-03 15:26:25.000000,Up
0x75566c467ff220d4e200718e8b067e33f08b94626daaedc49e901fc26a1b2ee5,0x7515c4fff07e6321571738359b917f5203110f90,0xed1d9ba20ce9498653a3acf7a98ec3fa05e2bd9c18257ca8cd3793cd512985c8,BUY,5.919,0.73,2026-04-10 06:26:51.000000,No
0xbcb7e84104a31ed86f5ffc38df7b7ec859d32b0e4aa22bdddec092fae9dd3cfd,0x5b114a01ffb23951c9ed8f8642f5416b665958c9,0x0b70029cd70052707ae7e1b81495a3b055dffc8b82a81815475b03822e2e0772,BUY,94.733112,0.45689518819990893,2026-04-10 00:59:39.000000,Celtics
0xab896ae262f95835ca90f7bc2a56988b45d19afec3c88309eeb17e6d59aebd11,0x84ad9c5c547a82ec9a08547b94bd922446e5bfb7,0xab38aca06d41abc1cc69cde8017f132abe0264a1f8131ae098d2706169fdbd4c,BUY,49.37,0.58,2026-04-24 00:25:36.000000,Texas Rangers
0x373511d63d309b7a0cfe29302cf7b46b73f9ae8d3ff27ff6d97e2a6cc3a7a758,0x8ced225a64544c9c358754827ee6bed207850fee,0x9ab24d6c7d444e8940152d9730946c225986572640e9c27eb74ae12b5a68139a,BUY,697.9896600000001,0.58,2026-04-28 11:00:16.000000,T1 Academy
0xccf6d3f76e6be07e298f63701d84d0c0122c9167272b5e2eda49ace086dd3ab6,0x34823331b0c2b265f39313553497c39b23eeb111,0xc996dc14264675faa5323a826df8deff834c6c26a9fbf68993deaa50a9930760,BUY,2.91824,0.4,2026-04-01 00:55:51.000000,Down
0x7b17ce0c87978813e39650602c14698832d12d6e4f68bf94528df1103290d43d,0xb76ded3870edb471219375fa1bfe8e188dccb03e,0x1ca7f18cd8f0cdfd53cac1b3f92701589e25513def77efbcfc2ed12640b36e97,BUY,92.872,0.01,2026-04-21 01:44:58.000000,Up
0xc084af3c2b9c384020c166b51a142ece32d395bd0e66bafd1a3b3e95d2271fbe,0x3123e448199cc7d7d53dd77e2082d8996d9c1fc9,0xaff1f8890e8187c991fa4b88ec6be7d7475abd157458721ae58925a4834f0e81,BUY,13.368302,0.75,2026-04-24 11:49:46.000000,Down
0x3a4acfe9db5238b0e450d68c48302b0fa454e0d07981a88d0b157b71711a68b1,0x328114447fd7af7db4e809c9f457c1b52f9c8bc8,0x34dd54f9156e3dae619c6a5e16e2be98ffb09e74f7c83eb17774db25001ae8f0,SELL,10.0,0.01,2026-05-12 03:40:03.000000,Down
0x9fefc045057d206e0ec62b9e2765fe4c5a2174cb1946e8e061b30d8ad576c18d,0xcb265e28e225e2490e1583c9588bda0a94290e22,0x61985c15b0e91452c008f554d0db91a3cddd540f104d92b9f71549a07b5570e7,BUY,3.22,0.7199378881987578,2026-05-10 04:51:53.000000,No
0xbd5f8561b26bf601e1c8db45858773600e6698a1860d1177a9c8985569e8fb83,0x726fd81c6bc1bb55f12e4eb47f90f82bcf9d887f,0x7ae064ed7f3c9f4d201ce007b05b3a23f8e824170981c4d301f07301d554f451,BUY,5.882351,0.16999988609996242,2026-03-28 20:37:34.000000,Yes
0x9ba3e7d6d1f5dd157f13795a1d5ce90e5330de65a40f4465a5d3d3bf53b3dea6,0xb27996680d83e3060b8772535a946369384d6ad4,0x0bf3206ec288ebebcf90d344369577275df17eff3b84ef38a10b4e19090c5618,BUY,5.277776,0.8999999242105008,2026-03-25 21:56:59.000000,Down
0x29a0c8987d3d21c5b82af50034e91bc4e831f56589c9e4ad3c3f49f029242702,0xf0078630935f985f1d03f7d2b3cd4bfb76d810b4,0x0e41488dada6abe3025a222d4b615d49bbed3b1dc2baf85ea5db1a82575ccf0a,BUY,11.0,0.78,2026-05-15 13:37:05.000000,Down
0x042eab590eb1d9e9b33d0f9e275dc30505b88944b75904170eb67acc3055f5dd,0xd88d3b20ffd774bc85a8ca59c485be11c7d6a59a,0xd8bb414989265189649fbb6896141cca82feb6d9e92d52f6fdde19e1dffdd52c,BUY,1.4367070000000002,0.6799998911999086,2026-04-04 13:07:21.000000,Up
0xf9f712096c01fc3142c757d386c8fbe391f9380dc5295085869307514115cde8,0x17bcc82efe6adf80c93f83ff813161d0786c9013,0x08a79152c2e9444a887f722f0b741e22a90a8736806320e6bcbfb5a451b33f6f,BUY,5.0,0.4,2026-04-30 14:08:52.000000,Gujarat Titans
0x2d965a9a488934e32a1118267334cd6bce9698f3d7e3a4d74559594bf2f99471,0xa84edaf1a562eabb463dc6cf4c3e9c407a5edbeb,0xf8ff007ab04cd9d2c32e04169acd58b84757a61185bd86e86db4a27bcc5d79ec,BUY,4.58,0.41,2026-03-29 08:25:30.000000,Down
0x14e4c8cf6c1401597ce1964e4835d4451d16b0ab27feea929fe5d28a4d3d691c,0xe9076a87c5ed90ef16e6fe6529c943baeca0cff6,0xf5cee24c2848d2e03b721924b77def098163bf25019a4d1ccdab3d5a912ed5fc,BUY,12.698944000000001,0.219999949459454,2026-04-26 17:33:06.000000,Up
0x24a17f3688ff62bf4e3c67e35c1c55b296d0619a88af2e713523a43dcf3a1792,0x30dbdaa5cf6714d506b4c140b1368f4d5d5f44e1,0xdf94345b54124b3264a40cccf8532945774a557b14a9caaa5de359cee166fa10,BUY,1.753972,0.6199999774545257,2026-04-03 09:15:29.000000,New York Yankees
0x5b9cbfbfbc8ad268879b1ed971ddd0fd84f21ecacabc934ac5d1637d2d38f3f9,0xe5f85d076f0b1edd4ec89bfb95e123a9036a8d75,0x8e3cdb8705a0235a91fa753a778ef7a660e203e51ff490a7caf1c5a7a8551bd2,BUY,197.984,0.86,2026-04-17 12:28:06.000000,Up
0x14a34f098f126e26f5c664ef239cd2e166cd6e76c8c18698760802ae164463a6,0xb0efe1c58ebc87509afa9748516638291f748395,0x0e8472711a2d73d1db748934cc7b073dc81e4ee147fe110c646fc47c75cb101a,BUY,3.13846,0.65,2026-03-29 05:15:22.000000,Up
0x3d69338fbceadd55ffb030bcd0ab28a6cdf6d9a1e2ebb1f2dccbfe98eede7b83,0xf3a710078c35b891cc0ce98c1badaa023a4f2fd8,0x618b467c874ac5e0e5402ecd273126e4f17c391ff1ea1985eed8eaebb98c690e,BUY,57.074619999999996,0.03,2026-04-17 21:44:34.000000,Up
0x5585f10bdb2d45acd5500055047809f8b1a2c53f3e0645f6925a3644507edcb7,0x47f9817f89910012529f95c31e1ebe4730679dcf,0x4b021dd3c225b6e6c153c23ea753940805dc0f6c218a12e231e24be625b300cb,BUY,7.0,0.999,2026-03-18 22:30:39.000000,Game Hunters
0x3934fb654a49f4538a213525e041a43a9e7fe73f6007d2a8ceb535c9767989b2,0x2eb5714ff6f20f5f9f7662c556dbef5e1c9bf4d4,0x55815132c624b48ef0e29c8020a872cdca8553707a743a6d64378aae4f8580d1,BUY,31.35,0.2,2026-03-21 09:52:21.000000,Down
0xcefecaa6a0b257f7f9df5b42bb04904510f61223d6b93fda782f8ac109b03cbd,0xc0ffa24eb2bfaeaafe11b5c1143281f7c590136b,0x2abc76edea10c2c37ea9ff1e88549d597802831edf8e21074a9fde6623a6fc3f,BUY,13.0,0.45,2026-03-29 21:43:28.000000,Up
0x8a230b73609f7fad505ba2062e410c286c978b230bd1f815e78b7737e65416e9,0x09aac9baa706f8de0c1337dff7180ab42f3edbb6,0xb7e563018545d88d2b571e577b14b933475ce1dcfe780622b1d7466cc05a46ca,BUY,20.0,0.56,2026-03-23 23:01:05.000000,Up
0xd3d33adafca68fe999a6ee1d280a26c8db73fe20463bf0acfb78c187782b4f1e,0xdad8c74fa7577320b78cb9787411dd1a409cd128,0xd51c0f9f624575c94bf8d97f503fb6ea58b0509a1f9495e0be863db26f6617df,BUY,4.99662,0.48,2026-04-15 04:30:32.000000,No
0x8566e517a9990b0d8e651cd7f25edfaf1625c8115fa1d5ebce3afff72e89b5cc,0xe3726a1b9c6ba2f06585d1c9e01d00afaedaeb38,0x1df95c42e0728fd78d29e6add72d798764b4ff6acc4ba6753938370437d1e01d,SELL,5.0,0.004,2026-04-17 20:40:40.000000,Yes
0x00fd5ee4cfcabacd04493f09bc85b11f1f8298d4af1dae0b0f9902c09147e617,0x20d2309cd92b797ae7ca175ed828ed8a27fbe29d,0x16eacfbcf49b57d9146789441f1a3e20a60a2eb120d5a34fa1ea512312640d22,BUY,42.178942,0.6299999963076922,2026-04-24 00:26:26.000000,Up
0xb4b11d4aae067cac57ad34266c3f80cce4cdb00b0a76e256bdba61c114919660,0x4f1d5ae26fc31472966e951af3183308736d8de2,0xcc7a58881737de0353f586bfdcfd4fd3310b1986adc57090cffdf18c627b7358,BUY,22.4,0.93,2026-04-24 13:38:08.000000,No
0x871c9bb4b0a5548d98efe01bc2e64adfc45211eee77c52afb14354d6cd186442,0xb977ffa7f22db6633762e6372661a30bb53fb5e2,0x9607cdfadebb207811eeb1799b3cead80a1166383f11f29b93d0d7fcf546681e,BUY,15.0,0.5,2026-03-27 09:45:31.000000,Up
0x06db143358db45db68a1ee113910355ec83db4ee87c5f1d59f616e5b669e6b29,0xa58d4f278d7953cd38eeb929f7e242bfc7c0b9b8,0x3e6d2ede4b17bfe5c3a38d9a5f4034b87bfdf30e499d344869b5440bf20d3f30,SELL,82.3,0.9148602673147023,2026-04-25 13:07:38.000000,No
0x8918a715ae379cce7c2264d6bc3860dd499129e962ee0b1bad31d8b432193efe,0x464c73e7db5170af89fb1a4427823c51a0804632,0xf36a9ee89194956a866389cdf2dba19272647d3d0838a222275b9d4d083fef45,BUY,1.754383,0.5699998232997013,2026-03-25 00:28:21.000000,Alex Barrena
0xab26371884561f739ee9688bfb8bbd1a15b06f315ecf5e2cbc88de11dbb85158,0x3e6d998a25793c1d0ca5b59d7d7ac7f8d0132671,0xc2a949612053824a058d9db85167761196d250c39343937320e35709d70e12b8,BUY,15.444742999999999,0.2799999594570103,2026-04-25 19:26:30.000000,Yes
0x32648df9e066e1e75c4c56cdae73bf58de636f41ccc48da2807feaf11c21b467,0x488037b4a579db6eff6b43730a73c13b47127a20,0xcd836ec4d94b8a4ddc5713d80fe9db245d2fb4796eaf12337974da1b4e96100d,BUY,666.666666,0.003000000003,2026-04-08 14:16:25.000000,Yes
0x06926e595b62e1d0c814d80d7736a85ddace9cdfdca5dd1879780526294237a7,0xd682268e3cb6d9d03b8079b20a133d1e4cf809db,0xbe23041b052bd89bbb2f8821e1ec46555ec80a6067abc6bdfa169ccd055820f6,BUY,2.169022,0.5999999104477077,2026-04-18 21:17:26.000000,Up
0x29e1b6d04d9fac79bc28001ba302bd2004784f0b476aac80621b75fa2ac7a58b,0x1e63108342ad021a78be50bcd882909ca4dd850a,0x484107d36c4f2d025b7cd478e4a8fbc6c6529041d17da265a24e602183e91a48,SELL,1.49,0.92,2026-03-28 17:37:07.000000,Up
0x9ca7228a7f933b38405786e0238d567db962a0a420b37d1716d437bae013e618,0x2b1e46de0954ea8c9d1b700196271d96c7bdca2b,0xc9ad1fc172118c471c950aade6bf07d951eb41966e31d4129500044df5dd091f,SELL,13.65,0.365,2026-04-04 17:12:29.000000,Yes
0x960355bf71a7b4ef5103ca2d1a9a997f7da641deff8205b4ab2c9633d14f296f,0x4edfa21e3e75a9ce51b52177a414aa742957b1c8,0x8ee61ba3e731438cd8928c11e9d7ed8c7e1d5854349c300bb679d9803e0a6a5c,BUY,30.190630000000002,0.7,2026-04-08 23:20:49.000000,Down
0x93f004816801deb9e3adcf4a682ec9da5dd159f0c8be43f390a24075197ff657,0x51dc7acce3bc9ee0216f416ad6c0441f68203cd3,0x848c3883d63d95256e64545c2a535724bf8b329dd438e64eacbba71280d2163f,BUY,4.0,0.25,2026-03-20 21:02:51.000000,Up
0xc0426d14049a5ecf43f6066536502440f816e6db75250c650ffe1b6f9275f2e7,0xcd91a549956854fdc38efad7e80ff5da8f5432b8,0x1480b819d03d4b6388d70e848b0384adf38c38d955cb783cdbcf6d4a436dee14,BUY,60.6,0.33,2026-04-08 17:10:19.000000,No
0xdd7f37c86206d3b6818ea9dad39d9c17e49b7061a01a943c7fc1c10c086b26d4,0xb7209afd812411e5aab2d2aaad90f8b0bea20898,0x6a6bc11f3bfa81fd8e51fcc6ceb821bd528b0c453e281703fa0a13c5b9c06f37,BUY,50.3836,0.49619320572567266,2026-05-08 13:35:19.000000,Down
0x36c8b22b42ed96ee2fca2c4180028fffd5111c01638636eb6d207f75b0e9b460,0xfb717ed2b10fd789659bbbddc0706ff28b0db5a0,0xc0f52acc45563da36a13d42c79e4f32e08276335ea6314226ab59c0e01e19064,BUY,10.506490000000001,0.9482457437951484,2026-04-20 00:59:16.000000,Up
0x6ec74cc2d3c70f7379026ec5af983a248e2700ee42c045c1e413bab395102b01,0x7347d3291b321d2ee8d43d24aff244e7fb8c3d35,0x47b2b41f57075e50b5d7945ec246ebc0c4a0f29933c9cfee95e2cff5d3cd0634,BUY,11.998415999999999,0.8499999917555732,2026-04-09 06:29:05.000000,Down
0x640077fabee5a9e786db92a752ca07b5a03f6ba94d5e07c5cad83b9fca1852ef,0xd4189acaf8450c9adc2d5d4a8c515735cc03d11f,0x20fc99bf761d4db312ee9bd57da2a07281c872f865ef00904ff3c1ad7a79759a,BUY,15.554211,0.8299999916421347,2026-03-19 12:25:23.000000,Down
0xf24e4e56dff3db56ddfed2b239f13e8e34b210bc6e45a0622a8764c084eb753a,0xca6e53a606d825d2312a86c1a5dcc4c1e6eb73e8,0xd50c434c6dad84b1a031daeb257303530cde59ae6c4414cfada1d3869c760162,BUY,1.005024,0.9949991243990193,2026-04-01 23:27:49.000000,No
0xa9b17ee9871c3dd1429c3c0085ef2be9f4a34c9fd1ed5d4bd6725085069a0071,0x58d48767bc35d9b409de9ec2e962ab87c586e3a5,0xb85ba0e73357e778cc92c0833fe95cad40a60392a8dfc1b556d5baab9c3fbbcd,BUY,1.08695,0.92,2026-05-10 10:34:58.000000,Down
0xff60587ecddf9c2e579a676c1f50f8264a67bfacb1c1dac017676e051f1ce84e,0x7658e2dc31e41589d03bd34881c9c6a32e072066,0x37b9736858bb6e64959fed3e6873d19525690baf8b0a318969bb4d26e94e6f60,BUY,384.460539,0.35496490577411377,2026-03-20 04:52:49.000000,Down
0xfdeedc02fc8451b70874d471c6ddd108f835533c4c0f49b0ac3a2ba8194c35a2,0x60779d712264b54dedcb5c0bfa32015261303231,0x079a9d6dddaec3d58003a3a37782e4aca4b46b14a7ad248d2b19043a2034e74f,BUY,62.125,0.8,2026-04-19 00:21:28.000000,Team Yandex
0x4810776c2addd97f6a83ebf52c92112515253852807282760d68bdf5e05c260e,0x8f68a417b4921bfcd33b78e5cc498d6ee3bda4d7,0x30cfb887558b20373a984da60c372fe5a90c0296aa6d8bb413a8aa7543846da2,SELL,3.0,0.994,2026-04-19 02:26:06.000000,No
0xcc17e360604540b56d2fc5b59711aff49e5f8565e6d3b1afbc5fc174d0b83bc2,0xe96200e26e3521770f689d6a99e28d02887bf3a6,0x0af3c23d531bdc54cebacc67f263c030c22e1001306e265ec986f6c5bcbf3867,BUY,3.6978709999999997,0.33999991242419864,2026-04-27 10:50:56.000000,Down
0x9ba2b3b5c8d512f9e6aa5936d23cd4286a76fa64f51aa7627dcec13e938ed590,0xead152b855effa6b5b5837f53b24c0756830c76a,0x62dee78c2621684e9475a39d0f9181dfe24b5d13cc01c3201eb6a9287c8cc8dd,BUY,428.35803000000004,0.55,2026-04-22 02:12:12.000000,Rockets
0x8d28b577455547bcfb7e710d6b251c9b58be33acb5f68e23db8a48be00fe85c0,0xb9a907c0f604db9738fc2ed272c3f4e614a6263c,0xd0ce8cd379841ce07015e50ec34fa664e3d3c79ef12ba2f2a478609c2fb8e58e,BUY,99.54035999999999,0.35,2026-04-18 11:01:54.000000,Team Liquid
0x2dd23168869fd397536eef3add18341b2fc0245d0e48b81a4f0cb68fb42aa7e1,0x69a5370fc6516696df56b8ecb8b8922c94e76a0f,0xfee07be730188c94cd3644ed6f107fa3ea2dfab9989ce8d39aeeae064766abe3,BUY,3658.0,0.022,2026-04-09 13:36:39.000000,Yes
0x06533776ae62c596ce0719fde2c7eaf5750c0534c4f2ee31f1b07e4a334622ef,0x92240c88a1c6c9afadca6973608e5d43ad621d3d,0xa4698892fef262b4d6dea155647da58d779390a65aeb90e4a6e085bf2b68b3a1,BUY,1.911,0.999,2026-03-30 18:24:59.000000,Up
0x8e4bb82b15eeb3734d38670fbea66c888ec3d8f5540b1047897d30f5ce7fb329,0x4874f57886a65b50e85329f835a2ba3eacb35131,0xab7b246d5fc5688c532bc407d7acf641b538e21319f4358fb711ed6acfd21f1d,BUY,10.0,0.8,2026-05-15 03:17:40.000000,Down
0xf67645f81df942103a3c90301a057ccc24de2e9198bac7d36567ac9fc9823437,0x73770948625f86ea3bd865d5670fdbc3e1deb27b,0x24e1276752dc0d830b9788c8cf646453025ea29e54021b1e075c1fcbeef92083,BUY,9.473683,0.5699999672777736,2026-03-22 02:17:51.000000,Down
0x728b60016909524b64c246edbe4e494bfb12ce87c69830c8c104c80a15c96081,0xa2fac6cf9aed18d13270241dd4f477b9fa6d81a7,0x4c0fd32e3576d324da0dcc2da5142c8594ec596d93391b4ab7315b3e3f82233a,BUY,20.0,0.45,2026-03-29 06:25:04.000000,Up
0xc3d3a4802f8568a75b680b7cba8900bfc8779687b44616476be99e0c6f316d03,0xf2ae307ff9ee57d532a62dd330874f5f40cd74c0,0xdb28d4c398f7eacb4f0ddcf6265bcd252de23343ba97d0f6991dd58b3c765d64,BUY,51.0204,0.98,2026-03-23 20:49:41.000000,Down
0x9624ae645701e7c403d6d95e0bdcb836ce37bf89b92b1dca24832b2fa9cac12a,0xb040f38b1bfa2ef225f968c6e19d58993f68dbea,0x6f5af2d86ee479310f322872a0743b23fd522f6f1b12de44ce45774f8b89a10e,BUY,23.470587,0.5099999842355881,2026-05-09 13:58:15.000000,Up
0x963a695cbc0dd8104f9913b48df8f6d2f2dba2223abc01ed82891221b9b48d70,0xdd5ef115f801999575b03d78d0115ad8b2d59040,0x13829f6958430f488470f3b95429aa16ac1ea433e1e00002aab20d45d94217c8,BUY,11.0,0.48,2026-05-13 02:15:31.000000,Ducks
0xea52d94be73aab32d2f31f7cdb1cc6ffc8860098bb44166146bdf429fb156617,0xb373610901a6c3f22d1141bb6b828b0ed2cfc693,0x0e5176e22262ca5707c9ab1f9bccee9e8ef44efd3cf102553b944bbc40714566,BUY,1.928,0.5,2026-04-04 12:04:27.000000,Up
0xab574624d2dee315db13e59bfbbba9d954b0325fbdec85297c99c77fbcd94f24,0x84ad9c5c547a82ec9a08547b94bd922446e5bfb7,0x1f8772ff508a8cc25cdf81da4fdd0b7b209c1bb343c92bc4f7e02af2ba788a1c,BUY,39.0,0.83,2026-05-06 04:34:32.000000,Lizette Cabrera
0x0968ec97e1a88abbde91aa07cd409af973412e7bd6cfa18112f72bf0a3ca5a92,0xfc013900fd8ef7232d449aa2b19b77374e0b603b,0x39d0bfeac029403c6bd5d46b363a43877c8bf7e1f479b2b0083753727912a1a9,BUY,15.0,0.72,2026-03-29 12:27:48.000000,Down
0x6ad0fccf5974a744d4439d66f28a70097611155a625d04bf6dd0398126f1cd76,0xeaf86a9f6e15942e1e09118457a09f2d22c2d3eb,0xaf041e30a16c7c8c339cea861ac7bb1c11d145653a1465b446a6e3beb1d4ff9f,BUY,5.011607,0.5603389626808326,2026-04-27 11:51:10.000000,Down
0xe9e06d3f1af639e261a4e88bebc471e8971c0dee11f18e7f9efe39842abca362,0x777d4ba6bc9947bd97629e1b4e636dbbdc093f5b,0x50c2d1794c057eaff33add7f98a8bcbcff7da1228fce743c8dc60e81eccb6011,BUY,2.0053419999999997,0.47999982719988943,2026-04-01 18:23:01.000000,Down
0x108efacacc711ca8ff4fb6500aefaacb85b8105da86bbd7e9a5dcc2e05b6eba2,0x5d3cc45e538130b02c8f3c821638ec9cd350c298,0x9a1015707666722bda7b5be29db0e179959b250618b6061e044d0f652043de3c,BUY,1.7137,0.79,2026-04-18 03:53:38.000000,Down
0x2cd0bed8ebfa15f54f666094cdc440a5e338d7cd28a6d1ddfe72e33905424d74,0xd1a63a243042d864520512fbdbd2fd20e0ab1507,0xae6d3d20bc8f742922dc40880cd8a8671c10385a9912fa7cd670fba0643dfe96,BUY,47.53,0.82,2026-04-14 16:18:29.000000,No
0xff3f97d91017991d430bd0d2334af41278e8ed83aa280b4a7943f476fa9c0bc0,0x84e9bcc9fb780b895f551a18b609aa5d55f620c2,0xeb4e2fbe2b34843f69f36422e1f175cdf5f3fa73ed849fd9a8660f3f311d67ec,BUY,2.1208,0.5,2026-04-19 22:56:56.000000,Down
0x25b7d87993e1c68c278b99b19afe0d1638359c83b91b240e9ffc873602c61732,0x395bc8f37ac5e697ca3cff8b698043114c61ac27,0x59027b0cc21063ff7b0d4e9c84aaddfd5d829f87fc836b464b2207906c7cdac0,BUY,46.51,0.92,2026-05-11 08:09:37.000000,Down
0x1d76623663dc94c9030298d4e5604507946d5aebaf1e1261eafd6c2266a335b5,0xdded6e8ddba442e14684a48d0dd59619f7f713a2,0x0161ddb65e2a61d95c89c65edfa64ee4f3010fc8a7a8ed3d4fa42d81f46f9930,BUY,4.9964,0.99,2026-04-19 22:53:22.000000,Down
0xfde8562bf82f4b177a96bdde9d07f2640832434378a83d927f685bb7fc2f158f,0x78820911363d70462b71595b29a0ccf6f43d76bd,0xacad5ff9b37677bdc5060a339522102e3266cb93588836648aa038b814e9e0a6,BUY,18.0,0.5,2026-03-21 01:20:15.000000,Down
0x0f9e3ab02623aaf4db595be03c3368d3a4cf5d6794bbd10a51d7838a102b91ce,0x74ff920ae2c6314627395eaf42b10fbb0604be5b,0x597321aee29f327dabced2cb21f49f6cb9a8d295db8abf8fd11198fbd8391b1c,SELL,31.0,0.93,2026-05-15 11:28:33.000000,No
0xb323d4d4ed2f71f010705933e85e8a88ec7fda5665dd9f5086e059e5c1c0573a,0xc4417a2db143196550c2346a68252538c860ae93,0xb5244d5f96c5f2e13c6aaddb28857a90b3eae9aacad600a752e5bc09b8f1a718,BUY,2.08718,0.95,2026-04-01 12:14:03.000000,Down
0xe77327e5fbde1c6260288f908c179b86e2415749c8bd11845fe7605a68e8eff3,0x68be3434d4fa15c2f2466f3fc85a1566fd196270,0xda6293438c50b71777cfa237c0e359e0586e9b5255c25dfc4706a952d41aca2f,BUY,58.805,0.996,2026-03-29 21:40:14.000000,No
0x794a8a9b041ed2f3c7fb58e07cc031c8d36df931f3fa9c9a08d61592b0833512,0xfbb4ceff7a8f488610175800fab84ba1e23f85ca,0x3b52c7a9b2180345529e574e1c431ea6a00d100e0c664577fa5ff4be14250a13,BUY,100.0,0.53,2026-03-24 05:52:21.000000,Up
0x3be497c26fb5426ad7f106ec82f962e31e8829773d349581f36ab6ab2c10bbfd,0xa8ace72aef10568e44fb291b30f3d1ddeab62ddd,0x5b8b90a623dfe971197d1184328fcc6564cb9f9059ee752507efbdb8ef7787cd,BUY,10.869562,0.919999996319999,2026-03-30 18:27:59.000000,Yannick Hanfmann
0xaf40ab431081d5a2d59b13516332da77517d0cc9ddd38f16bdcf3c1672cf37c5,0xd029b13f2e562c77e2db3e5eda140cee79a44fc1,0x89bc18da7473d782a704efea01573c728348db8e09db263668261b19264de121,BUY,1.465908,0.879999972713158,2026-03-25 19:43:25.000000,Down
0x9bf7e85bd114c89c6d3108a812ca4be85797de9650009773ef1836af7531e388,0xaa05de09cee00b27ca514aadc0c601559008fed7,0x3e5cb4b6586154b9e5d0a352d37c53027dffe134e04f8896872de4ac9065fafd,BUY,5.391888,0.7399999777443448,2026-05-09 19:57:57.000000,Sentinels
0xec6d6e2c44121e42d84ee7c010cbd6e334d968323b2727dd65618e08139070b7,0x10c95474a829d67b6a41025da3b886f05719e999,0x25b2c17de318e338d813b1e090b596403a4fbde9bc493cfc0886016a26b90870,BUY,36.97336,0.99,2026-04-26 00:34:52.000000,Up
0x4243f658640c5c74a3a383ba0948726ae5dd90028b8d598014a0cfa87eca199c,0x4059fe8b1b5edb565ee833f51fe11ad0f6ed10f4,0x78b71e747aa71f82e10560a109aaff2747cd1a566391f63fe78090719e4a5e21,SELL,213.18,0.36485599024298715,2026-04-03 23:34:59.000000,Up
0xebcb56ac00adcf298a96517aa9fc986817ade9dc215a71cd6ee6c7a8f3bca9b5,0xd818a6bb585559dee55ca5defeb0f4f62692b0b3,0x34ae6edef62d01800a54869009ccd6b9a1e08260a276e2e2348b630eaec7079e,SELL,351.0,0.034,2026-03-21 23:05:57.000000,No
0x41ac079c97ce266441e3f1f2034c26f8cd5b80c7c8861742575ca7f178954a30,0x3c37217aa9d5d46c37d6ca5c1491f102f1d1da50,0xc75831d24fabad4f6ff9dc932a177b5a611d769a704b4ee446eb57add7a8fd51,SELL,1.05,0.999,2026-03-26 02:26:31.000000,Heat
0xea93b1447c49d59c83ec7a3e790b1d3ce80f82a28b7f57af13dab1a6dffd6a46,0x959e78c3b0d50fb0593fb9625a3424746d25507c,0x2c70ca6479caca8667c337c7d7130cd5e55c07fb7eedf103afcac00816061669,BUY,4.9964,0.99,2026-04-02 00:29:57.000000,Down
0x9816b93ed957ab603a5f116120c6101647620ff9d044f9200de0643aef4c2002,0xb158d6e369c7f5285200e9b0db6c9319ee5ba1ef,0xfe94e446a36a1a4fa5151efd15f0d1b93609c122159ad4e6dd8d2a9ab16065c1,BUY,5.0,0.5,2026-05-15 05:19:30.000000,Up
0x8cfe8ae31a98e7dbf868b1fe8c3eefa050f4a9378b4fcb9e847862dec3577866,0x7a2b07148294f5361605fd4090517ae0e1e8c97c,0xe60a405b6e22f88ae1199abb20a79cbb2e81e2fc16cb0275e804fd33edae1e81,BUY,10.0,0.83,2026-03-20 00:41:01.000000,Under
0x2f7cbfa505d539c579b9b62df762ba3105f486fd4219fa1e1c7f83324147dd14,0x4ce2d563d309d1d3d80f08eea114a194491fa9d0,0xe0f40dd4a8de5a04e237c12e00ca1e5a550e2c04e693d45f3cc554a4fffdf706,BUY,4.712,0.2,2026-04-17 03:13:04.000000,Down
0x423abc41a8e6ceb5768d1840af7401bac7f3c21be823c71b73034bf3685f1320,0x3e3d56773976bfb4b36fe16f28f7b15867b7bbfa,0xaa5013d038a95633e344054e812fe4daf77bb10d06b5396d91d2276c507ad4a9,BUY,98.039214,0.509999998572,2026-03-20 22:09:05.000000,Matteo Arnaldi
0x01f7e363aefded547c3f76af44cef3c0c03555df2dd7e9618a18ea8eccef157f,0xcc616f43113eb531e05f3bd6528bf554e1fab95c,0xd46cfabf7a499e619831a43d1e8ddcae4c0fab7a2b45207af067a3d2d75f468c,BUY,7.895342,0.859999984801165,2026-03-28 17:36:49.000000,Up
0x6b5d6b14744f00460227550dc9f70655a019a418ab90d794d086f1b7b716cff0,0x46bc5ee152296539cc9407bb4383a6e9f5864894,0xb46d6effb99e0bc5ddde2525e5d62febb56243dd67b0b7d5778b769f1284f93f,BUY,2.4076869999999997,0.5799999758333175,2026-04-03 23:37:59.000000,Up
0xb6a686041e065c67f3482053505540f4cf81c2d82c4fa68d36028905ecb29a71,0xaf58c062f7da0ba281efff11e197b63e0a072bf4,0x413c4f428155faf5e0465b1eee9e11dadbbdf31024efe031f4815208ae83a0d3,BUY,12.71,0.67,2026-05-09 19:56:02.000000,Cavaliers
0xc2f0a1f67f5f6d3dd800b7811bff7a2e812ea05b2a9d1521a3bf683ec05e0ba8,0x536be02af900fe046fa708c8059c04f737a2cee3,0x6ab1e35b52ec80fba6b05ce600ab7824ddd6f9d2b21a5bce59a6919df13d8d2f,BUY,4.802,0.45,2026-04-02 16:38:25.000000,Down
0x5417c718a566d05cbb86ea94f92c8a307f2f77aa459a63ae8b6fc85686a51593,0xf1addd3c7e01df23c3258ec690bbef8896546979,0x0637b509a471403f6b0057c915c45885e139b78189c081ea6d16c095e3322c62,BUY,40.984412999999996,0.6299999978284182,2026-04-26 10:11:20.000000,LGD Gaming
0x8c6da0743bf9bd242a1cb2491a5f7b30ae2fc643bd0fbf980c1a316f46da0759,0x8d0d6d9552e046ec6bba135bbdbed033d4d3982a,0x006e3bc30b325c9cd4e4a35e33738e7f49634dc353f8495303d511b875d8ad5b,BUY,17.180325,0.6099999854484709,2026-03-31 05:07:59.000000,Yes
0x59cb68e0e39bc59f9cdfdfc792aee8c0455645a507376d0fe1d72b864f4c29d3,0xe739add8c7c2658fcb5acfa66e102adb2d626b8e,0x66b906b8205f48a26beb8e553bbb1e7954e87e4f6e1d539823441221d1806e8f,BUY,52.18,0.993,2026-04-07 02:50:43.000000,No
0x4576a6263061efba992c5ad2d0813e059d7881ab568a93cf043217935071a308,0x4ce2d563d309d1d3d80f08eea114a194491fa9d0,0x2a55b4eb48f7f7c58985772c1189510883d7df8aec4dfb905e539e0c7d442c79,BUY,4.9172,0.77,2026-04-18 08:55:24.000000,Up
0xffcbccf57768fcd6c396892bd244fb44008552083f7b47fd17430b3b7766bec4,0x8d5f6f18dce67b75608b65271a48aeef48c8fbf0,0xe5b56e9bbeb1b4b55a253682ea76957d1f39dfa3fcdb707cf690686724a191c1,BUY,5.357141,0.27999991039996897,2026-03-20 10:17:09.000000,Down
0x061a0e2cc96ce3bd2eadd1eb160bef0de4d44e58eee6613917568e2396c48324,0xfac6f753e445b67e2eaae0f69a8dd06df443407e,0x4ca0c15c6f582d9340724a191e93c8d8070cd03dd413e2a93222f1be5129ac74,BUY,1.416934,0.6899999585999611,2026-04-26 22:41:50.000000,Up
0x02a236eef9bd7b34d3e5d04a23cca4c8330c174ae78674fa2351732a4e000d33,0xbc903293fe98fd7d4cb32eecf21e1523b863f6e8,0x144c6bacf9b47b0fee5e52d630a321f92c4d6ede45ed6e031a9cf0474f5e5b2a,BUY,3.030302,0.32999978219992593,2026-03-18 04:38:23.000000,Up
0xbc9bbbb1eebf8d29b7cf80a42cf7c8d749dbaeff365bf79847ddf2d3729ba783,0xdc20db9ad5dcb96787d9c501bf39df5ac0085606,0xe1aa3bdc4c5d5dbb225aea560d9097d7f8469c3977ca0af8f929eb510a8920a5,BUY,16.448821,0.5899999946899995,2026-04-09 11:35:29.000000,Down
0xd201f8fd310f22b7c77d588db3958b8d5da4ebf4882c730f43cb93beaea16737,0xe041d09715148a9a4a7a881a5580da2c0701f2e5,0x0557c388e8ce3c6a9d84f2c36aab4a45023b406be22dcd56ab70bb29f142d35c,BUY,5.098038,0.5099999254615207,2026-03-19 13:52:33.000000,Up
0xdac25c81d25321fb2693a3cf76df70c5c3986bd39e1ab38eca9285df80a5601b,0x60889af507ec3f9da136f38b1c58080bec32f361,0x6a31c0f948055dee80bf5f56a3ece14b594146307270fd58391419f91fefe51e,BUY,50.0,0.175416,2026-05-14 13:41:02.000000,Up
0x9f4ebfcbffc96bfb90d2fed6ba2089a2b5f3935f40cd0dd3f563a723dd9c3929,0x88ad6170a0017d37832ea460acb368133a329e5f,0xa8541e0b8f33e61cef8872f9a4164b2de2b94b18b308f21e35476d3bcf9f6394,SELL,86.26,0.999,2026-04-16 12:54:40.000000,Karolina Muchova
0x5cc0fe316724e555af1da6a1dca5251fa00f2033b1a852de2ba8e07f61544d30,0x5e020e19bc4cc2cd24ab9b406604ee9df02ab178,0x71f104b3ced5813bb6358f9c07dbcbc9512e801861322e22d6914665890f83a3,BUY,300.0,0.002,2026-04-10 18:47:49.000000,Yes
0x4e22c7829049593abbfa741a05b6e9704fe25f5899e51786f7777de44c85fb25,0x8339072f1872aaca325e42cbcdeb321d0ba765da,0x46ac551c7fa0ba25e9359c50a982d7a0b443067862590e12fd364ae3168bb301,BUY,19.43,0.05,2026-04-18 18:16:12.000000,SK Gaming
0xe2ed43db6c5d8daef273c5479f259febf63d392955258ff3060292a5d4e63409,0xd26d4e29b394c1b7e7d20e0216e736196cc37c20,0x4e0d47c0fc2bc113d5791a200ec894842a588813ee2e1cc9060577f95fc9cc0e,SELL,3.04,0.77,2026-04-03 06:11:03.000000,Up
0x23942766656f3ce9438e761b8c88fc4b3f9ba18cb3c3661b66b0c15593de490e,0xe259a26e9f04f7582673b5000eff052fa9906768,0x3ee042cc0612cea47db01615ed8bf624666f1af21ae87d37ea8be9d65240ad59,SELL,1.92,0.01,2026-04-01 02:24:37.000000,Up
0x83ecb8b94808e5d64389a994493601ed8837029e8c5e6e44f69ae5290fb3705d,0xa30d3c1267edad8d93a06ba109c55539c37729e8,0x7fbb8a3dac3e0aa4d7cd793cd7a8b9825e60ce8cd8642f3b3e619ec4acfd02fa,SELL,1.7,0.79,2026-05-11 06:11:16.000000,Up
0x0b18d91eac9ded1293e023b811846048f18e9965fce192d384e0ff8b063340a7,0x19cd345dcd11a9f1aedb29fc45577d8d57a0af9a,0xc0a08748e0cc3ee4f1162e75a8d55842626990c5ccb5b1f5267484327d43d260,BUY,3.4096,0.68,2026-04-17 03:13:02.000000,Up
0x20e623bd2338c7c74306e4b897102f1c18e8396c750c9594ec6d6a14f4fad8e4,0xa509ae942ac8d8bc3f8c5df30cb6ae2c9b13ae46,0x3aaf9bb8b49ba36ff5689517b9a3756efd6bb41bbe38b078acd3964255dd0f04,BUY,30.0,0.2,2026-05-10 06:06:56.000000,En-Shuo Liang
0x34674513f6c081fa086a30ff478131db0208dbe8239d58795af01885172ab0e2,0x73e9ff9f7d0970b26e1f8338f644e28c311c77c2,0x0bd76067fa8f61067401654534d6049aeb2b5154648089dd69c741f3a6f21f93,BUY,13.559980000000001,0.67,2026-04-14 13:03:09.000000,Up
0xea752a5b7e19a5c8882aa5ee2ab05928fd80f05db627555c24a1b817eff80010,0x04f1eabdb7ac986484074dd897a47920e5a78438,0x1f0bf6af9e8e9960525b9f93c04bb79a4ec68e91c91f0503fb11a1c8bc421bda,BUY,9.5896,0.43,2026-04-26 04:55:10.000000,Up
0x67ade505ca89e0e5210ea707988a5c3375079edd4c58ef40d10aabe51e1fc68d,0x418bfab40ec0248d23ca7a6a55e7ac58ee4da741,0x2991f394a1df3d7e0b2ae13f43fac72daa29b08bb7c77a3161c587535cce079c,SELL,50.18,0.71,2026-04-01 22:33:21.000000,Up
0x34ba4cefe209d83d64411cff01d702395f469daf038f5e64d530e027472c5089,0xbce2ae81dded77a0fdf69c4ea2b4869d6b5d0ab4,0xae8ab4b29645c60ddcf3d8cdac07a3caa8e4cadd69b82f0e1872ac44bda575ad,BUY,48.0,0.99,2026-04-29 06:28:50.000000,Yes
0xdb9a2d007055091af9f652216f6456d66006a4c4063752c13fcfdb97fa3aca54,0xc618c13623ba6c014c29c1adab01ea7518bc6e8f,0xdd015985e870726ae06fd210d73bb20a7a46d4a482450e97a8f30ba229a1b64b,SELL,0.85,0.9,2026-03-24 07:55:33.000000,Up
0xfa3d38743760d1f6968d8e6706da9c2502b2a8e07b6042e65e938d7cd4a24236,0x6db5aa373d786bad1b559aeed486d68f3df84b85,0x15ff0a8cdd985736635b199ac4390c8d24504055a2c818950b1b86202f745e2e,BUY,17.39088,0.53,2026-04-20 14:30:12.000000,Down
0xfcee05586894d1b5b28e5c7720c4ee38705e73f974f9d2e1630f92f548bd8bb8,0x802ec22a15b5664d8d18c10ca71fe1b62398536c,0x3a18fca65d3463bccb3f11ec20a4e0925b2d3a8d67f26cb42df83f7447111d1a,BUY,2.08,0.75,2026-04-29 21:36:26.000000,Up
0x7b9ba7fefe6a1bcaa14e1a041d72d6ad4f42934d0b22999f31e0dcd5e74eea1b,0x27091ce48a08a3e21d63c42d33428cf1e55d20f5,0x635b454fb6d3d2606eb79227cbf6af0ecbb06b0ec4bf6899130e9020f83b63d3,BUY,11.0,0.15,2026-05-09 02:09:30.000000,Down
0xdc3eb31583cfaefee29fc02c2a9b3283e0dbeb2754f41570f3c1908c5e70ceb9,0xda8f19a077db26a7c640bd5055e0a750665f83d9,0xadb21018030b6464694591c529813a102c715cdb01d72e0ef98327f21877a6ec,BUY,11.54208,0.47,2026-04-16 10:52:06.000000,Down
0x211c7f793ab76b791dcfcf358bb6d4cb7e7f9d7f45acbdb5305277d909a334bd,0x21394ccc3c73e6faa1225a9e676e6ec7e3e619a1,0x7d73453076b69d7f70e78f6907223c8407f6cce71a3b9ddc9391942bd512f379,BUY,1.802629,0.7599999778101872,2026-05-12 02:41:41.000000,Ilya Ivashka
0xcc3997d1910cd34ab179fc28fa88ed3eff20d3585f0c485a33210c642c9d2881,0x236e135e2774c7f5b05d4b47373fb7d72502811c,0x16f26c2684850b3701aa700754cd842082bfc076363ef3a15c008d61de206564,BUY,6.06,0.39,2026-03-22 02:16:13.000000,Up
0x2d5323b9427c2d56d27bab336cd29a3c459d427ed17ef5786cba30a58aaed454,0xefe56c5aad177d69071067b79bf0c75b7f4258bc,0xda7be8337468a7b00a81b2696fb32663ecdd9e83100be672c98b9a816e518277,SELL,12.04,0.999,2026-05-06 10:29:46.000000,Yes
0x42fdc78d5442a3d50a7cba15a80741704ad312d8be34550b01b1b9613cd5ad4d,0x04283f2fef49d70d8c55ab240450d17a65bf85b1,0x6a0d217c91657213f9188bde2c85129494938637e649886decc65615c80e599a,BUY,12.40096,0.36,2026-04-03 21:34:37.000000,Down
0xc444b603b0f4ab29f21cf95336408cda5206dd7910ecb759f6f8d62be388ee30,0x0f72b15116527de367457f8cf6a06d2bccf7a688,0xa55ecb4fe7a75ffc9bb36ce40877c607c0f76ffbe3bb71bcfa23d56c87844ab1,SELL,8.0,0.8,2026-05-13 02:11:17.000000,Down
0xb454d577d325c115283e9598780e2edd0c0f7a54199b4f8849cb9f5465efc322,0x784feec38475dc47e63c3a16cbd24b905dab5df9,0xc4c3dbcc37a957a817599b0bf9fb5bd6b62b19210b0f527fec57cb75c7ed150a,SELL,20000.0,0.65,2026-04-18 17:11:06.000000,Yes
0x91b1a880d6253fd06d8fdb94021ef7409d38b788bb0509fcd2da8e279addfd02,0x83c82ead85134e9beb0324af7196991068153b6c,0x663071201b8fa73c276d685547818ced550465b5a830bedbe6af2d7f2fe9fc26,BUY,11.627905,0.4299999870999978,2026-03-19 12:24:53.000000,L1ga Team
0x3b3192a5ee27b4e5fa78855e2efaba110df36f5c6fb29186b3d7bafca588f10c,0x8e15f0f862a8fd540373092e37626a5a2254b101,0x8eb8f2b084e4e18af818f4c1b29de00022167bddaac3840f75f55e1fa0d4723f,BUY,85.46,0.57,2026-03-27 11:01:13.000000,Down
0x76b9aa21031c7475a2a1a15875e7d5bde9de14d4c20e7b5e44b3157ad4cd0a4b,0x923ce8056c1aee5597cd8f569ebe102816733bf2,0x37b9736858bb6e64959fed3e6873d19525690baf8b0a318969bb4d26e94e6f60,SELL,4.26,0.5,2026-03-20 04:54:07.000000,Down
0x66b3a611b79983d5a357cb8236aefbf22ea26013bfbc49e092a533cd3f1d0328,0xfd362aff04f58dd1e6abd927bfca73c644d811b4,0x04c8124a4f6622a9e7781aaac734100fc95fa99d5a92bc0d731cc832af172a26,BUY,5.0,0.46,2026-04-29 17:30:14.000000,Up
0x5830f6c93f2130530c9ee9a8aab178e566cafc159aa7f0ab294c7e6c1b172054,0x302e56bfa6a8e52964a30d781efe980112d9e97f,0xe6cec8ba3da754d43fc48a86bc84fbba57b48fc43b2d242bf6f4b165e9b7461e,BUY,23.272,0.04,2026-04-10 11:44:19.000000,Up
0x5c6891aa92c1964479c313b0ae7e8372fd0391e626cfc3bd6118dd88f640ea08,0x6b562649742bd5cb3a031037374651bc7096cb87,0xd1defc9ae2579d9ac3fffd5a09f3af1865f968eb1f54db80111b9b5aa0690795,BUY,149.892,0.99,2026-04-16 04:07:46.000000,Up
0xa9aec96b076fff16ae2857e294178896529b93899069c0c29c830d9d48720115,0xb02188c268290bb758d6c261bdf4e552c6e1ebd9,0x587f2e1907fa771adf801e5ca523911d28825617932b0f422f1c08d27109cc3c,BUY,15.0,0.54,2026-04-28 19:07:42.000000,Down
0x585c440eca9159e3e0d36048d7e72d3b1f893f53d141dbaa9039b525ab4d5e9a,0xe1d6b51521bd4365769199f392f9818661bd907c,0x1ec3304415bb314a9729fe5fdff6ad2293fb83406dc22282a7a7ee852ff293a2,BUY,24.063519999999997,0.4,2026-04-17 12:27:44.000000,Down
0x19aa08f14b8554d1600cc33c514387b93890c89a750c9df5993d4851e54db56d,0x76f317532219ce75a7653f43f9ca21cb49b58fc1,0xd1455336e2740760a2d3b55e86555be408421c7b5208b185568d8a99dd27c57a,BUY,57.8832,0.51,2026-04-09 19:46:09.000000,Down
0xec03fb427d2fc819d866b644d4cbb64a61683c7879e6b64da0f2a323d01cabec,0xeee528cadb50b0185ecfc88c8a9e041adc417bf8,0x210a9ad724970044fd78fb8b5b09fa5a4dd60dd7c2943ead6223b190c10b307b,BUY,10.092305,0.6499999752286519,2026-03-25 07:40:51.000000,Up
0xf5eebd544b8a529aa0ba1dc981d92ffed8210cceb477927a9348c8bb038e2654,0xb2005013643ecf63e84e653726e1a38450acbc94,0x1fbf7e67a404e4d2fc09f6c3598fef80776f61988e44de297e0e412402420003,SELL,45.18,0.04,2026-04-27 23:06:20.000000,Yes
0x5defa7686b246548af76e59ce01acac97da79399ff6443d41a74a659f85fb0f0,0x17b4aa863bf1add299f3ece1a54a9bf19cf44d48,0xa70079cf7c1579eccdc55085c8c6f682b319f00125f80d1843bb72cc220a30cc,BUY,102.0,0.999,2026-05-13 07:48:48.000000,No
0x3d79049439eaee1baf7c9f2851c734bbe3e91a9e4347d5c8fb3e088c54dbcd6c,0xe983625dca60b50266aa0fce6ccf33327cd5093a,0x665b24dbc72d1e76939a76cae045e1fac29a05f295a56b3f57a30fd8e1e54a42,BUY,10.0,0.5,2026-05-09 21:04:27.000000,Down
0x82b2c8a0802d7f5f67d9b0f310eaf76f1fead620a883f9369592cd28e5fd6e80,0x8194c66fbe164736f6d447d7e95d58430fc833df,0xc7d708dbada51bfba708399bf27b7a11d410ab28f8459d6789eef452346688c3,BUY,4.8416,0.56,2026-04-05 00:15:23.000000,Up
0x988642d96c763a5aa54e79408ad3bc155473e3a39797e878ed9d62cbaba46f1a,0x719004b285e9cf5656e62aed9cdb175ea0d77151,0xf79255592be3fe46479b95ac3454209ffe89e9368f2dc0a36249b32bf0bda4c5,BUY,8.975577,0.669999990211036,2026-04-27 13:54:12.000000,Down
0xb93d35bbe9b0c20cdfc8e52e7e6604f1b5f90bb7437854561d1fcd81ec66bb62,0xcb12331290a2995c88eafa1b0252f40ba114cf72,0xf1b8f38bc6bd6cee76cc616f2343364765aebfe6da8a5642cc804a9deeaaf29b,SELL,50.0,0.99,2026-04-03 05:14:13.000000,Down
0x001b57c07efe2bbc5a2ef930dd4518001aa564c2afc911d7e121325d28026993,0xafc5ecc8f6174a09d06736c2e554601bfa9f741f,0x65c91dfacbb5fae2fb6d9191295551dbfbe9e3d789140fadbb52e2a6d7167e92,BUY,390.91555,0.997,2026-04-04 00:33:45.000000,Yes
0x26c975a4f9e28c1c02267ad644f6ddb07e20c6fdf9ef9bf7f36bc08205636173,0xc6dd722558dbfbd8fa780efcbe819ed8c6604b9f,0x348cd9adf4f6855f58bd9c6dbf9ff251c4142ef77233a5dc95c65b4b61cd2187,SELL,3052.3,0.5525330406578646,2026-05-06 21:51:03.000000,Yes
0x545ef281e84c673b7370e2666c94af62e650b145b6e2baa8e5193d56eff4229e,0xa84edaf1a562eabb463dc6cf4c3e9c407a5edbeb,0xfdd750eb233a906cd5942e18981b8d2803d5b60100cd53634503a7f8ce084ca6,BUY,5.0,0.98,2026-03-29 14:34:34.000000,Up
0xedc177d8f3881c45a336d53faf2069ffdc11705311e9ccce400d1620c7c32e85,0x17774ee04f7ab8804ac0481ed76a8b61667cd59c,0x52e2ba45794b0afcf0fc1ffea4bf8b174daa7f6c7541bf3f9864071c174dd003,BUY,1.891613,0.5099998316998873,2026-04-14 09:01:43.000000,Down
0x2320c9654b11581febe07e11710db17893828cb598417abdc9d8b3c4f2031a92,0x537494c54dee9162534675712f2e625c9713042e,0x8357f381152421ef871e0573a6c82c53377460e73a1596fd607d2ccb0f1b8cf9,BUY,6.0,0.88,2026-03-21 01:17:21.000000,Down
0xe5ae380a65c80bce83d4e1fe5e0107c431b39576971da9323ccaba7e319186e9,0x23d18416645924e097c453e8ceadd4bfeb6a353f,0x145d2b560302dc7e82ef4cb285333ae45795152a9bddd2759b1179acc2874bad,SELL,5.0,0.04,2026-04-09 05:12:01.000000,Yes
0xdc42d9f53415eb0a7e226da5b683ec8af06b1fde57c2693be7ad0d0ad08e7c30,0xe8d4cbe6970bdd44ceedef731a68fba6fd63651c,0xc1622b60407f952dd452b97952503834c19a5b39a5bf9a1d1ec27807f1e72008,BUY,6.296295,0.2699998967646846,2026-03-18 17:11:07.000000,Down
0xce4e477f3373a5491178bc023067768ca4a89f20f26e9b8036c468fb9982b44a,0x16bc7faccdb6dedd07d47333a6f06fef635dd23a,0xacea50020eb0e49407368a52a499f1501c99a03be5744db0ced52bc8d7e9bb7c,BUY,20.0,0.05,2026-03-30 17:21:51.000000,Up
0x04e3c42e80c60154f81018c9807dc8dd39ed7e1b018e867eaa78cef779769529,0xf399ad401d75b4ba8ed9843cb6e208edfbbd7340,0xe7207792ec918345c09923477248e2350efab36652ffb0869da7381bf23722d1,BUY,31.25,0.16,2026-03-25 18:42:51.000000,Up
0x50b334a6aff558d6b1950c086f85ebf6bab8029900e7f827a2f8321fd9a873b7,0x962cf6655629d7d931776f97bafd8225a1591866,0xd6c2c3010c3bbec5c6e1a2695345758b850cb3c4e8859f5418b522e3b6b01937,SELL,5.0,0.999,2026-04-16 13:54:10.000000,Down
0xd158405dd87a2f5edc8c35b315db85a0855f0b01afa57593c6631fa24cb9a618,0x6f07ed547f7c7b2ab737e99896f9394c1877c4f7,0xb928c0ad9d56465e7122c6a9847c623f792325deaaaad280c5e60ae95fbcd3e3,BUY,35.0,0.14,2026-03-25 21:53:41.000000,Down
0xea335ea2f8c6e668ee2e116f72292776b6fbd27caa5fd3efe6c077ad2fe1d667,0x56326094cc43ae2d3df3c40f47285f9217a175e6,0x6907d69c84f81b6edae6f66c5d08a7ec1eaaa8c72d511e837042f12eaa89a773,BUY,15.0,0.4,2026-03-23 04:03:27.000000,Down
0x3dc4777bc4019e32f694dd9a29c0dfb217c50169b79720eeb3f7fe1fbf14e12d,0xaa82fb604f5592049a9deed8884a2fc2587eedc5,0x496d1f59c9212d7e1cda912505008bfe10bbf0e8ab884545f0fd6068ed9d6ec0,BUY,42.09472,0.95,2026-03-24 03:45:25.000000,Up
0x1a70e0c65b546049c722ab5846ef71353998d8739b1460753cb07a30c4c34dbc,0x040cc7b8f279927ee2a37b6f737289d326983326,0xfae020222d1032ae627d8f447437dfa3510dbde7667649570748d1f2c52146c7,BUY,10.0,0.99,2026-04-30 00:44:40.000000,Down
0xda049314a032e4838ecb742414a11346963aae80c9b3ddfab5ec41762abf59a5,0xac21837aa6a778f7dc1a7a2fae9524eed6382837,0xb58e8017568d7dbda2b7d8d9bb3f54540fdec86c4581d48b09d06513b0c0d7b1,BUY,5.0,0.62,2026-03-19 18:10:27.000000,Up
0xc567b2e025cb77785b22a97cd2637ec1a1536a3df5a6112599655671d0ab3f4b,0x82153db38bb419ab48a55cb0f471ed7ffb701279,0xda8b2e70967398d2d829d61d7afe048528ad9da75ad997c838f6d69925df4406,BUY,5.0,0.06,2026-05-11 04:03:34.000000,Yes
0x6ede4d4880a3127c280187a59ba4603ed30794746cc21c90af36efcf593a56c0,0x16fe6fa4eb99404fb5499c2d403e89f5adbe1ddc,0x29b94c94c285befa6618c4971ab9b4d496641074fe4dd3aa5e75ca4d8cbe3e9e,SELL,15.94,0.001,2026-04-09 19:45:37.000000,Yes
0x6fb5b2037e0ede9a6a29806d8f0dea0a9ddbf992499a3b8635daa89ecae2b276,0x77bcf759a5bbbf604a52d839d5f68ead4c78b91b,0x8fa494c55fba0ad22b355bac7cf3b7902dcc112b0526ebea03e2aa5d6434c4ed,BUY,348.1569,0.73,2026-04-08 19:11:05.000000,Under
0xdd72e15b1941a0bced33a041a3c16a310c5abf01baf07eabc2a450c01e857220,0x603b5505443ea9907151dee816c7770a27d0c9c9,0x4a7a1f56a5f35d9362c7729db085cace7f254a4eaeb12cd3a628e61ccc83c757,BUY,55.0,0.02,2026-03-21 04:33:45.000000,Up
0x830fa613726dfd254a490dca6477ebac7a9a69be57beae265887177cf044fa38,0xc07b15b44c5e6c5330fa9fc202b8df51b6858942,0x39d0bfeac029403c6bd5d46b363a43877c8bf7e1f479b2b0083753727912a1a9,BUY,102.04,0.46,2026-03-29 12:27:26.000000,Up
0x86f5395da3ee0c27d2c61189e281aafc114d5679c58bb12562ad343d4c166ebe,0xce0554c84776e1533adf31c8e5a129d04dee13c5,0x867a4c34687a30a5a4fb4222155f444c519664a0c0a01ce2b5de367216686ec6,BUY,16.810342,0.5799999785846118,2026-05-06 11:30:10.000000,Up
0x74c6a0c0f83319051fcbe0cfadd14ebd81a456806f0dd12c9f29606338a94e13,0xa3282d3e882501229c75d0caf134e62e3afb4977,0x0f8a16fa8809127bc86712e24cea9314cf1eb000c69150ff01b9f10f166903f5,BUY,76.0,0.97,2026-04-28 15:00:08.000000,No
0xf3591bf19ee52c39ae470cfd485eee385e1c72396f34737117aaa92100da38c3,0x9412cdfc1e3171e1aabb013d0f494986445d0cd0,0x15ff0a8cdd985736635b199ac4390c8d24504055a2c818950b1b86202f745e2e,BUY,48.38,0.55,2026-04-20 14:33:56.000000,Down
0xc5aea70179dbd4262cafbd5ad00e6d31c317c1f7502edf7301ac6062e8afde1a,0xedae3edded663fb9f048f10184d505ba46e29e89,0xe048e251f6893b723a8b73906dc001380f0be08b803157fccb2c33c30170ca88,BUY,195.62,0.007,2026-05-15 03:14:33.000000,No
0x21e9480455139d14252a76d8155017ddf0697300005863c3c4607c9721436797,0xe0229e10a858860218b6132f4234602c47bd6603,0x28e9348642a515a6e354794a633c0cac2109cc600384a6e7f1da7ea8e6b20db7,BUY,10.0,0.45,2026-05-14 11:37:13.000000,Up
0xb7fa3bb8ed5fc3f6e52fe122df4d368964ab62d8b982e633735cdee6ae15919f,0x11e7740bc4f6f16f4c56bcdc8abda23f0863d3c2,0x32ee5f84711c9a1656bf4c88adb415fb83b62a341e6237bf5eda295e82292335,BUY,4.925968,0.5499999214285546,2026-04-18 14:06:48.000000,Up
0xacdf318113625affc89eabf3079ca48ba616af3f257c6dbb35af2a591e93d832,0x335006f0b1a7b59f6ded377ac3f8dc46d509757d,0xeab95fc90fa721d145bc9f9925fac824b9001a051554a2a4a3be2a28dda7c123,BUY,116.767242,0.20999999499230762,2026-04-03 13:21:39.000000,Down
0xb50f6343d4647a89f32f95a384265e505545bdbed2a94e267b54884e524b5cb3,0x732f189193d7a8c8bc8d8eb91f501a22736af081,0x43669b265c0a07957febe8d5af6394045352c5f8d96d8e5811411b4a9c11641b,BUY,15.0,0.9,2026-03-29 02:52:56.000000,Up
0x24a10284df77074bbb5ecfce15a962206b03ef586d19cdb2187cc7b830b8905a,0xafa5823e7885412ca3848042abd17f0f8554ab3a,0x3e6a9618f5407c2e809f2864f18aa0e532df21c729b38ed471eb34cfbd40a224,BUY,13.113,0.999,2026-05-08 19:47:16.000000,No
0x0ecb5bc1424fe0b073c80f6cf41cc409d79114c79c00dc6d179e780149eab9da,0x5cef924fce456e93f9c855afb3c3c83c5e9c2c1d,0x28b9eaf1acacc8c3c43e7f701910948cfc4c0c06a9095da78e10aac614b6f705,BUY,15.03,0.998,2026-05-10 07:22:21.000000,No
0xa2974967de0f10a2e701c8f1abd612370ebe514aed865cd65bded2563d41c4a2,0xf3a710078c35b891cc0ce98c1badaa023a4f2fd8,0x12ded62297bf0230880001275eae1a97f2f211332aa63e27fd5a9ed79f01f016,BUY,79.6544,0.94,2026-04-18 12:05:44.000000,Up
0x193079c5acd6ef931d03e0b75ca52f773a640d33ac911ee7f0777e39e35971b9,0x269896326a3f498d0004cf2a91f482207cce1b8f,0x4a5be2b3cb7d13e72b14a5fc50815e0d3f62937c9746e6094127f41785a69235,BUY,2.666664,0.75,2026-05-15 07:24:32.000000,No
0xd802ebd8f0d834d901e4c281536092ae1c50c96413c709cf223ae30140716345,0xb4d2499b6cabd0bb93672bb17c5ae47101759ee1,0xc9cc7d8c745e3834e7d971ee789fc5c83d6757fe7733e0b82ae83cee8239a765,BUY,59.1,0.88,2026-03-30 04:21:44.000000,Up
0x0b4a94bb930f69a25287f49010943112240cb5a399368913326b6880a475cbf1,0xae0eb86209077121cb2bff65d0cc7d1bbec36639,0x683b0254bde8d1ef08206953015629f25b9869d9770807baab939f6aaba4ae5c,BUY,61.122,0.998,2026-03-30 09:53:52.000000,No
0x0ec12940da219e7c82df8df7aa3e255a029b77ac8d4188698f3eee207f120f64,0xadaec68c391d6d011382fd9fbcd3a25c8d4392ca,0x31f66348e3ab85c7ba211f840c96b6ae30fd65fe3674aa0edbbdbac4ffebb29b,BUY,2.485901,0.3899998478999072,2026-04-08 16:03:39.000000,Yes
0x8b8595f77f35c4a78cacc6f5be27cb35615dc4ed10105f3319773b3d1d7ad56e,0x516f8bc5b5dc97aab05e784a6d5e032931c1dbcf,0x7451355e547279b7dcdaa841acc9e893ed9549fe4027a12ad7f01648e176f58b,SELL,5.0,0.34,2026-05-09 11:42:49.000000,Down
0x761b4eb8dbcad02235bebf1165a8a470b42d4162af3597129b7ca9e2699d896a,0x04b6d7e930cf9e493c5e6ef24b496294f95594c8,0x650dda4d875b6a2985555cfd70bf60e6d2857f923a861ad2e42911bcd010353f,BUY,103.266665,0.08715299365966743,2026-04-29 08:38:12.000000,Down
0x38086d7a180de4dcb3091f24f2456f5802b89fbe47af342e3b7ab232b8f51295,0x5cd2d9b49d142e8ea3ecf2e0bfa2ed49ae87e254,0x67df5fe279a22dd4b396272ee7f4f7babd115ca74f6fcafcb6af7c877900c9bb,BUY,1.9786,0.64,2026-04-20 23:43:04.000000,Down
0xbdce0f8299f81ff49004e9136739a389eec5d8a799531af93d634b805c417a4b,0xf0c02e9dd99ba0550cde95a479e983dbb7132489,0xdffb85e9c3512b18433de1eb0dcd63145d657591ed07428f0871c9a2884d8df6,BUY,1.3790479999999998,0.7099999431998909,2026-04-17 23:45:52.000000,Down
0x3a18de73fbbfb09d8d6c0fa49b24bc23b52df90075289303982a33efa16edc2c,0x121e25056b3db2d60ef90957a7cb4b327b878da2,0x3e442fd02c3b8c2655518fff424e8522bb7f75212bf51225f74e8022de27d3cd,BUY,2.2842,0.95,2026-03-20 05:54:45.000000,Down
0x433ab5b1099c08b4daeefe261b29d4ab1535cb4a2d0181273be27c23c7c13be2,0x6ffa52170939295139abeb4a85d82a44f76ed72d,0x00b28e37776a7f2f56ceec3bc4cf4f49d832b1c9db1ddd1cb597fb4438918f95,BUY,30.810622,0.030190005214422916,2026-04-18 16:07:22.000000,No
0x53f97263792284ded127cc983017424d2fd2d9b18947ab9659d0747407b345d0,0xbf167321cdb041eb7c821d1ae0160b7089f59c6f,0xf1fce5b5df118c4e1225d47a3bda9c609e0a6d1505ca3745b7192638946c8ddb,BUY,2.042283,0.5199999243635786,2026-04-10 20:48:13.000000,Up
0x41dd0d42f6c7208754bf4b13470bcce39a80816badd7f09a91eddfe165174148,0xa037872a30b0575c3c85b54377b45d3ea1d78824,0xd9ef56c5bd409eaa6ec33b14204e25cffeda4cac07d55bdb25b84144c2f5a0e6,BUY,9.995,0.99,2026-04-01 16:25:43.000000,No
0xb1f43d7c767702f259ad1f17ff7365ffccaee633cbbd4b9a8c1fee5858ace3aa,0xc05cf4c257eeb43b45539a7f2aadc1ba2a47e640,0xe2d5fe5eaeede4e0af6997d3eb45915994e7f2b1748d59bd62edfac4eb1151ea,BUY,13.432329000000001,0.729999987589999,2026-04-19 09:35:24.000000,Up
0x4c7a5c4f2aa1434c496900518aa33a02a982e262171b890bd07761d6ae6ad229,0xc4a31b3a632f5f2b5c8e6f5d38dddaacc306e55e,0x6907d69c84f81b6edae6f66c5d08a7ec1eaaa8c72d511e837042f12eaa89a773,BUY,10.0,0.4,2026-03-23 04:01:43.000000,Down
0x2051df79d9ccf30ab9819a7793373123602e14e076cacee1247a3dc2b6f9077d,0xff9fca389bcc97fdf961abbe9df4a19fd4a28155,0xf8092147d4271c3647c6fa796c6367e681218069d556f3d68758b8f0350a3636,BUY,3.11844,0.99,2026-04-18 14:05:40.000000,No
0xee4c1c2f8c437d611880ba2503a70fda5292be439ea874468081f14fb2597931,0x8f98f63052eda0da9f27e74c589bcb52bc81bb24,0x7ffc298ee339f2bd8b8eef3d07bbd918f39b3751c48e3f0cde2e8dddff8cd554,BUY,2.173912,0.4599997607998852,2026-05-08 16:46:08.000000,Up
0xa3b40ce619089b804fb9193ff77a0fd51265f201daa1a69785494d6925f5b2a9,0x2cb8bec5bc9fe2b75899fdf1cdd5647f9eb6c0b0,0x6930e1f825759849d39cd627214bcd1735aa640a84ee84030f3933de507880d8,BUY,39.1,0.25,2026-04-18 02:51:32.000000,Warriors
0xdc7b4f0a270c0dbbc28e2b9975337c16311bec9ecadb797289a2ad3b380efe83,0x407c9cbcd29fb784e03b4eeb9edb450a5b3d8b99,0xf92359b3b406671a9f1ebc49e5a797ce79d384a34056e3f2ee7cb315c31d5bc0,BUY,4.04255,0.94,2026-03-28 22:43:52.000000,Down
0x7a9039c70494f1ce768f67c4d52435dc7d97d4e2bcc4a004784d8c01aa69cbf9,0x7c81305d63a40e48bcc0c71b17183a8b0649394f,0xb8243b756e2bf04b81f606ebed1d56c32954454c8e3da94f157ca1b852d33ad4,SELL,3.02,0.97,2026-04-16 14:58:54.000000,Down
0x99f4b13be77def7c9ad8af28a8f5831ee5eda4e7add6f82a9ee94b30bf6a570b,0x2e0cdd6a0884d56c2540eb1f4a14de9baafd54a7,0x772b3a5661ddce17ff96dc23340a16deaab502e689b4133ba28fb4f8a50ad8c3,BUY,100.357141,0.4155160119597269,2026-03-19 02:53:11.000000,Up
0x09321e5e32681f7c52495f24238362f848a1aea3fab9e758f49a776461737aa2,0x01908ddbc584448a8fd79e682ba4a478f1f53e18,0x43ba7d52615bbb84ec778a033df724628ceaa30e69431d6867db7ed3f439539c,SELL,5.0,0.5,2026-04-09 09:32:11.000000,Up
0xef0fc601138ea8bdfc94307e1c94a950cecdb47d50e9708bf2deab9832157a5b,0xd2a7b8e305cc7173b345b950daa483faf7d3d54d,0x35c346d4596c9e7c6f86e386277c2b445235ff620c893de4b71c8b6e69643516,BUY,7.142856,0.13999988239998118,2026-04-29 02:46:28.000000,Down
0x7a242a2a2b91f6cb26f384cede6566c789742c449d6f05e7298ff14d4f6fed25,0x238fe4e0de4e680d94b8f008b363ef4b85792c4f,0x9a8daa1311795a7acfac74f4fbb6d24345214c6aa8e33a9578222dc531cf28f4,BUY,4.741378,0.5799999493818042,2026-03-25 12:12:07.000000,Up
0x90379ef8556582de5d98e388b39d9049e0ab1eb089908f4d15e8eb710be6fa67,0x3c32ba9823ee22fa18164acfe0ab9386372770df,0x4e6578c111ba8b5dd7c6fa8379b669b2799325479feea4c41cddb18238004728,BUY,1.369862,0.7299998101998596,2026-04-28 15:00:44.000000,Up
0xdc660596a7ccea3b153ec39b2239e1536b6bd3c4de825234f2d9d9f3ec5132f9,0x17b4aa863bf1add299f3ece1a54a9bf19cf44d48,0x4d5f5e9772a2f2aebc236987a1b29290f0394ab414d53661d41d23b3cc111596,BUY,125.56,0.998,2026-03-28 23:41:38.000000,No
0xbe53dc70e20f7f4a581fb2e0ed9feb2fd75d5402b828f90efb84dd90e6771d88,0x3c2672694f2ecbf59b9b44e3608f1717b2cbe122,0xa8031db8af36db399a3747994ebafc7fc24d6193d464954f7cc03b47fd62a512,BUY,9.95033,0.5545914396887159,2026-04-27 15:55:56.000000,Down
0x521fcc81b6f57221758b8a74ec9ca01ccda13be2dd746f392c47a085b21630d0,0x476639d9845d7a0261cb005dae6473f089ff5a03,0xb99c4eeafa14499bc9fd3d60043dd27f64e1ce60bf2fa5b1b439cae4f7288ec6,BUY,20.0,0.595825,2026-05-06 16:38:11.000000,Up
0x84f9d1902810eb32be94ad2fa831beccce6cf65c35d2ecd3d16af20b70b8043e,0x3d322396ab1447ffa9d2974f5c61f8d834caa2a7,0x76427727d73ffa3474206623938d53b98a544e9d641267153d4956057df0bf18,BUY,14.622,0.65,2026-04-23 02:41:26.000000,Down
0xcbe11b5277b07cc12505f18ec04e97bc56ed511ea1dd6d141f1e3031e80e052f,0x9b24c1e422a81b45288a665d1c18cab6cb56ab1b,0xdb28d4c398f7eacb4f0ddcf6265bcd252de23343ba97d0f6991dd58b3c765d64,BUY,50.0,0.01,2026-03-23 20:50:07.000000,Up
0x7b68c8748d27820fdfc1b0510c8d4d3fc2c248d4a7f00aa2bdf3c022cb4ec2ef,0x84ad9c5c547a82ec9a08547b94bd922446e5bfb7,0x495d130fde084b5a787c8798f404cf967f94f797dcd608a395ac990e3cf8074d,BUY,34.223,0.26,2026-04-25 15:14:12.000000,No
0x4dff7421586162aaa14ba7a1066dbcb0ab8a4e2d88a750f8c9f8a67ead6af787,0xd111ced402bac802f74606deca83bbf6a1eaaf32,0x144c6bacf9b47b0fee5e52d630a321f92c4d6ede45ed6e031a9cf0474f5e5b2a,BUY,53.6,0.25,2026-03-18 04:39:39.000000,Down
0xcdf833e73b19914f52f9c3a31f7e0d16bcd0e3845064ce48c229cd6a68a68407,0x2d70d17da20f1305a36c33ed00b4b071bd9f5b05,0xd81ebed8f1c277f5a79d966ddcd64c67086544acd69a7f4895af4ab1f8110821,BUY,2.066935,0.46999979059394537,2026-04-27 23:12:26.000000,Down
0x34a16269c01dcb14a85eccfff9c2a8cc6e996225197658bcec554507ed3bfcb3,0xa62ff3d3d2fe4456523c567441acb512f0ba9e04,0xfe2e2ba7307606755609e76d72b608c83a2b6b901d445e468190744376ea9a86,BUY,30.0,0.28,2026-05-15 07:25:12.000000,Down
0x0b0a238e609b1e73a7f1c3df7cdfa01aea4bc63316e02ca41c750ed17a890fa1,0x1f19c48aee80ec95396d91f0d21ac249b8a7f57a,0xfa767bf3430ec5cb4b6df9403785ccbf90dfc549c7f3da3c5f6a7efdd08c0cdb,BUY,31.0,0.723716129032258,2026-05-13 17:42:06.000000,Up
0x18194db7c1371e4dcca7bbaf71d8e573790719d8c98fe634f082ca99147d684e,0x371425ddae0431d92d97d2c2243019e3132f1af6,0x22e7b5e35423e76842dd3a5e1a21d13793811080d5e7b2896d0c001bd5e97d54,SELL,12.24,0.47,2026-04-27 08:20:46.000000,No
0x3802ea48b8858fa97cefc7600b130e31583fbececcd247062d9ca2ee07c82c36,0x11cbcea9e7395705ef6ea40e943bb0e1fad95bb8,0xe91e4307cf8af03c584485611011b3c13ea752c2b370e7d2d9f6b9732f9026b2,BUY,4.94584,0.99,2026-04-28 00:09:06.000000,Up
0xd07b0bed7f8e7b89816c0bfdc29958154e49d31fc27ba3542633524a5ee7ce99,0x3f3937fe8dd576266be6a4a2469af794a253a73d,0x6c23926689cef2f6ee4b20e7acdf10c09ac77f613d1840ea3491372037bf735a,SELL,3.78,0.34,2026-04-08 17:09:05.000000,Up
0x14e57d47854a6b0083585940ed76e27206dd14a0b7261346219825415c976fe6,0xd34f657c7e0a8e0a9d84cbcfa402de6ad9383ae4,0xeae85b74d8790cb1195e756b408babfb918390a1a7458f18939a83a15ce19dce,BUY,49.964,0.99,2026-04-09 16:39:23.000000,Down
0x01d6ea22eeb39396fb5397fe50a1389427ea38eee08cd1548c06eeb77e355b9c,0x2e6c80dfdcc99f76f76c91a21d74a8f9a00ee09c,0x6ea8bb303862b312d87b65762f6f886e77c84c7aedbee5ca9623b409359fa9be,BUY,1.249316,0.8199994267954042,2026-04-19 10:36:56.000000,SAN-EN NeoPhoenix
0x5f49e12a2f030c0de63cfa3b281254e0f7c568527a9f5f46293e8fef923a61ac,0x4377c24819b4fe9d52ef4878f14bec4f034fed4f,0x1c4348ba04ec1dcc53372d5d50123d0754f5f2dc2ef09921117043593e48d0aa,BUY,3.186627,0.6099999786499901,2026-04-08 13:13:07.000000,Down
0xe5c7655631c2a04a344f066fdd84ecc63aeb6c89d0385980e5947b5a4c8efe0b,0xed45fc12c43aaa8e3af18976e971ff72280739d8,0xa367eee4cfc2c61db3d5dec9d64b606b2e273946bb24b6dfd71ccef6c3e84172,SELL,4.24,0.9,2026-05-12 19:32:24.000000,Yes
0xb9510697c55ab215199de186d22ab9e5affcaa2dc0571bd6336f811901f0bb3d,0x0e8b577bb4f88b0177892879082f26ac29e743b2,0x7ef5a1a7b90173ea6f33817d3d4fc736ad38434da3dbaf9606239d0b7a1e57d8,BUY,4.9496,0.86,2026-04-10 05:21:13.000000,Up
0x376d0c36e38dd6cdf359e713f2f5dfc49065f8c0d8942ec0958ae18fb817935c,0xbfc52dccdb99a97554ab7811e333c5e228307716,0xccb992860e9431c0afd0de04eeb490ca26a2f032750a7020626cfe3a9936050a,BUY,2.568955,0.40999990681811826,2026-04-03 22:34:19.000000,Down
0x24ece3618db5cd2c4fc0abd090d455afdbb24afba802b61595fd0d054e4b6cc7,0xeebde7a0e019a63e6b476eb425505b7b3e6eba30,0x6e34a62211e998e196414c9b63c89e501a76ccfaa34e1fa76c1a026c6ec7f313,BUY,24.577280000000002,0.24,2026-04-02 02:42:19.000000,Down
0x9ad14c4ae07c2da93a3af9977b910d727db680338911f6beb7b8c691a9029d45,0xfb0f17657c9c24293b918adb86362a4d8fc90b02,0x4b877569939fb27798beb338d3bf1915dc16310a5b65609912d86feaddd4d974,SELL,14.0,0.22,2026-05-06 15:36:12.000000,Up
0x567cd7f6b9d997386cff990cffbbc7a62f99a7ab4014db805087620b0e47b70d,0xc49e916fd482b99c949b75f6cfee32313e57f4e1,0x301e4e3a0d327332edf6c0fd77ab28081333ebf52e1207223fe1df3194deff21,BUY,7.46853,0.6,2026-04-27 13:55:24.000000,Up
0x21d79e2f3ef5e61b658fe428703d8867a59f00a13e3931102d03c717c1b059d6,0x537494c54dee9162534675712f2e625c9713042e,0x4101a6bd2fa63084f9305567af1d180036516eba721c2d5473f60f7bd30f57a8,BUY,4.09,0.53,2026-03-21 19:48:07.000000,Up
0xf47765abde4d1aa6d19af7719496793435e31ecc05c2b5d1f9f5b7cc665c320f,0x0134f2355cec1a28e89785819c718d76375dea74,0xb741ca496ee609ef62a4505cf29e23bd53012c0091bc6f37e8bd285007ffbf2c,BUY,35.714284,0.13999997871999897,2026-03-23 02:53:35.000000,Up
0x1e07c8b04f0da1a1bbed39964e90a437cb4f5b4d6b905a1f20a3d489ded71fe2,0x21ee16cf14e2f62de4d3679a5b4f1fd99d74878e,0xe122bd7dd26b620fcd7b898329728c7cfd82291936c239bd2f515427d9d69854,BUY,12.957634,0.7583165340927015,2026-04-28 10:59:28.000000,Down
0xafc931a7cef488d022ef0f4ed3a375db395330a81954115b34d7d9bf47e30cca,0x6815040a7176c958e6ff8818bfe188e80dbd9edb,0xb155c59a07f8bb1d4806e1cc51a4156ed0f0d163102b63c24ad4e973775ceb65,BUY,1396.197183,0.7099999999077,2026-04-17 01:01:14.000000,Houston Astros
0x0b1207dc7c61f29ed6776daf78b9c33dfe3a123eecdd840374bfb3614eafe556,0x5e2b9261b0c4f697b55bf921ff2bc227183d9101,0x05f0e3ecee449531c3b394be5a981e1d5326edd2247166f39454a4d26457526d,BUY,6.571426,0.6999999695652055,2026-05-08 23:51:22.000000,Up
0x8eba511059708e73db2b0758667dd15b8fe7c7833940d6d9b239f024d8430f9e,0x97fb482085ad46ac1aa4b9025c713863efc687f7,0x2f0ca67533a598a3da96d98687e2dab82ae8ff479b3f46805449878ca4f111e7,BUY,4.761903,0.20999986769995105,2026-03-23 05:19:03.000000,Up
0xb02e7237cc023727b3e406a7630e5b2f46eafc0a03683ad9156e352299f9c50d,0x07a6f4d018939d054633c48d0ddbdd8800c03bec,0x0edf71d55701d0edc1d7c2fcf1aac15640ebbda0c3cce081275f570fd0a599c3,SELL,13.33,0.24375843960990248,2026-04-07 23:00:35.000000,Down
0xf9883fc8924a028d79fd892aecdf72708c8caf8a73d9833899494ffdf89e4e4d,0x6596462b86213bb0720c3f9c26ffa4b1c313e186,0x6518de6462f1dd1d9076918019e649eaea9df184a5a57704da04b90483016712,BUY,49.85598,0.959992,2026-04-27 12:52:10.000000,Down
0xc848575bb9ff5e15c46e3b5ac959e032c2aa6cdd4da642f0baee3d0e2138e70a,0xaea0d2d9c206f0a3f9cf05aae723942a61500dec,0xe044bb3ea447c2bf82acaf26c5dc1e57d2d3df8480e46631349225cd96e47390,BUY,8.0,0.51,2026-04-02 15:32:57.000000,Team Vitality
0x71a49c24cc6929a16e048353a12b89f1a51c056382f41cdaa9f27c49facffaf1,0x606345eae7b751b245279beb27cee847cb1b2705,0x0df7c6b33c3a09c92905ca2876fd3648a2f729128be6b35fdbdc91e290009502,BUY,5.05534,0.18999985098036293,2026-04-01 14:23:03.000000,Down
0xa4ec9b619743927eac8839278ded9980d3dbaca6df9592b6a623f7d5565c6054,0x8941a296a6c71c34fd4fcdab90aea19060b383d7,0xcbc5ec97de6465a83dc32fa36930eb76379ac33d908bdb690cb2e919eb89fb8c,BUY,29.613,0.57,2026-04-14 06:39:37.000000,WinteR SquadronS
0xec8e6a69367b945cc228aa142e085e46165d9638d4a05dff79627d0b5cd2d29f,0xdeca32428d5cf4b1c4d7266a950e20791676ddd5,0xaaf38824724eb90445da5e343b666231e3e5e9e9f404e72189b268b941413520,BUY,10.020407,0.4899999570875714,2026-05-15 11:29:48.000000,Down
0xfe9478e5d3cd5198a8a46d7467a1fdff22a8c86495efd57eb9b1d85a7de86cde,0x10c95474a829d67b6a41025da3b886f05719e999,0x5bfb6cea052d40e8541538127319c89b342bd95cefe975965dd7821c6cd050b0,BUY,10.65152,0.56,2026-04-03 04:10:15.000000,Up
0x80209ff5345d96a1eed58c7c0f307a22cd98ee11cc4b1a5f0a58a435e67b4386,0x359017eb6c3fff0660cc3aa0304d9fd3dabd4458,0x14fd8ab261d14215058b77a9541a5013ccc3d3eb677276a9de54445a31acd194,BUY,84.0,0.018,2026-03-23 21:52:35.000000,Yes
0x5cc41ace9bb029849b0613abb5b45ec6158bdcf0e4d5818ba24ef86a75504cf0,0x438072c8dc6dc10333b5b7203e415642be7f2736,0x683b0254bde8d1ef08206953015629f25b9869d9770807baab939f6aaba4ae5c,SELL,109.0,0.997,2026-03-21 21:59:23.000000,No
0x877a2f823b59f8dd3046cc5fda852f3afeca242ae35ca7f8840d1ca45d5c3679,0x0758ace737d0695f8505030788f8d31f15a6afc5,0x6b65cb8d0a5ba97263245248c068fae1366570685701caa0e561875dbfc0a6ec,SELL,626.0,0.022,2026-03-19 06:52:21.000000,Yes
0x24f0c02341b0de3f4b32fc62ee4af98c7bfe4773fa72b15baf38f7b4f103c703,0x05ddbe2edc2fcb293eb149028f45e93cec14305c,0x7bd0ef4d72b7a72e879dd515927aacc9c0027da8a6b11b03b0fa2c68cb2f289b,BUY,5.0,0.72,2026-04-28 13:56:06.000000,Down
0xb9aaf340b15b6f0eb8d44b28c5bc1d718272d37f20b0e1454c55691e0a053bc9,0x7069303c518d0001088b96d664537288b0ecec7b,0xe3e8b373d68c1c839f0075df953135e8c84937d6e0f661db72f9b6b33ac057b7,BUY,25.641024,0.038999963495997665,2026-04-28 19:11:56.000000,Yes
0x557a60ea9712cdd449e6a5db8e2098930aa901fffdae7ededf45c0bfb80ba232,0x1c4ee4e794c367b4c81d233e79769652b8a04150,0xcdd6b24b4c7f30d7b0153ee84c1c00e9a567719f1c5c367a92930aaa03583325,BUY,27.281152,0.9299999978117637,2026-04-19 03:26:32.000000,Down
0x02e1cb0797468b6cbfc6f6176f884a9ce6572bc4d327580b6f6409dc1c69d5ee,0xbcd29dd4976cbc355a119e8a151201b9ead1084d,0xfe4494a75e391b80b4fbcde3e2f4f8093f279ed5a7eb85c19fbba4b3dc5f8835,BUY,27.90476,0.20999997849829205,2026-03-25 14:25:59.000000,Down
0x487bc5d5b80ff7bbbc8d5fc6d4975fc9a85648cd79ebf2948500d9ded70de44b,0x03c3b0236c5a01051381482e77f2210349073a1d,0x7a83de37caafb26592a6dc2a946574e6f37392039985d3a19c4db62076fab045,BUY,5.0,0.01,2026-03-18 12:54:47.000000,Down
0x6a44ac8cc0295267763b23b5666fc8d2a5c8d4f439165e8f0cd9e8253dbbee1e,0x50ea9d870f0347402afbf9d42713bb857bda5963,0x6f5af2d86ee479310f322872a0743b23fd522f6f1b12de44ce45774f8b89a10e,BUY,16.909088,0.5499999763440819,2026-05-09 13:58:36.000000,Down
0x6c276410834f64a706934d561fec9c640ca3c4d9c3d4bb684258ee658c5e8e4f,0xa42f127d7e8df9f16881ffcc9ed0bc0326875f5a,0x770ddd2649b143da0db79b2c04b8f60b0b339a5929d29075b42c82d4f8ec10f5,SELL,15.0,0.969,2026-05-15 06:20:27.000000,No
0x7394381a08511c118630fe161a0b4b3536bac9eac1e689dce8283ab04384938e,0xa708513fb23aca0f73dc8ce6d105fcc726ab9321,0x720f13d26faa19ba50603835a8bdb4943fd2d0c7a28f5b568f2c12237edd96de,SELL,5.0,0.002,2026-04-03 09:17:49.000000,Yes
0x2ecd5d38e7d22fd1d6d27db425bce908baf32ef363250964f1f06dfc1b947938,0xe4868fc10ea4743e331269eb50934a6c0cfd1bae,0x1263a0f07c828dce088ae38bbafe766b1ba1657845267c03cc07a09bf4cb1406,BUY,39.619,0.999,2026-04-29 02:46:22.000000,Yes
0xcac340ffb0b91d330f0b504d5d4e96af93609962adc7301044a4db1a3517a71e,0x3eb9b2124590a35f2c1a88b15f7acb369747901e,0x033f60a3907bdb6e36c66162a09f47b87c070281a9701c483fc5fb61dccdfbec,BUY,109.9395,0.989,2026-04-10 23:51:43.000000,No
0x066bb9007c50f94afb8d82447f05b36453d7466bdc27c2f5bac485121763c955,0x13e0562f854cfa4f5e648a33f5dd490553587465,0x3d76cb291a6584007c37d826e6aade48822b4351eb01e71fddf6d01f80536de5,BUY,19.006,0.006,2026-04-27 19:04:54.000000,Yes
0x81308545add2fa1db5b46fbe6045b0d39ea91f577d9b4f2b9b4802b0d1e72f25,0x20d2309cd92b797ae7ca175ed828ed8a27fbe29d,0x932d864a8c708dcd4e607c0db0b3f2fa3e5e587c12b4e5baeb1913356458bc9b,SELL,1.11,0.47,2026-04-15 02:07:58.000000,Up
0x5f24c405a9d20518846bc41ec1a1740b74dc63af7f36b5e84d0d3c6bfa59956f,0x2ef970ef575d2acfeb2fe7e8f038384610537a60,0x73b8b99004a277b29fabf977da3534ac91a9336e12d1ade04011a03f2fc84105,BUY,2.515687,0.9199999841379176,2026-04-03 18:29:01.000000,Roman Andres Burruchaga
0x2ad9a95cedd5848f82396e9e30d539f44a9d44e81facded025680fc713c0efcd,0xe5dcd52630848fd7803cd13c09208e8876f835f9,0x95e0a41420c5f422b332a0b537afefdf45de8ea948b855f5899f30ffd1da340d,BUY,191.97,0.6452091472625932,2026-05-14 10:35:06.000000,No
0x0038391982ae31918118957a60f1cc67f5cea5d8b2d6eb0f9e7c4da3f3342c37,0x1c149fcd1c2d21560ff035fdeb48e7199362aab9,0x5c533c063a115e691ae613cedb045f3f088f3b67f02c23cee66bc7895d19e6e4,BUY,4.802,0.45,2026-04-09 00:16:29.000000,Down
0x8ebd221585cbf27e807ae1e0599e8944e1f307ac2eaffc219309a06c5756f2f4,0x4f1d5ae26fc31472966e951af3183308736d8de2,0x4ede078cae84a5877ac32d7fb48811e5c23549a1904b7df06ff7935c6d79d831,BUY,10.02,0.962,2026-05-07 02:32:17.000000,No
0xc293ffb63e51811ef4d09aca901f5496b943c55b9ee99d820f3a7db81f62a389,0xd00896b895996a184190acb60ecbcc13fe1afa05,0xb2b223d87f3a8afad055c2294e16030563322918f37709b065a12456375c019b,SELL,7.72,0.7,2026-04-28 16:06:32.000000,No
0xe375dc1e44565efd05cb692a994a9ad1ebb649c28d5558b30e3bd712892730b6,0xb0c078c893300f44d341f4e854d8964b47dce88f,0xa55ecb4fe7a75ffc9bb36ce40877c607c0f76ffbe3bb71bcfa23d56c87844ab1,BUY,3.42,0.31,2026-05-13 02:12:13.000000,Up
0x4e6e5a47ef78b0f5afa0a9e19c812fc30377a69c97409322ce7c449af885c906,0x0d6b2e741871111d020fb0b6f1bd21d48ece8ffa,0x5e1636f2234c6fdd96e16da988d6bfb448de3bac16d77099fbf5957b7ceec25a,BUY,3.7123120000000003,0.2899998470908507,2026-04-26 10:11:22.000000,Yes
0xaba8c4a69be20768427c099e30424929e33b6c698e4284c07d35bc9970f29950,0x6590710a71a1a9c1481fb7ef60b87bc68ced271c,0xcad82791abf47557dc39a9714ab96cfcb08c1e6be02fc2b99bce500d0af35cf8,BUY,5.0,0.74,2026-05-10 09:29:12.000000,Down
0xe14a0ca8ef6c111957ad634b2660c53cd1693e7f21be50782264604ceaa5dc2e,0x4582c77130a649d807fac08fd455615f851a8fa2,0xfddda76bebe01a3286719d8eac9c848d9c8f635374bc134b2b498a1d394960b6,BUY,33.2526,0.9527073371706273,2026-03-25 20:52:31.000000,Up
0x76b3ac78c65b2de6917c0a1b5df827065ad01604412edcf859a73b311d7463e7,0x4bcd81dc5ae323a8f504172b89d010afa65314b0,0x22dde7fd4af2fdf940bd4daf4a9cfec95274a8cdd77b0921e5ddca44e601893f,BUY,9.82939,0.48999998039999687,2026-04-27 09:45:46.000000,Up
0xd1f8ceb3fc61550ba4a927f79b0f3f6c2febec9c6e09ea4dbe031d65c7e49847,0xebe31e928681560da3189a4cb31edcd520526d17,0xf45d39f7d8cfe2dddea720fab515575964e21fa197657f51e3520d511abb05f3,BUY,21.0,0.4,2026-05-15 05:22:23.000000,Up
0xf31c6092213baee6e3fea7718670166b13139979d222fae8e0dbe1573facea8e,0x740dcb8e6a5aa7cf32fbdeb60cee1590ffaa176d,0x72fb36d7735a30fc53631faf91666903b7886c9aa7fbf28ffa6e879665acaca7,BUY,6.0,0.8,2026-03-25 10:02:09.000000,Up
0x2afc36e28e2cc9fe0d1e2156910c7a17ff231fd5961e7e62c6830f01a9f2c02d,0x16d940bb8e255d3e7dde6e2e4a339554670ff905,0x88dfe42669d6aec07aadb173c909d0bebccba949b4b6fdddff5ae3cdaeb7c704,BUY,6.811494,0.3699999187121083,2026-04-08 01:27:33.000000,Up
0xff2e142abf94cc1c093fdee8a6b1f3c2252336048aa057747add775d3db5e73f,0x81a88dbff36db0a995961ffbd184dce3912c9672,0x5606bf35d2f1ab6b85f61e80e0f2bb626a08c20890452cdd9694d9b1a93e00c1,BUY,10.0,0.35,2026-03-23 05:20:23.000000,Up
0x4f66b74e219b8bb0699db41ce240f98f99186bd6e87ce263c310b330443363d7,0x43744cda09f90091f3504010b1e8eccfc330eff3,0x307e6774f5f508447996616eb0a3f9145128de1e5d8153662cb58af2b3c5138a,BUY,2.516128,0.6199998569230182,2026-03-24 01:07:35.000000,Up
0x07a66df917724afbff0340beeeb1d0192462bcc6c923d28ea2983c10090ee310,0x3e3d56773976bfb4b36fe16f28f7b15867b7bbfa,0xa975ba5b4a113fd1dab41d787d37d714ba0c5a144dba4a4e06491110d665522d,BUY,1.993653,0.9479999779299607,2026-03-21 04:30:37.000000,Connecticut Huskies
0x7e9d4be7ad178935a6d5f4afb8fa2be4a14ae991d9e250e0c4010c6e6f682cbf,0x050e1428416d0679230e6c3c5a4a17ba2c309ac6,0xf8e049d410d1d71e7d7a84191728b25dd14fdb70ab638027a4573c46bf305bde,BUY,42.8085,0.026,2026-04-18 14:09:10.000000,Yes
0x905beeaf7ce83dcfb5b4ba314b0e7dfe22682a016ff4f7e405c5828875c3c698,0x63adda169ca8f3311b361e3e7dc1a98fa882c072,0xe3aa7881b15cc3dc4afbe6f382b866e53e0ccc755e61d5e652f68e2ae55c3d11,BUY,4.101367000000001,0.7696882664667234,2026-04-22 20:43:42.000000,Up
0xb76dbac1ed7b6dd92c5fd3b8801e15f37d1bf9a2802667f3614fa79b5486d3db,0xbaffc91e9b7d75310c28ed7ad0611258df3fee8d,0x2c622f465f32923d5e4747dfcda4b72ae0dd6f7cd3ed9b422355a3b459905f57,BUY,5.0,0.36,2026-04-29 00:30:14.000000,Down
0x14d84a1832e40d86579fd2677b3086213bbf5b732c92d2eab27626589c631dd3,0x50ea0aef0b03536bfd6890eb74c283b4c03488cc,0x392ef019261c642d7092435d1c294ccae7670cfad7240e2b19b97fd587e9745d,SELL,33.2,0.35,2026-04-27 22:04:08.000000,Down
0x5162789c88aec07cc6ada70373347c4c542f58a0add594d5e3c60464c916e9b4,0x31393e2f8333d4a6e2e31ca6424defe8b6cb9e2e,0xc82b97f2781c1d6bb3956a8537a382886e6a7d542eaca0af58ef738a5021f12c,BUY,10.35848,0.19,2026-04-08 17:08:51.000000,Up
0xe13ba9b4cec9e777066b1de8427a135f1096fa00bd7ff67ab73e82d71cd1385b,0xcbf9b8d505679a57cdd12412b7fc420c53e8072c,0xd8f7a5a5dc8c5b420fa95cd2da3086197d98239da8a5b9d617b617afba61467a,BUY,45.439106,0.5501868588699786,2026-03-27 09:39:45.000000,Up
0x3e850063ea245a698056f0bd01ce6ba72c0e8d7af3d93af4e17233099c78171d,0xcbf4dbe990e90605e13da72bd0eba7dae5dd77c8,0x8f6e71601903224dc29c69b886a63f248c8051be259e7db299850708f1f86dd6,BUY,1.0418800000000001,0.43,2026-04-27 00:42:12.000000,Lakers
0x00eaeb7df0710d901143c23ddee1d8303e5d50d07361d9464ed26ebe66155590,0xae8c9fd818b0c3fd156cf0f8fe36b887739900b3,0x11fcb5a7dfecae735a6e52a5709197209270d3feb31b352ba9e56e3ef17489d5,BUY,70.60571999999999,0.8399999887999998,2026-04-03 10:18:55.000000,Up
0x51efe882f7e409125ed7b74f95b2d66432330bc94d05afc3303d93bcb378611c,0xe6d719c09e5b420ad385c7cc670dadb84cba7189,0xa934529e1e714c8dfad40b47d56b39195e017a25c05d47bf5bb1ead5632a63e8,BUY,1.02,0.85,2026-03-19 11:09:27.000000,Down
0x816f449cbfcd3b053f736e552212b9db21c9ec195e110e93e5462e5cf371fc04,0xc76f85c258044adea3167f4ee7b29c24c4eba5db,0x49ca3702e9fcfa65c5c4ef49b86fe484f43069efc6a22ffb0e8cb05320be987b,BUY,14.514,0.55,2026-04-17 20:41:32.000000,Up
0x1435793747fc28d232572dbd7375b8df7c88c31a09374f1ecb13303398d13c67,0x73edfe80f3dd74867bbf746484a5fcec6d054184,0xff3515a23b307f93d70db97b7f71e344856dda2fbae6787bb50a5e39ac26c74b,BUY,50.21888,0.31229298760291474,2026-04-10 19:46:37.000000,Up
0x5c0a9ee2ae4b4e6b1e0d219a7f2fee2796b64632e82cfa3ba62d3f4cabcd2ebb,0xbf295a46ab96b18579f55a0a0bcae5d13e75bd92,0xdc6f95f94d2db24a1904537cb8cf83e0b25fa47bac926112891eef0df8fd06f2,SELL,40.0,0.46,2026-04-09 14:37:13.000000,Yes
0x328b8bc253a0ccd56aefa6c9e674b78d73356a7f3abb56f4b8fb152a7597c211,0xa98a7b57b3ffc40dd701ac345a6ebb1d3255a5a8,0x274d0e553d6d069d7b4d2fd0179d1aa20464e5e44425b938362ea37d4a568d02,BUY,7.78,0.63,2026-05-10 13:00:11.000000,No
0x7c2ffdd4aad05282d465ce37beb0e4825f915e64ef4a45633853e159dfaf0f3f,0x58d1ce8e603d9ac69ba9dbbb4d9f3157806b5312,0x07fe52fd38cd3df12badd1f0ab8d87cd80267493c7d726421e3be42a580ec5a0,BUY,4.9295,0.53,2026-04-03 23:36:03.000000,Celtics
0x47418736e3593fe42ab3fe52fac6c92df76459102963d43083da781fe42032b8,0xe38b7a6553cbcac3bf6d9e22c83cdce092951fdc,0xe0b9215f69c5b47bba3d8f0d89597cc11cdb77968dc0eb864dbc156abf514891,BUY,7.0,0.62,2026-03-20 23:16:09.000000,Up
0x3f4d1a120b30630fbb702b3fb6798bab8b08243a7953e2c6e26b3b111ad3c583,0x44d370d2a44ef1eaa1fd9dee73ef0d9327dd6fd9,0x77acfe514a2a3159fc7b313b224c2d96a0b5f45268f2cd3d8d52138c74932e33,SELL,9.67,0.999,2026-03-20 01:21:05.000000,Yes
0x2ef16e4045d72f04d046df38092bc347cf83ac1139f6b5eccd8f0f1d65b13b4b,0xa5bd75f74e272083fba7f2193d41e33fd518a348,0x99783ea5344cd6535f671ed6642006a66157cd8a2398aca295f1ab99aaf50e34,BUY,80.0,0.987,2026-04-19 00:23:02.000000,No
0x89cf8bb66876c5287ffbd56ba503d2bdf0cdccf267f07b52dcb3ae21f4e75cf3,0x6e1d5040d0ac73709b0621f620d2a60b80d2d0fa,0x51d0a5feec318f7156225dc3a887e05ac5c375ceff58a10db5bcc1abab6d81b1,BUY,25.0,0.54,2026-05-08 20:46:07.000000,Up
0x012698f145481e7d2cfe51af99ef8ade0eee4a461c71f83725bf6734b5fdf757,0x7347d3291b321d2ee8d43d24aff244e7fb8c3d35,0xdf3573aa0a826e61925ed2025356a0b52f0d7eca3cbb7850f8bf9ebf96bded36,BUY,5.283455999999999,0.349999891752555,2026-04-08 08:40:43.000000,Up
0x4b6442ae7d4dcdc834599eb2198a419fddec7f0ea16e7672c09be8e62a724212,0x965659485992e51f04f532e964e56ca2c6aee340,0xd3ebdf182048b5659101ab2ac06595185a025cda7f5ba9da4f7ae3fb33f72627,BUY,15.0,0.07,2026-03-26 11:54:43.000000,Down
0xe7f1cdb844860fe1cb4ec13ec2d9dda6d44a0f431ae90a8c88ba8aea76aaa17f,0xe7b3c633a6ea986c795c2cbbecddae86d08e37fd,0x10c47078ee39182ef8fa46e46518fea03629d43d89ebed1d254850c4e1d3eac6,BUY,802.52347,0.9970146954762451,2026-04-02 08:35:17.000000,No
0xddb33a88b28268e1370c936f8eed270ef0a07d7da222c2d5c539ec7a1cdde60f,0x75cd14454753d279f58d360f03b71640cc9a3151,0x78de4af9bed8386538da90c19f0c417d4f7ef7ffba0fbc818b0c96c74e41edbf,SELL,9.1,0.45,2026-03-24 03:45:19.000000,Up
0xe8ec88b542fb5841273f05b53c219733d1bc83476e5252057ddc2efbbff356ea,0x476639d9845d7a0261cb005dae6473f089ff5a03,0x39d0bfeac029403c6bd5d46b363a43877c8bf7e1f479b2b0083753727912a1a9,BUY,30.0,0.72,2026-03-29 12:27:48.000000,Down
0x7cf6fbac3b78467fceed09c7a31d6343c444be1a098315e565a2b5418d1ee128,0x76218d5a7983c590734f20251b6ba85b95643099,0x79e36bc25a84788f39a594986c55d1a7b6e6e48330a584faafd7e991655b8497,BUY,5.102563,0.38999988829143317,2026-03-23 07:21:29.000000,Up
0x697c6dd0f4a97becf5bd2244e374471e274f0ac8fee08f9abff1b4669fe96d20,0x23d18416645924e097c453e8ceadd4bfeb6a353f,0xf49cb693965bac5beae66c5d21ff7b1894bcc8fbb38c6c8a75e08889f64a9a86,SELL,2.0,0.02,2026-05-08 14:41:15.000000,Yes
0x393b7e1c48afd1615cc31061eb34233eef590769e5541c992a56b1fc1dc98bef,0x19cd345dcd11a9f1aedb29fc45577d8d57a0af9a,0xb99c4eeafa14499bc9fd3d60043dd27f64e1ce60bf2fa5b1b439cae4f7288ec6,BUY,7.622221,0.4499999409620897,2026-05-06 16:37:33.000000,Up
0x233b49edbacfc88a1869ddf46e51a57e4f49ac4308752580a5b04d265b3a7881,0x31e2baa2e786e5e82f9b31d468dcbd6833bba655,0xade070654a06d47146bac1aab9e7ae0782baa84a2ab3c32b5e5a373dda9225ac,BUY,7.500531,0.9299999960142801,2026-04-14 08:00:27.000000,No
0xca70960be7db2fdd8847a7eb2f148cbf666f7a0657cdd3e222385a8e1ad6d4d2,0x0e1e3983b0b48c1e98d7d9a14af372a67faacaa1,0xb2398bcbf9a1727ee649d674f6e153b587676a3644f5ff2f24a88e623acf15c6,BUY,5.106381,0.46999998629166134,2026-03-29 21:38:12.000000,Down
0x420d227f44733e2e22569d505a21ab1bf8dd1f947f95033d6654946bd9bc83ae,0x35cceec880f57ac3dfe51e5393668f1d700d81ba,0xa7ad250a788a1b74f1f796176d9062920ba95771d65a75964da0b3b9b8f513e5,BUY,11.3323,0.997,2026-04-24 13:40:46.000000,No
0xb201f4d291d46a0ee54c4cc1bb8f5b47a2b1bf233b9e4312fbed5cc4394f4a68,0xc0cd097fa30577b93afbce5603292c6e8f54ff77,0x051b6b3ec45528a3c9615f46b389c5910a83d9c1c3179e8f8eb1ec9c778b966f,BUY,10.0,0.85,2026-03-28 22:40:02.000000,Down
0x89c056d29a2c56f12ad8cd4835c65ec13a0995da49752fef03b4b99463d93d86,0x5ea76651681668b7b1b888b0a642aa17cafe7450,0x627cd73048a3c885c7a69132d363a3a1f4459b4501111a9ca406379dea247ab5,BUY,5.0,0.999,2026-03-24 05:50:15.000000,No
0xb4997bfed7ab29451b7c223cf3acbf9907c0a2f60c824f578a84bbce2395ea17,0xa6657ab4eb9d92c8bbfb1d1d52ce7205e4ca01e3,0xa987358e16e5eda700126c1306ff6f36d4dbf696df43b8a43057304c4a7f564f,BUY,11.0,0.21,2026-04-28 23:20:06.000000,Up
0xbb041966d118ea12684fe1d1990055c5bc310651709f44d5a89ad28d1ff37785,0xf1abc2696bb41e3821de279fb75a1dee1d76361b,0xcd9aedc77cabbf182df00a01eaf89c3c2843590cfa06d5b9a9dadab3a7eda5ea,SELL,1.69,0.15733727810650888,2026-03-29 07:24:58.000000,Up
0x9f2156d1d8a52aab1a68a0e82f716345e2c600c278e0d4d8a04a93c007b3d1ea,0xe35ba5033491beed3122c644b04aad5cf8c9a98d,0xcc2ddc5fa8d05b0987d9131a0fd4c5a4989bba3152ff6b45cfd4e26e36f491aa,BUY,5.6,0.62,2026-04-29 12:19:46.000000,Down
0xb0421d5c26b278885c77984b33848d556deccb88f0f9671f51314e8064a291b4,0x23bc7d987ae94fa080f451612e4ccb334c5d5487,0x5b07d015f15692926ad0f891a78557093655ddb295a05d23788590a56008ca53,BUY,1.81818,0.55,2026-05-14 11:36:45.000000,Kansas City Royals
0x5c9976cec44f93378f3ffbd24942e7aef0403ea4688a94b0af40e6d5d0211b37,0x8ad34d200dcce7aa8090f0c62b87ffdbf6f6b35e,0xaf347caca223c876f0ed97943706cc6b0144bb19ea077944067656ee4d100ac0,BUY,4.71015,0.74,2026-04-10 08:28:07.000000,Down
0xd102b0fee734207cc70148f0e58c047d228ec48420a83832772673aa95b320b9,0x674887d1ac838099a48b629dff53f25b7b87ee08,0x36efaf626720e901aa0a699fdfcacf14b6f68efc6251e6792d89d1517a2c1d91,SELL,8.0,0.15,2026-04-08 13:21:01.000000,Up
0x7e4c27beadae49d0e84ef43ce3b3c9cdcbe8d6203801ee1b1625c57179c268fc,0xd80b4c3368ed8b13323a98fd1cdb5b3c7dedb019,0xaae3ebce6742be66053769a4539ccdddf442f6ae9d790c10f137a50fd17e3750,BUY,1.309342,0.75,2026-04-20 21:42:40.000000,Up
0x32577d2b5ee4091ab82aa0d5d837119f6b6ffdc20eaae890b04afb14034f039d,0x40edab6cb5badbc43e3c46bf66374f1e9d333832,0xd385b6db68d401a75fb51fd2ee9668b5ceef55dafb84e9ec39d3bd35e78e3e3a,BUY,5.947964,0.6799999802898509,2026-04-25 21:28:36.000000,Down
0xa33ccf1de108782fc397951edf8d3457c9cb0c2a2279100d32079f70727607d9,0x44250aeb941cac440f2417f4b91771ba2781970a,0x5c278a3475b08593d9af5561cf30f931d823c918ebb06b92e78460ddead12aab,SELL,42.0,0.94,2026-03-23 17:37:15.000000,Up
0x7f397cf3228b437810bc7311272895e173be5963d6b5f26913826a83a4881d4d,0x4c8ed7ead1ac18338f816e964b1edde8a50eb38f,0xa390a85e67d73fab31acf4af1ec3fea1102b3e745b1e9fceaa9d4b6e875aadaa,BUY,86.48,0.99,2026-05-08 14:41:20.000000,Yes
0x8f841bf00ed6a0f675026652e56d92e30a13e8e92d3bb82ed280e116a7b20b2f,0x72f6c388e7ccd48cb12f72b44d720808b094ae85,0x5ef14098dce9dea44cf8320536a454bae87606e82c561dd8d6f3836ea32f8b77,BUY,23.08276,0.8,2026-04-16 08:36:04.000000,Down
0x8646397fdfd4a7cd156f45215e7ddef0455455df84b8cf535076af6ddc5c0c3c,0xd682268e3cb6d9d03b8079b20a133d1e4cf809db,0x252c82afc448409ca637aad1fb53a24842fc7bc1f15040e7e35e86a50818c171,BUY,1.914091,0.5299997829522631,2026-04-18 20:17:20.000000,Down
0xd2f6403b3d262f83358772d4f0e061a5261ac8e6d964556a8627cad9931927f9,0x0c38cd387706ad51816ce7e291b5f77eda1e291f,0xa22d65f4f72fafca51770588b8498e7b4ad7b3498d2268e43ec2f5a04799e54c,BUY,10.02132,0.9379999840340394,2026-03-25 08:47:49.000000,No
0xc034c1ee1b2fa78aa0fab2044fbe7b7fefbed413e2693acff7e4bb15bb502f7f,0x3fe13c5685aad40a67427bfd8511c9b0a66045d9,0x283a3cdefd1a4451c706031381b8cf7b217222766f08009fc4189483b1ca4c5e,BUY,4.71698,0.5299999151999797,2026-03-28 20:40:14.000000,Down
0xe8c3b89b3efa9af1cd4d58905514dbd1c36b029d74d5014c32824230135da596,0x5f87a479189178a82fbdcf004c6a07ef0d52be27,0xc9d3d58fc673090de6909375e9739bb426d8a9104f0a2e4dafd30f83f5fa671f,BUY,111.53846,0.25999999462068957,2026-05-03 18:00:12.000000,Yes
0x651549d589e683e77b9f3f314a6cfa97afd283a108afa70559973c36a0fe72ae,0x204f72f35326db932158cba6adff0b9a1da95e14,0x35b157887e053c37bd0afad2e0dbd447fe7272748227ca8b4681dfe7e5ccc260,BUY,94.0,0.93,2026-03-29 20:38:04.000000,Washington Nationals
0xc9c1725735e24cca9eed3976c04e1e819b6c4b530b55ca5f7b1bd7be99e6dcad,0x32e4abe3e97aaf3c95c315ba3ffbe7b2a313beed,0x15ff0a8cdd985736635b199ac4390c8d24504055a2c818950b1b86202f745e2e,BUY,48.344,0.54,2026-04-20 14:33:54.000000,Down
0x322e7b38bca92fefa71eaed0a07f056e73ed7ae978cc2e664f89f997693e0f81,0x70f968816adc8dab24e09fd72c9269224cb8f25b,0xab77d43d14b38f66ea2b639784383761fcfd9cd911389be321d8a70be66c3d7a,BUY,46.696968,0.6599999811550934,2026-05-03 18:00:22.000000,Under
0x489be7ff8731861dbd0b2413ec688dfa5b7b7301af1f5dd40413a0d49eee9853,0x50a88872b63954f0019d4f5fb63887c56538d751,0xe6f9c838c8c2c748076d8e7d9aebb55e0856b7c539b12082191685ed944448e9,BUY,9.259258,0.5399999654399953,2026-04-29 05:00:40.000000,Down
0x67db065f86f0d6f377ebb4c226470371d24600c6ddcd0d46a965946f16a4e517,0xe3e9faae07074041792608e13c78608087c3c971,0xd118f8ba8cde31d372d193f45dbf55752c3167453d01ab55224ab88b631985c4,BUY,7.0,0.51,2026-03-18 17:12:21.000000,Up
0xc237a56a873dab7a4c290f30794e12e7e17cd48b4870463bf0082cdf69fd9f1d,0xa9877021e2d8bc5ed8d8db9a8983a93e4dfa3a4d,0x143a3422de4bf5989c6cc95edabb225d5ae9898478dbdb9cf9c564773701e9e7,BUY,1.0309,0.97,2026-03-30 01:40:32.000000,Flyers
0x1d4fd7f947e8d8a909474d9fbda61895b4d446365016afe44f8cbdf0ad77f82c,0x288febd867db8fcda2fb195b819198abbfbd60ee,0x76809a5cb88c2bb26dab36257357accb2c235075eaad5b2d4fd6a2ebfbd72abe,BUY,13.356162,0.7299999805333298,2026-05-07 13:06:20.000000,Down
0x3bcc56c23b5c7562051ab83874ce7b1ec554312d46baa0e638a10e11f91ad622,0x40204125a185e31a0cefc8be7ccf44cf2923f4e7,0xfd6176f8c9a59105f80e060a77c4099881c5f2d9e0ceab88e55cf978462fab7f,SELL,100.0,0.009,2026-03-29 21:41:42.000000,Yes
0x3eb6dfccb029595651edde8c39cf5d76c104d5a4aeb0efaa85d300bf677acece,0x6da853121eb811b179805e6be6bdc52e1020d660,0xcd9aedc77cabbf182df00a01eaf89c3c2843590cfa06d5b9a9dadab3a7eda5ea,BUY,8.6,0.88,2026-03-29 07:24:58.000000,Down
0x0b0ead3c4aa29a11f6a64dcadf26184a997b76826cdb6e0c89dabbddb2c51a09,0xa66790e2b0075e73c3781ddaf1d0b875a3aaceb3,0xe4e53f617cab1623057fd2eb11acdb217a447b51eb9d7f2d3635e5daeb2c4e32,BUY,5.0,0.997,2026-03-28 22:40:14.000000,No
0x9f0e86c295854f589de7f8021de73e6a893a5aaa07720291110beaa2064c52d9,0x570c03b5f037294ca24b743d90df8c1a993f91c5,0xbf7c12d33197d42b2300039d34b7aa4fd7d9fe7f9089c6a4ad6ee8e593239d48,SELL,5.0,0.004,2026-04-04 06:45:57.000000,Yes
0x1661dbd029cf119335d7b57c71714d75646617d68914108cdd53bd868c510549,0xe29042f5d913dcc4015aab3455c13c58514ca33f,0xec686d8d099b39646de3bf69a6cdbbba316c3944ba39717fd8e708ca9e5178a3,BUY,29.2872,0.67,2026-04-19 12:41:26.000000,Down
0x2fb3c8d8a45d4f5add3532d151609ba006f642396e1a486e9bfdf09e558ed645,0x3123e448199cc7d7d53dd77e2082d8996d9c1fc9,0x4f4cfb76a26058cc3438b4a7be81f419bd7b4ffaddf53121b5c4217597b70353,BUY,9.025973,0.764460407758809,2026-03-19 17:05:03.000000,Down
0x72b42ac22a885aea264b1499dc843d0ade17710cfad7c4ef8119ad5045c39d2e,0x5bc707f9c7f09590c649ad4c107df263dcd52415,0x92aca25e6877df4ca4a5b8cf6a9a7767de576eb435e2011e729953118f9c69da,BUY,5.77968,0.49,2026-04-17 07:50:08.000000,Up
0x26699dc6dd6396e6c8318b5742d03482858a5ec6ed541af007259c482028a053,0x8e9cd5ec7a26d602b63b4bc4c193febb83c8ed64,0xc523636c6fad567a131db5ddaf84163da0b79ce8f545b94bc18a5905d657cc5c,BUY,28.0,0.07,2026-03-23 06:24:01.000000,Up
0x265ec986846e85dab91d50e4f927b4496b565c35c1fa13e8727c3b63503c03bd,0x753605ea33f70cd1be8c445ad7ca30afee475980,0xe902de5b46234e17dc131200c9416c83a0d45ed12f9fd563703b1c1e65ceefb0,BUY,4.982,0.95,2026-04-18 00:48:18.000000,Up
0xb38bc1188e95c0537e1fe8073134327a270fd87acd69072d0ee9865315140492,0x88fc8a1889ff31f89cab3f4347b64edf768f6623,0xd789e496b7955b5fc4be88f2d20712c9759b84ddf405f0745aac6ca97e767de3,BUY,5.4945,0.91,2026-03-19 17:09:09.000000,Nebraska Cornhuskers
0x0c9fc94e367dc42839f902e514f6dfbe93d02ec4fbc48d3673022b440cb34b9e,0x6b245e5771c5785c3716a637cd178c8bba00de70,0x65f204a8ebbaa472d668cc4fdbe4dd45249405a7e0acea43b7930a216e5bfdc7,BUY,47.083332,0.11999998215929153,2026-05-09 19:57:07.000000,No
0xdb819fc1ed74efa326fe96b864654f1f2bf63bb83a6e2f54d6682cc4b21958d2,0x95768d836613194032b2f8f4b276a40c30100931,0xbc4cf96726795f4806109df3284ab7084a980f32122094c5efffb229e8dcc609,BUY,3.125,0.32,2026-03-21 08:47:35.000000,Up
0x4cab15ac142254805142489cc74a37d6d13ec1912b66c209c7b66d6b2256f42d,0x27091ce48a08a3e21d63c42d33428cf1e55d20f5,0xbe810134381226e904462d76e60126d18ae7ac7b382134892c943d5c4bbbb344,BUY,24.0,0.91,2026-05-10 04:51:56.000000,Up
0x004048f9b077378eaf7444db5ed473502add12d037fc7f9e74f01adeb293896b,0x12120abdc7ba418d484ce61ed428a0cbd1f674cd,0xa2f45634fade181acac5a561712eacc37d29704482dfe1caf3ae8772d75dab66,BUY,5.098554,0.6299999579999901,2026-04-16 03:05:30.000000,Up
0xc40d0dac8e10dc7814f8709412421f7f6cfc6a22ec2b567bd54b99496306350e,0x501bf00ab0abc7df8c80ad5f2915143ee5cefdd9,0x796e791e7058571e460278814fc7a3183752285338f1400087b98bef3c447908,BUY,1517.421488,0.044812861513926314,2026-03-21 12:07:25.000000,Yes
0x9fce89150279c2f8140c539ca2c9f29a5b5ed17908af058f44a6457f92c29487,0xbb428fa249f3e7d460d173b43e3afd2d88e276a5,0xf545847e7570245c4ea833701574905755b8fd61dbf77964da14aecc9b7385ef,SELL,680.28,0.999,2026-04-26 17:34:12.000000,Islamabad United
0xda60b56b0ee98807b3c4b48422d9364ae81faf0af647ed998866ead2e0e158fb,0xf8683163d89e017ff723c9d3136c88c79f05153e,0x44ff3f0559805d6617a75563d4ee51b8ac014d859b6acd159509b17d9d3ad755,BUY,3.405707,0.45999988147235044,2026-04-27 01:58:44.000000,Down
0xefe8101c96b8ccfcc1bc231c27200ab6eeb779c4be4dc5e940bf8a337e820759,0xc418617ca624a15903c61fbdf29902bfa657a7dc,0x2145c629ed15b85b44db3a1ab41b5d66e7912f7e2d236eddc658e9347f0ee067,BUY,40.0,0.98,2026-03-19 07:56:45.000000,Yes
0x467bd7e894cfdc17e45507346deae3210f73e486e6c4176478f29d489f19c824,0xefe67cd078ba709ff1cd74384f3b123161e6104b,0xbcddac2c3d116a09cbcc5907e6fd9f797761e817d3693c2a547bebf8bdb4336d,BUY,101.01,0.01,2026-05-08 12:34:48.000000,Up
0xe20eed2f4218dca3a4f9d4375c637a5d85c145ef2849158282d5eb65ec7d6d7a,0x56bad0e7a00913c6e35c00dce3ec7f7cd6a311d7,0x470e7016bebac2153a56a7676598eec9c6f25dab0c884ca0258c02feb2c9f8d5,BUY,7.52941,0.3399999468749875,2026-03-20 06:57:55.000000,Down
0x4bfadb164e6ff3321b12c69719cb65d27da0260d054173258f96912234657dcc,0x180c8d4c3ccb92f9fcf712e61feedfc3482ef365,0x0b4cc3b739e1dfe5d73274740e7308b6fb389c5af040c3a174923d928d134bee,BUY,7.2765,0.962,2026-04-10 05:20:59.000000,No
0x4c17fe94aa7f87475cf2df9a6eb1560e47229214d625a61830b127a448d2becf,0x876ed1e66a73b7b5ab7424d88a2930df0233fb77,0x33adf26fb00bc5a6214c1332e918d737755849766b3ebe8f1ccbff1f35f83538,BUY,4.0,0.35,2026-05-15 00:57:45.000000,Up
0x51de40aed5c890cee991eb1ed251366757eaa4d789616d4d4d3c78088808dccf,0x68d41fbc7c81a0b847f67bbcb838ff15d27b943d,0xc3dd100e13dddfdc87ce9880fa45680a7ea68caa3da428a717b51c5bc73ed723,BUY,10.0,0.57,2026-05-06 18:45:35.000000,Up
0x6d8aff4adc50ff04efca1a7605575ce32817876705ccb52286cbaeab12f15e11,0x57388d5318ab10016494098b0a9554804eb85ca3,0x2f6a547524c1d290f8a2bbff80be2b0e8ca1b3b716dd3a0e74bf8ddb3e3fd6b7,SELL,10.0,0.82,2026-04-08 16:07:35.000000,No
0x9c3c2a73affc591894156c90fd4bb1ab27e7bf89ccb0fa7a1e4f47fe7ff1404f,0xf9a5806c67d0a4501742eb9005387c159a6e57d8,0x76f81c7612e36bc1b6d96df2eb8ce1b99aff2d4eeb65a64df5370df09df0f442,BUY,4.678963,0.2899998844055596,2026-04-09 21:52:05.000000,Up
0xdd228a7cb796b0a5c1ffc7a6eca8814957c8a2c54def4cc36fd29f38721704e8,0x8bca45d6840c50c57dd3e2766eee39650ec537de,0x1708d08a38715edbd0ad4e1a72cddd71866dd24875046fdaeb0cc1b519b06540,SELL,75.01,0.024,2026-04-10 13:43:35.000000,No
0x729fbf46dda3ce360db89e16a91648678597424c2926fa7e97b6d8bee4dcdffa,0xf9374f295680b3752756d8ea2546d042205a6a1c,0x1973e0fe0dab444721b08678235cc247ed1e4fa19c76c371a37144438981a116,BUY,5.88,0.5,2026-03-20 17:53:57.000000,Down
0x18fac7298aeb8353745d937f50b1740f88551b2d214c2eee1facc23dde45152c,0xa09a759355a39821ee3935a3c7f0d5659d28911f,0x153d5bbd7dfd1e9a3daf1c377167735fe6b0457ad169a8607eaefa8848c7a472,BUY,2.173912,0.9199999815999912,2026-03-24 11:39:35.000000,Rooster
0xe4673a5e76b876cc558f267e1b67dd972c221860c6b4153001ff069dfd0e4163,0x90b9be5f4502224cb050fe842e388d0159871951,0x9345ae7d9b0a448da43def4f46dbf7f0643ca1bd7c83cb6ff438c39c801ac924,BUY,10.89415,0.2,2026-04-14 06:37:11.000000,Down
0x8ab83ced74a185a4fa95cfe575fc006c3d28ecca3ce982f54f836ebbb628fc80,0xd1a63a243042d864520512fbdbd2fd20e0ab1507,0x1786c149f32f75fa909fbfab4f7b273975b6da5b76ad6d43200f927a1690f1e8,BUY,20.84,0.013,2026-04-19 05:30:50.000000,No
0x33ba576088dd39844df56d40a8a97bf88c42a0c6b9aa49d53a2874b5f171e66b,0x0ea6ef3f0e63136cdef75863ebcec0c33de2180d,0xd426b5e37b1adeb4a30ed0ece09fe70b5ca0aee2392a43c97b18af26b3fec447,SELL,50.0,0.18,2026-05-10 14:16:17.000000,No
0x390cae16f450fa903799d8e31fb26329199e19fc6c4c541f9a778ff097ca7576,0xef03e582b679e5c8729f18f324c9e0325d3dd253,0xb741ca496ee609ef62a4505cf29e23bd53012c0091bc6f37e8bd285007ffbf2c,SELL,0.13,0.21,2026-03-23 02:53:33.000000,Up
0x2dd578149930c071c71f3fa24e81eb49fc59b091bf7c68fe9c7f5d9816498dcc,0x04283f2fef49d70d8c55ab240450d17a65bf85b1,0xd72115597c7eae71578b26ebe0e4c48e983449d7dd28574476542539f7b311d1,BUY,23.028229999999997,0.675,2026-04-19 19:52:48.000000,Down
0xcd54b1cb108954956c524593185ffd4d802db302c7bc650c66d466f8225ab545,0x1aaa4acf39f269a7bc4b6055d14dbebc83dd88d8,0xdd609cf51dfb74e7b6db4e31a82520c6c8cc1e3126a8d916df74f211401a7a62,BUY,19.148935,0.4699999764999986,2026-05-14 05:35:23.000000,Down
0x663dad07695c74e4890705bf2c9926175fc1a16f7b7dbceae34656af47d8aad1,0xc6a660df2dfb8c1bccded6b8450ead32582a7247,0x6f5af2d86ee479310f322872a0743b23fd522f6f1b12de44ce45774f8b89a10e,BUY,5.0,0.51,2026-05-09 13:57:47.000000,Down
0x07022a74e5581f56a8cbdd231269f66abc6e28a507b6fce51ec110ae60daf575,0xd0459d96d20e60404f929034f11b9c37f2d0a1ff,0x446a7488c6accebabb8b57631a6681f333521802d1c5be4c2c683d28fb74ece8,BUY,5.6,0.47,2026-03-20 18:55:25.000000,Down
0x295ceb0f118fbf712eb241b9e4d9210c332d8d3fe52ea23784a75fe9b5060819,0xc285fd56df142b6b1c64970d3ad560871fc39ce8,0xbc1776e08574eb97d9b0a77da1621736b187d4d85fafaa6ebcdd526025457988,BUY,1.901,0.999,2026-05-15 05:22:23.000000,No
0x4aeef10570336f60b38a7ade6f0dce81e9448f2f73436ac52109e09be82bd1e9,0xd00380320e222c428dc738c9156cdabc63fcaf48,0xcb06319aa9e029904c93c1df7d10b7ce7d6aab2b25b8f661e0cf57ea048a1567,SELL,39.0,0.925,2026-04-09 01:16:09.000000,No
0xdc667722244f5107a24f97ba0da0d129ff883c7e110a9233c256bd9be272aa5b,0x606345eae7b751b245279beb27cee847cb1b2705,0x9b19c161089a0111953b3e073b73117dd18334b343e4707aff36ad5eda5d1bb1,BUY,8.666665,0.11999990769228994,2026-05-12 20:55:52.000000,Down
0xf5020e8ecc600c4eb6af4206f6ec36ea62493e3f37d13a9da18c30a427a66543,0x94a5aa6e71d351926bd1fd1f36120ad8a72bd468,0xfe6891647fa319ef4b1c36710f674fe4056da07f5f177acf41be7dc29be3106c,BUY,1.219511,0.8199999835999839,2026-03-28 19:43:32.000000,Down
0xe5a0e583cbf2d9f7039242bc60a08036006b222a64be90a43df220502b5b71c0,0xbf583a2eb0c755cfd1b5e51754ca695dd9c87a91,0xc77e7519466ed8c41ae944dbd2560c1e826597167fd41ba66e33910130bb17fb,SELL,0.5,0.88,2026-04-30 04:18:34.000000,Down
0x6d8df631b8190633bf2a47c1ea8021a380292995377657b54689707d8b789587,0x0f40a0f7db308e3a8ff492c8cf6cad8e5c090477,0x7d885c67334724ff7a0dee751715abe0d8e5bcfabde2b7e2745b88256e7d8525,BUY,50.175113,0.996322497700627,2026-04-08 21:13:51.000000,No
0x8ab08345d91f400a8a285934aea9f6332ab27afd19301833918e04f8151b30e7,0xe11c8e6d43d1b9bfc23e554d2c81117f857124ef,0x6ad39832e66dc323e216f49c793711e5405e43bc12160286d1a7c3b81645790e,BUY,18.45899,0.7726676489317201,2026-04-17 21:41:42.000000,Up
0x26778b8798b9491e256dc40ec58e5ffd6b2c5623ba4239977805dcd69cfd0452,0xd84b8708dff697130d688a8722ff55cc0c0383dc,0x0a05864061166afbb041151710a24eb5a25043eb18c8ef97e875afdc53ec847a,SELL,2.08,0.99,2026-03-30 23:35:17.000000,Up
0xd8ab7c90ea4e75dbed4a1d161cf007e38b7b4e1328729a94b9b20d9b6fe820a9,0xdf52033404dc14c778c8eef9166f467b4b1b3170,0xfab1b7283efd283f237dd9c0997523ff239e6e2989e01666d9ac833bef6f0b08,BUY,21.478259,0.22999997346153614,2026-03-25 11:13:39.000000,Down
0xc78d686daaac2a32183cb7d45732afb5c99310445f32fa13460fb140d4d9ae59,0x8bf9ae97bce9ab947bc071c08245d03f145b1f3b,0xe0e55f58f2f26efd81fc9166cb128923511f1383bcae8e0240cab45f9ae4ae62,BUY,5.0,0.58,2026-05-09 03:09:38.000000,Up
0x61ae94bf6aa3ff60b07bdae34ed1d84a97d994f9754e12ac1efd6a7de95e7afe,0xdf6539d1fadb951a02a999d31a72e0cd7fd9c36d,0x741a52f29af90a4f4e8ffe56337f55e62bef4660bc1299a4ec55a27157dcb0b8,BUY,29.46,0.75,2026-04-03 15:28:15.000000,Down
0xd33cb3cb477cc964631deeb0ad4f983b874ee2e9269a70ae615e78dad9265256,0xc8915d60915514ce1bb59bba708055e47a34a35e,0xe811d97ed287e7bde4b48701ce68abb9eb75b5675856e14262bfc77ca7b9035c,BUY,39.03,0.7280784012298233,2026-03-21 23:01:35.000000,Down
0xe6f7a84afe760f5d3083a7c00c7050a5ab49042602356da755b70508549197e5,0xf4077333bebc89a7de9e950cd3ba2af8d02c169a,0x655a0130edfb5fb0962a0444ea73ccd3bed3752f21dbac918436411f6d6b2465,BUY,48.2,0.63,2026-03-25 08:51:19.000000,Jazz
0xc697d7fc2b0f4c2e3e7031314730e9080dc0d99c67b40850e4944b840ace9225,0xead152b855effa6b5b5837f53b24c0756830c76a,0x3d2d3d25ed175592f709cadcc9afb488d0445ba906aab282d4e0f2f553752991,BUY,712.0,0.42,2026-03-19 23:34:21.000000,Texas A&M Aggies
0x0e6acd5a64ecb9a5705bd636645bbb77e2cf2c79b71e7db26c06246ceb1b993e,0xd1a63a243042d864520512fbdbd2fd20e0ab1507,0xd8d413749b52f59eeefb29b7e3f16698c6da7c866106b1455383cf7e3fe70618,SELL,43.0,0.001,2026-04-28 20:10:18.000000,Yes
0x7ce6bf3cd96be215ce571fdcf53fe0e1c249e6f5cf5968e7f635e1bebd971916,0xd6c74402154ebc22e9902e04d8a9ca86a1c3a6a3,0x1c7f12126c84777b4dbf33fe7152c6dc4d0b5af10e6e56f8b20ab652895179f2,BUY,2.391303,0.45999984109081954,2026-05-15 11:32:27.000000,Up
0x0e2da3c1c26e121dc23a2e9f410ea4d67917930e6c17831db6ef748549825fed,0x2e3dc1df7a9ec31e3138185ae92c69921b53b56c,0xa86687cc94ddd23f585f0c182515c5f8d36ad40a4991b55a149f4b68c4e7d447,BUY,32.258063,0.30999998356999925,2026-05-06 03:29:34.000000,Yes
0x238c7832f9074cf72a158921150da184f14d356a64c23046e2cc8d293efe5721,0xbaa95f2777b73b1f0ba7a19c39ac02b186d7e4e1,0x28043aefe2f71429fb2c7f280605e63e8839b8f4b215437b00d3d729684cfbf7,BUY,5.13973,0.58,2026-04-21 05:05:38.000000,Up
0x9a35013351b90b5e017f9f979d55770f7ead9d5f70f7083ef55cef67a592830c,0x606345eae7b751b245279beb27cee847cb1b2705,0x21d5b1a4e0aacba55724f445c3c90b87f0fba147a58ae171a6033c67ceda0edc,BUY,7.118064,0.2647710381318385,2026-04-03 06:11:01.000000,Down
0x3372059dc1afd70332af61f2701b2018cca52bd4efe904cbede302f7f64def06,0x6d9b41c747a6fe02302a9124ebb513a532d0c04f,0x2ab07339a2d8c0793f4c35c285d4077538334a936d96497f00a77b172107f179,BUY,2.244896,0.48999998218180263,2026-03-23 19:49:27.000000,Over
0x7579bcebb3d87ba28c6b355085e40dbf66e99d778e068c4dc2cb257a369ceced,0x700afe0d7867a09a7cf8c19a835774a77eb758a5,0xd161726dc04e85ca12a2a86a8a8d2de72ac4fc255c30c1d3eb5f97cb42e92c3a,BUY,7.8752,0.48,2026-04-01 16:22:47.000000,New York Mets
0xceeec01900aa088bb47d93a3fec149674989ec3156bda4acaaeb3225e906961f,0x3f3937fe8dd576266be6a4a2469af794a253a73d,0xa29c18ea1e8e271f6c6dea0a8969442aa50fd3256d9fe245305daa47004ad170,BUY,10.895666,0.5099999858333313,2026-04-15 16:30:26.000000,Down
0xd96030b127be2ea1e0f48b881b55ecf0cef497202753f827cc57331002c0ead6,0x5540d34e4f110b09159a10b5196829a3a5c7fbf4,0x47997fef669d83cc16eac4c770bbda6e28c4b7e78627dfc310e93a38b0ecc890,BUY,131.87824,0.01,2026-04-17 22:39:42.000000,Up
0x25898dcb108949db573f0e7d64b1ce88c376064f935a0d5cc42f5015d4ab72ae,0xef3747f825249ad80cc4566a5fcccbe9d16b7f8c,0x1fad72fae204143ff1c3035e99e7c0f65ea8d5cd9bd1070987bd1a3316f772be,BUY,2.0,0.61,2026-04-17 01:05:22.000000,Yes
0xfca4a2469349a617cf1669e1611a0482e1010d48c415ca7c649a787d4d3ccf1f,0x2d395d11014415644fe9a8599fe050e7f3a06053,0x80b4075badbb7e260713dc0ee91cc612e5c5f5c1f514a0aa95e143f650ad563d,BUY,306.6502,0.6398064516129032,2026-04-08 17:12:01.000000,GIANTX
0xc6afacbd0bb397232414729ac2a9eaf2b8d0e5f828bbdc1d8d4f385273463aaa,0x680602dec846848db86b908b164f82a1ee473d95,0xa7b1a9926a4d1e5b03ffe1cd8c58ebccab3c8f98f29232e836a4c001e2a9bf18,BUY,2.083332,0.47999982719988943,2026-04-29 22:43:06.000000,Up
0x0c66241efc0c6ca0ba7f3f9d4cc7756c5b0e869da95164b3a7e45f772b0d9e3d,0xd973defd814f7b5636bfb59693364a54c9b8643f,0xc0dc636f798c076254cdcb211e994081324f03e64eb763a0182e191611cac395,BUY,7.0,0.17,2026-03-18 21:26:09.000000,Up
0x7c73fa03a5cdf1b62a7d5987b34f6d747a0f3f0d2b75759a0ac5bf8a1464bfbe,0x7e079ecb780f31b16ea56bbeaea32ca267684545,0x6a04e17bd425824270c78eadde46d7470e4504721d9043d3ae72a0f0c074c660,BUY,135.135134,0.739999998816,2026-03-20 11:23:55.000000,Down
0x8c39e2f0c3abeebef69dbecc965fa35ad670b977a2dd2fc2471f80e468f9b7e6,0x316984a10abb1a5518eaf142c86948109cfa6dcc,0xd7f84eb3902c9e5ab5b2346459e6a92f2bdf2f8364c4b936a48c108494802c5c,BUY,25.83045,0.38,2026-04-28 10:58:58.000000,Weibo Gaming
0x33a49367e10bf0209c51cf0a6182aa7695ad4962c548565de76afbb8efed6467,0xba2e8fd868cf34372b026a8de9dfaf69282b7799,0x3d033fa73dda8a9eb35a46fc7e36403c2a701fe71aeee69365b05c61b89d6f0b,BUY,1.9964,0.94,2026-04-09 07:31:41.000000,Bilibili Gaming
0x3fa6a9b9c508b8283cd63c2c190d843e37baccdc88b650d206dfe96f6ce6d87d,0x674887d1ac838099a48b629dff53f25b7b87ee08,0x4496aef47fb9c78397d65e469edacd71227807f2e9f00a6483b41ab15c61d14c,BUY,7.392144,0.41999996370369563,2026-04-16 12:50:40.000000,Down
0xa263f7a1f003764a7693351f2b986be0915697f079fccbc50f4cdf6621148d17,0x7dfc8aa22f2d4d6f9cbf55cf86682a4d2477f54e,0x67df5fe279a22dd4b396272ee7f4f7babd115ca74f6fcafcb6af7c877900c9bb,BUY,5.148224,0.2199998753333001,2026-04-20 23:44:22.000000,Up
0x03429d5bff823ca1e3a4721e08df5d8916b149ff7a21c697e603365acf76a8e7,0xf8561c4d47aab7f17892e3dc2fbe877f39042edb,0xc502fe5d1272c2e2ebfbbef7fb4741ad3388aa8ea15964fa7c49513c8fc3f06b,BUY,26.879118000000002,0.739999995619141,2026-04-17 03:14:28.000000,Down
0x44c6fc7a83cab4a8deb6d31f53322959e5de778a4245b5acafb2e81a83ddd830,0xf83a41c0fd16ed9ca5042a4093afc06d0c4b1469,0x5b1f45bac0581c01c83a1ac26247e5a9f0f8dbff2c5eedbaeb93232e23af26e5,BUY,10.0,0.38,2026-03-23 04:01:09.000000,Down
0x668269c593ecc8eba7d0ee8afeafbc7c6bf78aac68eb30702703a5901af04b32,0x4d3d4e0dbc59cafa6e4dc636733aa57ad429ac3e,0xe973258f9500c5bca764810df41474b032ff4e0581085fad982b3a2139e92fa7,BUY,5.365585,0.9299999906813516,2026-03-19 14:56:35.000000,Up
0x47f94eb88efe290f8e9f108c778a6a1a3713a0bc24d9737efe51a815f2d83f57,0x9796de6db546a93d9d5134563ec58ba08658d713,0xec686d8d099b39646de3bf69a6cdbbba316c3944ba39717fd8e708ca9e5178a3,BUY,18.9776,0.29,2026-04-19 12:41:22.000000,Up
0x0c63f4252843bd33f57b8908b665906b7936555421174dae768e9ba5f4f8ecde,0xb565d07e044de00103cbcbb1900c67e4004d236d,0x78a3964f6cb0f316269b50fbfd6d4ae50b9f5ae7752117e4f6d9c476cd072244,BUY,8.88984,0.83,2026-04-20 00:59:18.000000,Up
0xc8dbd3da6cbd7733a0989c4d115db54447da98d14c711c89b1f07268f9a72781,0x9780a87d3e2c0e1cf9366869aa74beb222196c12,0x4a7601acfce40b1ebef3d36672923307ada0ff2196e8d0907c6e1b16974ac28e,SELL,213.21,0.99,2026-03-20 06:00:15.000000,Up
0xf7fd931a88b8a51a6bdd04ffd4310e68da8c723c154da36c56a840117958c59c,0x5a8dbc1cb972cf2badb0e7b226eddc28762527b7,0x9739c8c538a9dd665114639bc40eb3948a196e4eb8223dfb6339a435303015d8,BUY,5.0,0.62,2026-03-18 03:34:15.000000,Up
0x8f08acae047952e6d269d72edd165e0ad06542820cb84fcf07b7eabfed42f777,0x2ef2f13f30e523197e9e66afa2f2620f02fbfaa5,0x20e70570466ee7b14526160b1a43b737b9a7c4a8672e0c4b79940f96121653e8,SELL,10.55,0.65,2026-05-11 02:41:02.000000,Yes
0x6eef64209484c1466e71759e1f360c314c72e5bf011f2491cc1d320b551e334d,0x0079c31913ed195a00d17c23562e78d46a3154d8,0xfb0338163fd19121897db55f0ad8bae8445c4d220c95340b5b1ea619c3cb720d,BUY,8.75294,0.85,2026-04-29 00:30:12.000000,Down
0x51a1e0e12dc8545cf1cf6ad419624feb3295e734a35f10a82612fcdffe58beac,0xa9e106a667955dd16c1b2df6f0fe2fcf231a00ee,0x3e442fd02c3b8c2655518fff424e8522bb7f75212bf51225f74e8022de27d3cd,BUY,200.0,0.97,2026-03-20 05:54:49.000000,Down
0xba750bb2a787f5e830719211dc2659780c0cf52e0051f74aeaa3819c56133384,0xd2b4b21c3ec233d61f379d23cf6f7b13b64f11ba,0x7805da31d5528febd5fbdd7f883376c3a7de3b9fe9ff30ffffe4fafb9df85de4,SELL,17.52,0.13,2026-04-08 14:18:11.000000,Down
0x9da4095fcc1ebb4e3411b7b07dde0a3fcb00435f413eef14b437f62fa6d96a72,0x0548b16ca812fa20923573129cd4a6b1c7350ad5,0x9352c559e9648ab4cab236087b64ca85c5b7123a4c7d9d7d4efde4a39c18056f,BUY,2.105262,0.9499995724997649,2026-05-11 12:18:28.000000,No
0x86115e1187fb7b3ac1d956efb5c3dbf260fb019f3f8e27b128a21babffbb656e,0x812f6302a132c16e91b080eb984f22805701b06a,0x295201008eaddcdb7da2dd6ed36f21de79bc3e5bf7629f46861255a600e27843,BUY,4.8092,0.47,2026-04-04 15:05:25.000000,Up
0x1b49e4feea1d0eb34b9d4a2d1940d29c6b3c5a29fcf0a7405927cbf066e358c3,0x8765c3958f197348d7eeaf4067ab586a0e699cdb,0xf5b8a45762eae22af9bd02887cdf56f72b71eb1740a1436e705a7ec2f48c4489,BUY,15.0,0.326,2026-03-30 20:31:45.000000,Down
0x432187da7dabc3a4f36f30f8dd8685fb8ee58f0528b92e027cde3104ae06050e,0x324c3bacb774466fad53b74502f0b756a6ed7d56,0xd969fc78f0b4cdf286df47bf2cb942c28dd17fafda5bcb53a6b1038dca626b26,BUY,16.666665,0.299999969999997,2026-03-22 01:15:23.000000,Up
0x30cd8a75d71a8ef0fef422d52851a83b19b85952a9ab0cd4b2fb3dc11c61bf89,0x6c750947ee45086c347eb30ea08c0293be268a96,0x3f7126d417a6638eb93e789ee95a8f6464850de51735239f9870aa50a9078d2b,BUY,4.623526,0.8499999783714853,2026-05-06 19:40:22.000000,Karolina Pliskova
0x73a9f82d1919f4828a61eb53ba9dc306d76bab3adac0dcbec56810e2f9440ebc,0xee55214ee3a9ee22a404663c76ca832577df7b04,0x23b05e8577e46d736d6c468add364a1be055fb17f76984af62b0bbb8fe853b49,BUY,6.03846,0.5199999668789724,2026-05-15 10:30:18.000000,Up
0x82231b8758f3ba405dfde586d2f70f30209c2a3c17f4bded348ba06127e6a3c1,0x16cb58acdf01a80d79b0d2c0422f14a1f8607edb,0xa846960f08e0307697573349a804a170d112391301d4dd5870d81dd0ca4f4085,BUY,9.61,0.5,2026-03-24 01:10:15.000000,Down
0x430b5b9de5847c2c47a7284a8530e5c5c2a74d27570ae8fb94e6b5471744f6b2,0x5471604e05accad637155999bbf90d9fad76a236,0x8e4d75ccdc6da233e2d2b28b22af405d4da12f6544c3d06751fd18517c9107d1,BUY,29.57069,0.08,2026-04-26 12:12:24.000000,Rawalpindi Pindiz
0xbebeaadd9ee872af68aa45cabaec7022bfccc0e96953feede0b122eafcddc491,0x0c211891ccd9a5d8b5f190b1d8b18b0772d0a4d8,0x66957f62a27c2dd63e52b356bc4d38fbc49bc71f097ebbb99ec59ce2385492a0,SELL,10.0,0.127,2026-03-21 15:22:27.000000,Down
0x413f5ed3c451190088d291da8aff7d1c41424c5783fb1ea61789f5e889719269,0x8b01c3be3d159b7ea5b28b903b6c4d586d2d7844,0x2f41dc5028215f4137745f697bec39bec9b992bec786b8f061c8000420d65bb1,SELL,2.17,0.87,2026-03-29 23:42:54.000000,Up
0x7c7a78350330e56128ccdb4ac3f477d2d887531965a34e72be41e7a91e9380da,0x85aa2248831a6d9d60344480324b80d42f482053,0x032d1fd58af245b0f7ff654f34b5ec023605b1a127f3265bef8d0db141f0a0d5,BUY,2.0215,0.93,2026-05-15 12:31:05.000000,Down
0x572f7809cc23d881731389586d7182c3b1deb780014bc1bafd57172087434249,0x74e2c1129ef7fe5f334f99273c62b3a8267889a5,0x0b90fd295d6356eb9f027e0e4c6d1feffe4451f423e53905fe2a86f83216cc25,BUY,4.8344,0.54,2026-04-15 04:25:58.000000,Down
0x4718137dc1c897c29a0bea1b17616d4d2fe5eeb76bdaf99742e85ff41bcd6d28,0x125fb9f998874819a05b8b971562366bb0cd5f09,0xbb3e948b9c0772f9f8b8697b5f2694eb06a5c7d06e4c7c6c214440c73990e461,SELL,3.17,0.98,2026-05-07 03:28:34.000000,Up
0x48813b1ad3273c66b83993bb4f1667b854c2bcce059f2f864393738bd6cb14f5,0x75110b2afa07a881292528a355715a0febe1582e,0x668e4f9b92c06ddcdb837dab9e3744b6a834522ac553460e3baa44cbd64291ec,SELL,293.0,0.27,2026-04-10 19:46:35.000000,Vitality.Bee
0x98a39ffa633fc25e80f5f70bf3973bd46521c19f5dc9bc5f9db2bf9f7b7585b7,0x04283f2fef49d70d8c55ab240450d17a65bf85b1,0x85e11a0ba4ba1fd3bf69f2587f0e242d124f5ad1084909cbe36010f477fdea07,BUY,26.0,0.14,2026-03-30 09:58:24.000000,Up
0x7d5b28f71aa2b6272a5f2dd11ab42cdb6185088ada275dce79ce4d42b682d495,0x054dc5c55e4abbd8f71a8bd4909b9ab9ff5d6f42,0x0e31d3d3658a7cb23c91ee53b131f011e854c0a49dd7a6cff16f52916afa264e,BUY,1.151065,0.8599999139995786,2026-04-01 12:15:43.000000,Up
0x92e5b8db14fe92597057342872b74b2ece1b046e8e51355dbca4d91385f62190,0x73261a2c05f3aa7c256a978365379e18ad8cf238,0x450810ae738a0ff820d3248f2b24937f63fb8c8cf422ed2a915125adb4d9d3c8,SELL,250.5,0.993,2026-04-26 17:33:46.000000,No
0xe1ce2e7f481cd5e5be46337142ea3b23b9ce1ca6ba4e61153b3aeef7a1a424f7,0xfde3e5dc4b584d2af6093e2c00ea6a3ebf00b9d8,0xb58e8017568d7dbda2b7d8d9bb3f54540fdec86c4581d48b09d06513b0c0d7b1,BUY,114.0,0.99,2026-03-19 18:14:23.000000,Up
0x23bebb8fc459336768a20b90778712017040c845200b547e9b77848d0f43f12d,0x54349f661f81f03a34e445151c124d2d3a3e4493,0xdc5af3b3ae41655e43d550f41ba7619d97439cc3ea2f38d2d5095a4e94a355e3,BUY,9.983868,0.6199999839741471,2026-05-10 10:35:10.000000,Down
0x6b00b5ae70f2e5bfda547cd7acddfabbcb0e288b6d3eba656811b87a03f0db8b,0x530b688f225e4034a0a5a6c4046b5e6c56b72d99,0x23dbb60ade08c2664ac29488325afbc0136735bc7beb9180d9c0cb72620b0b13,SELL,51.0,0.944,2026-04-14 03:00:57.000000,Yes
0x096b43f5f5b95aa3421724368af777b6684ee88de0c9f53eeded2b1e9d234cb5,0x4e608e633426d8a85491165e0ffd52631fb6051c,0x3c525351d2b6d9c434efad1a9d5d5d6680cdf9c28529d26723baa53caf9d0977,BUY,5.088159999999999,0.8,2026-04-20 13:31:02.000000,Down
0xa6ad5cf92e798f284b6ddae6cec90837f760679e968a0a0224b77431ee96fb84,0x7a28dacd65fb862e43606459e06d2710ae321813,0x0020fda47604a2d66ffa8e2f9dfaa9a358f4a179d9375a06adca1a6efb5bfde4,BUY,6.521738,0.45999992639998727,2026-05-06 08:41:04.000000,Under
0x9de802f05f157a1865735d63d0a5c92704ee87feb43d272f8f838f51e09e1eab,0x6a48452e5a445adf02003469b063f645c91aa46b,0xc6298d48108c9b997215dd5eff1d90b9f6301047d46c6a914ed9ac73b544bcdd,BUY,10.0,0.077,2026-03-20 08:03:51.000000,Yes
0xec14f913959702684cd5b95d8b9a272ad62352a6da25d879180ff4a46f8d7b70,0x5bd02f45724cea1fbddcee9662c1944674ebd524,0x99e70457e21d76b219505ba2743bc87362a5bba2b478b536720e599418d5a7ae,BUY,20.96572,0.27999997199999815,2026-04-24 14:36:42.000000,Lakers
0x408f4eebfbcd73f595237f67aadf540d76ce1e2e80547ab7925e2e6e618e423f,0xd0d6053c3c37e727402d84c14069780d360993aa,0x0d2c7bcbb37785b6329bb626beb7f72b419a2b5b8b77024233f40f945a5216f4,SELL,14.08,0.13,2026-03-19 06:54:33.000000,Up
0xedf32c440685b0ce2499d79094736eab8749480b3f41f09133249be245ef6246,0x1542256ae56c757d6fab0a0f694a7e4bf510e0ad,0x58bbd364546c91ff2286866837986c4c4b7b154840baa86b3d07afa80439c583,BUY,4.101675,0.4799999519999808,2026-04-03 21:33:19.000000,Hornets
0x4c5adba5c52a1f62ee5abd1fdd367c2dbf5bc5804fff6431be64631df9cd343c,0x07bee0f98337401aac3a3e4c8d5efd4207f6485e,0xfa051987030013e11a9018ab6369281a24d72447552544f0c63124752ef0fe5a,BUY,1.5625,0.64,2026-05-07 05:39:13.000000,Up
0xd2b9e0a7ce16b3d4c85fa813270a16e9f54c4c5b3085018950d1af8df97d2ca7,0x79d4fe94ec34ead48625d6ccab6f82aa9bb6187e,0xf08170b4f9f181875e8b3f5a5c3fb3421dbb00e32423160f8a826a20d012def7,BUY,36.458867999999995,0.5299999883399997,2026-04-19 02:30:00.000000,Up
0x67b73c84bb9564410949648adf562d574e233e9df8b49f27db33a51a4bb77e8f,0x669dff0d7213f5a9f9e0e2864eeba192bd9d7d58,0x9115039192575a0f72f9b1ca241571a86be0094273ab60a7b81005d590855cd5,BUY,16.186674999999997,0.6,2026-04-17 16:35:54.000000,Down
0xb216058106edaa8ae047a00b1e559b4e3699e0c83419b6347d3f1cb648757f09,0x46bc5ee152296539cc9407bb4383a6e9f5864894,0x34cd62ee5f2c182b2bc778b4c26ab8f72e3b5a4ee95d206c90434a1c5e90c2f6,BUY,9.91432,0.10379131133836186,2026-04-11 02:04:51.000000,Up
0xed616206020684869a938e7500a197ff5b25e0d11997cea74f6f5d9624d46186,0x3d7702587a84915097dfaf48de9f6623808d7004,0x3846b7065afeb7b9adb8e54c53ec5d22588e25ef9a2ea7db1f39453d8ae9519a,BUY,12.0,0.91,2026-05-06 23:46:18.000000,Up
0x6a6a1c957ad0d69ded46c4c6d9b731e77c8afa42e8a110824343f93a0585e0ac,0x71fa0acc436ecdc9c36d007060d559604a44da19,0xccbe68bd98bcb0035fa4b31b7e3ab79a07be41867efc7028fa89218a169ebc9a,BUY,1.98704,0.91,2026-04-27 16:58:18.000000,Down
0x46a32e8720a6fbcbc6bf11db0f03569d7be2ecc72289096b222e1575cd4a14d6,0x973690c36c9fbe4bd86947b5ca5e78a9c9731ae4,0xbc70b8242918bdc815864deb4695ab33cc01250e834a59660a0812b5b3495d24,BUY,10.61984,0.52,2026-04-25 17:19:46.000000,Up
0x56f695a51f35ba9fec8325b3a088e3fe8fdafbcca85e3d2868cef5c589602f9e,0xaa4c4f604f9b2dded180afe23ad1a4df6fa089c2,0xf16d67c3963f912113570d582eca8e63c8808e4e9366192e421721968e09d495,BUY,2.52349,0.78,2026-04-17 15:33:10.000000,Down
0x4fa8002623cf979a1fa9cdde513500a6cd5446de5669f7747317cbf0de21b92c,0x88f8f5a49da82332463a2abb8cf043a2140b3018,0x14fd8ab261d14215058b77a9541a5013ccc3d3eb677276a9de54445a31acd194,BUY,22.0,0.987,2026-03-24 13:15:17.000000,No
0xe964074bfc45856d602ba23aa23be7b6fb896f710b4c8e41abf80c75eb2612ed,0xd8e1d87a2809e2efe044c3ecb7f24a837799331c,0x6ff6d4515354a9490c3375f0d1f8fa45ddc695f7c7d47f84eccff96b5d2d7c79,BUY,1.003,0.997,2026-05-07 00:52:00.000000,Yes
0x976ee9c1a0a5026677438a80bfd70f7e3739aa2d97efae0dd8f5c67788f2d6ed,0x3bd408c5e3173bce0431d67d061940d0c14f4eda,0x827e8c80408952f4a0396fe913644a70c3e997c52f9d3251760109b1bd13b690,SELL,9.09,0.13,2026-03-30 01:47:38.000000,Yes
0x2689bc502c729bfe43c33c36790707554da0aeb209b0039618d2b7aea0d5d6ba,0x09aedca3605e725655e314a29b28910e0ec555bc,0x1a87a76997721941d6fda4a7067c8071d64e6229ece9db801c82d0b5d66182c5,BUY,8.01428,0.87,2026-04-18 01:46:32.000000,Up
0x82d03540f89372d405f00241ba16da9a60527cfbdf2c012aa630facc649c7a98,0x82def84cdf9312e6627f7b8906f97b79c53b1337,0x198a4c0df0091ac1ea64c8ade9650b6f46d9a21250959ff81ecd148ca1b7a3df,BUY,41.942856,0.3499999856948225,2026-04-04 05:39:11.000000,Yes
0xd0ae261dfae19a261942116c5e6f8ac402dbbf5f2a084a2d52171f6c8ebe6b37,0xf57c753d08541b171a6d613271ad7c3f43dd9d2e,0x678b485dbd1079b0348d3268ae8734688af01029f896c7f9982d4ed43c930bba,BUY,23.153506,0.533828354116219,2026-03-20 01:20:29.000000,Down
0x8f951ea2c7c4376ea39e3c7956c6a0cc12e78cecf359ff5cdf93da935848f38a,0x675cb93b61ceff2342e06ade47f5232205f44dd8,0x58a419f982ecb10d75728bb2d5af64364d4b6d141bf242bda1b64df57308606d,BUY,5.755807,0.8599999965252483,2026-03-26 03:28:15.000000,Down
0x39dcaa61c39ddca58c185488d87f9272dd3219200da6443351ca577b901f2915,0xfe90414e4e858f5ce8e2e895bec19913fae05ce2,0xca0136d7acc14db3835e40b5d13bc2723ffc7a34a950bef39a2f5a18b07399c3,BUY,5.0,0.31,2026-03-21 02:25:07.000000,Timberwolves
0x281b4b8e9aad3f8c631465cdb81b0b2eb48d3a01dcf8b991c487e66a85a21ac9,0x4d766f62e3d1a97243eaa244ea72dcfeac7390a0,0x5d09489d3ae3c7f69fda3964f5d3d51b62708666301ea62a5ee0a1dcc573ad45,BUY,60.439159999999994,0.13999998758314827,2026-04-17 22:43:24.000000,Down
0x9629d30f6e99a2e97ff2182466d2aa3999adaf403a9ee551968b172f5c60d57c,0x4765a7451d64469402a69dddb299a586d9490483,0xae63eb34a46a8775db025537dc7696bf821fb1a7e6716f3fcec410f2b8e50668,BUY,9.21111,0.54,2026-04-18 09:01:26.000000,No
0x4b7973056d3037405884a9f0818e1d1e69b0809619897fd3393e9ef68c3069d3,0x84cfffc3f16dcc353094de30d4a45226eccd2f63,0xadb72d18aa634ff16af4d4e5c4c9973eb0093a97fa8f4d54c2288fbdc808d7bf,BUY,8.91323,0.46,2026-04-27 22:06:50.000000,Under
0x326285773cefc2fb5da68c34327c32279c8d90fb3268b5fceb04dcfa7ebcb03d,0x998a568a8f9da813599cc4395db0e5bdf94b6a12,0x7ed136a7be393ec7ef75d243288d48973c430253fd3fc5a8684f32120f924d1b,BUY,4.337395,0.92,2026-04-23 04:15:50.000000,Hyeon Chung
0x4f2f9766c1b8773c98856546088517173a0c90dad6fe2bab6ccdc6f2feaf6391,0x8a1542910eeeb880d2acbc67b478b97d7b8dcf50,0xa82399489b333d9b0ba5d259b1b30547bb49bd028755e19171b6e6168cdfef93,BUY,1.457076,0.6699999195999292,2026-04-17 06:46:16.000000,Down
0x1dc77c471e6a0e04ea99b89c6f42fc0f614458d5afdfcc204d520d31f0aeaf08,0x55c5d0282e8c41c08155afc1c3209b5f416e6404,0x3dc47a72ac6bb265e9cefebd2a2eeed00966394cb2d07245b5c94138b60e82a3,SELL,100.0,0.011,2026-03-23 16:33:59.000000,Yes
0xe0bea18b141203db7f32cccb50be8f1543f02a7ea8becd47d000809801762465,0x04dcf8d1328b2bf5fa6e7aa8a200df95751cd572,0xe9f0ef6311c6479728175a17f0ca7877454988db80da20c9195c19bb55d19251,SELL,5.0,0.001,2026-04-18 20:15:46.000000,Yes
0xc13e6e514363662c7382ea54500ee0a6adbb842f4480bc620afd65961eff943c,0xe0c4e4d3ba47483ccd4c19c75254fb0fc36e75ee,0x658d89cc3d095fb88413557a62392d0db5b2677fc6a530438de05c9bbb3a623f,SELL,100.0,0.03,2026-04-19 00:23:36.000000,Up
0xafbb4158d3781a586625eb7f83f3ce994eb8c350a5673db6b37440ae04e4649b,0x1ec6d95503c81c1f5dc83d006ba81dc1e22b7edb,0x4ccff8c606ad71080c7611d28f1593a528a8ca6c11c1fb63bfa24a7eb2ad30d7,SELL,0.78,0.78,2026-03-25 05:18:09.000000,Yes
0x7b4470db8e98806121d9469f977133d262cdea7a68c7153b20583374c12a885a,0x5b6331e7ff0831a3fe2ed12004747db1a9c911a4,0xba0e7ea79f5cf07a4b0a8d8962b429e026b40044e746ab5a7874d0b36c03f742,BUY,73.717661,0.43999999679902996,2026-04-22 01:05:42.000000,Celtics
0xa3db15420ee25e5dde55f15a5c8eb414c80da8a3ec1b3f6e3b5ce7b64d68277e,0xfb0625f05ef211d9c1ef93045ed3039bcd735c2d,0x743ed0ed54498fa446afc75f36c649b6490da6fa701f8a50819dddc15b2e6058,BUY,24.38311,0.65728,2026-04-21 00:45:06.000000,Up
0x0fa8b6e896091fb546d81143633859b5772bdb65696c4e74946e6bef534b7c92,0xa919e82214791189cb1204039630476e8f7a3e47,0x231b73fa408f9d3dd0ced179fc5d19403ebbc24142a51e94118d47f6abca7ef2,BUY,67.17888,0.07,2026-04-17 20:40:38.000000,Up
0xee5302e405e2aa3b69538cd7761626113f29cdfcffb73910935527c2dc717f86,0x3e1b673f3e847d316763f1bc908932a00898b0c2,0xa0a4bd25cdbdb09d7d90d7fa1dab25d7cefcb0048cd9a78afbbf868b66c85815,BUY,9.0,0.91,2026-04-27 02:53:50.000000,No
0xdf700bd2ab4e538d7092dc9658e5573eb6e1aed97382b27b73e47ffa6a1ab3c4,0xee289a5c5ab9eee0d7c36768be6148abb233d8ea,0x6a9c494c11fbb2ba0d831b6fa91b028345707c7df265673d5c6ef8c2e437546b,SELL,16.0,0.6,2026-04-23 05:20:08.000000,Down
0xbfb15d37d05b189ca2640076dd98db82023ea1f3d159af0e6f17533fe8a054b2,0xfbf82be9cf773cd2dbc596bb5526fb2948e099f4,0x1b167fcb93f635be1ac3b8e38e80377dd59c54a2854ba0fafe87f02b246a91eb,BUY,4.949,0.66,2026-04-03 12:19:31.000000,Conviction
0xf4e44bca4195dd67002b479a0a6ed6fd44b4f732d797d3848bfdb4a98778bf38,0xc0f3a8bbb57dbbab78e6de8b18c5dc74c935885a,0x2cbf6da1b667e1057f4d81e8cf1deb2bb66e8fea70fca7917223561f326f1067,BUY,5.402984,0.6699999481767853,2026-03-24 13:15:55.000000,Down
0xe50b8fb8c53ecbcfe378be47fbca6d25cc80e9576f63aac4d027a4256950b7c3,0xe0c3465545011c4d78846ed48ee8c09b637f90e1,0x503d4ed167343b848dd33286128ea43f6112b4f9c5963cddff7a17f4e04e48d8,BUY,6.0,0.8,2026-05-15 03:14:19.000000,Up
0x46ab278b5685327781d638fc358ba59dcdf804c84036034d1c03472c2ae98283,0x8e1c30883c2941e17514432d408f82f984332dc8,0x12ded62297bf0230880001275eae1a97f2f211332aa63e27fd5a9ed79f01f016,BUY,9.6472,0.51,2026-04-18 12:00:22.000000,Down
0xac2c67984133db31607050075de7a55a16719508b0b39329fe99b117ccb4dc0a,0xea58b6928ae44db7c9f6ba55d43b3542808b520c,0xc05aa738b41842f693044c3e0c2ed65a00ac3bca08267d6047bd9b181b09f776,BUY,20.18746,0.99,2026-04-27 04:09:40.000000,Down
0xabf15de4fe7372812c87238f4927eb1a424fd67711345b4f94244041d6dc26e5,0x08dc77d913fe456e798e04da346d1243168bcd12,0x9e54856d758cd7de25b75c97273a38d711642f16eacad57e61982028f2791206,BUY,14.0,0.975,2026-03-27 07:44:15.000000,No
0x0af8bb7ab05b52bdbb09e2657a979d9f0db027559d7427143e12566a02c1f810,0x10a76e01c98fee2d302642c63c7929860a767510,0xdfab698c6d8d82a87ff188073cf054195efa3d82e0ed1d5060f8a46249c0ef08,SELL,2.17,0.89,2026-03-28 19:38:42.000000,Down
0x6ea84139b87824baf24c2ff5628b0d9ecd5fd7e684ce047d27763eeaf050b87c,0xca9b3c66dd4fa2154eac6b4fe20a30da51921c49,0xab8d2da184679c2f8961697f879584b09816c1d19b8c84944b6a6cb631ffbeac,BUY,14.94683,0.96,2026-04-01 06:38:39.000000,Up
0x23248d43347c1e6a704296bfe783f15cad7ec1e4bbdefbb9e69e774225bba8c8,0x36f662fcbdc8f64aa1bbaa1f8897ca0e3bb7ae14,0x3c9d0327ac2a2c4189922952c05f7830e47fc9d71da8b4d3a32ed5231d59a225,SELL,95.21,0.33283058502258167,2026-04-16 04:08:40.000000,No
0x105d2318717ff3bb396fec62176a0b0d58c957f15164b814bb13e42c5c0442c8,0xf3a710078c35b891cc0ce98c1badaa023a4f2fd8,0x8c00774620b1f9a4d2e1ad3ea9b97e4efb77166f19d10984134d1dba55029419,BUY,6.29585,0.3,2026-04-01 20:24:13.000000,Down
0xbf0a1a57a0110e72a3793ecd2409e33f292c297d019afc3523831c4d63c0e22d,0xda2fcf22e7ec82f0a42d23c4aafdac3240d21716,0x50b3b450ada532e89a226f0c29e73b6c26e4aeff85142f8c999325ce24937b27,BUY,5.0,0.61,2026-03-20 00:47:15.000000,Up
0xe7bd7f79223a553dc3c713f37e1d3ace7e5c3391b793d933eb9d3f31e2f48386,0x8bbc4005e13f2d0599bccb8938890d6f09f01d9e,0xe4612610afefb24e4c370c09c2318c02d914f764f8a3b9cf441d3b209a8a275d,BUY,407.69893,0.9852412990196079,2026-04-18 04:50:26.000000,No
0xc3fd8fb7ad16fcb5f5a4793848fd11e4d81e6eef09108228f2e4469e6f43c2b2,0x1f19c48aee80ec95396d91f0d21ac249b8a7f57a,0x01069880ddbcbc5185de6c0e57bdbc071412d03d778ae63712ac33a960496481,BUY,5.0,0.09,2026-05-12 20:54:09.000000,Down
0xd4edf3597888bc98b388c8cc14203762d6c8e5a603790f9e26696f91b6d0943c,0x3b9e5de41d52ace48bb2baf8945c37392f28cb21,0x35fc9c98f84c0ce6b32fabe5b9081f17b81bd671ae5e528b1a5841b939cf8902,BUY,5.0,0.96,2026-03-19 14:53:45.000000,Up
0xbb0069c7171c7f6ddebcef10b2d967e3227c5b0841be25a55a5b3ee8659ba867,0xf1b0532c02e372402f2e103d901bb04db0d96855,0xb892ee93bfb83612cf7ed4c325161aeee6d2ccf4ce67c292b3554e3dbf3081e4,BUY,2.020201,0.9899995099497525,2026-03-22 02:19:17.000000,Hawks
0x3943b4aa22555079571ceab516074768053b39a97f1cc10fcea15130ae3f99c2,0x9df94d765463f31f2d7d9af0537511769b094d73,0xa33ce3978c1bf2d606f2254dd3376e0130772e292582b69f0f7a62737ff1e984,SELL,12.5,0.84,2026-04-29 05:01:52.000000,Down
0x0e50b3e589f3a38b1ceac5b5de957da30be0cbcd86af7229fbf5b975479e20ae,0xa050b4633274e90e46b63e26fdabf12fd228631a,0x4551fe67639dbf2dcb999a0073163ee6d4e070bc3419091cbe6b9a0e9ece0a2a,BUY,5.0505,0.99,2026-03-29 22:37:48.000000,Down
0xb2064b6f87e994b0362ba160ae730c221333886ee4c789863964502d2a38048e,0x28a17ecfd4a7f3048fcdfa770bc6ba70a121c8c3,0x3bb4b4685bec171c12cec7edb83b476c7909caea9a6270479ce7393dfa01c238,BUY,5.0,0.37,2026-04-29 19:40:48.000000,Down
0x47fee1cd0540f82c5b0482cce08da79aacabae1552802e80ca0f755f4edfd7ad,0x81a88dbff36db0a995961ffbd184dce3912c9672,0xb647a8f3fdb7e7a021c9c4309ee9b3465b58bd8edbb8cfcc8ca1a65b7e3bccc5,BUY,7.269229,0.5199999889947063,2026-03-27 09:40:19.000000,Down
0xd7d8596c265db7309b7a8a7d50d247519ba51f921f942411d9e547a435105c1c,0xbaa3809f4d46c09a634492423e8a8d15ceff6721,0xa80537295d245d9f40d9e77800c179fb8f897b549996a5ff55f0ae0ad3309911,BUY,4.766,0.35,2026-04-10 10:36:01.000000,Up
0x3a9e2661dd64c37ffd5a15eb755518fda79be22da5937b5e652233cc8ad09043,0xe9076a87c5ed90ef16e6fe6529c943baeca0cff6,0x371cd81c34f6a626056d8384475ecd36c5b6fbfdff3d8786187598fd7df7d5aa,BUY,12.0,0.09,2026-05-09 04:27:27.000000,Up
0x4cfcd2b8cf920343c8df23b4d21b38927f3e8c594918eee2be45ff5d1c19547c,0x2b6bcd3b853602a109aa76717e6a0b3d79f4d955,0x7d99c4a96e2b865c5d78fa36ba89d7aab5706a3c7da793149a62be96dbf633be,BUY,7.0,0.51,2026-03-24 07:56:29.000000,Down
0x3a2bb7558045a765b9c370c9856f51bf05b95c5f284263f79cd142c1bff5461b,0x447db9f8a899fd05f6bef03b80e67b532a1abd4a,0xd5a9e06e3210ddbe43bd395dbde35f2f4d344a97c77669ba643835859c680368,BUY,104.166665,0.47999999808,2026-05-11 20:26:29.000000,Over
0x53d5563b3fefc720b7ef893d0a9a97c166d345846458673fc03a0d9e52820c52,0xb830cea43e93e229eb1fe379f6835dbbd35ce390,0xdaba973907ba828f2bcb3027d68d016621d085cdc92b9e0b02f4056fda40fc9e,BUY,2.046468,0.4699998777999096,2026-04-10 20:51:01.000000,Down
0x0f7cbbd267e8953d3e524456d1aed41fd611877ae1a29418a4e6d715b0b931be,0x3a344bbcce63550c2bfe535892dc4fbdf58551fa,0x8e1adb0461e24c6388dbb3289232ca19cfb55a00dfe950942cadebf0c344fdf4,BUY,3.045452,0.6599998949252853,2026-05-09 14:02:25.000000,Up
0xc6b5d47e5ed99e0ea8c0ca25a541c78404e9e7f42eec7d28d086affdca69b677,0x05bfa07ccc67c45c7e7f2efa3f7643fcad7b5fa8,0x4499a4c87b5b79523d5e8556303aa60e16c90345b29b5170315cbaba33a8f6a9,BUY,4.08,0.25,2026-03-25 11:07:31.000000,Down
0x0f769517e0e4b7cde9b255f9c2866bce71ef9cb21702f513295ea3c9d4b42786,0xa5b6ffd23a16c785645337b4f409a0b2f769dc47,0x495e6b49e7397bb4e6f8ce69e246ccb33b744678bd9bf88cbecbd3a113b05423,SELL,3.0,0.012,2026-05-06 03:34:52.000000,Yes
0x4c7208cc5f9e49d2d29ab9b7308f1776524f88e89d98bb0f70a90936e2f91160,0xb0ec3987da9656ce4f5cd4e3b04102b93fff590f,0x37ec4c6b57a18b16eed1241f6155ee7ff45bc1697d7848f15ac33d406e38ed00,BUY,87.008,0.996,2026-04-27 09:42:14.000000,No
0xeeee1d748f674fd726c1d7eccf83bc8cd21879e03a39341198542536b1e01719,0x6743b0c87309618d498e1747442f6ba995c034d0,0xbb4faa2018b76d3af9e1949232f9d242dd1185ea21e9c7d8439186501707ce60,BUY,2.9244,0.65,2026-04-24 01:34:36.000000,Up
