{
    "Total_Trades": 427,
    "Win_Rate": 0.8501170960187353,
    "Total_Net_Profit": 282377.96122431976,
    "ROI_Pct": 921.1800572410259,
    "Max_Drawdown": 0.026142335528611206,
    "Average_Slippage": -0.061938660006604224,
    "Sharpe_Ratio (Annualized)": 68.64851403083696
}