address,first_trade_date,Trader_Success_Rate,fold,predicted_probability,predicted_label_0_5,rank_in_fold,test_start,test_end
0x28b84ecf5bafb1f1fba80d4e03c73433c86b8b87,2026-03-19 08:59:49,0,1,0.4654631666336183,0,1024,2026-03-19 08:59:49,2026-03-20 04:57:17
0xa233c4023b1208b65a1306b186e47e97ce66575c,2026-03-19 08:59:49,0,1,0.48957537105446874,0,839,2026-03-19 08:59:49,2026-03-20 04:57:17
0xd325c37cc18227ffc33e0effd0097a5926e78c5f,2026-03-19 08:59:49,0,1,0.49729996572760743,0,768,2026-03-19 08:59:49,2026-03-20 04:57:17
0xd35ce87ef240e69c597e61181748f3f72a69c509,2026-03-19 08:59:49,1,1,0.5031092752524078,1,710,2026-03-19 08:59:49,2026-03-20 04:57:17
0xd9e3a5915b90d47b507f0439971742a7eae8da6b,2026-03-19 08:59:49,0,1,0.5152369049248312,1,532,2026-03-19 08:59:49,2026-03-20 04:57:17
0xdb83e9685026775f33665bc76f2243172591231a,2026-03-19 08:59:49,0,1,0.5110250025880411,1,598,2026-03-19 08:59:49,2026-03-20 04:57:17
0xec46311dece427ce85d59cee4465958a5927714c,2026-03-19 08:59:49,0,1,0.5649089529325394,1,219,2026-03-19 08:59:49,2026-03-20 04:57:17
0x53a54c0462d3af7d0f77131b5fbea4ef8581edd5,2026-03-19 08:59:51,0,1,0.49270678441992444,0,817,2026-03-19 08:59:49,2026-03-20 04:57:17
0xd43fb4a122de3bf97fbea546e772c34542a10bb0,2026-03-19 08:59:51,0,1,0.5045205167459681,1,695,2026-03-19 08:59:49,2026-03-20 04:57:17
0x68f9858a6f4d13a3688a9e07607701886d68b657,2026-03-19 08:59:53,0,1,0.5934140733064708,1,117,2026-03-19 08:59:49,2026-03-20 04:57:17
0x7b94fde8ef7a561127ee0b9120ede35cadf2d1eb,2026-03-19 08:59:53,0,1,0.48384437882914644,0,879,2026-03-19 08:59:49,2026-03-20 04:57:17
0x2cfa7993a80ce13727f514df98bfe4502fdde6e0,2026-03-19 09:00:11,1,1,0.5312013075333956,1,401,2026-03-19 08:59:49,2026-03-20 04:57:17
0xa6657ab4eb9d92c8bbfb1d1d52ce7205e4ca01e3,2026-03-19 09:00:11,0,1,0.4722790559885753,0,970,2026-03-19 08:59:49,2026-03-20 04:57:17
0xdf52033404dc14c778c8eef9166f467b4b1b3170,2026-03-19 09:00:11,0,1,0.521620247741952,1,477,2026-03-19 08:59:49,2026-03-20 04:57:17
0xf22666143041752b45ca59e74f4c5831f9679c0f,2026-03-19 09:00:11,0,1,0.5451327231987682,1,314,2026-03-19 08:59:49,2026-03-20 04:57:17
0xf545bd981d2b6bdbbd32a7a4b2b072726255305b,2026-03-19 09:00:11,0,1,0.48047784616175787,0,900,2026-03-19 08:59:49,2026-03-20 04:57:17
0x28c324d886c2e5f9855fe5891e7063e5a8a1cc9b,2026-03-19 09:00:13,0,1,0.5404240750012413,1,342,2026-03-19 08:59:49,2026-03-20 04:57:17
0x15ead11f518fa0caa1a5e7fb658a33d9e54c98e6,2026-03-19 09:00:15,0,1,0.4943354239747334,0,799,2026-03-19 08:59:49,2026-03-20 04:57:17
0x229012b4a936fc79d73215f65612a5bb72375c54,2026-03-19 09:00:15,1,1,0.5990145992224736,1,107,2026-03-19 08:59:49,2026-03-20 04:57:17
0x643c3ebb4cfb727b95647a06eec0bdf7e70a3fc2,2026-03-19 09:00:15,0,1,0.4511957720215306,0,1111,2026-03-19 08:59:49,2026-03-20 04:57:17
0xc175b1af58f3dd7bcfb450fbfb259c72bd4aec62,2026-03-19 09:00:15,1,1,0.44798876125103837,0,1117,2026-03-19 08:59:49,2026-03-20 04:57:17
0x4c96dc1f882f3ba59d2c15dc95d6acdb0f34b87c,2026-03-19 09:00:41,0,1,0.4944043724224151,0,796,2026-03-19 08:59:49,2026-03-20 04:57:17
0x7b034e401b80f24a0454ce7ea91a198cbaac5b15,2026-03-19 09:00:41,0,1,0.6187937608382214,1,7,2026-03-19 08:59:49,2026-03-20 04:57:17
0xde2a77829987177d762df5d7c4921b61a63dfac1,2026-03-19 09:00:41,0,1,0.6177773416055482,1,42,2026-03-19 08:59:49,2026-03-20 04:57:17
0x024ceb3f935de06f209d8cb1dedeebdbf8b3b025,2026-03-19 09:00:43,0,1,0.49892946096949886,0,748,2026-03-19 08:59:49,2026-03-20 04:57:17
0x5f4e3029e2766f9f0f4976ffc116dabd35fca30d,2026-03-19 09:00:57,1,1,0.5538998312793669,1,270,2026-03-19 08:59:49,2026-03-20 04:57:17
0xfdb4eb97207c4756b48b1e050fa2d8904ac3fee9,2026-03-19 09:00:57,0,1,0.4398747629958873,0,1155,2026-03-19 08:59:49,2026-03-20 04:57:17
0x25f4a47c0363e4851baf4ad5b204738770d565a4,2026-03-19 09:01:05,0,1,0.5768120242601945,1,172,2026-03-19 08:59:49,2026-03-20 04:57:17
0x3f2c950c3ff61dc7d0e987c9763b84a1959ec700,2026-03-19 09:01:05,0,1,0.5105584558974418,1,608,2026-03-19 08:59:49,2026-03-20 04:57:17
0x5e909ca9b2086bc28328b331c0dc97d08ed57a93,2026-03-19 09:01:05,0,1,0.6586848587860709,1,3,2026-03-19 08:59:49,2026-03-20 04:57:17
0x79e60a35e3d1b0664d418d6cd318fcd9fac6aaa1,2026-03-19 09:01:05,0,1,0.5000791948485332,1,738,2026-03-19 08:59:49,2026-03-20 04:57:17
0xa74614e0536b31da8a2f4295aa9b9078c0b66975,2026-03-19 09:01:05,0,1,0.5247025586241824,1,453,2026-03-19 08:59:49,2026-03-20 04:57:17
0xb6922543a5344586009ca5f0da17ae035fa37c83,2026-03-19 09:01:05,0,1,0.5630361819916992,1,225,2026-03-19 08:59:49,2026-03-20 04:57:17
0xe354483f53177262b8a1cb6d0d61fa55332ce53f,2026-03-19 09:01:05,1,1,0.5405683883141454,1,341,2026-03-19 08:59:49,2026-03-20 04:57:17
0x34823331b0c2b265f39313553497c39b23eeb111,2026-03-19 09:01:33,0,1,0.45681715561240255,0,1074,2026-03-19 08:59:49,2026-03-20 04:57:17
0xc79682165dd2ccc7e45db1d79311ba0392625696,2026-03-19 09:01:33,0,1,0.522053541473689,1,471,2026-03-19 08:59:49,2026-03-20 04:57:17
0x66c0589117421bdefb48a756a5b8784f28945fc2,2026-03-19 09:01:35,1,1,0.24275591992636822,0,1302,2026-03-19 08:59:49,2026-03-20 04:57:17
0x9e101b366b0a960147b6750ddb0f4ab90c47f394,2026-03-19 09:01:35,0,1,0.4909878010668856,0,830,2026-03-19 08:59:49,2026-03-20 04:57:17
0x0ea6e87a23d432380e7af784f72c29a6aa46f94e,2026-03-19 09:01:37,0,1,0.5750194848524698,1,183,2026-03-19 08:59:49,2026-03-20 04:57:17
0x2b41b577aef9eb97f649c0566b7fdd5f215ccada,2026-03-19 09:01:37,0,1,0.5176035595970606,1,508,2026-03-19 08:59:49,2026-03-20 04:57:17
0x9fdd87b7ed74dc66528f9e147fe1f660a5d0dd29,2026-03-19 09:01:37,1,1,0.4838274396407335,0,881,2026-03-19 08:59:49,2026-03-20 04:57:17
0xc8894ed5249e7e1d54c32e9c11cd39ee1353a01f,2026-03-19 09:01:37,0,1,0.5027606478119914,1,715,2026-03-19 08:59:49,2026-03-20 04:57:17
0xd924a4f09f9d38e3e9509179152971cb04f14e5a,2026-03-19 09:01:37,1,1,0.5199269067132428,1,489,2026-03-19 08:59:49,2026-03-20 04:57:17
0x23d17402722e446405ba420a9fcd426dc93dc401,2026-03-19 09:01:39,0,1,0.5386546210209715,1,353,2026-03-19 08:59:49,2026-03-20 04:57:17
0x36ff69c41392af643f88c493a3344bdce1b3c817,2026-03-19 09:01:39,0,1,0.5139854630941293,1,544,2026-03-19 08:59:49,2026-03-20 04:57:17
0xa453ea581362a3dba9faf0103a19b035e2c62b4c,2026-03-19 09:01:39,0,1,0.5555212989868671,1,262,2026-03-19 08:59:49,2026-03-20 04:57:17
0xb7ebef69fa504ccadf161044c49141ec2c8deb13,2026-03-19 09:01:39,0,1,0.5522429999728914,1,281,2026-03-19 08:59:49,2026-03-20 04:57:17
0xd4f619457619bbac110ba5f983f12c4636ebc1a9,2026-03-19 09:01:39,0,1,0.5119981843730134,1,590,2026-03-19 08:59:49,2026-03-20 04:57:17
0xde66e9e0d9b098a8f82d6cd3e58eecf9ea610c98,2026-03-19 09:01:39,0,1,0.4693464363301702,0,996,2026-03-19 08:59:49,2026-03-20 04:57:17
0x4e2427a312807dd3c328d9c5c09eb788b4d2c2a7,2026-03-19 09:01:41,0,1,0.4623444424339882,0,1047,2026-03-19 08:59:49,2026-03-20 04:57:17
0xd9ef419c270a2dc8787c3c1e06871b23b4ef184a,2026-03-19 09:01:41,0,1,0.6075397147336444,1,77,2026-03-19 08:59:49,2026-03-20 04:57:17
0xe031da73b191c477526060521b32898968f9d2dc,2026-03-19 09:01:41,1,1,0.5262755866087085,1,443,2026-03-19 08:59:49,2026-03-20 04:57:17
0xb34183d60ce99c34c195934e4c9f14c37c623f68,2026-03-19 09:02:47,0,1,0.5016938998299288,1,725,2026-03-19 08:59:49,2026-03-20 04:57:17
0xd04a3afa125ab31977587245dce2c20b4fca672c,2026-03-19 09:02:47,0,1,0.4987306395737015,0,750,2026-03-19 08:59:49,2026-03-20 04:57:17
0xf2b210785d8f11a11a5b060cf5ddd4f4066f2e80,2026-03-19 09:02:49,0,1,0.5216307113124821,1,476,2026-03-19 08:59:49,2026-03-20 04:57:17
0x40b168cd39b88c225938254793515e0870fbd3c9,2026-03-19 09:02:51,0,1,0.610705335708575,1,72,2026-03-19 08:59:49,2026-03-20 04:57:17
0x2638e3dca8dad8069384ec54f51eceba4b3cb474,2026-03-19 09:02:53,0,1,0.435261868678168,0,1173,2026-03-19 08:59:49,2026-03-20 04:57:17
0x2caabb20a2683c7729f5b9b145ef5937af5675f5,2026-03-19 09:02:53,0,1,0.4149406934536374,0,1216,2026-03-19 08:59:49,2026-03-20 04:57:17
0x31eb2481b8ac25212b3066f017abf5f8a970c9eb,2026-03-19 09:02:53,0,1,0.47856596290287406,0,911,2026-03-19 08:59:49,2026-03-20 04:57:17
0x6b3d341b85bd69d186d2feb3622c61ece08e0032,2026-03-19 09:02:53,0,1,0.40936303471981283,0,1229,2026-03-19 08:59:49,2026-03-20 04:57:17
0x8f7e36b39653eb0b0bbb9f08c1ddbe679c4edf1e,2026-03-19 09:02:53,0,1,0.43466840069398743,0,1177,2026-03-19 08:59:49,2026-03-20 04:57:17
0x916914e5f6570b8be23fb35832189983d9b80359,2026-03-19 09:02:53,0,1,0.4628626591639217,0,1045,2026-03-19 08:59:49,2026-03-20 04:57:17
0x92e1e2b35bdc1f1bf2155076f6affeed6c8acec0,2026-03-19 09:02:55,0,1,0.5130961235368138,1,566,2026-03-19 08:59:49,2026-03-20 04:57:17
0xda9b374bf722ac2b307b29c59272a62af70b6616,2026-03-19 09:02:55,0,1,0.4325447515800991,0,1181,2026-03-19 08:59:49,2026-03-20 04:57:17
0x70984ab072ae23b713e1414e4cbd5e23d81d1802,2026-03-19 09:02:57,0,1,0.5597661068091929,1,241,2026-03-19 08:59:49,2026-03-20 04:57:17
0xb7407e6f7332bf8f6f5ab98717ff07967efb50c0,2026-03-19 09:02:57,0,1,0.47533423605108754,0,943,2026-03-19 08:59:49,2026-03-20 04:57:17
0x0b2484cc5a4fe53d99f02cf2378206fddea7e310,2026-03-19 09:03:01,0,1,0.4735767384025383,0,963,2026-03-19 08:59:49,2026-03-20 04:57:17
0x54b1c8007864db87927c46ae3291155533b24638,2026-03-19 09:03:01,0,1,0.44889179438136134,0,1115,2026-03-19 08:59:49,2026-03-20 04:57:17
0x6f56d8c649e493ed2e4314fae9d1e050da556199,2026-03-19 09:03:01,0,1,0.49530822853350404,0,784,2026-03-19 08:59:49,2026-03-20 04:57:17
0x764b2c42bc0cbcb501079dd363c35d08f8091faf,2026-03-19 09:03:01,0,1,0.6183413422158399,1,29,2026-03-19 08:59:49,2026-03-20 04:57:17
0xb44c6bcdcae18367d413afd58755b5a06fb39182,2026-03-19 09:03:01,0,1,0.4763937606408005,0,937,2026-03-19 08:59:49,2026-03-20 04:57:17
0xd84182083ff03bf0c98e995ed906180647c57819,2026-03-19 09:03:01,0,1,0.4241247966468317,0,1201,2026-03-19 08:59:49,2026-03-20 04:57:17
0xdf0a9906acb4a5ace8eec1adaa6b234b7470d221,2026-03-19 09:03:01,1,1,0.5318415085350677,1,395,2026-03-19 08:59:49,2026-03-20 04:57:17
0x4dec83d2dd1a4b658af0dccc38b447dfe97b7495,2026-03-19 09:03:05,0,1,0.4908981278708064,0,831,2026-03-19 08:59:49,2026-03-20 04:57:17
0x8aa1e6d4be2182ebf0a71e88747830c372177552,2026-03-19 09:03:05,0,1,0.434677312873482,0,1176,2026-03-19 08:59:49,2026-03-20 04:57:17
0xcbad72ac243b61cb0ca7c91eea484674bc3ceead,2026-03-19 09:03:05,0,1,0.49993368775217073,0,741,2026-03-19 08:59:49,2026-03-20 04:57:17
0xf5a92a962da374f8bd777602a416594437f1358c,2026-03-19 09:03:05,0,1,0.4973627878506559,0,767,2026-03-19 08:59:49,2026-03-20 04:57:17
0xfe01af0e8d99024c91e3f093f8babd493cb3b8ae,2026-03-19 09:03:05,0,1,0.5610852958005531,1,236,2026-03-19 08:59:49,2026-03-20 04:57:17
0x163e37c0057118a2fab393e59bff2238d81b02ed,2026-03-19 09:03:07,0,1,0.5440890810227459,1,322,2026-03-19 08:59:49,2026-03-20 04:57:17
0x227e059f849e9e59313735d2584b60fec6aac85a,2026-03-19 09:03:07,0,1,0.4680616045124812,0,1009,2026-03-19 08:59:49,2026-03-20 04:57:17
0xd1dc8c80d1a86450bba357c7a047062702c1cc46,2026-03-19 09:03:07,0,1,0.3471369556602939,0,1277,2026-03-19 08:59:49,2026-03-20 04:57:17
0xfeb6b0c10402b22317c30ff7bb60410c2c65bc8c,2026-03-19 09:03:07,0,1,0.5556704053302323,1,260,2026-03-19 08:59:49,2026-03-20 04:57:17
0x55c5e9d2bbcb14b8588e8ceda9a36258f885d83b,2026-03-19 09:03:09,1,1,0.5309986012552725,1,403,2026-03-19 08:59:49,2026-03-20 04:57:17
0x66ede96c8c1ad47448c5cc48394adc15c991d321,2026-03-19 09:03:09,0,1,0.6158429015486636,1,59,2026-03-19 08:59:49,2026-03-20 04:57:17
0xe8795bd3d265b046b9c4822c9fd06ea391dc6d22,2026-03-19 09:03:09,0,1,0.4766153563082719,0,933,2026-03-19 08:59:49,2026-03-20 04:57:17
0xec7c55fb1814698621b8fc48fe12efe2025e7ad4,2026-03-19 09:03:09,1,1,0.4919296832603853,0,822,2026-03-19 08:59:49,2026-03-20 04:57:17
0x073b9ab36406f5f7cce26d83c1b11c8cabbe420c,2026-03-19 09:03:17,0,1,0.45191552077484604,0,1103,2026-03-19 08:59:49,2026-03-20 04:57:17
0x02f4cf71ec0f15b16b208ccc51036603d9ab4eff,2026-03-19 09:03:19,1,1,0.5072803076680504,1,660,2026-03-19 08:59:49,2026-03-20 04:57:17
0x758365e9944abae6c860954bed215a0e0dc00469,2026-03-19 09:03:21,1,1,0.480336426265541,0,902,2026-03-19 08:59:49,2026-03-20 04:57:17
0x3000045f08dbdf94043585306f7f82438a2a9eb1,2026-03-19 09:03:23,0,1,0.5102303077481672,1,614,2026-03-19 08:59:49,2026-03-20 04:57:17
0xf2e7787c2e6636fdab5953e4f6de0ad411982040,2026-03-19 09:03:33,0,1,0.521508294862465,1,478,2026-03-19 08:59:49,2026-03-20 04:57:17
0x06ab178e81fe22b82320b26aa1e7b89277190147,2026-03-19 09:03:35,0,1,0.4764562460456004,0,935,2026-03-19 08:59:49,2026-03-20 04:57:17
0x0e3f0c35aba183559cef6324c9200ba9c0a5d244,2026-03-19 09:03:35,1,1,0.5064734680782778,1,675,2026-03-19 08:59:49,2026-03-20 04:57:17
0x9d699c315b662a161e763a3c4c954408a048ab3a,2026-03-19 09:03:35,0,1,0.46808947499935205,0,1008,2026-03-19 08:59:49,2026-03-20 04:57:17
0x8da6c5d8697c0f66f8656e1961b8b9049a4d0a38,2026-03-19 10:04:45,0,1,0.5734727331805082,1,185,2026-03-19 08:59:49,2026-03-20 04:57:17
0x8397ac8f2713b0468ef195445a9fe83ce94f5809,2026-03-19 10:04:47,0,1,0.3170139104255002,0,1290,2026-03-19 08:59:49,2026-03-20 04:57:17
0x1a8d0b46184244d88ea283bf8cac622c2159ab7e,2026-03-19 10:04:49,0,1,0.5128036675628213,1,574,2026-03-19 08:59:49,2026-03-20 04:57:17
0x1d57f5bd3096f21b8ccb254c0b6945582b9abd62,2026-03-19 10:04:49,0,1,0.46970197806152203,0,992,2026-03-19 08:59:49,2026-03-20 04:57:17
0xa4b605314cda9e8e8845e87631473d1d815e7aa7,2026-03-19 10:04:51,0,1,0.5080653813324828,1,651,2026-03-19 08:59:49,2026-03-20 04:57:17
0x7e5420ea4c25da30e72d4364e2209153ba96bd53,2026-03-19 10:04:53,0,1,0.505030643938295,1,687,2026-03-19 08:59:49,2026-03-20 04:57:17
0x834c04c7b4f45b93a66781cbb7daa3fade4289a9,2026-03-19 10:04:53,0,1,0.5355870591315419,1,366,2026-03-19 08:59:49,2026-03-20 04:57:17
0xa4938867ef10b2ec5c68f622549f491320b28f44,2026-03-19 10:04:53,0,1,0.5305839632099508,1,408,2026-03-19 08:59:49,2026-03-20 04:57:17
0x1606ca3d16364d3c4a34296a4d7b40b10b7d460b,2026-03-19 10:05:11,1,1,0.44330563489617414,0,1135,2026-03-19 08:59:49,2026-03-20 04:57:17
0x201b0c930273b596ef0d1aa80ec7487bfa586e9b,2026-03-19 10:05:11,0,1,0.5185748306062055,1,500,2026-03-19 08:59:49,2026-03-20 04:57:17
0x4d69a3347bed726f35489f7b98180cac2db5ff63,2026-03-19 10:05:11,0,1,0.49314803081866493,0,810,2026-03-19 08:59:49,2026-03-20 04:57:17
0x798051836eb0af06971749be2374ae1ba5a5da93,2026-03-19 10:05:11,1,1,0.5612541964043956,1,235,2026-03-19 08:59:49,2026-03-20 04:57:17
0xac33f3b4b29695e44f2662dfeb03160108f483b6,2026-03-19 10:05:11,0,1,0.5317802115889418,1,396,2026-03-19 08:59:49,2026-03-20 04:57:17
0xbd69e3c342dad86d4d72390a12d2cc363b93d6d1,2026-03-19 10:05:13,1,1,0.5077841108020995,1,654,2026-03-19 08:59:49,2026-03-20 04:57:17
0xe944ba349e33f72f543deb8bd4371d917553650c,2026-03-19 10:05:13,1,1,0.4712397651238093,0,976,2026-03-19 08:59:49,2026-03-20 04:57:17
0x06e7489224bfc2df0278e13c3bb6a27b27d13aca,2026-03-19 10:05:43,1,1,0.5083656038699853,1,645,2026-03-19 08:59:49,2026-03-20 04:57:17
0xe4cc8d632a4942b6a8e6ff3a3b0d31aeed23c448,2026-03-19 10:05:43,0,1,0.5127267451375545,1,578,2026-03-19 08:59:49,2026-03-20 04:57:17
0xf609b8c8a34d6d890cf50181df4059527df4ce37,2026-03-19 10:05:43,1,1,0.4942795793449361,0,801,2026-03-19 08:59:49,2026-03-20 04:57:17
0x05c3a22e29151eeafe95187f07258c2b2672352e,2026-03-19 10:05:45,0,1,0.5018905338112484,1,723,2026-03-19 08:59:49,2026-03-20 04:57:17
0xa2583228ef4cc13e2996336f90838e6dac056182,2026-03-19 10:05:45,0,1,0.5504794145207774,1,290,2026-03-19 08:59:49,2026-03-20 04:57:17
0xaa57cd0782fb4583206ce547379e6442db61a128,2026-03-19 10:05:45,0,1,0.5018672775766374,1,724,2026-03-19 08:59:49,2026-03-20 04:57:17
0x8f8a3aeb8b35c76629175ac40c285b512b3df0b8,2026-03-19 10:06:03,0,1,0.49400463829116315,0,803,2026-03-19 08:59:49,2026-03-20 04:57:17
0x9dce451e201e4ecbeaac18cf657bfc965f2d53c1,2026-03-19 10:06:03,1,1,0.5577787459166629,1,250,2026-03-19 08:59:49,2026-03-20 04:57:17
0xa1465c05c1dabb2f44b4a7710db4bfc3cf1b1d57,2026-03-19 10:06:03,0,1,0.46330224383673974,0,1037,2026-03-19 08:59:49,2026-03-20 04:57:17
0x505692437540b72c8a9a86d3cb3640c05d7f0657,2026-03-19 10:06:11,0,1,0.46321672369604944,0,1040,2026-03-19 08:59:49,2026-03-20 04:57:17
0x938e4cb1ee24d52a064e976563b15cd2fb42d242,2026-03-19 10:06:11,0,1,0.46893583560104296,0,1003,2026-03-19 08:59:49,2026-03-20 04:57:17
0xca1687f225039c33efae854be72a37318ee1f901,2026-03-19 10:06:13,1,1,0.5114959356336618,1,596,2026-03-19 08:59:49,2026-03-20 04:57:17
0x02a4b3c133d3ea5060cc3b297d92f317c13e955b,2026-03-19 10:06:19,0,1,0.5242947801067056,1,455,2026-03-19 08:59:49,2026-03-20 04:57:17
0x5503be8f24f6957b336425884931a0a6ffdc9ee5,2026-03-19 10:06:23,0,1,0.4372533700248368,0,1166,2026-03-19 08:59:49,2026-03-20 04:57:17
0xde3fa98c278a0f76cdbba44672202348bb7d7aae,2026-03-19 10:06:23,0,1,0.5613694060909489,1,234,2026-03-19 08:59:49,2026-03-20 04:57:17
0x0fac5d0a10fd62ca7523647eec067d6d8015bc6f,2026-03-19 10:06:25,1,1,0.5591376863050501,1,244,2026-03-19 08:59:49,2026-03-20 04:57:17
0x9ffaa9cd1fb96e1fd635cae0a13e2022827fc8fc,2026-03-19 10:06:25,0,1,0.5149750232079253,1,537,2026-03-19 08:59:49,2026-03-20 04:57:17
0xb569eb4f98ff5bdec5a655b131566ff3a7dc021e,2026-03-19 10:06:25,0,1,0.608492742127367,1,75,2026-03-19 08:59:49,2026-03-20 04:57:17
0xcb233a9646411e0bf27c9d49eecbba07b04f9e2a,2026-03-19 10:06:25,0,1,0.4770761315747392,0,927,2026-03-19 08:59:49,2026-03-20 04:57:17
0x00b7c22fbbe4f9311dcab4c5a874c84362c35b93,2026-03-19 10:06:27,0,1,0.4659710192095539,0,1019,2026-03-19 08:59:49,2026-03-20 04:57:17
0x8b4a46d70fd6e47e0080d10ba507887f81ccd477,2026-03-19 10:06:27,0,1,0.5007591813898459,1,732,2026-03-19 08:59:49,2026-03-20 04:57:17
0x0a82f3703915cdbd4da2cc3c8084eee4d351763b,2026-03-19 10:06:35,0,1,0.4512998956109508,0,1108,2026-03-19 08:59:49,2026-03-20 04:57:17
0x29c0a89b23af58739b6a4ab5f9c8b459af4aefaa,2026-03-19 10:06:35,1,1,0.5143916736473984,1,539,2026-03-19 08:59:49,2026-03-20 04:57:17
0x08702122fb39538024da8069fea8d73f367d1e49,2026-03-19 10:06:37,1,1,0.4596114119626835,0,1060,2026-03-19 08:59:49,2026-03-20 04:57:17
0x5458a430d894f840a218a440924da54d983f5296,2026-03-19 10:06:37,1,1,0.47736863807114455,0,923,2026-03-19 08:59:49,2026-03-20 04:57:17
0x6c3dc42ff18ca457e4b3a6d4bffccd3363075d2f,2026-03-19 10:06:37,1,1,0.5292160525870346,1,417,2026-03-19 08:59:49,2026-03-20 04:57:17
0xcbebe4ebff5d3f20bf30a9cdc6fbaba3f909050e,2026-03-19 10:06:37,1,1,0.510810332082502,1,604,2026-03-19 08:59:49,2026-03-20 04:57:17
0xb6ce76828a51b382f7e88cbb9baa0f03f9c17a7d,2026-03-19 10:06:47,0,1,0.5271119103164797,1,433,2026-03-19 08:59:49,2026-03-20 04:57:17
0x139e054b6d98dbedb2043e3e799db551350ba5de,2026-03-19 10:06:59,0,1,0.5757240530521472,1,177,2026-03-19 08:59:49,2026-03-20 04:57:17
0xa309c56032d7805460b6f7b8aa147a1c2fa9f7cd,2026-03-19 10:06:59,0,1,0.48497365742875015,0,873,2026-03-19 08:59:49,2026-03-20 04:57:17
0x00e50c3dc6f815ce643a94a1a35c220059c6b5cc,2026-03-19 10:07:01,0,1,0.41449821674960774,0,1219,2026-03-19 08:59:49,2026-03-20 04:57:17
0x113c1ecf86647b1fa46eb3968cfb977b86305c5b,2026-03-19 10:07:05,1,1,0.4927618699836647,0,815,2026-03-19 08:59:49,2026-03-20 04:57:17
0x16549d082baf01d9c8d75f31a04b73d8cd042197,2026-03-19 10:07:05,0,1,0.4082797994892271,0,1231,2026-03-19 08:59:49,2026-03-20 04:57:17
0x3ed7317fa5be111c0a930877c4e89dc22a3c1f6d,2026-03-19 10:07:05,0,1,0.45237629615115427,0,1101,2026-03-19 08:59:49,2026-03-20 04:57:17
0x45ba7f0d4cdb893974b083b998dcf7340447a797,2026-03-19 10:07:05,0,1,0.23871475684504245,0,1303,2026-03-19 08:59:49,2026-03-20 04:57:17
0x705cb547637d0a52517790355fb941b641b07484,2026-03-19 10:07:05,1,1,0.5577554411814551,1,251,2026-03-19 08:59:49,2026-03-20 04:57:17
0x92720f63f1f15d402ac864a26d40a1beb29786c0,2026-03-19 10:07:05,1,1,0.4699618249198975,0,988,2026-03-19 08:59:49,2026-03-20 04:57:17
0xb15bac43109014ffefb7ccbfc304005cf004aa63,2026-03-19 10:07:05,1,1,0.5375854994749731,1,356,2026-03-19 08:59:49,2026-03-20 04:57:17
0xc4a20370751db7261eb4e30def38034bf51c6fc8,2026-03-19 10:07:05,1,1,0.510659337763925,1,607,2026-03-19 08:59:49,2026-03-20 04:57:17
0x4a91ee3ef8d4257dac7b758eccf46950acb1983f,2026-03-19 10:07:31,0,1,0.45933481752706756,0,1063,2026-03-19 08:59:49,2026-03-20 04:57:17
0x51eb0959202f6547037ffbc565c6096200036bfa,2026-03-19 10:07:33,1,1,0.44034898869149763,0,1153,2026-03-19 08:59:49,2026-03-20 04:57:17
0x8c2064d682836acb426b0c9c30e13530e9faa7f2,2026-03-19 10:07:33,0,1,0.4700165878057656,0,985,2026-03-19 08:59:49,2026-03-20 04:57:17
0xfbc6eb3fbe5acca96ddbff4931f23884c9140318,2026-03-19 10:07:33,0,1,0.4750183965507981,0,947,2026-03-19 08:59:49,2026-03-20 04:57:17
0x84ee497b48d0f2b221c5dfe68d4b180cad774abe,2026-03-19 10:07:35,0,1,0.46311796563685415,0,1044,2026-03-19 08:59:49,2026-03-20 04:57:17
0x4c6a129359b62a36a1e93ea1bfc171af6c294055,2026-03-19 10:07:37,0,1,0.6032438276188504,1,84,2026-03-19 08:59:49,2026-03-20 04:57:17
0x04bfc6af9cb9e44a230d5b83f2d02e4d58f686b8,2026-03-19 10:07:43,0,1,0.5083738585211707,1,644,2026-03-19 08:59:49,2026-03-20 04:57:17
0xc705371fc2a73aee86661d82c99f0407336324e0,2026-03-19 10:07:43,0,1,0.4658896895957151,0,1020,2026-03-19 08:59:49,2026-03-20 04:57:17
0x18a0e748f547787c49b36345132971a89e21dea8,2026-03-19 10:07:59,0,1,0.4330032059436459,0,1179,2026-03-19 08:59:49,2026-03-20 04:57:17
0x2e2a13d3691895a03110ba6e183cffe1a706ebf1,2026-03-19 10:07:59,0,1,0.5088850271214925,1,636,2026-03-19 08:59:49,2026-03-20 04:57:17
0x07c17dde56e5b96322a62a3d59034cd37cc01eac,2026-03-19 10:08:37,0,1,0.48941793656118354,0,841,2026-03-19 08:59:49,2026-03-20 04:57:17
0xfc0184104f875f686e15cddc63b77e922fcff1df,2026-03-19 10:08:37,1,1,0.6186011482714682,1,11,2026-03-19 08:59:49,2026-03-20 04:57:17
0xd07ae42be7a8bc6129d20acbec7ac86368d34ccd,2026-03-19 10:08:39,0,1,0.4980815529339418,0,761,2026-03-19 08:59:49,2026-03-20 04:57:17
0x0d459d78201df2fafccaa509a712fc07998a973a,2026-03-19 10:08:45,0,1,0.5042184096237934,1,699,2026-03-19 08:59:49,2026-03-20 04:57:17
0xe67f878915c928bfa78104a9b18ebf963854eefd,2026-03-19 10:08:45,0,1,0.5070918888088894,1,664,2026-03-19 08:59:49,2026-03-20 04:57:17
0x8dabd33e45a48261e1c9875b407dfa09773de581,2026-03-19 10:08:47,0,1,0.3530539835528691,0,1275,2026-03-19 08:59:49,2026-03-20 04:57:17
0x18df0a481788ac3d2c7e11fd5fec37cb47ccfaa1,2026-03-19 10:08:49,0,1,0.5110019669771395,1,599,2026-03-19 08:59:49,2026-03-20 04:57:17
0x4ec32658990b5702ee2857affcfcb0a7b42cd584,2026-03-19 10:08:49,0,1,0.505739271803517,1,684,2026-03-19 08:59:49,2026-03-20 04:57:17
0xf5330f845b48f74a9624647002db80ac55322e31,2026-03-19 10:08:49,0,1,0.4241546048406914,0,1199,2026-03-19 08:59:49,2026-03-20 04:57:17
0x2e554602dbe0d9549fd5a356892f3f7ddb28c549,2026-03-19 11:08:47,0,1,0.5518888251231726,1,283,2026-03-19 08:59:49,2026-03-20 04:57:17
0x3b345c29419b69917d36af2c2be487a0f492cca8,2026-03-19 11:08:47,0,1,0.48033611393025044,0,903,2026-03-19 08:59:49,2026-03-20 04:57:17
0x771212167e2e8864707b38073a0556bf69069f12,2026-03-19 11:08:47,1,1,0.6042024378438314,1,81,2026-03-19 08:59:49,2026-03-20 04:57:17
0x9a2626d1b61d20792e4db19fd492b8cf369fc335,2026-03-19 11:08:47,0,1,0.5345409679061083,1,379,2026-03-19 08:59:49,2026-03-20 04:57:17
0x0a8eee5cb1f039540abbbecc03571146048c05a4,2026-03-19 11:08:49,0,1,0.535041339776014,1,375,2026-03-19 08:59:49,2026-03-20 04:57:17
0x21ae45537f132cda8b7eb1cbf5880a133f7d13db,2026-03-19 11:08:49,0,1,0.5076358877937207,1,656,2026-03-19 08:59:49,2026-03-20 04:57:17
0x297a90acd7789be425a12d27a4d61360b0284b8f,2026-03-19 11:08:49,0,1,0.5088257628574303,1,637,2026-03-19 08:59:49,2026-03-20 04:57:17
0x37e9c1ce48bc3a444fec7904a3b7eba9d5d3ab9f,2026-03-19 11:08:49,0,1,0.5205945176582496,1,484,2026-03-19 08:59:49,2026-03-20 04:57:17
0x9db24c7b4b9345f363544a484c847f71445fb181,2026-03-19 11:08:49,0,1,0.4260752189091438,0,1193,2026-03-19 08:59:49,2026-03-20 04:57:17
0x276268414eb408ff1d58ea0770512df8ff45d4ad,2026-03-19 11:08:51,0,1,0.603039008261735,1,85,2026-03-19 08:59:49,2026-03-20 04:57:17
0x957167b917760d10fda57b8015eb9f7feb666211,2026-03-19 11:08:51,0,1,0.5374209347990103,1,358,2026-03-19 08:59:49,2026-03-20 04:57:17
0x9e22542900346d8cbbac567647b0360977d11b31,2026-03-19 11:08:51,0,1,0.5537463500407392,1,272,2026-03-19 08:59:49,2026-03-20 04:57:17
0xbb9417f2f6d51e821fcb3a5b18839921096df433,2026-03-19 11:08:51,0,1,0.5152452099770279,1,531,2026-03-19 08:59:49,2026-03-20 04:57:17
0xd240c2a4fccabeb9f63163d84f9695817f59562c,2026-03-19 11:08:51,0,1,0.5554115683090667,1,263,2026-03-19 08:59:49,2026-03-20 04:57:17
0x38901806928c4603113d08d470d123d728ae41a3,2026-03-19 11:08:53,0,1,0.488500217124718,0,847,2026-03-19 08:59:49,2026-03-20 04:57:17
0x7141bb52bee4b988261cbbc553b783b1ccb8de63,2026-03-19 11:08:53,1,1,0.5260442188837714,1,444,2026-03-19 08:59:49,2026-03-20 04:57:17
0x8117979b0387ddff82b3be57049e452a356b99cc,2026-03-19 11:08:55,0,1,0.5185410697520676,1,502,2026-03-19 08:59:49,2026-03-20 04:57:17
0xb18d4787e6f831ba754270f979496e8b425e26ea,2026-03-19 11:08:55,0,1,0.46487420381037325,0,1029,2026-03-19 08:59:49,2026-03-20 04:57:17
0xf4b13fea865321d231b515e8786c62e6f561ab63,2026-03-19 11:08:55,1,1,0.5021161741085074,1,719,2026-03-19 08:59:49,2026-03-20 04:57:17
0x752cbbd0097f1386522ab1376802a3ff4cd95cd0,2026-03-19 11:09:01,0,1,0.46908332554651805,0,1002,2026-03-19 08:59:49,2026-03-20 04:57:17
0xc3e7acfe1025b77b49ffdf725d3040d226d3bf7c,2026-03-19 11:09:01,1,1,0.5302830147833866,1,412,2026-03-19 08:59:49,2026-03-20 04:57:17
0x21be6db3ee58def7b4e58dcc33e4baa6d99542c8,2026-03-19 11:09:03,0,1,0.4643833472579887,0,1032,2026-03-19 08:59:49,2026-03-20 04:57:17
0x84dce9e3f499ff4db826f55ad5822d1311c38518,2026-03-19 11:09:03,0,1,0.35375682126543234,0,1273,2026-03-19 08:59:49,2026-03-20 04:57:17
0x064cca88e7dbc7ab6d565b117cf69bd99c99dd0d,2026-03-19 11:09:05,0,1,0.5637654666171286,1,221,2026-03-19 08:59:49,2026-03-20 04:57:17
0xca0adec0dfda9ad8a63183a370637a3cc4a169a6,2026-03-19 11:09:05,1,1,0.526729635053388,1,438,2026-03-19 08:59:49,2026-03-20 04:57:17
0xfb512d428db90455c9507d2578cc306b2701082d,2026-03-19 11:09:05,0,1,0.21980690276641285,0,1305,2026-03-19 08:59:49,2026-03-20 04:57:17
0x555bc14a6e86bcf0bec6ae8a734c1fb81b6b7e54,2026-03-19 11:09:07,0,1,0.612019500355911,1,70,2026-03-19 08:59:49,2026-03-20 04:57:17
0xc1a65ac2f608d940c493fe22f5ed54a7b8687601,2026-03-19 11:09:07,1,1,0.6154410308714984,1,61,2026-03-19 08:59:49,2026-03-20 04:57:17
0x08134adc9fa05af314416e3322ee93a67f755b41,2026-03-19 11:09:09,1,1,0.5285711040876502,1,421,2026-03-19 08:59:49,2026-03-20 04:57:17
0x542a0b82b98f832641dc8d6933884fd227030312,2026-03-19 11:09:09,0,1,0.5889759115685846,1,132,2026-03-19 08:59:49,2026-03-20 04:57:17
0x567464a8b6b5794c43282c4a9274e12b48ba8b14,2026-03-19 11:09:09,0,1,0.17198649031676833,0,1314,2026-03-19 08:59:49,2026-03-20 04:57:17
0xb923da0142329f27ae46ea94019822a0e8a166c7,2026-03-19 11:09:09,0,1,0.5342222508097694,1,383,2026-03-19 08:59:49,2026-03-20 04:57:17
0xf0aa700d8932078682f89f6f7d967fcc6fc196f5,2026-03-19 11:09:09,1,1,0.6019713841174086,1,89,2026-03-19 08:59:49,2026-03-20 04:57:17
0x9f166f721ac547bd73e901068cc2701556c9b03f,2026-03-19 11:09:27,1,1,0.5719134518472622,1,194,2026-03-19 08:59:49,2026-03-20 04:57:17
0x0f0d547f9fec77ab52f04c4f3835ac1c6b8ab27d,2026-03-19 11:09:53,1,1,0.5139876932567308,1,543,2026-03-19 08:59:49,2026-03-20 04:57:17
0x82ae434f983771a5bc94092a6850da80368e2890,2026-03-19 11:09:55,0,1,0.3913021020337517,0,1247,2026-03-19 08:59:49,2026-03-20 04:57:17
0xc585508b6ef2f9a576257a03e0dc65de45ec94da,2026-03-19 11:09:55,0,1,0.5361416642733254,1,365,2026-03-19 08:59:49,2026-03-20 04:57:17
0xe9076a87c5ed90ef16e6fe6529c943baeca0cff6,2026-03-19 11:09:55,0,1,0.5305537136409347,1,409,2026-03-19 08:59:49,2026-03-20 04:57:17
0x7071220d6db7045b56ecaee3d18b99cb0a907998,2026-03-19 11:10:15,1,1,0.5778194478398241,1,166,2026-03-19 08:59:49,2026-03-20 04:57:17
0x1b2a4aba239da7b688014cd78e440808683f24ad,2026-03-19 11:10:17,0,1,0.5401496010533997,1,343,2026-03-19 08:59:49,2026-03-20 04:57:17
0x53e621315157fa5039d62875746ea7ebba9f07ac,2026-03-19 11:10:17,1,1,0.4971245150163395,0,769,2026-03-19 08:59:49,2026-03-20 04:57:17
0xcd90a7644e4a6242437551155f9d49f7c9e550f6,2026-03-19 11:10:17,1,1,0.4838263210726984,0,882,2026-03-19 08:59:49,2026-03-20 04:57:17
0x033a289fc37f5c6a210a593560fb3f628dba586d,2026-03-19 11:10:19,1,1,0.5724681252859732,1,193,2026-03-19 08:59:49,2026-03-20 04:57:17
0x4f15d47233850020dcb47a3fbf9c32603349becb,2026-03-19 11:10:19,1,1,0.5762745114473291,1,175,2026-03-19 08:59:49,2026-03-20 04:57:17
0x8f4c96f6eed27389bd257468fdcf56898d06d670,2026-03-19 11:10:19,0,1,0.5560231209334969,1,257,2026-03-19 08:59:49,2026-03-20 04:57:17
0x1da9a760c6f2e86be549207f73da80c719bb14e9,2026-03-19 11:10:23,0,1,0.5109283262184339,1,601,2026-03-19 08:59:49,2026-03-20 04:57:17
0x31646b754f77b973910e7376b7015cb81fe83c65,2026-03-19 11:10:23,0,1,0.564051587855514,1,220,2026-03-19 08:59:49,2026-03-20 04:57:17
0x40edab6cb5badbc43e3c46bf66374f1e9d333832,2026-03-19 11:10:25,0,1,0.4859610344889274,0,863,2026-03-19 08:59:49,2026-03-20 04:57:17
0x934c697e14170e50cea81c6c350b92b56a76d02b,2026-03-19 11:10:27,0,1,0.5185651050358171,1,501,2026-03-19 08:59:49,2026-03-20 04:57:17
0x9d6c89ffc91423c82c65fc466e19c24b3c7ce2f4,2026-03-19 11:10:27,1,1,0.5714858644207531,1,199,2026-03-19 08:59:49,2026-03-20 04:57:17
0x12bd43d453ea0139e6992aa020b1d56ec6aa19cf,2026-03-19 11:10:31,0,1,0.5893583817238375,1,131,2026-03-19 08:59:49,2026-03-20 04:57:17
0xf9151529abce6aa8357b99707ec06607cf238720,2026-03-19 11:10:31,0,1,0.25551751444995624,0,1301,2026-03-19 08:59:49,2026-03-20 04:57:17
0x9e77d1dc4a3670b60344b0e3784191af16db303f,2026-03-19 11:10:33,0,1,0.5001835645433973,1,737,2026-03-19 08:59:49,2026-03-20 04:57:17
0x727994f29f2832413a11fdd20cc3751e01b64612,2026-03-19 11:10:49,0,1,0.4567322891840765,0,1076,2026-03-19 08:59:49,2026-03-20 04:57:17
0xdd1cc08d436e10c8d68defc024e3dc29b6bc3f79,2026-03-19 11:10:49,0,1,0.4985253401350134,0,755,2026-03-19 08:59:49,2026-03-20 04:57:17
0x026d63cbc318c60d5577fa6de88103b6bfdf47ed,2026-03-19 11:10:51,0,1,0.49816435666251396,0,759,2026-03-19 08:59:49,2026-03-20 04:57:17
0x64abfc1504625e811cdb34c5ad8caf09a70ff192,2026-03-19 11:10:51,1,1,0.43992530276235875,0,1154,2026-03-19 08:59:49,2026-03-20 04:57:17
0xe3b06fdbe0401a28cb08aa124ec1ff43bfd81ec1,2026-03-19 11:10:51,1,1,0.48263678650693903,0,888,2026-03-19 08:59:49,2026-03-20 04:57:17
0xf0da9933033b2192620c8b40a26f783bce729161,2026-03-19 11:11:39,0,1,0.5488929631809135,1,296,2026-03-19 08:59:49,2026-03-20 04:57:17
0x2f31aa27f3b362a61b8f26c825a849dba4dde2b6,2026-03-19 11:11:41,0,1,0.47293082996722097,0,967,2026-03-19 08:59:49,2026-03-20 04:57:17
0x346460fa8a14c03b689d301d7a3fb7348f9d8112,2026-03-19 11:11:43,1,1,0.4218030300551406,0,1206,2026-03-19 08:59:49,2026-03-20 04:57:17
0xeb76f82d4443c35028c662eebf001cd52c8c7ffe,2026-03-19 11:11:43,1,1,0.5167867989047729,1,517,2026-03-19 08:59:49,2026-03-20 04:57:17
0x92e810423e30179bfcebacd10afb56ee70e86a0a,2026-03-19 11:11:47,0,1,0.5175696843275692,1,509,2026-03-19 08:59:49,2026-03-20 04:57:17
0xd6febd3232a6b99958918eeef47f845e3af0a5ad,2026-03-19 11:11:47,0,1,0.6015753763061038,1,92,2026-03-19 08:59:49,2026-03-20 04:57:17
0x69fa1bc61d634b7b7b409e1c0ef906e2f157e259,2026-03-19 11:12:35,0,1,0.5220474001543808,1,472,2026-03-19 08:59:49,2026-03-20 04:57:17
0x8834c518ae97e8554490b83c4db608e2c1db8dad,2026-03-19 11:12:35,1,1,0.4744024582490229,0,954,2026-03-19 08:59:49,2026-03-20 04:57:17
0x058e1d86ca735269f5d578a0fcc6efacda594281,2026-03-19 11:12:37,0,1,0.3560427115482325,0,1272,2026-03-19 08:59:49,2026-03-20 04:57:17
0x2d91c9a020cea181557bbfc3241b411cdf3cf592,2026-03-19 11:12:37,0,1,0.6037028651404495,1,83,2026-03-19 08:59:49,2026-03-20 04:57:17
0x5fbe83f0d267b5b6bdca4bb27bb91ddc65607d07,2026-03-19 11:12:37,0,1,0.5132219764006741,1,562,2026-03-19 08:59:49,2026-03-20 04:57:17
0xbe89fef40bca036bbe5c986f93fa94109087dbd5,2026-03-19 11:12:37,0,1,0.4568985329822868,0,1073,2026-03-19 08:59:49,2026-03-20 04:57:17
0x192d28e9f590d817d6a6b867a6c7d1f03308e759,2026-03-19 11:12:39,0,1,0.5168824244342041,1,515,2026-03-19 08:59:49,2026-03-20 04:57:17
0x6beefb1c8d4b91b9b6d437840c241e74e6997e78,2026-03-19 11:12:39,0,1,0.47650399347397937,0,934,2026-03-19 08:59:49,2026-03-20 04:57:17
0x52553bb2014296c4822ae647be829292fed3f2d2,2026-03-19 11:13:31,0,1,0.42490325832291764,0,1197,2026-03-19 08:59:49,2026-03-20 04:57:17
0x0a157bd68b5a0527b563058397f562fded4457ad,2026-03-19 11:13:41,0,1,0.42413812932297273,0,1200,2026-03-19 08:59:49,2026-03-20 04:57:17
0xfbb4ceff7a8f488610175800fab84ba1e23f85ca,2026-03-19 11:13:43,0,1,0.3076240947730405,0,1295,2026-03-19 08:59:49,2026-03-20 04:57:17
0x703f6fc47b7a1e2454d65ac9d383f86844c86d19,2026-03-19 11:13:55,1,1,0.500964352929046,1,729,2026-03-19 08:59:49,2026-03-20 04:57:17
0x09187789611d535ed8423a9ed62fdef334477d82,2026-03-19 11:13:57,0,1,0.455107662134969,0,1087,2026-03-19 08:59:49,2026-03-20 04:57:17
0x1e7cd4cb2fc6a19c8a1d0859aee206b74240c4c5,2026-03-19 12:21:07,1,1,0.5548911927178242,1,267,2026-03-19 08:59:49,2026-03-20 04:57:17
0x3423c5cc44b93ae9fedf8d6a25f45a0e9d15fe57,2026-03-19 12:21:07,0,1,0.4109335413411827,0,1226,2026-03-19 08:59:49,2026-03-20 04:57:17
0x41f47c6b6e30e22317e6e294ab5b206c4284ee16,2026-03-19 12:21:07,0,1,0.5815295497760798,1,154,2026-03-19 08:59:49,2026-03-20 04:57:17
0x4e1fe86c9e675a3a6e308576e8383e452c688dfd,2026-03-19 12:21:07,0,1,0.5729745515020973,1,190,2026-03-19 08:59:49,2026-03-20 04:57:17
0xb9eb82588fd34b9721498c525e0c58f0b66c70f7,2026-03-19 12:21:07,0,1,0.5226503391398513,1,463,2026-03-19 08:59:49,2026-03-20 04:57:17
0x006cce06f38b4e0372fc1115c23a72ebcf839e50,2026-03-19 12:23:19,0,1,0.5374136258892952,1,359,2026-03-19 08:59:49,2026-03-20 04:57:17
0x133a7421621f64aedc1190a572bb998cd193f9d1,2026-03-19 12:23:19,0,1,0.6010673755839407,1,95,2026-03-19 08:59:49,2026-03-20 04:57:17
0x45123bc979cb1c3569810c57f9ff8e97f1be5d41,2026-03-19 12:23:19,0,1,0.49483477145585497,0,792,2026-03-19 08:59:49,2026-03-20 04:57:17
0x71717a9c69746118b00275b714bfb78be0d781f7,2026-03-19 12:23:19,1,1,0.48937737606405907,0,842,2026-03-19 08:59:49,2026-03-20 04:57:17
0x25bdc5b581aa220a406cb1e1760f86ffc867b468,2026-03-19 12:23:21,0,1,0.5541347476089025,1,269,2026-03-19 08:59:49,2026-03-20 04:57:17
0x4923651be70f63bb2a025bc8a010a2fbe30a5775,2026-03-19 12:23:21,1,1,0.52044727471422,1,486,2026-03-19 08:59:49,2026-03-20 04:57:17
0x1f2d19a7fb4550ed1d14ee9b7b029a11170e8ca1,2026-03-19 12:23:23,0,1,0.5700444912539022,1,205,2026-03-19 08:59:49,2026-03-20 04:57:17
0x457985075cef954861eee8f0af9c2adbe1848f46,2026-03-19 12:23:23,0,1,0.6179079817633653,1,36,2026-03-19 08:59:49,2026-03-20 04:57:17
0x4cf2c00f36380db3a1e4dc5cd4810d63bd5f8363,2026-03-19 12:23:23,0,1,0.5838034361440937,1,149,2026-03-19 08:59:49,2026-03-20 04:57:17
0x55f436050f0f7fb774bf11ee8a5d70902f6904d9,2026-03-19 12:23:23,0,1,0.5528517956773292,1,276,2026-03-19 08:59:49,2026-03-20 04:57:17
0xa10e98b7b2cff7484189c0a4d1c8ef1fd0744ea1,2026-03-19 12:23:23,0,1,0.4018522602594892,0,1237,2026-03-19 08:59:49,2026-03-20 04:57:17
0xb3c0e0708aedf49b4dc5419914b41747cd2ca5ee,2026-03-19 12:23:23,0,1,0.5527380283547291,1,278,2026-03-19 08:59:49,2026-03-20 04:57:17
0xe343e1d50291f2f9d8e4de0138d93c21f3ea23fd,2026-03-19 12:23:23,0,1,0.3533163851281554,0,1274,2026-03-19 08:59:49,2026-03-20 04:57:17
0x461ae9a54fae91f47e45c7a33ef5fd77d62103c0,2026-03-19 12:23:25,0,1,0.5677412549703458,1,210,2026-03-19 08:59:49,2026-03-20 04:57:17
0x879a62d20e4cf8d0d4d9ceab3f6707937b49bee8,2026-03-19 12:23:43,0,1,0.5445970259487993,1,318,2026-03-19 08:59:49,2026-03-20 04:57:17
0xe01c8ebcb858e32b714e0ca33fa2b07cd8f19496,2026-03-19 12:23:43,0,1,0.4615456784244016,0,1050,2026-03-19 08:59:49,2026-03-20 04:57:17
0x463345bccfa5bb2a3180cac08b9851f3eba1f429,2026-03-19 12:23:45,1,1,0.519017743346701,1,495,2026-03-19 08:59:49,2026-03-20 04:57:17
0x7c562f88510b1960e6008887f32dbff9018c0615,2026-03-19 12:23:45,0,1,0.5019420865006213,1,722,2026-03-19 08:59:49,2026-03-20 04:57:17
0x299cb40195d270438f8950902f242d796457d85e,2026-03-19 12:23:47,0,1,0.5428527858015927,1,327,2026-03-19 08:59:49,2026-03-20 04:57:17
0x3a3cfb9579bb24e68aaf83f14c877bb26f606ee2,2026-03-19 12:23:47,1,1,0.5429154991002131,1,326,2026-03-19 08:59:49,2026-03-20 04:57:17
0x6864d34eb5b27b0abe35b5116558108c746e9e27,2026-03-19 12:24:21,1,1,0.4709027719851403,0,978,2026-03-19 08:59:49,2026-03-20 04:57:17
0x94a8f0773f83a6c90a89f316144114d880224509,2026-03-19 12:24:21,0,1,0.5267731355390886,1,436,2026-03-19 08:59:49,2026-03-20 04:57:17
0xb76d9a7f824e54025c6176aa39ec35bc499b1a79,2026-03-19 12:24:21,0,1,0.41691189122146693,0,1211,2026-03-19 08:59:49,2026-03-20 04:57:17
0xd030dbcc932b80f9095b60df69753357dad75adf,2026-03-19 12:24:21,1,1,0.4944656481054461,0,794,2026-03-19 08:59:49,2026-03-20 04:57:17
0x1cb63fd92efcaaf359ffdf301c40674b2ed793f6,2026-03-19 12:24:23,0,1,0.4521725145810006,0,1102,2026-03-19 08:59:49,2026-03-20 04:57:17
0xce1b04a6c33b05187a5b8f8c2eae29f16835601d,2026-03-19 12:24:23,0,1,0.4733715209225999,0,965,2026-03-19 08:59:49,2026-03-20 04:57:17
0x2249e95011421b59cc635782a8b838fb87fd3005,2026-03-19 12:24:27,0,1,0.29328007353589697,0,1299,2026-03-19 08:59:49,2026-03-20 04:57:17
0x4d6f25ee389c5b8e1b05f6359ae5b57dac515a10,2026-03-19 12:24:27,0,1,0.5125052990219446,1,581,2026-03-19 08:59:49,2026-03-20 04:57:17
0x182dfb3b0c6ad19fbf37343ba160aa08b3b773e9,2026-03-19 12:24:29,0,1,0.46892173139255583,0,1004,2026-03-19 08:59:49,2026-03-20 04:57:17
0xcbfba4889ff46156bbae6611b42d727b9903cde5,2026-03-19 12:24:29,0,1,0.493401540417553,0,808,2026-03-19 08:59:49,2026-03-20 04:57:17
0x2fd922cf5709fcabf2c6791625f04fb1bd3493fa,2026-03-19 12:24:35,1,1,0.5173595986511036,1,512,2026-03-19 08:59:49,2026-03-20 04:57:17
0x2534a42eacafc9445c381beb33643e12019bf2f3,2026-03-19 12:24:49,0,1,0.5293578610536661,1,415,2026-03-19 08:59:49,2026-03-20 04:57:17
0x8454af27751aa29c518a540c4709928262862548,2026-03-19 12:24:49,0,1,0.4609346471061863,0,1052,2026-03-19 08:59:49,2026-03-20 04:57:17
0xc9ac100d04c8bd902df6355f13a3e63f9e845ea3,2026-03-19 12:24:49,0,1,0.46493210510083566,0,1028,2026-03-19 08:59:49,2026-03-20 04:57:17
0x1075b3962412fff14193fe0819a5cb288e9c19c1,2026-03-19 12:24:53,1,1,0.5070465118839067,1,665,2026-03-19 08:59:49,2026-03-20 04:57:17
0xec31843c92c4931c40f149fd1e7bff938001094d,2026-03-19 12:24:53,0,1,0.4567537868788111,0,1075,2026-03-19 08:59:49,2026-03-20 04:57:17
0x94bbb8f7632d11dead6b8970646ad5655a5fc320,2026-03-19 12:24:55,0,1,0.5083911480102616,1,643,2026-03-19 08:59:49,2026-03-20 04:57:17
0x14a3621621125ff8afc55f986202f3043859019f,2026-03-19 12:24:57,0,1,0.516318080236854,1,519,2026-03-19 08:59:49,2026-03-20 04:57:17
0x1b0b6a3b1699dacf4354b39eb37c26fc6a385b0e,2026-03-19 12:24:57,0,1,0.5127778821254232,1,576,2026-03-19 08:59:49,2026-03-20 04:57:17
0xaf15e53d9e8fb69c8dea276c33f286895b73bc03,2026-03-19 12:24:57,1,1,0.5652797822882114,1,217,2026-03-19 08:59:49,2026-03-20 04:57:17
0x215f443d8346b57b12c3f81decdf9cacdc46c9f1,2026-03-19 12:25:23,0,1,0.5811759584284242,1,157,2026-03-19 08:59:49,2026-03-20 04:57:17
0x331b9802528f46f502c7a008f18cf75ad8a3f04f,2026-03-19 12:25:23,0,1,0.4655736252970106,0,1022,2026-03-19 08:59:49,2026-03-20 04:57:17
0x5f0eeb1d6616df82cd82846877e47ee5cb5699ce,2026-03-19 12:25:29,1,1,0.528854122617673,1,420,2026-03-19 08:59:49,2026-03-20 04:57:17
0xc1246f13ca291116f2fe787071b5e8b91e9d1745,2026-03-19 12:25:29,0,1,0.5704871356772458,1,204,2026-03-19 08:59:49,2026-03-20 04:57:17
0x722452c2a66ea68e90847dd6849fd936ba5678f0,2026-03-19 12:25:31,1,1,0.5239108293499384,1,460,2026-03-19 08:59:49,2026-03-20 04:57:17
0x898b498f49310514b664904d2ce34220d2769b3f,2026-03-19 12:25:31,1,1,0.5315119410466036,1,400,2026-03-19 08:59:49,2026-03-20 04:57:17
0x76a6277950307365d4f0ee4dea196a8517d3b7dc,2026-03-19 12:25:49,0,1,0.5350029578531509,1,376,2026-03-19 08:59:49,2026-03-20 04:57:17
0xa05a6054ea4274b34d663b868dc3bd61a68e4635,2026-03-19 12:25:49,0,1,0.49772880347761916,0,764,2026-03-19 08:59:49,2026-03-20 04:57:17
0xd8bb35a3af407c95ae1fca3f9da752065ce28b79,2026-03-19 12:25:49,0,1,0.48469784010058065,0,874,2026-03-19 08:59:49,2026-03-20 04:57:17
0xdccb250d155c89f0cc0c06cafee2925ac16493ab,2026-03-19 12:25:49,0,1,0.4858204889623159,0,866,2026-03-19 08:59:49,2026-03-20 04:57:17
0xe5ba4fae3e972ca928d2d539223f2126ae14add1,2026-03-19 12:25:49,0,1,0.5654880739868499,1,215,2026-03-19 08:59:49,2026-03-20 04:57:17
0xe64be2cfde3af68ff069581c67b5566ab2eceeef,2026-03-19 12:25:49,1,1,0.5268996041203152,1,434,2026-03-19 08:59:49,2026-03-20 04:57:17
0x41df47c1a2c3f04fef35eabcadeaebe065e14b70,2026-03-19 12:26:03,0,1,0.5221908108865171,1,468,2026-03-19 08:59:49,2026-03-20 04:57:17
0x42f3c7ac068a068ecd43666470e2efb8eeae1e83,2026-03-19 12:26:03,0,1,0.4859006805623483,0,864,2026-03-19 08:59:49,2026-03-20 04:57:17
0xa7f049210545c133c5afd76fd39699aa78b61997,2026-03-19 12:26:03,1,1,0.5710453057724557,1,201,2026-03-19 08:59:49,2026-03-20 04:57:17
0xfd96c9042e900709be486f6de6ea1a30b2bee623,2026-03-19 12:26:03,0,1,0.5057937313266926,1,683,2026-03-19 08:59:49,2026-03-20 04:57:17
0x1d2a72367f4678e64833471306d48906774eec95,2026-03-19 12:26:05,0,1,0.505446875641744,1,685,2026-03-19 08:59:49,2026-03-20 04:57:17
0x473ac1350848f78ffc7b1fe60aefd7f04f07f44d,2026-03-19 12:26:05,1,1,0.5699169997003234,1,206,2026-03-19 08:59:49,2026-03-20 04:57:17
0x6100733378083de7de464a359786513ae752d743,2026-03-19 12:26:05,1,1,0.5161953672310683,1,521,2026-03-19 08:59:49,2026-03-20 04:57:17
0x8604bb54df5a5ea9168775057c25a999c49d222d,2026-03-19 12:26:05,1,1,0.47564134604560104,0,941,2026-03-19 08:59:49,2026-03-20 04:57:17
0xe81915e3ff260080478ea86766e8af659f3a2a5b,2026-03-19 12:26:05,0,1,0.522090604382943,1,470,2026-03-19 08:59:49,2026-03-20 04:57:17
0x6ee452201ffc12ba00942907e7ee805487db7a93,2026-03-19 12:26:23,0,1,0.5132233230716668,1,561,2026-03-19 08:59:49,2026-03-20 04:57:17
0x903ab34455b56d9fb09726e2eb69ea9e2b551c39,2026-03-19 12:26:23,0,1,0.4700974612976337,0,983,2026-03-19 08:59:49,2026-03-20 04:57:17
0x082be1c21bddf02dcca57c346957c76c6c155e67,2026-03-19 12:27:21,0,1,0.4867048740771498,0,856,2026-03-19 08:59:49,2026-03-20 04:57:17
0x1c6dd9c5ab05e5cafd6960b920d54ee12a798cc4,2026-03-19 12:27:21,0,1,0.5336292201554544,1,391,2026-03-19 08:59:49,2026-03-20 04:57:17
0x34252758b553b537bcec97f95506f7062f3a6281,2026-03-19 12:27:21,0,1,0.5103434204048151,1,611,2026-03-19 08:59:49,2026-03-20 04:57:17
0x9fceb781c99e5e111767a71f985b17aaa76cbb3f,2026-03-19 12:27:21,0,1,0.4461839354440382,0,1124,2026-03-19 08:59:49,2026-03-20 04:57:17
0xc565e4850244eba0aad9888956a4e262c3a21263,2026-03-19 12:27:21,0,1,0.4313531340805739,0,1183,2026-03-19 08:59:49,2026-03-20 04:57:17
0x163f7eafb8ffff480afef76c5b722e796f92c4b4,2026-03-19 12:27:23,0,1,0.3768025452559475,0,1262,2026-03-19 08:59:49,2026-03-20 04:57:17
0x70412cbf28288d47ece30002be45efff5d2d5c73,2026-03-19 12:27:31,0,1,0.45313359779428936,0,1097,2026-03-19 08:59:49,2026-03-20 04:57:17
0x3dcdeffe9d635eab8f3762cc27f695d08b77913d,2026-03-19 12:27:33,0,1,0.4723065961529209,0,969,2026-03-19 08:59:49,2026-03-20 04:57:17
0x95530190a52d4e86579c3190b10cb8ba3763be34,2026-03-19 12:27:33,0,1,0.522216569785866,1,467,2026-03-19 08:59:49,2026-03-20 04:57:17
0x828eba773f507dc4cd702c376a49914ea61fc21b,2026-03-19 12:27:37,0,1,0.5095608348052039,1,625,2026-03-19 08:59:49,2026-03-20 04:57:17
0x8a89521560d47cea0108a1f6e205f0127aff0e5d,2026-03-19 12:27:37,1,1,0.44481180484768545,0,1129,2026-03-19 08:59:49,2026-03-20 04:57:17
0x1d0d5bf92943a67e8f60ef3927a7cef9042cd782,2026-03-19 12:28:07,0,1,0.5107514517534679,1,606,2026-03-19 08:59:49,2026-03-20 04:57:17
0xd3100381178e672b2c7d7e76ab8ed770561b80e3,2026-03-19 12:28:07,0,1,0.5241302386967505,1,456,2026-03-19 08:59:49,2026-03-20 04:57:17
0xe4daf66dd4f08f3b5cce9099f9efffad2b661772,2026-03-19 12:28:07,0,1,0.4991484097361647,0,747,2026-03-19 08:59:49,2026-03-20 04:57:17
0x351e27b94a4bb022c6852370e9407868cf72de8a,2026-03-19 12:28:09,0,1,0.43307471149530197,0,1178,2026-03-19 08:59:49,2026-03-20 04:57:17
0x82bfc7c9b901f3f82cd5d4f3e8a8bc99b420de71,2026-03-19 12:28:09,0,1,0.5048283832925563,1,690,2026-03-19 08:59:49,2026-03-20 04:57:17
0x82f723b5fed8f7df8c8a8a2f5ee064056e957c3b,2026-03-19 12:28:09,0,1,0.5103083141041816,1,613,2026-03-19 08:59:49,2026-03-20 04:57:17
0xc21192408d535407f75a614258e44478f1fecc43,2026-03-19 12:28:09,0,1,0.5870937637784179,1,139,2026-03-19 08:59:49,2026-03-20 04:57:17
0x55173bc7f6e52f45ec05fd14fbc6f34e81b6e334,2026-03-19 12:28:11,0,1,0.47019235936273995,0,981,2026-03-19 08:59:49,2026-03-20 04:57:17
0x21ff16230285273f6097846437b46d35e97f5e2a,2026-03-19 12:28:13,0,1,0.32484919941634827,0,1289,2026-03-19 08:59:49,2026-03-20 04:57:17
0x31a95c4fdf5c8ff17cc7d54c73e8208991228266,2026-03-19 12:28:13,0,1,0.43574422550920594,0,1172,2026-03-19 08:59:49,2026-03-20 04:57:17
0x804133c8135f883b4c0e0f58f5985804ce0405d6,2026-03-19 12:28:13,0,1,0.42587337697543276,0,1194,2026-03-19 08:59:49,2026-03-20 04:57:17
0xfe6f5b84fc05f8ed2b30a64244cc0fb7cc8a1185,2026-03-19 12:28:13,0,1,0.6078979191153163,1,76,2026-03-19 08:59:49,2026-03-20 04:57:17
0x2478b3ea42b09f7a4aae902d14d4919c64b896cc,2026-03-19 12:28:15,0,1,0.4155036751160247,0,1214,2026-03-19 08:59:49,2026-03-20 04:57:17
0x8548f0fae7636fc17ca6bb2cbae39cbd4fbce4c1,2026-03-19 12:28:15,0,1,0.4569444632343638,0,1072,2026-03-19 08:59:49,2026-03-20 04:57:17
0xe0a10aead3322ccd1158a52834a440af80c46405,2026-03-19 12:28:15,0,1,0.471690259031319,0,973,2026-03-19 08:59:49,2026-03-20 04:57:17
0xaffd6c0e602e4e03be1b78f58100d8992c412c4a,2026-03-19 13:49:57,0,1,0.48148776677718946,0,896,2026-03-19 08:59:49,2026-03-20 04:57:17
0xbb078beefa25c7379ee7a85080734dad29cdacaa,2026-03-19 13:49:57,0,1,0.5705608889568045,1,203,2026-03-19 08:59:49,2026-03-20 04:57:17
0xbcf851629121bc1b61bcbb458e25efba4d590f4d,2026-03-19 13:49:57,1,1,0.5897462892095808,1,130,2026-03-19 08:59:49,2026-03-20 04:57:17
0xef244c60dc23df7737f686105b40934e0e442c78,2026-03-19 13:49:57,0,1,0.38271621561866176,0,1254,2026-03-19 08:59:49,2026-03-20 04:57:17
0x6a551ef39a5fbfa4600b87ce4925bd9b1d792b27,2026-03-19 13:49:59,0,1,0.47899998755244455,0,908,2026-03-19 08:59:49,2026-03-20 04:57:17
0x5082f884bd99e0af370a797bcc58f9964cf7b676,2026-03-19 13:50:01,0,1,0.45998055840080015,0,1057,2026-03-19 08:59:49,2026-03-20 04:57:17
0x7d358345064bbfe14de64c8313b72e663f5ce83e,2026-03-19 13:50:01,0,1,0.5853340686240377,1,143,2026-03-19 08:59:49,2026-03-20 04:57:17
0xbb5a452889b937f70564558e0d8e428688ed2faa,2026-03-19 13:50:01,0,1,0.5212749416555509,1,479,2026-03-19 08:59:49,2026-03-20 04:57:17
0x0a90db0eb84a0c8312e453c034721bd056218606,2026-03-19 13:50:25,0,1,0.1590720740804984,0,1318,2026-03-19 08:59:49,2026-03-20 04:57:17
0x0bfdf8ab6d5920ec204097d766a82ab02c37a4bb,2026-03-19 13:50:25,0,1,0.5218777337220162,1,474,2026-03-19 08:59:49,2026-03-20 04:57:17
0x19d40f2a6bba0ee2e180e09793e20a9858633622,2026-03-19 13:50:25,1,1,0.49953017994241766,0,745,2026-03-19 08:59:49,2026-03-20 04:57:17
0x63ccc57b15b498ee7a4555bbc65beb38b30fcecd,2026-03-19 13:50:25,1,1,0.5030031026381749,1,713,2026-03-19 08:59:49,2026-03-20 04:57:17
0xd91e4a11f2414d3a5146c4b60ced9ad70e9bfa48,2026-03-19 13:50:25,1,1,0.6003997546433124,1,99,2026-03-19 08:59:49,2026-03-20 04:57:17
0xe167832b5a41e5bb5ed0a34cbf7bc603a84703a1,2026-03-19 13:50:25,1,1,0.4948397820093505,0,791,2026-03-19 08:59:49,2026-03-20 04:57:17
0xeff1cdc68e14fe71492afefe7fd2484bbb0ea11b,2026-03-19 13:50:25,0,1,0.482723738120965,0,887,2026-03-19 08:59:49,2026-03-20 04:57:17
0x279628242bce15e94625f7e409758e03b2761d69,2026-03-19 13:50:27,0,1,0.5771494611733077,1,170,2026-03-19 08:59:49,2026-03-20 04:57:17
0x34714a0f46b7d431988f99357ae93cec333eeb44,2026-03-19 13:50:27,0,1,0.6004294813075033,1,98,2026-03-19 08:59:49,2026-03-20 04:57:17
0x64b0e8bf5079a1521d0a8ce18ea0beedc138ab64,2026-03-19 13:50:27,0,1,0.4660709783895572,0,1018,2026-03-19 08:59:49,2026-03-20 04:57:17
0x09c1a2d101f5af7a0f77b8afc9ca2a1e4a9794aa,2026-03-19 13:50:29,0,1,0.5153483536640016,1,527,2026-03-19 08:59:49,2026-03-20 04:57:17
0x3e8dee8a1b985eb41d8046af78e96caef001c67f,2026-03-19 13:50:29,1,1,0.5062931260950478,1,676,2026-03-19 08:59:49,2026-03-20 04:57:17
0x7132fb2154678e5a13f21fc71ef9d3cb6140a53e,2026-03-19 13:50:29,0,1,0.5310807639644252,1,402,2026-03-19 08:59:49,2026-03-20 04:57:17
0xfa7fdbe73d690434682c45892f3f644771251629,2026-03-19 13:50:31,0,1,0.5517263827044723,1,284,2026-03-19 08:59:49,2026-03-20 04:57:17
0x30e9fe5f8e0017c24e668be35102028ed6551cc5,2026-03-19 13:50:35,0,1,0.5821357220054129,1,153,2026-03-19 08:59:49,2026-03-20 04:57:17
0x36f278c32898f351463f0b193d1d28cec6ebdab4,2026-03-19 13:50:35,0,1,0.6075376060124387,1,78,2026-03-19 08:59:49,2026-03-20 04:57:17
0x52cf551164da2e63a9d864c9473ee7fefba15090,2026-03-19 13:50:35,1,1,0.4922226327698213,0,820,2026-03-19 08:59:49,2026-03-20 04:57:17
0x668216e1f673d9b2554cc751e1b4a2e8e371b5ff,2026-03-19 13:50:35,0,1,0.5355149865202163,1,369,2026-03-19 08:59:49,2026-03-20 04:57:17
0xb260e618bd5b0351f54cbb6b2370def471af715a,2026-03-19 13:50:35,0,1,0.4901826024784807,0,834,2026-03-19 08:59:49,2026-03-20 04:57:17
0xf75b0ba2d70165c71d3569228bce935a268eed74,2026-03-19 13:50:35,0,1,0.5095161807789377,1,626,2026-03-19 08:59:49,2026-03-20 04:57:17
0x6a2f30d9a06b1f4bb5a7f59bdb37e418c476d027,2026-03-19 13:51:23,0,1,0.33136478857323154,0,1285,2026-03-19 08:59:49,2026-03-20 04:57:17
0x84979100974e993083b49e8cd0aca0d087fc07c8,2026-03-19 13:51:23,0,1,0.5142486257911317,1,541,2026-03-19 08:59:49,2026-03-20 04:57:17
0x88f397e11dfba51faf461aca814539c3ce7abaa8,2026-03-19 13:51:25,0,1,0.49547146057554026,0,782,2026-03-19 08:59:49,2026-03-20 04:57:17
0xaa5749d63a1f4326f18de1b6d1e12c323df6759c,2026-03-19 13:51:25,0,1,0.48450194836336324,0,875,2026-03-19 08:59:49,2026-03-20 04:57:17
0xea4ddcbf18a018dae3cbf8a85b9a9c8c04fdc654,2026-03-19 13:51:25,0,1,0.5152849614151996,1,529,2026-03-19 08:59:49,2026-03-20 04:57:17
0x433776ccc5c32ed6fabeb07246cb999c016bb204,2026-03-19 13:51:27,0,1,0.5280691617710069,1,425,2026-03-19 08:59:49,2026-03-20 04:57:17
0x5ab1ec2a009f69ce2d5b06c97de71061315466c5,2026-03-19 13:51:27,0,1,0.5789519375102292,1,163,2026-03-19 08:59:49,2026-03-20 04:57:17
0x23d777e632f424cbe166b9ba9d5c4f696222eab4,2026-03-19 13:51:33,0,1,0.5006010952341471,1,734,2026-03-19 08:59:49,2026-03-20 04:57:17
0x52bd43f09674157c12e64a46833bbb2822fc5d6a,2026-03-19 13:51:33,0,1,0.4929448335112596,0,814,2026-03-19 08:59:49,2026-03-20 04:57:17
0x78e3858684faaca1adec976b00b81dcbe50ed9ff,2026-03-19 13:51:33,0,1,0.46320347309205806,0,1041,2026-03-19 08:59:49,2026-03-20 04:57:17
0x969fae0a3a93778adc42178f72c612ed8c4e4d55,2026-03-19 13:51:33,0,1,0.5353334484643602,1,372,2026-03-19 08:59:49,2026-03-20 04:57:17
0x4cd5ebfd20521fc4dd38582f8ab406d4818d84c4,2026-03-19 13:51:35,1,1,0.5390466944717899,1,352,2026-03-19 08:59:49,2026-03-20 04:57:17
0x8f6897abc5d5068cde522ad6fec9bb6190c268c1,2026-03-19 13:51:35,0,1,0.5416475980724228,1,339,2026-03-19 08:59:49,2026-03-20 04:57:17
0xe256aab7d00cab5cb71892cb466fa476ffcc1dd8,2026-03-19 13:51:35,1,1,0.5914696148271777,1,124,2026-03-19 08:59:49,2026-03-20 04:57:17
0xeb942f0fc3f100cd729d7937afc6c48773cf205e,2026-03-19 13:52:05,0,1,0.48818500845335466,0,849,2026-03-19 08:59:49,2026-03-20 04:57:17
0x02622c45f01a856edc806a99e39795a3ef9a1e8c,2026-03-19 13:52:11,0,1,0.5733309617252573,1,187,2026-03-19 08:59:49,2026-03-20 04:57:17
0xace5dc601985770d23de14c99d4370852f116da9,2026-03-19 13:52:11,1,1,0.49645782567214775,0,772,2026-03-19 08:59:49,2026-03-20 04:57:17
0x692ab5642f3a51224dbef739045868245f52e65f,2026-03-19 13:52:19,0,1,0.47406614216451914,0,958,2026-03-19 08:59:49,2026-03-20 04:57:17
0x6e1710d53de31ba1f2aa27441777933fd26823f6,2026-03-19 13:52:19,1,1,0.5615338688682012,1,231,2026-03-19 08:59:49,2026-03-20 04:57:17
0x74b2a223dac9d8a9f9fb1454725347cef5d0306c,2026-03-19 13:52:19,0,1,0.4883532661761707,0,848,2026-03-19 08:59:49,2026-03-20 04:57:17
0x0bcf40578e73ef6a92dc298dbfa3a140dddb75c6,2026-03-19 13:52:31,1,1,0.4418631370143839,0,1147,2026-03-19 08:59:49,2026-03-20 04:57:17
0xf1223883e32280827f7d0a8e86c7de71cf6e4b18,2026-03-19 13:52:33,1,1,0.5290044771564973,1,418,2026-03-19 08:59:49,2026-03-20 04:57:17
0x978d442fcb0b2bd887929f0889c7a3b09eab7653,2026-03-19 13:52:35,0,1,0.45156391795859896,0,1107,2026-03-19 08:59:49,2026-03-20 04:57:17
0xa92a54483652aa33544e1860ed4ef5684f00c09a,2026-03-19 13:52:35,0,1,0.4566344799079174,0,1077,2026-03-19 08:59:49,2026-03-20 04:57:17
0x0c84d454825e9f42619497f6158b4753cd43a8ed,2026-03-19 13:52:37,0,1,0.36873205344080234,0,1267,2026-03-19 08:59:49,2026-03-20 04:57:17
0x1455445e9a775cfa3fe9fc4b02bb4d2f682ae5cd,2026-03-19 13:52:37,0,1,0.19871133035174704,0,1309,2026-03-19 08:59:49,2026-03-20 04:57:17
0xf6fca2da645f13fb5c064e0a3f03dd24da9ee937,2026-03-19 13:52:37,0,1,0.45176831699867426,0,1105,2026-03-19 08:59:49,2026-03-20 04:57:17
0x7b1d8ac7c5dddd268d2ed6dac26da50095a48721,2026-03-19 13:53:03,1,1,0.5239424573479028,1,459,2026-03-19 08:59:49,2026-03-20 04:57:17
0xae27c8f15f7b2ad19156970201b5d37c9349adb4,2026-03-19 13:53:03,0,1,0.47735764217869425,0,924,2026-03-19 08:59:49,2026-03-20 04:57:17
0xc969ddc3bd2e32f0ea0925285d7add3504040377,2026-03-19 13:53:03,0,1,0.5339588194596733,1,386,2026-03-19 08:59:49,2026-03-20 04:57:17
0x685922ec63db10fd64d0498a709338e0dc387e81,2026-03-19 13:53:05,0,1,0.4830102131754135,0,885,2026-03-19 08:59:49,2026-03-20 04:57:17
0x6aec75fb540c012c9fdd42e7d4ed44937e3cc57a,2026-03-19 13:54:43,1,1,0.47711196487795376,0,926,2026-03-19 08:59:49,2026-03-20 04:57:17
0x71a0c65e2e693f747c689c953da823e0d9a5293e,2026-03-19 13:54:43,0,1,0.3953760751366256,0,1243,2026-03-19 08:59:49,2026-03-20 04:57:17
0xc668530ed5c50cbe964a5f36cf8fbb8da8da4f06,2026-03-19 13:54:45,0,1,0.5996360123858399,1,101,2026-03-19 08:59:49,2026-03-20 04:57:17
0x16b48a8e75ff7c514b8d51bc4292d7eb3d71168f,2026-03-19 13:55:01,0,1,0.5278736408137549,1,427,2026-03-19 08:59:49,2026-03-20 04:57:17
0x5074ab12f7f14de754a3e1e971d9a0a23a2da598,2026-03-19 13:55:01,0,1,0.5306534950047861,1,406,2026-03-19 08:59:49,2026-03-20 04:57:17
0x63949b31c8b0bb50312dd87f5074ca8a927e95a3,2026-03-19 13:55:01,0,1,0.36829117581135556,0,1268,2026-03-19 08:59:49,2026-03-20 04:57:17
0xab035443c014f07b22cbc83cad027ae69c13358b,2026-03-19 13:55:01,0,1,0.5143195058690713,1,540,2026-03-19 08:59:49,2026-03-20 04:57:17
0x5245e65733508db8ddb381e9dbda4fd66bb800c4,2026-03-19 13:55:09,0,1,0.5494344085306011,1,293,2026-03-19 08:59:49,2026-03-20 04:57:17
0x5ea76651681668b7b1b888b0a642aa17cafe7450,2026-03-19 13:55:09,0,1,0.45901293543296895,0,1065,2026-03-19 08:59:49,2026-03-20 04:57:17
0x920e797d8d3e2e4029de1bb1483406c0f91a0155,2026-03-19 13:55:09,0,1,0.46480617727495643,0,1030,2026-03-19 08:59:49,2026-03-20 04:57:17
0xad76b3c81a19f2bcc789f6b693b71e436142c715,2026-03-19 13:55:09,0,1,0.3667793307750041,0,1270,2026-03-19 08:59:49,2026-03-20 04:57:17
0xc96c6a420cecd03de7c975dfaa62ed3f13d1b868,2026-03-19 13:55:09,0,1,0.4161720120360239,0,1213,2026-03-19 08:59:49,2026-03-20 04:57:17
0xe88c8878a967b33790143e58800b9cff055055d1,2026-03-19 13:55:09,0,1,0.5136226448165331,1,548,2026-03-19 08:59:49,2026-03-20 04:57:17
0xf4a4eab0af4fa0c94ffcc05b9df184edb4193117,2026-03-19 13:55:09,0,1,0.43082192821777465,0,1185,2026-03-19 08:59:49,2026-03-20 04:57:17
0x3ec0096a17711dbe1015771ed4e2267b15baae7d,2026-03-19 13:55:11,0,1,0.5098040483040622,1,622,2026-03-19 08:59:49,2026-03-20 04:57:17
0x5a25a3332b9b9d9c72704157c00931e0e9fc10c8,2026-03-19 13:55:11,1,1,0.5115469789214546,1,595,2026-03-19 08:59:49,2026-03-20 04:57:17
0x8bcb2241bd3368fb075d483b033faf4b7c5448ce,2026-03-19 13:55:11,0,1,0.4571258751997352,0,1070,2026-03-19 08:59:49,2026-03-20 04:57:17
0x6ba69afcfd7dfb22575285993c56dc2c12475530,2026-03-19 14:53:21,0,1,0.3389570071015528,0,1281,2026-03-19 08:59:49,2026-03-20 04:57:17
0xa057b57632baf8d876d11f415f5e8c96c7caf288,2026-03-19 14:53:21,0,1,0.479979233301574,0,905,2026-03-19 08:59:49,2026-03-20 04:57:17
0xee19aef7451370bd7888046fd39467dd398f555e,2026-03-19 14:53:21,1,1,0.5326385918238776,1,393,2026-03-19 08:59:49,2026-03-20 04:57:17
0xfd08d904482abcf32e37942e79e12785da20ee64,2026-03-19 14:53:21,0,1,0.19898095268378047,0,1308,2026-03-19 08:59:49,2026-03-20 04:57:17
0x3f48b37690fc2dc891a627ef24683e3d3a36d2bb,2026-03-19 14:53:23,0,1,0.49492266342689517,0,789,2026-03-19 08:59:49,2026-03-20 04:57:17
0x90dd8ca3d4672659673620ef75f505c46539604d,2026-03-19 14:53:35,0,1,0.6003087172476398,1,100,2026-03-19 08:59:49,2026-03-20 04:57:17
0xcddab011ae54a4a66278d6a8396fa771e825af89,2026-03-19 14:53:35,0,1,0.39263131034095716,0,1245,2026-03-19 08:59:49,2026-03-20 04:57:17
0x10da28991c99274e265431e544aa4c71426bcc5b,2026-03-19 14:53:37,0,1,0.5715894779042079,1,197,2026-03-19 08:59:49,2026-03-20 04:57:17
0xbc8ef8ae77f8ab808ef4af8f36dd215532b57c8e,2026-03-19 14:53:37,0,1,0.5172410266942009,1,513,2026-03-19 08:59:49,2026-03-20 04:57:17
0xd1553bc3632eb34a0dac37ceafc46e2f1e1a8250,2026-03-19 14:53:45,0,1,0.4741984440685038,0,955,2026-03-19 08:59:49,2026-03-20 04:57:17
0x7d9d4daee74b3de72d9898f924200a026dd50572,2026-03-19 14:53:47,0,1,0.6018705984376754,1,90,2026-03-19 08:59:49,2026-03-20 04:57:17
0xfea6d7d20a5ba852ec160c3a4db14b734073b795,2026-03-19 14:53:47,0,1,0.49249801472726357,0,818,2026-03-19 08:59:49,2026-03-20 04:57:17
0xd2716359d969def10436effd131e9c608a7137e0,2026-03-19 14:53:49,0,1,0.6625198518904839,1,2,2026-03-19 08:59:49,2026-03-20 04:57:17
0xba49cb90cf467fd2ea5a1a280064daa356a9e8ac,2026-03-19 14:53:51,0,1,0.513177598641917,1,563,2026-03-19 08:59:49,2026-03-20 04:57:17
0x4f832c152aa250ffdbed38d68c3865ce3d194957,2026-03-19 14:53:53,0,1,0.48665485474617853,0,857,2026-03-19 08:59:49,2026-03-20 04:57:17
0xebdeffe1451bb31f9266f15e27feb25b177e1de0,2026-03-19 14:53:53,0,1,0.5132776527742308,1,556,2026-03-19 08:59:49,2026-03-20 04:57:17
0xeee92f1cc6d6e0ad0b4ffda20b01cf3678e27ecb,2026-03-19 14:53:53,0,1,0.419932712477215,0,1210,2026-03-19 08:59:49,2026-03-20 04:57:17
0x5be33060fb3f9bd11e339dc51a16970876b6a082,2026-03-19 14:53:55,0,1,0.5649138316938498,1,218,2026-03-19 08:59:49,2026-03-20 04:57:17
0xbac77bf9373f25c9de3cc2a55732d6a401778d58,2026-03-19 14:53:57,0,1,0.616076183648571,1,58,2026-03-19 08:59:49,2026-03-20 04:57:17
0xb0e073d65d427b40ca9448f6d06ff2a2efeffe90,2026-03-19 14:53:59,0,1,0.48529710695379247,0,872,2026-03-19 08:59:49,2026-03-20 04:57:17
0x32cc1028e4bfb67e576a9e800dc2c38e5481bb62,2026-03-19 14:54:01,0,1,0.5974913990915692,1,109,2026-03-19 08:59:49,2026-03-20 04:57:17
0x7bd582cce2a1e762b8a15441e0b1aa8db6ac4390,2026-03-19 14:54:01,1,1,0.5104042204346689,1,609,2026-03-19 08:59:49,2026-03-20 04:57:17
0x00dbf85a340aea7e7e38ca3d00466e9fce2396ba,2026-03-19 14:54:23,0,1,0.5132751773112285,1,557,2026-03-19 08:59:49,2026-03-20 04:57:17
0xd7e74f896ba00a2dfffcc0f02b5fbada5628fef1,2026-03-19 14:54:23,0,1,0.5298490262698103,1,414,2026-03-19 08:59:49,2026-03-20 04:57:17
0xe5bd42e02dc8c05b31514c1596eaf82d3e52339a,2026-03-19 14:54:29,0,1,0.48576960963750443,0,868,2026-03-19 08:59:49,2026-03-20 04:57:17
0x068ab71e0d5fb3a354d67cedf98968e784476fe7,2026-03-19 14:54:53,0,1,0.5077314033717916,1,655,2026-03-19 08:59:49,2026-03-20 04:57:17
0x9b1e22c45c08f7041d410203582ec1f58204cc93,2026-03-19 14:54:53,0,1,0.49132486670960857,0,824,2026-03-19 08:59:49,2026-03-20 04:57:17
0xf84b46194d963bec7441881a8283f10964790381,2026-03-19 14:54:53,1,1,0.5315180282070776,1,399,2026-03-19 08:59:49,2026-03-20 04:57:17
0xfa28c521b5c2c7c81dd55162cda73e401558c37e,2026-03-19 14:54:53,0,1,0.5421356500333128,1,335,2026-03-19 08:59:49,2026-03-20 04:57:17
0x1b9ee1dc150045ab1dd12ed92d954c6cfcea8cc0,2026-03-19 14:54:57,0,1,0.4558020877416692,0,1082,2026-03-19 08:59:49,2026-03-20 04:57:17
0x52ecea7b3159f09db589e4f4ee64872fd0bba6f3,2026-03-19 14:54:57,0,1,0.1938220665685811,0,1311,2026-03-19 08:59:49,2026-03-20 04:57:17
0x666e4c4c890933bc4900968bf082fa241a07ddbc,2026-03-19 14:54:57,0,1,0.5003926951346827,1,735,2026-03-19 08:59:49,2026-03-20 04:57:17
0x988e560c8f36c57c174275c37da3b56fdf89bd82,2026-03-19 14:54:57,0,1,0.4898767356247978,0,836,2026-03-19 08:59:49,2026-03-20 04:57:17
0x718d2281d88477f1f011f0092c6fd8ca4c1d2b46,2026-03-19 14:54:59,1,1,0.5497205044249807,1,291,2026-03-19 08:59:49,2026-03-20 04:57:17
0xf059aff5075d2bb73405d9fe301f8ae20ed46dd9,2026-03-19 14:54:59,0,1,0.43985755725685727,0,1156,2026-03-19 08:59:49,2026-03-20 04:57:17
0xd0459d96d20e60404f929034f11b9c37f2d0a1ff,2026-03-19 14:55:09,0,1,0.10814029782193242,0,1323,2026-03-19 08:59:49,2026-03-20 04:57:17
0xf22b92600b8736a7c1552f6de5808eee72647eab,2026-03-19 14:55:09,0,1,0.5343269417314711,1,382,2026-03-19 08:59:49,2026-03-20 04:57:17
0x7c93b791d698fc4c02099f57a87dd70d6bc8f0f6,2026-03-19 14:55:11,1,1,0.5121845198678936,1,586,2026-03-19 08:59:49,2026-03-20 04:57:17
0xc71b43cf1a6c9f79743bdf5e15a763d93d7ce265,2026-03-19 14:55:11,0,1,0.49793515522462983,0,762,2026-03-19 08:59:49,2026-03-20 04:57:17
0xef263b25876d7d3ed6dcd79ff0279a7b91ef6734,2026-03-19 14:55:13,1,1,0.5207837246565036,1,481,2026-03-19 08:59:49,2026-03-20 04:57:17
0x29c3c4a70da0964c4a17a0b1c959b07c400a26b9,2026-03-19 14:55:15,0,1,0.5594773815854304,1,242,2026-03-19 08:59:49,2026-03-20 04:57:17
0x2f45248a9d36ff73754e68974560d36e8c1bab6a,2026-03-19 14:55:55,1,1,0.49056178612893286,0,832,2026-03-19 08:59:49,2026-03-20 04:57:17
0xe7d5758c576a84dedb09b875431bb4580fc0f4e7,2026-03-19 14:55:55,0,1,0.5060389663512331,1,678,2026-03-19 08:59:49,2026-03-20 04:57:17
0x0af32ebcdd6d29d46e6e17532dc70009ef53ec8f,2026-03-19 14:55:57,0,1,0.3303110084177877,0,1286,2026-03-19 08:59:49,2026-03-20 04:57:17
0x542ffe334e471d2a5340ca2eeca3e9e8b5a5916a,2026-03-19 14:55:57,1,1,0.5663783372605719,1,214,2026-03-19 08:59:49,2026-03-20 04:57:17
0x83756bd7c4f1b87f4b15705a66f4d12e558d4c9a,2026-03-19 14:55:57,0,1,0.49862640246038115,0,751,2026-03-19 08:59:49,2026-03-20 04:57:17
0x9c2c42199e165d3dd14d06cb27d2f6761fd58d1f,2026-03-19 14:55:57,0,1,0.4378158212468747,0,1163,2026-03-19 08:59:49,2026-03-20 04:57:17
0xfeaf34f86c4b1a7dab925fb61f5791c8cd1320ed,2026-03-19 14:55:57,0,1,0.47775005281176697,0,920,2026-03-19 08:59:49,2026-03-20 04:57:17
0x7a26ed84b5ca8f5c752df467404887eafb59ddd6,2026-03-19 14:56:33,1,1,0.5477441687266918,1,304,2026-03-19 08:59:49,2026-03-20 04:57:17
0x3157391d8ddad6ebaf3d5725c196896f3ea33234,2026-03-19 14:56:35,0,1,0.5082830352540783,1,647,2026-03-19 08:59:49,2026-03-20 04:57:17
0xb8ee94bd599a92d4747dda5f3bc6d2b243349e81,2026-03-19 14:56:35,0,1,0.5124991857572386,1,583,2026-03-19 08:59:49,2026-03-20 04:57:17
0xa550060d334487a2662774cb88161c46fa53836f,2026-03-19 14:56:37,0,1,0.49493543132298146,0,788,2026-03-19 08:59:49,2026-03-20 04:57:17
0xd882c4a34503559d86341c61fa4d28d56a90b9c3,2026-03-19 14:57:19,0,1,0.4240269865158187,0,1202,2026-03-19 08:59:49,2026-03-20 04:57:17
0x0dd90cccdfd4e8ae1f02db60732c79c5861eb922,2026-03-19 14:57:21,0,1,0.5475836488800665,1,306,2026-03-19 08:59:49,2026-03-20 04:57:17
0x9467406f193baff967e3f7d29793ad937db69194,2026-03-19 14:57:21,0,1,0.4374948625958753,0,1164,2026-03-19 08:59:49,2026-03-20 04:57:17
0x9685c3e12f7597e43a71234e937634360f7fe303,2026-03-19 14:57:21,1,1,0.40196219073375383,0,1236,2026-03-19 08:59:49,2026-03-20 04:57:17
0xcf4c9f20839e0ef06e2d8db4f9d495351ba16fd3,2026-03-19 14:57:21,0,1,0.4696461253655062,0,993,2026-03-19 08:59:49,2026-03-20 04:57:17
0xde19b7ca50cc3b6efbe9ba34acc98a52f4d7cb8f,2026-03-19 14:57:21,1,1,0.5549951462053754,1,266,2026-03-19 08:59:49,2026-03-20 04:57:17
0xeaf12455523b882488fe29cb6b81ba9dc7adc64e,2026-03-19 14:57:23,0,1,0.5262887520238174,1,442,2026-03-19 08:59:49,2026-03-20 04:57:17
0xff2066038b5047e9b78e36d11434a44b3b21cf47,2026-03-19 14:57:23,0,1,0.48069932890571115,0,897,2026-03-19 08:59:49,2026-03-20 04:57:17
0xe1269333338e029b83eea53c6103d4dec4e9c4c5,2026-03-19 14:57:31,0,1,0.44590001564735643,0,1125,2026-03-19 08:59:49,2026-03-20 04:57:17
0x58029a555ecc9e122ea097d1f5936109893d275a,2026-03-19 14:57:33,0,1,0.5225053273807999,1,465,2026-03-19 08:59:49,2026-03-20 04:57:17
0x646f676e90afd56ac7f34ec828ee66241ea0c762,2026-03-19 14:57:33,0,1,0.5304212946698871,1,410,2026-03-19 08:59:49,2026-03-20 04:57:17
0xae7fa59b3cb567c55af99b9a398dd4d50f3065a2,2026-03-19 14:57:33,0,1,0.6177755304976998,1,43,2026-03-19 08:59:49,2026-03-20 04:57:17
0xf9e48169fca699503b53f333f02b45563889c98c,2026-03-19 14:57:39,1,1,0.5093248487031694,1,629,2026-03-19 08:59:49,2026-03-20 04:57:17
0x09a85cfe4d51e0cde12daa4d255b3f789fb447c1,2026-03-19 14:57:43,0,1,0.40854273222819054,0,1230,2026-03-19 08:59:49,2026-03-20 04:57:17
0x24acca3dd8c353fcde168c82d88af18bbadcfed6,2026-03-19 14:57:43,1,1,0.2961286027214092,0,1297,2026-03-19 08:59:49,2026-03-20 04:57:17
0x4108c567286264be66791f037c212ee8080d9e22,2026-03-19 14:57:43,0,1,0.3844924139477696,0,1249,2026-03-19 08:59:49,2026-03-20 04:57:17
0xa32046b8fd07f3e4184905ea986a73e366895ddf,2026-03-19 14:57:43,0,1,0.499604857601941,0,744,2026-03-19 08:59:49,2026-03-20 04:57:17
0xaed3a437e9d1d7cd5b15d4987858a8b1b8ca412a,2026-03-19 14:57:43,0,1,0.5053038322992917,1,686,2026-03-19 08:59:49,2026-03-20 04:57:17
0x2761f55122313a7c2fd0a31c160b0eb04f744d95,2026-03-19 14:57:45,0,1,0.4027101031100522,0,1235,2026-03-19 08:59:49,2026-03-20 04:57:17
0x5e71e9363a1ba40096dd38a33602e4b647cf82ff,2026-03-19 14:57:45,0,1,0.5265078460578745,1,441,2026-03-19 08:59:49,2026-03-20 04:57:17
0xa188bfa0ffc6ab783ad6f7f2b7f69bae602fe84f,2026-03-19 14:57:45,0,1,0.5306257263853377,1,407,2026-03-19 08:59:49,2026-03-20 04:57:17
0x42e7ab8ec6b0955593c8ab498099a388015265f5,2026-03-19 14:57:47,0,1,0.5027013981029034,1,716,2026-03-19 08:59:49,2026-03-20 04:57:17
0xa17eb0b952f08627196a4dd548fbfddc66efcfcd,2026-03-19 14:57:47,0,1,0.6184544660955291,1,19,2026-03-19 08:59:49,2026-03-20 04:57:17
0xdefebc7ed6f5d6e8710398f37eea6fc1746a17f4,2026-03-19 14:57:47,0,1,0.5303430968429332,1,411,2026-03-19 08:59:49,2026-03-20 04:57:17
0x64fe075e0284dc4439bbc006c749799a575eb520,2026-03-19 14:57:49,0,1,0.47575603848292575,0,940,2026-03-19 08:59:49,2026-03-20 04:57:17
0x9977760c6bd6f824cac834d1a36ee99478d63020,2026-03-19 14:58:01,0,1,0.31678509622104034,0,1291,2026-03-19 08:59:49,2026-03-20 04:57:17
0x10428b696c1203008ae9519b0d53ed1afbd3b38c,2026-03-19 14:58:03,0,1,0.5197373389244443,1,490,2026-03-19 08:59:49,2026-03-20 04:57:17
0x6212088e605bbecb1e3ef74bf0ac54fa08a9befa,2026-03-19 14:58:03,1,1,0.5186603354753735,1,499,2026-03-19 08:59:49,2026-03-20 04:57:17
0x8bede661dd4a715f5ebd4fcea019404e11fba602,2026-03-19 14:58:03,0,1,0.5396331121552225,1,346,2026-03-19 08:59:49,2026-03-20 04:57:17
0xc5bec2968d12f97fb71a5b2a1572332cfe08d4d0,2026-03-19 14:58:03,1,1,0.4601677376007719,0,1055,2026-03-19 08:59:49,2026-03-20 04:57:17
0x2f01897faf5afff5a2bfd39673f3f69d5e504c3a,2026-03-19 14:58:45,0,1,0.4396864446136208,0,1158,2026-03-19 08:59:49,2026-03-20 04:57:17
0x070c8dcd81e3148b265c64159cdaefb5c4a1c883,2026-03-19 16:00:01,0,1,0.49672360347259514,0,771,2026-03-19 08:59:49,2026-03-20 04:57:17
0x0d5179a949b51c17d316dfbcc565ba236c7bb7d1,2026-03-19 16:00:01,0,1,0.49439029349910146,0,798,2026-03-19 08:59:49,2026-03-20 04:57:17
0x2f747b31a17bbdd3ab9db83028176e71cd10d00b,2026-03-19 16:00:01,0,1,0.6183283321465397,1,30,2026-03-19 08:59:49,2026-03-20 04:57:17
0x348cfd3dedce38d1b8bde7be49b914aaab4b5f7b,2026-03-19 16:00:01,0,1,0.5061344404571767,1,677,2026-03-19 08:59:49,2026-03-20 04:57:17
0x7b6ba3247a42b223d1007d17d691aaf52c3b0c4c,2026-03-19 16:00:01,0,1,0.4472319486111577,0,1120,2026-03-19 08:59:49,2026-03-20 04:57:17
0x9919c393200f6e9389d084dd8f784a41cd92f261,2026-03-19 16:00:01,0,1,0.45962351397478607,0,1059,2026-03-19 08:59:49,2026-03-20 04:57:17
0x9ce0cb7d0163551a7ad8cb5ffe1a821b54e9e9e8,2026-03-19 16:00:01,0,1,0.5138474680866263,1,545,2026-03-19 08:59:49,2026-03-20 04:57:17
0xa2b2a1c1a02d781892a6a74a31ffc94d851eb542,2026-03-19 16:00:01,0,1,0.5040733449420283,1,702,2026-03-19 08:59:49,2026-03-20 04:57:17
0xbedd026d1cf19ed514fc55aa2c2a9c08a2b0f7bd,2026-03-19 16:00:01,0,1,0.4312354881433552,0,1184,2026-03-19 08:59:49,2026-03-20 04:57:17
0xd21c738f702f6b4ae0fa32d6f0d14912536f3aa4,2026-03-19 16:00:01,0,1,0.4477333321396094,0,1118,2026-03-19 08:59:49,2026-03-20 04:57:17
0xf4f4dac989d7974fb06b237d89aaea6a2fc71ce6,2026-03-19 16:00:01,0,1,0.49439029541636076,0,797,2026-03-19 08:59:49,2026-03-20 04:57:17
0x08c7d75710e31b299b180d4ae3d6281b6bc77203,2026-03-19 16:00:27,0,1,0.587664601970502,1,135,2026-03-19 08:59:49,2026-03-20 04:57:17
0x56326094cc43ae2d3df3c40f47285f9217a175e6,2026-03-19 16:00:27,1,1,0.4985690548667926,0,752,2026-03-19 08:59:49,2026-03-20 04:57:17
0xded3027570d1223d9a184b71ce8e1a2d8802b470,2026-03-19 16:00:27,1,1,0.4544546934452998,0,1088,2026-03-19 08:59:49,2026-03-20 04:57:17
0x252810bff65ae3f19f9a7a1a9853f0615993b77d,2026-03-19 16:01:25,0,1,0.5299515498736349,1,413,2026-03-19 08:59:49,2026-03-20 04:57:17
0x86140f8bd9411969541551693df1bc137523ffc6,2026-03-19 16:01:25,0,1,0.49614686388381973,0,774,2026-03-19 08:59:49,2026-03-20 04:57:17
0xb8f6c79e452d7247d0cf47d16eaf7911953c4f7f,2026-03-19 16:01:25,0,1,0.519167646169338,1,494,2026-03-19 08:59:49,2026-03-20 04:57:17
0xe7d143ea2578ff9882f06f5308daae80b2acb199,2026-03-19 16:01:25,0,1,0.42627865104970747,0,1192,2026-03-19 08:59:49,2026-03-20 04:57:17
0x025b904adfea1ec58bd5702c68c350822e3c657b,2026-03-19 16:01:27,0,1,0.5103330395827822,1,612,2026-03-19 08:59:49,2026-03-20 04:57:17
0x545af092fab184c3372a53bffdebaf5d73e4a832,2026-03-19 16:01:27,0,1,0.5476989161026168,1,305,2026-03-19 08:59:49,2026-03-20 04:57:17
0xb97ade82679dd4c40a6131244a6074a558e4ee37,2026-03-19 16:01:27,0,1,0.49275242448029094,0,816,2026-03-19 08:59:49,2026-03-20 04:57:17
0x17560db05e44134ff8f2e3724df874ba632a8bbf,2026-03-19 16:01:35,0,1,0.48894787848235344,0,845,2026-03-19 08:59:49,2026-03-20 04:57:17
0x328114447fd7af7db4e809c9f457c1b52f9c8bc8,2026-03-19 16:01:39,0,1,0.5026455278313526,1,717,2026-03-19 08:59:49,2026-03-20 04:57:17
0x3681b3165cce8f33126d93a7fa197a518ab34e48,2026-03-19 16:01:39,1,1,0.5495704493521311,1,292,2026-03-19 08:59:49,2026-03-20 04:57:17
0x67d3f20a3655fca52ce65b9f35bed1bcc43796cb,2026-03-19 16:01:39,1,1,0.47827680636933007,0,913,2026-03-19 08:59:49,2026-03-20 04:57:17
0x3c86a3a2f8bd8267f8dbe12f1ebf9b703219288c,2026-03-19 16:01:41,0,1,0.5792568261191229,1,161,2026-03-19 08:59:49,2026-03-20 04:57:17
0x75417df4efc745856773c8f47b0714373519334a,2026-03-19 16:01:41,1,1,0.5098107210040228,1,620,2026-03-19 08:59:49,2026-03-20 04:57:17
0xf896222092e87a446340c502f1fe4a1904148833,2026-03-19 16:01:41,0,1,0.4957917878927174,0,777,2026-03-19 08:59:49,2026-03-20 04:57:17
0x1cc5a291080ddc2f9fc542be3701761b39c948a4,2026-03-19 16:01:43,0,1,0.5794070618586328,1,160,2026-03-19 08:59:49,2026-03-20 04:57:17
0x5b3214be79d361691a56e7d7c32c60d0d4d43ca5,2026-03-19 16:01:43,0,1,0.5080065888237674,1,652,2026-03-19 08:59:49,2026-03-20 04:57:17
0x2cec24b1078c278e45248f4968a11950b4969ea2,2026-03-19 16:01:51,0,1,0.5764162990561208,1,174,2026-03-19 08:59:49,2026-03-20 04:57:17
0x8431abd5b1f16c179cd955422567add5303c6291,2026-03-19 16:01:51,0,1,0.5267614389833927,1,437,2026-03-19 08:59:49,2026-03-20 04:57:17
0x52c75c7dd5ae269312aa37cb77e1a0c54b391c61,2026-03-19 16:01:53,0,1,0.6164502848618121,1,55,2026-03-19 08:59:49,2026-03-20 04:57:17
0x8577451e4f34533b4cab1c8f8861a713cbcb95d3,2026-03-19 16:01:53,0,1,0.5826255714874201,1,152,2026-03-19 08:59:49,2026-03-20 04:57:17
0xf5bcf155ece1d1b6ba008667e60e08bd8fe22c49,2026-03-19 16:01:53,0,1,0.5292851972263918,1,416,2026-03-19 08:59:49,2026-03-20 04:57:17
0x0e056825f26e21ef567b79fc8cc2ad0482f6eb2e,2026-03-19 16:01:57,1,1,0.4538679915282661,0,1091,2026-03-19 08:59:49,2026-03-20 04:57:17
0x48183e17a92b51605fe8e96c60b9a491f06afde0,2026-03-19 16:01:57,0,1,0.5488295585707954,1,297,2026-03-19 08:59:49,2026-03-20 04:57:17
0xba921ae3c7b98289ddbf7d489598d57bd76fbabf,2026-03-19 16:01:57,1,1,0.4419612850608957,0,1144,2026-03-19 08:59:49,2026-03-20 04:57:17
0xf755bf925a531c2d9da78125aca812dc5f558e37,2026-03-19 16:01:57,1,1,0.5205434823780861,1,485,2026-03-19 08:59:49,2026-03-20 04:57:17
0x6ad7653bd5e2b391a92547c614b01140c312e902,2026-03-19 16:02:13,0,1,0.5069907544060827,1,667,2026-03-19 08:59:49,2026-03-20 04:57:17
0xb436a998757551195f1a1f6f7e7d78b7cd8edb5d,2026-03-19 16:02:13,0,1,0.617777794381999,1,41,2026-03-19 08:59:49,2026-03-20 04:57:17
0x6312f6c6d5ffefa34df74dfba9ec259b18d38bf0,2026-03-19 16:02:17,0,1,0.4889938053869791,0,844,2026-03-19 08:59:49,2026-03-20 04:57:17
0x64f0be170dcf6c8d2be00af1b0705e231593b6c5,2026-03-19 16:02:17,0,1,0.5094446526703212,1,628,2026-03-19 08:59:49,2026-03-20 04:57:17
0xa234bdc751080ba6c4d2c7462523dbc27791f7eb,2026-03-19 16:02:17,0,1,0.45157152573246734,0,1106,2026-03-19 08:59:49,2026-03-20 04:57:17
0xd4549c366965829bde8efdae823ff767f250b47f,2026-03-19 16:02:17,0,1,0.6248044837852382,1,5,2026-03-19 08:59:49,2026-03-20 04:57:17
0xfe90414e4e858f5ce8e2e895bec19913fae05ce2,2026-03-19 16:02:17,0,1,0.5037370304483192,1,706,2026-03-19 08:59:49,2026-03-20 04:57:17
0x56dbcc52a1b8a86b27e5267ecb6ab22c32eedec9,2026-03-19 16:02:57,0,1,0.5871881840828261,1,138,2026-03-19 08:59:49,2026-03-20 04:57:17
0x95a9ff7399a389428a9a9deb6f416c635d2b4352,2026-03-19 16:02:57,0,1,0.4957306006966481,0,779,2026-03-19 08:59:49,2026-03-20 04:57:17
0x9b595f97f097fd9d053a22809c1f73540b8ff71c,2026-03-19 16:02:59,0,1,0.37024295927782586,0,1265,2026-03-19 08:59:49,2026-03-20 04:57:17
0xff0931866aa744cc4f4e71d89055244adfff25ab,2026-03-19 16:02:59,0,1,0.4406737747342142,0,1151,2026-03-19 08:59:49,2026-03-20 04:57:17
0xad47d3559d14e8cc970cb1d0b228d663e5b2150b,2026-03-19 16:03:11,0,1,0.5130664172084995,1,567,2026-03-19 08:59:49,2026-03-20 04:57:17
0xd72de00913a8b60ece5a1a40eac0bb172d209e9e,2026-03-19 16:03:11,0,1,0.5068161009783668,1,671,2026-03-19 08:59:49,2026-03-20 04:57:17
0x6e6e56d10c08066f18a694b10109f3955223ff72,2026-03-19 16:03:27,1,1,0.5419802707397208,1,336,2026-03-19 08:59:49,2026-03-20 04:57:17
0x0e3c2d70abf816574c0c4f2b19eea64b5801f8c5,2026-03-19 16:03:57,0,1,0.5288624199119752,1,419,2026-03-19 08:59:49,2026-03-20 04:57:17
0x87cf7381d24ff540d1c8c26faabf2f2968d825c7,2026-03-19 16:03:57,0,1,0.4735741407720911,0,964,2026-03-19 08:59:49,2026-03-20 04:57:17
0xc6a42e44a274f5a170c11b4bb22678fade31290e,2026-03-19 16:03:57,1,1,0.5250067664610253,1,452,2026-03-19 08:59:49,2026-03-20 04:57:17
0x13f1c553fcf25a8a401fb872e7a7855cc701ca5e,2026-03-19 16:04:05,0,1,0.5252962460971707,1,447,2026-03-19 08:59:49,2026-03-20 04:57:17
0xcd3dde7cf49f0cc08cd3bf329c2334e4dbe4e7eb,2026-03-19 16:04:05,0,1,0.42420016488237056,0,1198,2026-03-19 08:59:49,2026-03-20 04:57:17
0x34abd2d09bdd946b486d3ab055330a2111114e36,2026-03-19 16:04:07,0,1,0.4838260136545255,0,883,2026-03-19 08:59:49,2026-03-20 04:57:17
0x8bb6a0cc2375d29f9c4b63871db5cf49784a735c,2026-03-19 16:04:07,0,1,0.5250771134277993,1,449,2026-03-19 08:59:49,2026-03-20 04:57:17
0x285f5e8afc3f34ff2acd5f093ae8767271e2fc85,2026-03-19 16:04:29,1,1,0.5241002868126864,1,457,2026-03-19 08:59:49,2026-03-20 04:57:17
0xc8a7ef5ddda90b63a8ee589c9a02466fcd732dc1,2026-03-19 16:04:29,0,1,0.47511538771907474,0,945,2026-03-19 08:59:49,2026-03-20 04:57:17
0x63715aad5828f1cacdaadfdbc7676f095c75e107,2026-03-19 16:04:31,0,1,0.4770241595847734,0,928,2026-03-19 08:59:49,2026-03-20 04:57:17
0xc77d64317cd90e9377595a3514346e1484cbffcd,2026-03-19 16:04:31,0,1,0.5131469953518688,1,564,2026-03-19 08:59:49,2026-03-20 04:57:17
0xc84470fc8f9178fa3b3f11a41c8e13aa01fa617a,2026-03-19 16:04:31,0,1,0.3792574537375608,0,1257,2026-03-19 08:59:49,2026-03-20 04:57:17
0x0b06c8584be718ed1ed0b8d50872b09905bac554,2026-03-19 16:04:41,0,1,0.478815626642981,0,909,2026-03-19 08:59:49,2026-03-20 04:57:17
0x9f8cbdec86523065b5ac66226e2e9c414e8a32e7,2026-03-19 16:04:41,1,1,0.49348433648843093,0,807,2026-03-19 08:59:49,2026-03-20 04:57:17
0xa1f39b9b21a7bfb0f540cf106b92e240c7b7d99c,2026-03-19 16:04:41,1,1,0.6173126173985815,1,53,2026-03-19 08:59:49,2026-03-20 04:57:17
0xfbda92192e83c51fa9e73af24bff7b021e2a90a7,2026-03-19 16:04:41,0,1,0.5008604584704768,1,731,2026-03-19 08:59:49,2026-03-20 04:57:17
0x0c94c0cc50713b7159277493738a5aa7b4a7a43b,2026-03-19 16:04:57,0,1,0.4271256580423013,0,1191,2026-03-19 08:59:49,2026-03-20 04:57:17
0x31066f47066bbd30f8f79f10cb92995380cc23a8,2026-03-19 16:04:57,0,1,0.537263787025362,1,360,2026-03-19 08:59:49,2026-03-20 04:57:17
0xa01284327469a9705482d99676cae77800a8f896,2026-03-19 16:04:57,0,1,0.46997832766620884,0,987,2026-03-19 08:59:49,2026-03-20 04:57:17
0x414e97159f67cfc644259d584ec7f164f5dd1f53,2026-03-19 16:04:59,0,1,0.4822324548750845,0,892,2026-03-19 08:59:49,2026-03-20 04:57:17
0x4f67b6bdd506078af5ff72030d9ce0ea40f6cb17,2026-03-19 16:04:59,0,1,0.4838396424471959,0,880,2026-03-19 08:59:49,2026-03-20 04:57:17
0xa4274eedee885b64e50be06ca7b573ae3384f87f,2026-03-19 16:04:59,0,1,0.547160307649804,1,308,2026-03-19 08:59:49,2026-03-20 04:57:17
0xb03cd33a5e1e50a204a76644d5b86978a07d951f,2026-03-19 16:04:59,0,1,0.5047674433764447,1,692,2026-03-19 08:59:49,2026-03-20 04:57:17
0xe05fab9e41a16aa79642281995e49b92727b1fe3,2026-03-19 16:05:03,1,1,0.5493232635465544,1,295,2026-03-19 08:59:49,2026-03-20 04:57:17
0x35cd0eed863ffdbfe199f1287f31cce184609fa9,2026-03-19 16:05:05,0,1,0.5756256947925202,1,178,2026-03-19 08:59:49,2026-03-20 04:57:17
0x64c73d46a62476176264f7ff194c26ed3ac606c3,2026-03-19 16:05:05,0,1,0.469247653105021,0,998,2026-03-19 08:59:49,2026-03-20 04:57:17
0x9a224034f6f38a623f483d4d66b7e52a9d9b6b02,2026-03-19 16:05:05,0,1,0.4918746054116626,0,823,2026-03-19 08:59:49,2026-03-20 04:57:17
0xa6450f5794b7dca967e9d56dfcaf20161949e0f2,2026-03-19 16:05:05,0,1,0.5103919489858406,1,610,2026-03-19 08:59:49,2026-03-20 04:57:17
0xcc8bd8430c5b3e4ed80449e7f4648f5d674270b5,2026-03-19 16:05:05,0,1,0.45385723070075307,0,1092,2026-03-19 08:59:49,2026-03-20 04:57:17
0x5e634e0d28eb2f3a9b4b0b7a6c27ec5886fb151c,2026-03-19 16:05:07,0,1,0.41507736136172085,0,1215,2026-03-19 08:59:49,2026-03-20 04:57:17
0xc7d9bde1e4ec6e512a5dac8e2bf5c24b1eb9cbad,2026-03-19 16:05:07,1,1,0.5107790325066878,1,605,2026-03-19 08:59:49,2026-03-20 04:57:17
0xd593ac5b9b0402071d53549a287f2d4f46779305,2026-03-19 16:05:07,1,1,0.5250381150480219,1,450,2026-03-19 08:59:49,2026-03-20 04:57:17
0x0e1b30c63f6bac4fa1eacc7b852fa7e72e93ecaf,2026-03-19 16:05:09,0,1,0.1604686750413999,0,1317,2026-03-19 08:59:49,2026-03-20 04:57:17
0x3dd732c07ce607111413d856448b58c9aaf19eeb,2026-03-19 16:05:11,1,1,0.5070161224030334,1,666,2026-03-19 08:59:49,2026-03-20 04:57:17
0xd4f4a441f35e613d69ac32b66354c414d4ae0e51,2026-03-19 16:05:11,0,1,0.5094734967284682,1,627,2026-03-19 08:59:49,2026-03-20 04:57:17
0x23f79fdc0046306c2ec488aec3b6b318177fd5e9,2026-03-19 17:05:01,0,1,0.5401198739735141,1,344,2026-03-19 08:59:49,2026-03-20 04:57:17
0x242e7b2e459846a4d4c0f66517661b2af99280bc,2026-03-19 17:05:03,0,1,0.46327311898979967,0,1038,2026-03-19 08:59:49,2026-03-20 04:57:17
0xeb1d1cd1b31070fb34b1d1de20d700f59c9959b0,2026-03-19 17:05:03,0,1,0.467677088004206,0,1012,2026-03-19 08:59:49,2026-03-20 04:57:17
0xc87a72beea870d2d5f528c6ed2dd421c7ecfb67e,2026-03-19 17:05:37,0,1,0.4781360779618026,0,915,2026-03-19 08:59:49,2026-03-20 04:57:17
0x11dd80317102c0345e62c58fb452a92569751b94,2026-03-19 17:05:41,0,1,0.41425005267279735,0,1222,2026-03-19 08:59:49,2026-03-20 04:57:17
0x1624c9f18ebd402f8ce50fac314047a48a8ea3b0,2026-03-19 17:05:41,0,1,0.4981768079928816,0,758,2026-03-19 08:59:49,2026-03-20 04:57:17
0xa5dd567b47d7812abbd71fc90da21441837759a8,2026-03-19 17:05:41,0,1,0.4368288921342237,0,1168,2026-03-19 08:59:49,2026-03-20 04:57:17
0xaa9b33041827b2d7f235db7c17b3854fa63fe8e3,2026-03-19 17:05:41,0,1,0.48975978614268245,0,837,2026-03-19 08:59:49,2026-03-20 04:57:17
0xd7213d90596b871d97f9886325d2d0d0659057a7,2026-03-19 17:06:09,0,1,0.5278497656316411,1,428,2026-03-19 08:59:49,2026-03-20 04:57:17
0x11dc2b4145b0497fcbdd70599dd61513efa51502,2026-03-19 17:06:11,0,1,0.560082735661756,1,239,2026-03-19 08:59:49,2026-03-20 04:57:17
0x121fbdc5733ce7eda7d7519eb0000e8344184765,2026-03-19 17:06:11,1,1,0.5180842002691365,1,506,2026-03-19 08:59:49,2026-03-20 04:57:17
0x3e3d56773976bfb4b36fe16f28f7b15867b7bbfa,2026-03-19 17:06:11,0,1,0.36043914003090105,0,1271,2026-03-19 08:59:49,2026-03-20 04:57:17
0x16324d4232adeae04ebf4ab8d15ecfc1601dad5a,2026-03-19 17:06:33,0,1,0.5610266077208814,1,237,2026-03-19 08:59:49,2026-03-20 04:57:17
0x2f53d2fd014879c56a26a26725e4cc574df7acb1,2026-03-19 17:06:33,0,1,0.4562482852273279,0,1080,2026-03-19 08:59:49,2026-03-20 04:57:17
0x812a0d863db5ef6bb445aa5876fb017aa43f73ed,2026-03-19 17:06:33,0,1,0.43137594743656327,0,1182,2026-03-19 08:59:49,2026-03-20 04:57:17
0xbc088291a19f61cf97bd9a191740aa621cfc6b85,2026-03-19 17:06:35,0,1,0.524030087621421,1,458,2026-03-19 08:59:49,2026-03-20 04:57:17
0xce54c2ff3cde1f55a4d6a06ac4dfd1391adc52c1,2026-03-19 17:06:35,0,1,0.4208462768711055,0,1208,2026-03-19 08:59:49,2026-03-20 04:57:17
0x1d8700b9c371e908a1de1595e42c080e5cd4f9f9,2026-03-19 17:06:41,0,1,0.45321993022822665,0,1095,2026-03-19 08:59:49,2026-03-20 04:57:17
0x2f5eb618bbe87248bd812e02814e566c080975a4,2026-03-19 17:06:41,0,1,0.399763855779272,0,1239,2026-03-19 08:59:49,2026-03-20 04:57:17
0xdccffd59d15bba7bd70be6bc58a9f8c32386afa6,2026-03-19 17:06:57,1,1,0.5597927549472212,1,240,2026-03-19 08:59:49,2026-03-20 04:57:17
0x740be936db9303eb863e18cc5c0c39dd6e02b0d0,2026-03-19 17:06:59,1,1,0.5280816447269819,1,424,2026-03-19 08:59:49,2026-03-20 04:57:17
0x8a3837ade5afc43e6c63e292cc5685ec83f381ab,2026-03-19 17:06:59,0,1,0.5610074668013207,1,238,2026-03-19 08:59:49,2026-03-20 04:57:17
0xe0458cf02060b0b7e5b1a1c851817c20e9ffd304,2026-03-19 17:07:05,1,1,0.5174104411127434,1,511,2026-03-19 08:59:49,2026-03-20 04:57:17
0x6c16704fcb089c523633b057db72d26aeb3766ce,2026-03-19 17:07:07,0,1,0.46257246168800065,0,1046,2026-03-19 08:59:49,2026-03-20 04:57:17
0x086a56553154252917aeac164d7a92d25fb54d3f,2026-03-19 17:07:09,0,1,0.47692708281365226,0,929,2026-03-19 08:59:49,2026-03-20 04:57:17
0x4e9fa2c37ef0d6e657f64fee61cea1101eb8e955,2026-03-19 17:07:15,0,1,0.4886043245950678,0,846,2026-03-19 08:59:49,2026-03-20 04:57:17
0xf0060a724d086161032909ae17b152525baebf1e,2026-03-19 17:07:15,0,1,0.5990437940673856,1,106,2026-03-19 08:59:49,2026-03-20 04:57:17
0x5932cf1ffa056353cd9f9f33b058b73e8da0328b,2026-03-19 17:07:17,1,1,0.5615048766880137,1,232,2026-03-19 08:59:49,2026-03-20 04:57:17
0xb132544e620ff02469bf6217fde1c1cceb052143,2026-03-19 17:07:17,1,1,0.4804796014765106,0,899,2026-03-19 08:59:49,2026-03-20 04:57:17
0xbc16d584ff4fb00af7be62bb8d4f05bb4d9d0c20,2026-03-19 17:07:17,1,1,0.5115606596689469,1,594,2026-03-19 08:59:49,2026-03-20 04:57:17
0x80316a4e38c8826f7e84c90083edd98cf2d9c84c,2026-03-19 17:07:19,0,1,0.49108366537132303,0,826,2026-03-19 08:59:49,2026-03-20 04:57:17
0xc674874a860dd330ab26b51772c8e6b94c15d32e,2026-03-19 17:07:19,0,1,0.5552688120796158,1,264,2026-03-19 08:59:49,2026-03-20 04:57:17
0x6660b839bc7d8285e843b96ea173e84e3b91172b,2026-03-19 17:07:25,1,1,0.5566752920458345,1,255,2026-03-19 08:59:49,2026-03-20 04:57:17
0xacad6af7be11c148862484810f446d1e1a489079,2026-03-19 17:07:25,1,1,0.4575255889998549,0,1069,2026-03-19 08:59:49,2026-03-20 04:57:17
0x634ca733fa43fac1ad98f3cf948e931d4628c89f,2026-03-19 17:07:29,0,1,0.534126751179675,1,384,2026-03-19 08:59:49,2026-03-20 04:57:17
0x0e7cf63155fbe7a49720fa0b923446fafb1aa78c,2026-03-19 17:07:35,0,1,0.5463587428274332,1,311,2026-03-19 08:59:49,2026-03-20 04:57:17
0x49feeb2fe6fc764f7903ddd49aa870046e0654ff,2026-03-19 17:07:35,1,1,0.4750335908183211,0,946,2026-03-19 08:59:49,2026-03-20 04:57:17
0x719c1bf7181df1cea06183decc8cf1b2b0a6c8da,2026-03-19 17:07:35,0,1,0.463825066846241,0,1034,2026-03-19 08:59:49,2026-03-20 04:57:17
0xf194e199d39525b97d8623b4243e2af39979b52d,2026-03-19 17:07:35,1,1,0.48558393643042863,0,870,2026-03-19 08:59:49,2026-03-20 04:57:17
0x05141b9fd812dd746c0c79b67effaec2d0bdf8c6,2026-03-19 17:07:37,0,1,0.5615340773540773,1,230,2026-03-19 08:59:49,2026-03-20 04:57:17
0x1d8c256b15d3cd1f5db221e70c77f552eb8d757a,2026-03-19 17:07:37,0,1,0.34481423430576563,0,1279,2026-03-19 08:59:49,2026-03-20 04:57:17
0xaf13fc4afc09150c3484c3cef460575fcf62ed3d,2026-03-19 17:07:37,1,1,0.3842495268010849,0,1250,2026-03-19 08:59:49,2026-03-20 04:57:17
0x1deb70721ab108ab4ae3932cb4f1be6a4351472f,2026-03-19 17:07:39,1,1,0.4380567083497615,0,1160,2026-03-19 08:59:49,2026-03-20 04:57:17
0x75ce8b5c76f35740d898cb58fe7aae7a4999a130,2026-03-19 17:07:39,0,1,0.5526569994666798,1,279,2026-03-19 08:59:49,2026-03-20 04:57:17
0x0b1374edcb4a107653a2f54d4e9a03ab63b56a1a,2026-03-19 17:08:31,0,1,0.4872562455380989,0,854,2026-03-19 08:59:49,2026-03-20 04:57:17
0xc274eb605675185fa1aae62fcbaaa9e2f04b86de,2026-03-19 17:08:31,0,1,0.4910507606399606,0,827,2026-03-19 08:59:49,2026-03-20 04:57:17
0x02fe2a4c18e00a06747f7a3b92892f6c6e3fa6f3,2026-03-19 17:08:55,1,1,0.5138053930760638,1,546,2026-03-19 08:59:49,2026-03-20 04:57:17
0x223fb39cdb365b469523aff98ccef4e3bc072050,2026-03-19 17:08:55,0,1,0.3834063685096084,0,1252,2026-03-19 08:59:49,2026-03-20 04:57:17
0x75573130da2b40ffd489bc6349cf2af65ffbf225,2026-03-19 17:09:05,0,1,0.48228271625548613,0,891,2026-03-19 08:59:49,2026-03-20 04:57:17
0x1443c9f19daa12eb70bea032e8e67263171d0a59,2026-03-19 17:09:07,1,1,0.5092180948566702,1,632,2026-03-19 08:59:49,2026-03-20 04:57:17
0x7307dad6ffbd0c00bb41dbdd3bcc40ae896d7d23,2026-03-19 17:09:07,1,1,0.5355413910936615,1,368,2026-03-19 08:59:49,2026-03-20 04:57:17
0x8761cb3356d6fff9222efefd0a60a46d41f25619,2026-03-19 17:09:07,1,1,0.5353840063012726,1,370,2026-03-19 08:59:49,2026-03-20 04:57:17
0x8cc33c302964b18b459a567afe4a791ff8bb802e,2026-03-19 17:09:07,1,1,0.545478855175132,1,313,2026-03-19 08:59:49,2026-03-20 04:57:17
0xbf84ab8fa8d410735233e5c49d1315edd45cd933,2026-03-19 17:09:07,0,1,0.4868743189999665,0,855,2026-03-19 08:59:49,2026-03-20 04:57:17
0x0da0e65022db5bf16e5a1cd600f7d8efaa8f3c77,2026-03-19 17:09:09,1,1,0.6143470412538246,1,66,2026-03-19 08:59:49,2026-03-20 04:57:17
0x877e446544007dff52d01006ad10bc42477ed0d8,2026-03-19 17:09:09,0,1,0.47007143999450773,0,984,2026-03-19 08:59:49,2026-03-20 04:57:17
0x8b36f41b7dd90a2bc620d80134367ff19c01e95e,2026-03-19 17:09:09,0,1,0.4655407476179022,0,1023,2026-03-19 08:59:49,2026-03-20 04:57:17
0xbf85705e5a3e36c07dec5bd14a3ef25115384ec1,2026-03-19 17:09:09,0,1,0.4594137857846196,0,1062,2026-03-19 08:59:49,2026-03-20 04:57:17
0xe742ee88d6ad9de994db43c13e4257bcd777e16c,2026-03-19 17:09:09,0,1,0.5579114305993432,1,249,2026-03-19 08:59:49,2026-03-20 04:57:17
0x58ea5a68153f6ae9f4a5d7a25b03b4381ce7538d,2026-03-19 17:09:13,0,1,0.4490507966447157,0,1114,2026-03-19 08:59:49,2026-03-20 04:57:17
0xc22be532d9d7990aadacf69589aab5e73d06352c,2026-03-19 17:09:13,0,1,0.46517142973286085,0,1026,2026-03-19 08:59:49,2026-03-20 04:57:17
0x4177bad9681d6a5aac2abe9bcbeea1d12184a2b4,2026-03-19 17:09:15,0,1,0.4564963296874869,0,1079,2026-03-19 08:59:49,2026-03-20 04:57:17
0xa29b88584221dccd100702479b9a6ef7e07eb035,2026-03-19 17:09:15,0,1,0.58396024924043,1,148,2026-03-19 08:59:49,2026-03-20 04:57:17
0xe930c59dbd66b000dfc0442fbe7c1b68243a5ccc,2026-03-19 17:09:15,0,1,0.6183469987147631,1,20,2026-03-19 08:59:49,2026-03-20 04:57:17
0xe72bb501df5306c75c89383d48a1e81073fbb0a0,2026-03-19 17:09:17,0,1,0.4565139911141179,0,1078,2026-03-19 08:59:49,2026-03-20 04:57:17
0x00cb93b8cde5e0e494508da91df66d00ea1c3992,2026-03-19 17:09:49,0,1,0.46988485995402524,0,989,2026-03-19 08:59:49,2026-03-20 04:57:17
0x61fefe72aebe7afc69d190bacfad8b561dc70956,2026-03-19 17:09:49,1,1,0.3839290280884332,0,1251,2026-03-19 08:59:49,2026-03-20 04:57:17
0x878bbc64ecfa2c0e3d89ad88c42e5cf861ef72ec,2026-03-19 17:09:49,0,1,0.5086649644819482,1,639,2026-03-19 08:59:49,2026-03-20 04:57:17
0x4988d2fb812bb6ad6f4dd7058790995977f1d21c,2026-03-19 18:10:07,0,1,0.5193821414749512,1,492,2026-03-19 08:59:49,2026-03-20 04:57:17
0x6b113c07cf588a5be33c04ec2c52a59187802080,2026-03-19 18:10:07,0,1,0.48390041092115293,0,878,2026-03-19 08:59:49,2026-03-20 04:57:17
0x0b1c34b01166a409a95eac21b0f8c118547d098f,2026-03-19 18:10:27,1,1,0.3771527796482305,0,1260,2026-03-19 08:59:49,2026-03-20 04:57:17
0x1f6d6622c9e335cffb8d7232d04f51da0bd53070,2026-03-19 18:10:27,0,1,0.46771664928103535,0,1010,2026-03-19 08:59:49,2026-03-20 04:57:17
0x61276aba49117fd9299707d5d573652949d5c977,2026-03-19 18:10:27,0,1,0.11518897226151335,0,1322,2026-03-19 08:59:49,2026-03-20 04:57:17
0xf704bd6748077f976cca0c7a74a87d12fc5abed4,2026-03-19 18:10:27,0,1,0.5127567921955356,1,577,2026-03-19 08:59:49,2026-03-20 04:57:17
0x12ca0ea11c0512cd6f72346be7cbb1b003b6a1b4,2026-03-19 18:10:29,0,1,0.5708130740826989,1,202,2026-03-19 08:59:49,2026-03-20 04:57:17
0x6559ea864fd3472d7a982bc8df8ddc3d60e61740,2026-03-19 18:10:29,0,1,0.5217991318107255,1,475,2026-03-19 08:59:49,2026-03-20 04:57:17
0xc33d6aa3eb972639f31e46a6a02201cece380d40,2026-03-19 18:10:29,0,1,0.4433633977811101,0,1134,2026-03-19 08:59:49,2026-03-20 04:57:17
0xdc5b9470d28e990e2974fdf861606438f48b08bb,2026-03-19 18:10:29,0,1,0.5040890239854425,1,701,2026-03-19 08:59:49,2026-03-20 04:57:17
0x2b0266fe414d026d147615d54bf0784552ddc718,2026-03-19 18:10:49,0,1,0.47189126540363996,0,972,2026-03-19 08:59:49,2026-03-20 04:57:17
0x9bda6175e7641de0d89390ee13ed80ba890a439f,2026-03-19 18:10:49,1,1,0.5391398302116104,1,350,2026-03-19 08:59:49,2026-03-20 04:57:17
0xe9a9a6c7f2f340f92244535d3b9dd21bca7f7876,2026-03-19 18:10:49,0,1,0.48742870140322425,0,851,2026-03-19 08:59:49,2026-03-20 04:57:17
0x394e5d08f067da9c4c18f57b13120e1d61bc4867,2026-03-19 18:10:51,1,1,0.5858971968863246,1,141,2026-03-19 08:59:49,2026-03-20 04:57:17
0x6ddca2ebcf750e794a444494fcc026f24ba303c3,2026-03-19 18:10:51,0,1,0.543921469206671,1,323,2026-03-19 08:59:49,2026-03-20 04:57:17
0x0447d0c503800775bcfe1aac76d073945cdcabc9,2026-03-19 18:10:53,1,1,0.5950051552006625,1,113,2026-03-19 08:59:49,2026-03-20 04:57:17
0xbf3166e4759b6f5c556eafc959ab929652036575,2026-03-19 18:11:21,1,1,0.5755930037441613,1,179,2026-03-19 08:59:49,2026-03-20 04:57:17
0xc5dbdeb9d7b057e9bcc0fa874940ea5cd529b42d,2026-03-19 18:11:23,0,1,0.41349002781018646,0,1224,2026-03-19 08:59:49,2026-03-20 04:57:17
0x341b59fb5a0b1c9c14c324a5b099c3a21a5fb92c,2026-03-19 18:11:33,1,1,0.5040675914955576,1,703,2026-03-19 08:59:49,2026-03-20 04:57:17
0x9f45140f91106c97a2bc9583075f535d2836476d,2026-03-19 18:11:33,1,1,0.545073701423579,1,315,2026-03-19 08:59:49,2026-03-20 04:57:17
0xf0db6a23526f84b82b389d3ca7db62a8f7ca99f0,2026-03-19 18:11:33,0,1,0.4764345829267228,0,936,2026-03-19 08:59:49,2026-03-20 04:57:17
0x8c27ebfc452c2e5337ff388adcf73e0ef7cb8e52,2026-03-19 18:12:05,1,1,0.552926921603182,1,275,2026-03-19 08:59:49,2026-03-20 04:57:17
0xdc5cb48aa552995edb952bf2b0434df01e20808a,2026-03-19 18:12:05,0,1,0.4864922839126562,0,858,2026-03-19 08:59:49,2026-03-20 04:57:17
0xebdb025d4c577c68e0b3dd3762d4480aef8fae7d,2026-03-19 18:12:05,0,1,0.5316095699538794,1,398,2026-03-19 08:59:49,2026-03-20 04:57:17
0xf959774f8d5854c5991d500747fcae8414636fea,2026-03-19 18:12:05,1,1,0.553399267672296,1,274,2026-03-19 08:59:49,2026-03-20 04:57:17
0xfdc3155c5900792b845f2efce4e0b7218770e213,2026-03-19 18:12:07,0,1,0.4620542778271703,0,1049,2026-03-19 08:59:49,2026-03-20 04:57:17
0x8165f885f94e120a28c4d38396acfe4b871b97b8,2026-03-19 18:12:25,0,1,0.4910194961565728,0,829,2026-03-19 08:59:49,2026-03-20 04:57:17
0xa073e7ca7aa2e934910da1b5b8402bedc146a3ba,2026-03-19 18:12:37,0,1,0.4720864973942454,0,971,2026-03-19 08:59:49,2026-03-20 04:57:17
0x979c631b13e8c68e4334a713fb717bfa10e7976d,2026-03-19 18:12:45,0,1,0.5521723823238591,1,282,2026-03-19 08:59:49,2026-03-20 04:57:17
0xf9ef91d1eecb656cf6b70d685eff5ff0750f7ee6,2026-03-19 18:12:45,1,1,0.46928303852298675,0,997,2026-03-19 08:59:49,2026-03-20 04:57:17
0xf05f5b65bf66e27553dbb874bf6fc5fde80791d5,2026-03-19 18:12:57,0,1,0.46998150300605257,0,986,2026-03-19 08:59:49,2026-03-20 04:57:17
0x2d2c2d887304eb4ecfc1643a535256113debdd89,2026-03-19 18:12:59,0,1,0.46691205351193876,0,1015,2026-03-19 08:59:49,2026-03-20 04:57:17
0x3f28da2e5c3cc8c9fb81d1925cc0ab529d1c6abc,2026-03-19 18:14:01,0,1,0.4840063848439408,0,877,2026-03-19 08:59:49,2026-03-20 04:57:17
0x4caee221267f30efdc751bbca7fdb7ffef10c482,2026-03-19 18:14:01,0,1,0.49469110703594804,0,793,2026-03-19 08:59:49,2026-03-20 04:57:17
0x0f49f010f53e40f8a21e3a927f2a37f09284fec0,2026-03-19 18:14:07,0,1,0.6144716656500995,1,65,2026-03-19 08:59:49,2026-03-20 04:57:17
0x2ef789b9dfc57a97cc5e00ed50ef8aebc3730e08,2026-03-19 18:14:07,0,1,0.6188018208411944,1,6,2026-03-19 08:59:49,2026-03-20 04:57:17
0xbd56bdd5e3a9dc2bdab8e2a060b9fa90df1d9390,2026-03-19 18:14:07,0,1,0.5120339154118088,1,589,2026-03-19 08:59:49,2026-03-20 04:57:17
0xd70709959631a52618c3cd387285403df0a3b28b,2026-03-19 18:14:07,0,1,0.46943410868337954,0,995,2026-03-19 08:59:49,2026-03-20 04:57:17
0x882b45bba3afa6c269b4c226aecd86d06e81a746,2026-03-19 18:14:19,0,1,0.5152913609702737,1,528,2026-03-19 08:59:49,2026-03-20 04:57:17
0x8c34f33896afefa902688a093cbe1659457c2d7d,2026-03-19 18:14:19,0,1,0.500890312483564,1,730,2026-03-19 08:59:49,2026-03-20 04:57:17
0x6a30933fd8f02bce995c40552ee2c0130b70cec4,2026-03-19 18:14:21,0,1,0.47453389090879383,0,950,2026-03-19 08:59:49,2026-03-20 04:57:17
0x7ab8edf46beb1bcc1698a06abc1cb389bb1f0ae8,2026-03-19 18:14:21,0,1,0.5041917027825054,1,700,2026-03-19 08:59:49,2026-03-20 04:57:17
0xe7ba11684aaf7ac5ffb72803022a495366a4027e,2026-03-19 18:14:21,0,1,0.4740437553092443,0,959,2026-03-19 08:59:49,2026-03-20 04:57:17
0x17259e10285a92ffb8903f9c9a7c64a61042f8e2,2026-03-19 18:14:23,0,1,0.5030604743670746,1,712,2026-03-19 08:59:49,2026-03-20 04:57:17
0xb7722679ba1696170be51bc609211d5d12919418,2026-03-19 18:14:23,0,1,0.48168042747670686,0,894,2026-03-19 08:59:49,2026-03-20 04:57:17
0x6dceb84cb3b8f003c8c4db52c5554303070f4490,2026-03-19 18:14:27,0,1,0.6111891150199867,1,71,2026-03-19 08:59:49,2026-03-20 04:57:17
0x25c2ddb0ab380677950faee0a5c5f731f1c9cd02,2026-03-19 18:14:29,1,1,0.4737881694157041,0,960,2026-03-19 08:59:49,2026-03-20 04:57:17
0xd50caddb396e5fa6a34361a87b1763de7d4376c3,2026-03-19 18:14:29,0,1,0.4366929060310441,0,1169,2026-03-19 08:59:49,2026-03-20 04:57:17
0x27d1c75a41ffd0a6bab514c5070e322b857652d9,2026-03-19 18:14:31,0,1,0.4426747856904482,0,1137,2026-03-19 08:59:49,2026-03-20 04:57:17
0x3ef48ef7ec467c11522ad90c84113523ad1a2a12,2026-03-19 18:14:31,0,1,0.46630283134253503,0,1016,2026-03-19 08:59:49,2026-03-20 04:57:17
0x717ddcdbcf49bf399020d99514dfa379c524bed6,2026-03-19 18:14:31,0,1,0.5019461708776116,1,721,2026-03-19 08:59:49,2026-03-20 04:57:17
0xb9af9f45e3b0cebf4bceb175b8590b6b213d59be,2026-03-19 18:14:31,0,1,0.38178188661708634,0,1255,2026-03-19 08:59:49,2026-03-20 04:57:17
0xf9c85febe55f2067183b9d8bcc0de984006f683c,2026-03-19 18:14:31,0,1,0.4105145452357803,0,1228,2026-03-19 08:59:49,2026-03-20 04:57:17
0x16ce1f954bfae560af862712fad9dd261f4ceba1,2026-03-19 18:14:33,0,1,0.6156512760684055,1,60,2026-03-19 08:59:49,2026-03-20 04:57:17
0x38c6fa4b340aa857d568d5db84e39ae3a3f8c2ad,2026-03-19 18:14:33,0,1,0.4762559360472922,0,938,2026-03-19 08:59:49,2026-03-20 04:57:17
0xe18f29c0dbb2934b8fdcb0086b7272614fe1b47d,2026-03-19 18:14:33,0,1,0.3925639492635725,0,1246,2026-03-19 08:59:49,2026-03-20 04:57:17
0x614eee44e555eb1de3ff7a4c1ffbcaf595c3d281,2026-03-19 18:14:37,1,1,0.558884889247166,1,245,2026-03-19 08:59:49,2026-03-20 04:57:17
0x8a3b59b6374a7e5c5195a18944e6f82c63365fa5,2026-03-19 18:14:37,1,1,0.539962311846938,1,345,2026-03-19 08:59:49,2026-03-20 04:57:17
0x2d2f2c114b91c82edf1fde1a4fabef42f3210a46,2026-03-19 18:14:39,0,1,0.5079777442153909,1,653,2026-03-19 08:59:49,2026-03-20 04:57:17
0x5c78b5c7ae304b48f67235a7620be4d3c0ec031a,2026-03-19 18:14:39,1,1,0.38472841576210487,0,1248,2026-03-19 08:59:49,2026-03-20 04:57:17
0x60f92fe88a95a1dc9b98e9cb5ef0db3bd92590dc,2026-03-19 18:14:39,0,1,0.5048369845080848,1,689,2026-03-19 08:59:49,2026-03-20 04:57:17
0x6471481be0a212e6b76d9d5baf0123e9caa42ac7,2026-03-19 18:14:39,0,1,0.4997358848861815,0,743,2026-03-19 08:59:49,2026-03-20 04:57:17
0x00b21022c1bfc33f85d95f8eb2c2a1b9af036cb7,2026-03-19 18:14:41,0,1,0.5117708240980818,1,593,2026-03-19 08:59:49,2026-03-20 04:57:17
0x184467effdb7caf231aa03618fe7cf69d2abcc17,2026-03-19 18:14:41,0,1,0.4737243903155889,0,961,2026-03-19 08:59:49,2026-03-20 04:57:17
0xe2a447c936b6643d8e54274bd53953dcb017ffc4,2026-03-19 18:14:41,0,1,0.4604751385551678,0,1054,2026-03-19 08:59:49,2026-03-20 04:57:17
0x280cf8045078d002f8b40437b717460e3d4009c0,2026-03-19 18:14:43,1,1,0.4974804977288994,0,765,2026-03-19 08:59:49,2026-03-20 04:57:17
0xc8ebf0df7e1a2defc90c953007baf30622cd6b20,2026-03-19 18:14:43,0,1,0.5068618328314061,1,669,2026-03-19 08:59:49,2026-03-20 04:57:17
0xb7297599d79d9bf3990b2ce312ffbacb17e84e2e,2026-03-19 18:15:17,0,1,0.1866660758134245,0,1312,2026-03-19 08:59:49,2026-03-20 04:57:17
0x5dc76fd9417997b759f1ce53dc87254e6b5553d1,2026-03-19 18:15:19,0,1,0.5483974173870525,1,302,2026-03-19 08:59:49,2026-03-20 04:57:17
0x74b200eaad61530ad0afa6d75d1fbe94b90ff6c3,2026-03-19 18:15:19,0,1,0.6326613517459055,1,4,2026-03-19 08:59:49,2026-03-20 04:57:17
0xf88e8e743e1ee455beab43d48d34e800ec1c0837,2026-03-19 18:15:19,0,1,0.6029723606288032,1,86,2026-03-19 08:59:49,2026-03-20 04:57:17
0x0a6514ee585d5503ae06688bb76eba28a723cdc4,2026-03-19 18:15:23,0,1,0.5316609576960527,1,397,2026-03-19 08:59:49,2026-03-20 04:57:17
0x552c45da44de4e157678087ff5d7d4c2f7eb3abd,2026-03-19 18:15:23,1,1,0.4105808048301785,0,1227,2026-03-19 08:59:49,2026-03-20 04:57:17
0x2c7450954a0374dda8ae1d1a308822b6f61961d7,2026-03-19 18:15:25,0,1,0.459511422351209,0,1061,2026-03-19 08:59:49,2026-03-20 04:57:17
0x52b7577ac568f3f2fe9eb86a677629f547048755,2026-03-19 18:15:25,1,1,0.4551929061462165,0,1086,2026-03-19 08:59:49,2026-03-20 04:57:17
0x011cddf2968b11156790864bac87b75f27d6f943,2026-03-19 18:15:27,0,1,0.4691866832466746,0,999,2026-03-19 08:59:49,2026-03-20 04:57:17
0xa1018876b9d0a8282c52be2428447834a1eb7a46,2026-03-19 18:15:27,0,1,0.528163693010512,1,422,2026-03-19 08:59:49,2026-03-20 04:57:17
0xa5096868146ce2dae5bdedfc1b54a9174859666e,2026-03-19 18:15:27,0,1,0.5280442278452555,1,426,2026-03-19 08:59:49,2026-03-20 04:57:17
0x03f02009d35e9a20cd18ed817d15e3c568d363e0,2026-03-19 18:15:29,0,1,0.5118419767134335,1,592,2026-03-19 08:59:49,2026-03-20 04:57:17
0x4b7ac02dda6f4650669b2fcbb08eb2df80d736c9,2026-03-19 18:15:41,0,1,0.6165925068259268,1,54,2026-03-19 08:59:49,2026-03-20 04:57:17
0x55e50b3dc627b804c634c01e4bdcbbb8b9c8df30,2026-03-19 18:15:41,0,1,0.47746276314413455,0,922,2026-03-19 08:59:49,2026-03-20 04:57:17
0xd2e5fca0d0befce04774208336fddd5b4657c638,2026-03-19 18:15:41,0,1,0.5653986514828937,1,216,2026-03-19 08:59:49,2026-03-20 04:57:17
0x932d71722873283ef9ca09ff5c809fe0c5f46490,2026-03-19 19:14:59,0,1,0.5265114488910967,1,440,2026-03-19 08:59:49,2026-03-20 04:57:17
0x9ffb71520fe73fc6cd835ce6f736921764450296,2026-03-19 19:14:59,0,1,0.6132755366619637,1,67,2026-03-19 08:59:49,2026-03-20 04:57:17
0xaff9effcbebb93f065f8df88e6072e8345e98e3c,2026-03-19 19:14:59,0,1,0.6160799557633547,1,57,2026-03-19 08:59:49,2026-03-20 04:57:17
0xb984350d87c731a3b823a957e0989876adb6a855,2026-03-19 19:14:59,0,1,0.6146866424231611,1,64,2026-03-19 08:59:49,2026-03-20 04:57:17
0x40cd45f803310f474f70b1edb1c8554363565c75,2026-03-19 19:15:01,1,1,0.44260966903640797,0,1140,2026-03-19 08:59:49,2026-03-20 04:57:17
0x51fd8f0358cc9e8a1ee5f87a0c7e3b07ed634272,2026-03-19 19:15:01,0,1,0.5123623010860673,1,584,2026-03-19 08:59:49,2026-03-20 04:57:17
0x0fde10ef36646b3fb3eb8df2e18f0e1bc17c0258,2026-03-19 19:15:05,0,1,0.5135902371261893,1,549,2026-03-19 08:59:49,2026-03-20 04:57:17
0x8de4893c165f6204df4794b3953665fbf6567142,2026-03-19 19:15:05,0,1,0.5308422029377268,1,405,2026-03-19 08:59:49,2026-03-20 04:57:17
0x1ec60504a1890a6e6a44b8dbdd94372008280cfe,2026-03-19 19:15:07,0,1,0.5194366731317409,1,491,2026-03-19 08:59:49,2026-03-20 04:57:17
0x4d6dc11dfa44412edb8122f031438957d60fa1c6,2026-03-19 19:15:07,0,1,0.6120364704420743,1,69,2026-03-19 08:59:49,2026-03-20 04:57:17
0x77c812f7735ad07e3ce58fd466a0e1b4346bbc8c,2026-03-19 19:15:07,0,1,0.34276507770523257,0,1280,2026-03-19 08:59:49,2026-03-20 04:57:17
0x92aadcecc913084766543ead6d4612465f1c0341,2026-03-19 19:15:07,0,1,0.569111304253615,1,207,2026-03-19 08:59:49,2026-03-20 04:57:17
0x1a6006fb60dfa92efc57dd6efa34e468992dcc65,2026-03-19 19:16:01,0,1,0.5091735627655505,1,633,2026-03-19 08:59:49,2026-03-20 04:57:17
0x2df5ad0f2612c7bcf5f87543e126e0aa351051ac,2026-03-19 19:16:01,0,1,0.44682397730606616,0,1121,2026-03-19 08:59:49,2026-03-20 04:57:17
0x4876d42d6b06361c1e0f89fe1f000d27f649584a,2026-03-19 19:16:01,0,1,0.4163453885299981,0,1212,2026-03-19 08:59:49,2026-03-20 04:57:17
0x66e82367148af2d104741c88f3f7b90e7a1ec0e2,2026-03-19 19:16:01,0,1,0.5199592529934824,1,488,2026-03-19 08:59:49,2026-03-20 04:57:17
0x74e0d67f659766360e92152ea8c8a935ba89fabd,2026-03-19 19:16:01,0,1,0.5512103168857356,1,288,2026-03-19 08:59:49,2026-03-20 04:57:17
0xf774c161aef93394061ce68e9fb9b61a5b4d5f61,2026-03-19 19:16:01,1,1,0.43626533933845985,0,1170,2026-03-19 08:59:49,2026-03-20 04:57:17
0xf858454e62059e0e92ecf6b7fd8ced0bbe76d80b,2026-03-19 19:16:01,0,1,0.6175188045787294,1,51,2026-03-19 08:59:49,2026-03-20 04:57:17
0x0bb0502bf8e6477ffd001d8ad2efd25b994a6257,2026-03-19 19:16:03,0,1,0.4541060156690339,0,1089,2026-03-19 08:59:49,2026-03-20 04:57:17
0x1a01557e731cc5039a8124a3dadce206f2d2df01,2026-03-19 19:16:03,1,1,0.5946013941891392,1,115,2026-03-19 08:59:49,2026-03-20 04:57:17
0xa4f5650a655502b2e2bc66636d347a2fd8281079,2026-03-19 19:16:03,0,1,0.1569779512550914,0,1319,2026-03-19 08:59:49,2026-03-20 04:57:17
0xe7caa1cc428e91834a923ff3c68513b63e90a175,2026-03-19 19:16:03,0,1,0.6121000636056781,1,68,2026-03-19 08:59:49,2026-03-20 04:57:17
0x6e4976c274384ada57ae03b75e463585ad01f1af,2026-03-19 19:16:05,0,1,0.51092659969009,1,602,2026-03-19 08:59:49,2026-03-20 04:57:17
0xb06b7eff335cff7da5d4a748e7f980c276cb7cec,2026-03-19 19:16:05,0,1,0.5156057827416527,1,525,2026-03-19 08:59:49,2026-03-20 04:57:17
0x596fb327f6915cd949a2e8f054cf731334d7cc42,2026-03-19 19:16:07,0,1,0.5430775703838963,1,325,2026-03-19 08:59:49,2026-03-20 04:57:17
0xc2b65cbe30bcdf90e536eaa2ac2ab9ac81f8d7ce,2026-03-19 19:16:07,0,1,0.4922444814528821,0,819,2026-03-19 08:59:49,2026-03-20 04:57:17
0x095b8d419f4e2194d94fa4ee1b604daa85d18a05,2026-03-19 19:16:09,0,1,0.584385234258702,1,147,2026-03-19 08:59:49,2026-03-20 04:57:17
0x4bf2845651c0094e8cf3f8cbcb4279e3c166d280,2026-03-19 19:16:09,0,1,0.6149417061103969,1,63,2026-03-19 08:59:49,2026-03-20 04:57:17
0xa228390336bf123cb67bee6ae5639283d63409c7,2026-03-19 19:16:09,0,1,0.4932753909170243,0,809,2026-03-19 08:59:49,2026-03-20 04:57:17
0xeb87d14c857def9f2aba6aaf90511c56c7b19c52,2026-03-19 19:16:09,1,1,0.5666083120041842,1,212,2026-03-19 08:59:49,2026-03-20 04:57:17
0xb8f543dd4f2a22f799f93e2da37207dface7713b,2026-03-19 19:16:11,0,1,0.44262939819485037,0,1138,2026-03-19 08:59:49,2026-03-20 04:57:17
0x3813556acc3c80fb1f4d470011cb09e7f56723a0,2026-03-19 19:16:15,0,1,0.4600493716628127,0,1056,2026-03-19 08:59:49,2026-03-20 04:57:17
0x8a1ce3c3f9141e81104e3b23546eb6021bc9d8bd,2026-03-19 19:16:15,0,1,0.5308931007367194,1,404,2026-03-19 08:59:49,2026-03-20 04:57:17
0xaa5eaedfcef09f47d58bd55c99c3d02d8feba92c,2026-03-19 19:16:15,1,1,0.4451736066821926,0,1128,2026-03-19 08:59:49,2026-03-20 04:57:17
0xc1865101096c2d529ea0310d665b5e5234e3ad81,2026-03-19 19:16:15,0,1,0.5059152914989784,1,680,2026-03-19 08:59:49,2026-03-20 04:57:17
0xe21023362faa341984a828cdcd81f2f67f42e943,2026-03-19 19:16:15,0,1,0.48176511923669174,0,893,2026-03-19 08:59:49,2026-03-20 04:57:17
0xf963af2a952dfe8becca78ec63c888dd967055e4,2026-03-19 19:16:15,0,1,0.44351177318412804,0,1133,2026-03-19 08:59:49,2026-03-20 04:57:17
0x0e70a85f3f07962061592f4e966c3e5e9904bb75,2026-03-19 19:16:21,0,1,0.5161970506672167,1,520,2026-03-19 08:59:49,2026-03-20 04:57:17
0xd8bafbb1ff607dfa98b1045acd9121fff551dbb4,2026-03-19 19:16:21,0,1,0.4942980999296146,0,800,2026-03-19 08:59:49,2026-03-20 04:57:17
0x1b358a07c031b48e1982f49caa8378474fd4768e,2026-03-19 19:16:23,0,1,0.5098698722890476,1,618,2026-03-19 08:59:49,2026-03-20 04:57:17
0x8e941a544ca6411023d0948fbb52d5e8f178b8ba,2026-03-19 19:16:23,0,1,0.5144288949169705,1,538,2026-03-19 08:59:49,2026-03-20 04:57:17
0x91f92ac4125b0d110cdb1839f118086685923c43,2026-03-19 19:16:23,0,1,0.5151447102348867,1,533,2026-03-19 08:59:49,2026-03-20 04:57:17
0xd83cca512a2566ee0a82e1b1780f3857cf5a19dc,2026-03-19 19:16:23,0,1,0.2973857377820573,0,1296,2026-03-19 08:59:49,2026-03-20 04:57:17
0x1e2c33ccea48f5273eca478ddba854781f74d5cd,2026-03-19 19:16:25,0,1,0.5513948679374608,1,286,2026-03-19 08:59:49,2026-03-20 04:57:17
0x596a78ff6de24b12fd39f827aecf93975e2f7a0f,2026-03-19 19:16:27,0,1,0.617549116263395,1,50,2026-03-19 08:59:49,2026-03-20 04:57:17
0x0a37c29d134501c699d4af94297e92a417a4180c,2026-03-19 19:17:31,0,1,0.45278446013159074,0,1099,2026-03-19 08:59:49,2026-03-20 04:57:17
0x3bba8018d1990c75af113fd9c2d826a7e444a2ea,2026-03-19 19:17:31,0,1,0.478007225956565,0,917,2026-03-19 08:59:49,2026-03-20 04:57:17
0x9055097db816fb92c18118e00a73cc0062843ff0,2026-03-19 19:17:31,1,1,0.4751984288198557,0,944,2026-03-19 08:59:49,2026-03-20 04:57:17
0xdcddcde4000c5ce9b05a15715b23b08c3c596d55,2026-03-19 19:17:31,1,1,0.5355665781596852,1,367,2026-03-19 08:59:49,2026-03-20 04:57:17
0x613485afd459847c95d10b2eb29b9c2df105c8cc,2026-03-19 19:17:33,0,1,0.459192368367446,0,1064,2026-03-19 08:59:49,2026-03-20 04:57:17
0x885e855e82eb1a118bb04532e1aaa1b21a20fc94,2026-03-19 19:17:33,0,1,0.5528237430458106,1,277,2026-03-19 08:59:49,2026-03-20 04:57:17
0xbddaa7463e701220f0e4505bbbec5571daca310c,2026-03-19 19:17:33,0,1,0.4576806594222965,0,1067,2026-03-19 08:59:49,2026-03-20 04:57:17
0xf328ff8e1caed3791ae28bc99997317e06485353,2026-03-19 19:17:33,0,1,0.5344938159338395,1,380,2026-03-19 08:59:49,2026-03-20 04:57:17
0x2ffd00d41908e377968e9d42351c652e1b09e7c6,2026-03-19 19:17:37,1,1,0.5629044462553313,1,226,2026-03-19 08:59:49,2026-03-20 04:57:17
0x335d6aeb73c03fa6e92686eccc67f303c3bece5f,2026-03-19 19:17:39,0,1,0.4801626047054603,0,904,2026-03-19 08:59:49,2026-03-20 04:57:17
0x79b61175ed419e50a4ce992593fa901d6edfe042,2026-03-19 19:17:39,0,1,0.5755624326987384,1,180,2026-03-19 08:59:49,2026-03-20 04:57:17
0x16d9d184f45cfed6d216465149b0b48381ddf0b0,2026-03-19 19:18:17,0,1,0.4621921054479784,0,1048,2026-03-19 08:59:49,2026-03-20 04:57:17
0x75fc217925f60fab601bc7fd5aee886d996ea366,2026-03-19 19:18:17,0,1,0.5136765062127971,1,547,2026-03-19 08:59:49,2026-03-20 04:57:17
0xf0a8a5e6915f2757dd58ac10841abefcda5fb905,2026-03-19 19:18:19,0,1,0.5372012112923984,1,361,2026-03-19 08:59:49,2026-03-20 04:57:17
0x73a24db98438c106ece5e65c8534ac7b04e01a5b,2026-03-19 19:18:31,0,1,0.5337620798398443,1,388,2026-03-19 08:59:49,2026-03-20 04:57:17
0x7fbeed2dd24142feabc8b6f54a51a1a0cd5f7902,2026-03-19 19:18:31,0,1,0.5338813758660069,1,387,2026-03-19 08:59:49,2026-03-20 04:57:17
0xbbd01c6e23bef9204dafc5aba1f582b4926f02e5,2026-03-19 19:18:31,0,1,0.5081200984494599,1,650,2026-03-19 08:59:49,2026-03-20 04:57:17
0xc375f5ecd623b57b2674ff7206aa99ed8ea0bdab,2026-03-19 19:18:31,0,1,0.5082399107637305,1,648,2026-03-19 08:59:49,2026-03-20 04:57:17
0xc6628e0ca87e439bba57294dc8fd7a503a7bb919,2026-03-19 19:18:31,0,1,0.5155474782796862,1,526,2026-03-19 08:59:49,2026-03-20 04:57:17
0xd1bc1682117e408b0177800447f8c8d4ef0d3587,2026-03-19 19:18:31,0,1,0.5341199536551023,1,385,2026-03-19 08:59:49,2026-03-20 04:57:17
0xe9380c6a6c43e971b82063121ede0e3d10d613fd,2026-03-19 19:18:31,0,1,0.5337620798398443,1,389,2026-03-19 08:59:49,2026-03-20 04:57:17
0xe8c6c9d86734255cb17a4095510a27c5da8d737a,2026-03-19 19:19:01,1,1,0.5171711066968682,1,514,2026-03-19 08:59:49,2026-03-20 04:57:17
0x57260697e145c3cea3a34f2a1215cbc711d69f9a,2026-03-19 19:19:03,0,1,0.4825067395062699,0,890,2026-03-19 08:59:49,2026-03-20 04:57:17
0xb97b1beabb95c318033c52c191711b2ca997258b,2026-03-19 19:19:03,0,1,0.5032820200486613,1,708,2026-03-19 08:59:49,2026-03-20 04:57:17
0xbbf45014b7bef8c9306ca08cef6896fe13e0becc,2026-03-19 19:19:03,0,1,0.457662613358468,0,1068,2026-03-19 08:59:49,2026-03-20 04:57:17
0xca9174e388df469d8fadc28b1d56da1f26e5f428,2026-03-19 19:19:03,0,1,0.5082142817527615,1,649,2026-03-19 08:59:49,2026-03-20 04:57:17
0xcb334e28619ad3943b6c13f587ed0363d41295a5,2026-03-19 19:19:03,0,1,0.5000045834431429,1,739,2026-03-19 08:59:49,2026-03-20 04:57:17
0x46ee43f366a50b7d7887ffb0d5d4bd53568770fe,2026-03-19 19:19:51,0,1,0.395876089730353,0,1242,2026-03-19 08:59:49,2026-03-20 04:57:17
0xc1e51a0e0ab9f10e2d489b312e35ad8b220dc5df,2026-03-19 19:19:51,0,1,0.58856324115618,1,133,2026-03-19 08:59:49,2026-03-20 04:57:17
0x94a73570cd0df2da112fb55da7bb914b34efa18d,2026-03-19 19:19:53,0,1,0.4379076060640102,0,1162,2026-03-19 08:59:49,2026-03-20 04:57:17
0x7c274fe1ac5ae965ccc839dbc1c52d07dffd0c6a,2026-03-19 20:19:19,0,1,0.5272754229129686,1,431,2026-03-19 08:59:49,2026-03-20 04:57:17
0x973c0156c7b4123e9f69495f1a67f110a0f4272a,2026-03-19 20:19:19,0,1,0.4219042946421452,0,1205,2026-03-19 08:59:49,2026-03-20 04:57:17
0xbed0d1ec25fa20b268f9ea66eb145d1262f73c7d,2026-03-19 20:19:31,0,1,0.41475111087567074,0,1217,2026-03-19 08:59:49,2026-03-20 04:57:17
0xe2160eb837cd17de5915d460b1d69b5ba2ac7448,2026-03-19 20:19:33,0,1,0.4781178741511998,0,916,2026-03-19 08:59:49,2026-03-20 04:57:17
0x27340ed6d351444a733e00f0b434ba0195a622ef,2026-03-19 20:19:41,0,1,0.5071880882504834,1,663,2026-03-19 08:59:49,2026-03-20 04:57:17
0xd2bbc6acad02441c6aef9aba6301f5096c3207c7,2026-03-19 20:19:43,0,1,0.46951947964613167,0,994,2026-03-19 08:59:49,2026-03-20 04:57:17
0x0be179d4a5490903f773de23a8410ec82976da5b,2026-03-19 20:19:45,0,1,0.4633622994388278,0,1036,2026-03-19 08:59:49,2026-03-20 04:57:17
0x17a9dcb8de6a643eb9f86d2f93dfb24e6d96067d,2026-03-19 20:19:45,1,1,0.5209243360568455,1,480,2026-03-19 08:59:49,2026-03-20 04:57:17
0x39c5b6c252f60942f92b211937befd1f9dd55a2f,2026-03-19 20:19:45,0,1,0.4465590571766685,0,1123,2026-03-19 08:59:49,2026-03-20 04:57:17
0x0fbcccfc93c2c33b4f1492bf34ae89b3992062a3,2026-03-19 20:19:51,1,1,0.6182946635618795,1,31,2026-03-19 08:59:49,2026-03-20 04:57:17
0x88aebc7027ffb7812146e4651a0c8c7121189c62,2026-03-19 20:20:11,0,1,0.5995584158406762,1,102,2026-03-19 08:59:49,2026-03-20 04:57:17
0xd18ce7cbeb4eb280c31cca9cbd724b49ec87ecea,2026-03-19 20:20:43,0,1,0.5688852693500607,1,208,2026-03-19 08:59:49,2026-03-20 04:57:17
0xd26d4e29b394c1b7e7d20e0216e736196cc37c20,2026-03-19 20:20:55,0,1,0.5851099590332509,1,144,2026-03-19 08:59:49,2026-03-20 04:57:17
0x4eac6c5798fe0b3f28738ade368a2d4c86fbdc78,2026-03-19 20:21:19,0,1,0.4781439807317407,0,914,2026-03-19 08:59:49,2026-03-20 04:57:17
0x6aee3fc6a36a4bb0aa93de5f71b7e8c15b64fad4,2026-03-19 20:21:19,0,1,0.35034507127526066,0,1276,2026-03-19 08:59:49,2026-03-20 04:57:17
0x9f849614377faf5dd57b1ec46a2220bc4c17577e,2026-03-19 20:21:19,0,1,0.575211273870434,1,181,2026-03-19 08:59:49,2026-03-20 04:57:17
0xaa571a3fddd176d57a27e15ea544a53ff0688f53,2026-03-19 20:21:19,0,1,0.5226061337783929,1,464,2026-03-19 08:59:49,2026-03-20 04:57:17
0xe98884b0f3f043f1f9485de8a5aff4d8755fb7ce,2026-03-19 20:21:19,0,1,0.5777165474608783,1,167,2026-03-19 08:59:49,2026-03-20 04:57:17
0xe9f07c712bf8e06e10fba1996bdde3d517be66e1,2026-03-19 20:21:19,0,1,0.5392634685857252,1,348,2026-03-19 08:59:49,2026-03-20 04:57:17
0xf0555204c5340931d3de0ec234c2c55a97a662ef,2026-03-19 20:21:21,0,1,0.5006409960750654,1,733,2026-03-19 08:59:49,2026-03-20 04:57:17
0x2aa48bf4c4a8727a539170aea0bcf3cd1d861677,2026-03-19 20:21:57,1,1,0.4725302315851806,0,968,2026-03-19 08:59:49,2026-03-20 04:57:17
0xdde995d1e54774d41de392678ae5495dc1277d14,2026-03-19 20:21:57,0,1,0.48061912974488014,0,898,2026-03-19 08:59:49,2026-03-20 04:57:17
0xb5e28e0f37c7ec03f1f4c33833edc1dc12cc59a4,2026-03-19 20:21:59,1,1,0.5551045564880707,1,265,2026-03-19 08:59:49,2026-03-20 04:57:17
0x1315bb5aa8f7cfee4b7c24076448db5cd54ecb3f,2026-03-19 20:22:19,1,1,0.5344326436602848,1,381,2026-03-19 08:59:49,2026-03-20 04:57:17
0x1e4b57f70ea89f197b96eb899409335c5eaa0a04,2026-03-19 20:22:19,0,1,0.5250234740531786,1,451,2026-03-19 08:59:49,2026-03-20 04:57:17
0xbfa341255786a7d16cbfa4bc08fc026dbe970d9a,2026-03-19 20:22:19,1,1,0.4372356360945442,0,1167,2026-03-19 08:59:49,2026-03-20 04:57:17
0xf64cd9db8c76aca244078d58a1044d743edcc82c,2026-03-19 20:22:19,0,1,0.5084221236284554,1,642,2026-03-19 08:59:49,2026-03-20 04:57:17
0x393698963563734a4263313c2d87c43211a08f21,2026-03-19 20:22:21,0,1,0.44102876574945243,0,1150,2026-03-19 08:59:49,2026-03-20 04:57:17
0xb3cfe7615d64db8dfa743a1b1a2b976911460ebd,2026-03-19 20:22:21,0,1,0.583184438764095,1,151,2026-03-19 08:59:49,2026-03-20 04:57:17
0x8afaebae4eebe80c080b822412647244570e28f0,2026-03-19 20:22:23,0,1,0.5444966808755661,1,319,2026-03-19 08:59:49,2026-03-20 04:57:17
0x9a2f45f9228083d61103930e635b1be5baffa13c,2026-03-19 20:22:27,0,1,0.5885256360707787,1,134,2026-03-19 08:59:49,2026-03-20 04:57:17
0xb56d07ed142c0bea2513f19188f64d7239a38041,2026-03-19 20:22:27,0,1,0.5462255962072068,1,312,2026-03-19 08:59:49,2026-03-20 04:57:17
0xbb3da1fdd1728f9aec2c6ee29c8e18b9fc3e2ed2,2026-03-19 20:22:27,1,1,0.58506947328221,1,145,2026-03-19 08:59:49,2026-03-20 04:57:17
0x30dc7f0cfa4c98590b1c77dd92c82570efa5eb4b,2026-03-19 20:22:29,0,1,0.5362414242066998,1,364,2026-03-19 08:59:49,2026-03-20 04:57:17
0x6fb1711f59b2ded03c6cbffeb5d8cb5a837b0073,2026-03-19 20:22:35,0,1,0.6687335862947811,1,1,2026-03-19 08:59:49,2026-03-20 04:57:17
0x8a3d4139bd0efbfdd946fef2b8cdd908a9f9316c,2026-03-19 20:22:55,0,1,0.6163732085987259,1,56,2026-03-19 08:59:49,2026-03-20 04:57:17
0xa7acc121cdcc0cd7e3ed87d5279a59562dda592f,2026-03-19 20:22:55,0,1,0.4978473924593952,0,763,2026-03-19 08:59:49,2026-03-20 04:57:17
0x643d91fe9e3d8a9f15cd31cad5bd83512465f7dd,2026-03-19 20:23:13,0,1,0.513286189092077,1,555,2026-03-19 08:59:49,2026-03-20 04:57:17
0x8501b8a774262c74747529c14e38a5178b30d9ed,2026-03-19 20:23:13,0,1,0.3316854088070219,0,1284,2026-03-19 08:59:49,2026-03-20 04:57:17
0x0995c864546ffb37a0db6d96b108164be994d05f,2026-03-19 20:23:17,0,1,0.5120999253728535,1,588,2026-03-19 08:59:49,2026-03-20 04:57:17
0x34e8ef69c858b7f7e81d35ae2ae83593cf09065d,2026-03-19 20:23:17,0,1,0.45574075022389676,0,1083,2026-03-19 08:59:49,2026-03-20 04:57:17
0xb4bdf9a17b4f8f123f8ba635be5ba5b82b9e6cec,2026-03-19 20:23:17,0,1,0.5068020674434937,1,672,2026-03-19 08:59:49,2026-03-20 04:57:17
0xe589680d455a3d214f10a25ebcc3f9ab62838289,2026-03-19 20:23:17,0,1,0.4826214039416676,0,889,2026-03-19 08:59:49,2026-03-20 04:57:17
0xbebf0f282a06a4b9de180536ee15211f77c29bae,2026-03-19 20:23:19,0,1,0.4636100827617208,0,1035,2026-03-19 08:59:49,2026-03-20 04:57:17
0x9f4a3d5c2b1e974f8edfb568a6a970178b101ae0,2026-03-19 20:23:21,0,1,0.49636567715471075,0,773,2026-03-19 08:59:49,2026-03-20 04:57:17
0x36f84843f061bccaf36730d41b4b333ed06c10cd,2026-03-19 20:23:25,0,1,0.5182580939641989,1,505,2026-03-19 08:59:49,2026-03-20 04:57:17
0x74c8d69115faf6a3b5e3482f736080385f709962,2026-03-19 20:23:29,0,1,0.4437751825718782,0,1132,2026-03-19 08:59:49,2026-03-20 04:57:17
0x261444f5d65b12e284a443dc7659755409494442,2026-03-19 20:23:31,0,1,0.4518630670649693,0,1104,2026-03-19 08:59:49,2026-03-20 04:57:17
0xbc13d65fadbaa2bb38e4612968e3f5127ec05eb6,2026-03-19 20:23:31,1,1,0.5745191933317428,1,184,2026-03-19 08:59:49,2026-03-20 04:57:17
0x78a10b187b24b56e4027704cc5d144d1074f5551,2026-03-19 20:23:33,1,1,0.4553732019037678,0,1085,2026-03-19 08:59:49,2026-03-20 04:57:17
0x06ddc328b8cfcf16d628ea4fbeb157761623de34,2026-03-19 20:24:05,0,1,0.4631809083360561,0,1043,2026-03-19 08:59:49,2026-03-20 04:57:17
0x176976d23e6fec51ab94317ed435020f88c694ef,2026-03-19 20:24:11,0,1,0.5267065599570375,1,439,2026-03-19 08:59:49,2026-03-20 04:57:17
0x2d7350fe1b5410d7101b6e945f7417cc64fe044b,2026-03-19 20:24:11,1,1,0.5989788176051056,1,108,2026-03-19 08:59:49,2026-03-20 04:57:17
0x44a39c2737fe019079505e4cffe9653cef489326,2026-03-19 20:24:11,0,1,0.5517116575680595,1,285,2026-03-19 08:59:49,2026-03-20 04:57:17
0x917f9555dfe97aac18ade59cc407fd637a652a78,2026-03-19 20:24:15,0,1,0.4999161423400298,0,742,2026-03-19 08:59:49,2026-03-20 04:57:17
0x1715859d2e79e8f4e273fe30ac83e30199d5d8d7,2026-03-19 20:24:17,0,1,0.49856289143970517,0,753,2026-03-19 08:59:49,2026-03-20 04:57:17
0x36c034032da9d2154fe6c297c9173d1f55553464,2026-03-19 20:24:17,0,1,0.498323206543996,0,757,2026-03-19 08:59:49,2026-03-20 04:57:17
0x380c9e177ddedbbc3d3da7e4c00b9e8647641099,2026-03-19 20:24:17,1,1,0.5731161449814028,1,189,2026-03-19 08:59:49,2026-03-20 04:57:17
0x811c195188161fe57528897f87e0d37a88affd36,2026-03-19 20:24:17,0,1,0.3772176398162879,0,1258,2026-03-19 08:59:49,2026-03-20 04:57:17
0x9bd6ac511692e3c39a2bac362212da7fcf9e169e,2026-03-19 20:24:17,0,1,0.49856289143970517,0,754,2026-03-19 08:59:49,2026-03-20 04:57:17
0x3fb9c83060b66a8e316ebea05c0cbfa2baefa8b3,2026-03-19 21:24:31,1,1,0.5559717919376462,1,258,2026-03-19 08:59:49,2026-03-20 04:57:17
0x9f90340b7790a363ef5b042647fa6c34dd4a1fa8,2026-03-19 21:24:33,0,1,0.4855143491678102,0,871,2026-03-19 08:59:49,2026-03-20 04:57:17
0xa5cfb6209768c20dc6cfab82ecb6015be873e47f,2026-03-19 21:24:33,0,1,0.6009720215011284,1,96,2026-03-19 08:59:49,2026-03-20 04:57:17
0xc3c175c9e7bc93e6671e8da96b3259a7208d7237,2026-03-19 21:24:33,0,1,0.5135438143594506,1,550,2026-03-19 08:59:49,2026-03-20 04:57:17
0x0c2e70b413d697d970cfff6a33ff58daa770dcbb,2026-03-19 21:24:35,0,1,0.4746144986747071,0,949,2026-03-19 08:59:49,2026-03-20 04:57:17
0xfbb57eba8402b3e0c167c22d3ba1266539622b6a,2026-03-19 21:24:35,0,1,0.5125227703428977,1,580,2026-03-19 08:59:49,2026-03-20 04:57:17
0x2718833d2a222c61dd2a2cf24ed3331094abec73,2026-03-19 21:24:37,0,1,0.599061150031426,1,105,2026-03-19 08:59:49,2026-03-20 04:57:17
0x5c934b61a144c4fe11270c51fc02154b5239874c,2026-03-19 21:24:37,0,1,0.6014577098705859,1,93,2026-03-19 08:59:49,2026-03-20 04:57:17
0x627c9c496ac3a5c9863a0eb2f17f1c888110d170,2026-03-19 21:24:37,0,1,0.5725683138665163,1,191,2026-03-19 08:59:49,2026-03-20 04:57:17
0x64e0620bbb437b0f5f0e4c60dfef7c2ced22832e,2026-03-19 21:24:37,0,1,0.4512887242702066,0,1109,2026-03-19 08:59:49,2026-03-20 04:57:17
0x7894822a7bf40bd1330624cc14a8d7dd7958c230,2026-03-19 21:24:37,0,1,0.4930022373398075,0,812,2026-03-19 08:59:49,2026-03-20 04:57:17
0xa6dcc89a31d7d68c961969eed282690ed41912ec,2026-03-19 21:24:37,0,1,0.6024707732611982,1,88,2026-03-19 08:59:49,2026-03-20 04:57:17
0xb69f1b665a32fa48b091ee15ffc11a2e5568d51c,2026-03-19 21:24:37,0,1,0.4558571820116746,0,1081,2026-03-19 08:59:49,2026-03-20 04:57:17
0x23fa34d166d91b7b062ae1913be77fd4be17140b,2026-03-19 21:24:39,0,1,0.4458387898866819,0,1126,2026-03-19 08:59:49,2026-03-20 04:57:17
0x7ef982342d6435f7f64e87a6062e880eec243f42,2026-03-19 21:24:39,0,1,0.49556627350510807,0,780,2026-03-19 08:59:49,2026-03-20 04:57:17
0xa3cb435b86702608c4617129a8b2fba85eb72526,2026-03-19 21:24:39,1,1,0.47410371729488987,0,957,2026-03-19 08:59:49,2026-03-20 04:57:17
0xd8e1b7c7108a65a2051d26db17a3d20737608c69,2026-03-19 21:24:45,0,1,0.542794049790056,1,328,2026-03-19 08:59:49,2026-03-20 04:57:17
0x57bbfeed63295586f8ca9398431c3e914f5c45f3,2026-03-19 21:24:47,1,1,0.48726757606819737,0,853,2026-03-19 08:59:49,2026-03-20 04:57:17
0x964e3403cbf050ad731b5b630416f1dfe64a19be,2026-03-19 21:24:47,0,1,0.5180000694848533,1,507,2026-03-19 08:59:49,2026-03-20 04:57:17
0xa639cba9de2767193ac9652e56f79c6a9302a48f,2026-03-19 21:24:47,0,1,0.3330124680332563,0,1283,2026-03-19 08:59:49,2026-03-20 04:57:17
0xb464b1087872437848c1c1d3cc4af62b83b505ab,2026-03-19 21:24:47,0,1,0.5959925442070558,1,110,2026-03-19 08:59:49,2026-03-20 04:57:17
0xf767af73d7726d884e0f15e23de246065db1f052,2026-03-19 21:24:47,0,1,0.4929678867524584,0,813,2026-03-19 08:59:49,2026-03-20 04:57:17
0x7b274a79d805648d3666d83f380592ecb1dfd164,2026-03-19 21:24:49,0,1,0.5901121389370685,1,128,2026-03-19 08:59:49,2026-03-20 04:57:17
0xd13e1585ab393467fe2351e6a9b4801f5b19f2d6,2026-03-19 21:24:49,0,1,0.4787749452215409,0,910,2026-03-19 08:59:49,2026-03-20 04:57:17
0xd80ace15f3adeb0b6eee3472b7cecd3ca27bc714,2026-03-19 21:24:49,0,1,0.5543943078893411,1,268,2026-03-19 08:59:49,2026-03-20 04:57:17
0x1a0e5318cfa2dd483455efe618836e9c20c086a4,2026-03-19 21:24:51,0,1,0.45855187455114427,0,1066,2026-03-19 08:59:49,2026-03-20 04:57:17
0x1d99af8f323fafcef6f92b6e536f8f93bd9b29e2,2026-03-19 21:24:51,0,1,0.494123511914355,0,802,2026-03-19 08:59:49,2026-03-20 04:57:17
0x28ffaded926ecabb3c25d5317eb112a85391d56c,2026-03-19 21:24:51,0,1,0.5927545223938913,1,119,2026-03-19 08:59:49,2026-03-20 04:57:17
0xc10a1961fb0249db97a4525d21af6e09047b46b5,2026-03-19 21:24:51,1,1,0.5072704363075036,1,661,2026-03-19 08:59:49,2026-03-20 04:57:17
0x0cb9ce1be2d9cd3cd498e8ee9b6ad805de78b221,2026-03-19 21:24:57,0,1,0.46718540245483675,0,1014,2026-03-19 08:59:49,2026-03-20 04:57:17
0x3668135cd49e7343a51ce5e17257116d801dd42a,2026-03-19 21:24:57,0,1,0.5187426881344654,1,497,2026-03-19 08:59:49,2026-03-20 04:57:17
0x5c76524ff12d7f5c76dbfe6b34b61d9ac914e438,2026-03-19 21:24:57,0,1,0.5380977488605779,1,355,2026-03-19 08:59:49,2026-03-20 04:57:17
0x5ecbd8857ff0d2327e28533f5de6ead05a0304d9,2026-03-19 21:24:57,0,1,0.5221533886211372,1,469,2026-03-19 08:59:49,2026-03-20 04:57:17
0x7427338e7aa22a8f43affe40b01b6f6aa6bcf0b9,2026-03-19 21:24:57,0,1,0.5374906696270267,1,357,2026-03-19 08:59:49,2026-03-20 04:57:17
0x438663454e6cd38fbd8f4e7866ba7badeabec0d2,2026-03-19 21:25:01,0,1,0.5636323276701487,1,222,2026-03-19 08:59:49,2026-03-20 04:57:17
0x5f24aa2cce9b10ecbc15ec652a57baaec156bb4b,2026-03-19 21:25:01,1,1,0.4864161187262668,0,859,2026-03-19 08:59:49,2026-03-20 04:57:17
0x644740223c854cb3cda40b40f81761fc09908075,2026-03-19 21:25:01,0,1,0.5812856542994759,1,156,2026-03-19 08:59:49,2026-03-20 04:57:17
0x8938361f8de14c932c52cc2e54705f44591c411d,2026-03-19 21:25:01,0,1,0.5390678996821944,1,351,2026-03-19 08:59:49,2026-03-20 04:57:17
0xace67afad8ed9edc0aa7de59c716910f4f30e599,2026-03-19 21:25:01,0,1,0.58610026421034,1,140,2026-03-19 08:59:49,2026-03-20 04:57:17
0xb8e3d389a189ec66a613cdbea07e4738aa04545d,2026-03-19 21:25:01,0,1,0.5564028805383944,1,256,2026-03-19 08:59:49,2026-03-20 04:57:17
0xf356037f86be2cf152b349f1e90485582575641c,2026-03-19 21:25:01,0,1,0.5812868859349296,1,155,2026-03-19 08:59:49,2026-03-20 04:57:17
0x07ee1c1794d2fa946fca61e6858bf6d8d68d6d5a,2026-03-19 21:25:03,0,1,0.44189342241891066,0,1146,2026-03-19 08:59:49,2026-03-20 04:57:17
0x26e76ef9ba06a0095fd03a06321306a9ec4b21dc,2026-03-19 21:25:03,0,1,0.5487635384113835,1,298,2026-03-19 08:59:49,2026-03-20 04:57:17
0x41fc0db187dee7ff532131126d8d3795e16aa467,2026-03-19 21:25:03,0,1,0.5679620932838514,1,209,2026-03-19 08:59:49,2026-03-20 04:57:17
0x524cdf8284dd24a25148066f58ca9e2ce8e39ee3,2026-03-19 21:25:03,0,1,0.5623337743356842,1,228,2026-03-19 08:59:49,2026-03-20 04:57:17
0x7e418bf276b3462235a09c51fa8dda146b5aca06,2026-03-19 21:25:03,0,1,0.5129618912661488,1,571,2026-03-19 08:59:49,2026-03-20 04:57:17
0x52fdda3e1f0aa2f4a667afb0d6ad5343b4644132,2026-03-19 21:25:05,0,1,0.4858279279291522,0,865,2026-03-19 08:59:49,2026-03-20 04:57:17
0x94816b365d0d4c7b22be79e0b7ec623f6812b947,2026-03-19 21:25:05,0,1,0.4703618019881146,0,980,2026-03-19 08:59:49,2026-03-20 04:57:17
0x9e290021dcb185dab1afbca948a320ce5111e410,2026-03-19 21:25:05,0,1,0.5751578634921457,1,182,2026-03-19 08:59:49,2026-03-20 04:57:17
0xf86c606c8a360c38037cdab2f81fb5ed2e94ba99,2026-03-19 21:25:05,0,1,0.4687109567144613,0,1005,2026-03-19 08:59:49,2026-03-20 04:57:17
0xe257ccdc232034931c281efb8d2bfac102043dbb,2026-03-19 21:25:07,1,1,0.5406866851293456,1,340,2026-03-19 08:59:49,2026-03-20 04:57:17
0x336491f165eebb4eb404edd54e2bd93ec0803b56,2026-03-19 21:25:09,0,1,0.3832115266718853,0,1253,2026-03-19 08:59:49,2026-03-20 04:57:17
0x7d9c7320566bb00359a9dec8ae0d705c09fa1450,2026-03-19 21:25:09,0,1,0.513327427705268,1,553,2026-03-19 08:59:49,2026-03-20 04:57:17
0xfeaf52ace1389e417373717f2bdb3ba46cf78d5f,2026-03-19 21:25:11,0,1,0.5911007351500057,1,125,2026-03-19 08:59:49,2026-03-20 04:57:17
0x43598246f1d0146037dccdac9ac3bda9dcf1eea2,2026-03-19 21:25:13,0,1,0.4953619039930804,0,783,2026-03-19 08:59:49,2026-03-20 04:57:17
0x5af6c70051ec0395adacffd13cd302195ce1b933,2026-03-19 21:25:13,1,1,0.5916801949751633,1,122,2026-03-19 08:59:49,2026-03-20 04:57:17
0x9ee0bfa1ea6e81beaf301ff9c5fb0fe76c291006,2026-03-19 21:25:13,1,1,0.514110813990042,1,542,2026-03-19 08:59:49,2026-03-20 04:57:17
0x0ae553ff97cd8a74e5d27dc3fc40cde4bfd6f681,2026-03-19 21:25:15,0,1,0.5448363267115203,1,317,2026-03-19 08:59:49,2026-03-20 04:57:17
0xfd09f163a3a15104875e7f9cbba8000c14635e37,2026-03-19 21:25:15,0,1,0.5366683911270332,1,362,2026-03-19 08:59:49,2026-03-20 04:57:17
0xba8179e81c9ced0c5cec89a6df6b63a907e7dc35,2026-03-19 21:25:17,0,1,0.19621875306801628,0,1310,2026-03-19 08:59:49,2026-03-20 04:57:17
0x0afa7be11ff4e36567d8ada047853122e399eff3,2026-03-19 21:26:21,0,1,0.31666069778032,0,1292,2026-03-19 08:59:49,2026-03-20 04:57:17
0x191193955fa24175e21c14920c75c389badaebf8,2026-03-19 21:26:21,0,1,0.4272254290031789,0,1190,2026-03-19 08:59:49,2026-03-20 04:57:17
0xa4392fc3b0fb0d1858302d9841004955a276db33,2026-03-19 21:26:21,1,1,0.5187932292477129,1,496,2026-03-19 08:59:49,2026-03-20 04:57:17
0xa47bd2f561f14dfe2f41572e70bb34b6f88d8786,2026-03-19 21:26:21,0,1,0.5207063574964519,1,482,2026-03-19 08:59:49,2026-03-20 04:57:17
0xa9f77c52a009408728668224113e5da600cc9c98,2026-03-19 21:26:21,0,1,0.4954833153616616,0,781,2026-03-19 08:59:49,2026-03-20 04:57:17
0xce53dae44814b1cca721156ffb27ff1cb4f5834b,2026-03-19 21:26:21,0,1,0.4681828298111646,0,1007,2026-03-19 08:59:49,2026-03-20 04:57:17
0xe7eb8bd4e0f101706c2b91864bacd35039ea1a2a,2026-03-19 21:26:21,0,1,0.4144236606363412,0,1220,2026-03-19 08:59:49,2026-03-20 04:57:17
0x2187e69f86b3f421e4b44f69176d7a60ff21689a,2026-03-19 21:26:29,0,1,0.48729395646771856,0,852,2026-03-19 08:59:49,2026-03-20 04:57:17
0x6325d725e500f8ba8c96a52b574cdedd6e97cfaa,2026-03-19 21:26:29,0,1,0.5634592684449525,1,224,2026-03-19 08:59:49,2026-03-20 04:57:17
0x6ab434242be94f834de8d38ba2de0b4cbfdaa81b,2026-03-19 21:26:33,0,1,0.41370718964610603,0,1223,2026-03-19 08:59:49,2026-03-20 04:57:17
0xb189448129e51bb687669662ebae730c2a5024ee,2026-03-19 21:26:33,0,1,0.544391615697127,1,320,2026-03-19 08:59:49,2026-03-20 04:57:17
0xfcd841e0c386e22297aba450360934563a4c7412,2026-03-19 21:26:33,0,1,0.43274703580591,0,1180,2026-03-19 08:59:49,2026-03-20 04:57:17
0xdaff324516979079f89121809dea3e2b865d77a6,2026-03-19 21:27:03,0,1,0.5423079030668218,1,331,2026-03-19 08:59:49,2026-03-20 04:57:17
0x5790704b35a30940a5daa9d7901b741941589e0f,2026-03-19 21:27:05,0,1,0.5252008623983492,1,448,2026-03-19 08:59:49,2026-03-20 04:57:17
0x6c8c265bcf1eb8a83b255defd1bcfbbfe62247c0,2026-03-19 21:27:05,0,1,0.4538368386018539,0,1093,2026-03-19 08:59:49,2026-03-20 04:57:17
0xa31cdc647fedd1f262b5f3cf89dd80a622ef63f0,2026-03-19 21:27:05,1,1,0.5567101070093536,1,254,2026-03-19 08:59:49,2026-03-20 04:57:17
0xc735984b28b8e30e186d301b9b41ef8fe8c2b72a,2026-03-19 21:27:11,0,1,0.48576634655350986,0,869,2026-03-19 08:59:49,2026-03-20 04:57:17
0x4af5fc315df1f6bcbb187f080ec457789b3e2263,2026-03-19 21:27:13,1,1,0.5857415885579784,1,142,2026-03-19 08:59:49,2026-03-20 04:57:17
0x8a81855dac33c7603024463d53e700e90bc1a86b,2026-03-19 21:27:15,1,1,0.41458574657693925,0,1218,2026-03-19 08:59:49,2026-03-20 04:57:17
0x98597da16fd05b56941d809e16aa86f9ebd41650,2026-03-19 21:27:33,0,1,0.5150271365315013,1,536,2026-03-19 08:59:49,2026-03-20 04:57:17
0xfd8ef2ab768e4988407dc7a12c71b425a114d59b,2026-03-19 21:27:33,1,1,0.5442571322547058,1,321,2026-03-19 08:59:49,2026-03-20 04:57:17
0x39dcad6ddc175233875b8b0ccf2687ba1c58fc23,2026-03-19 21:27:35,1,1,0.5993932732735173,1,103,2026-03-19 08:59:49,2026-03-20 04:57:17
0x456951c4a022030fa55b72dbefed86b1d774e624,2026-03-19 21:27:39,0,1,0.54821131573981,1,303,2026-03-19 08:59:49,2026-03-20 04:57:17
0x0f0a567d58c2059007ada8796e7ecb82361441c4,2026-03-19 21:28:09,0,1,0.6176623307847908,1,44,2026-03-19 08:59:49,2026-03-20 04:57:17
0x11a85a1918a6b12e8c4ecd6caab842607c53192c,2026-03-19 21:28:09,0,1,0.618341343007752,1,23,2026-03-19 08:59:49,2026-03-20 04:57:17
0x16b09f7d874a645a4e41f1d1899eeed3d72cd8e4,2026-03-19 21:28:09,0,1,0.6174608914568016,1,52,2026-03-19 08:59:49,2026-03-20 04:57:17
0x1f3b7c743c3f9785976bbf83fbfce78c0f7f8b34,2026-03-19 21:28:09,0,1,0.5132307481375089,1,559,2026-03-19 08:59:49,2026-03-20 04:57:17
0x3b2caed9f3f39dff654bf1d05e5e78b753d1725c,2026-03-19 21:28:09,0,1,0.6182282057266961,1,33,2026-03-19 08:59:49,2026-03-20 04:57:17
0x3c9f700648b3ddc46bc2e8211de5eea973b51b53,2026-03-19 21:28:09,0,1,0.618341343007752,1,24,2026-03-19 08:59:49,2026-03-20 04:57:17
0x424b9b3c188d5d9ccf8fadd2f7b07135a26a5526,2026-03-19 21:28:09,0,1,0.6178887193533229,1,37,2026-03-19 08:59:49,2026-03-20 04:57:17
0x487962927fc68e303c83ddfd83689f3e1f323137,2026-03-19 21:28:09,0,1,0.6184544662086465,1,15,2026-03-19 08:59:49,2026-03-20 04:57:17
0x65cc109717790d59e8c37547e4073ee03a5bd22b,2026-03-19 21:28:09,0,1,0.6184544662086465,1,16,2026-03-19 08:59:49,2026-03-20 04:57:17
0x6b78a5bae78dfd6e1504ff682784bcc4419b0446,2026-03-19 21:28:09,0,1,0.618341343007752,1,25,2026-03-19 08:59:49,2026-03-20 04:57:17
0x8043ee870e73a40398a3789c1253cd63765d78ee,2026-03-19 21:28:09,0,1,0.6176623307847908,1,45,2026-03-19 08:59:49,2026-03-20 04:57:17
0x80d41949c19c7271bf78acdedc55069e998f7b29,2026-03-19 21:28:09,0,1,0.618341343007752,1,26,2026-03-19 08:59:49,2026-03-20 04:57:17
0x8119fa329220ca2df731775ebe82e65e3e86c943,2026-03-19 21:28:09,0,1,0.6184544662086465,1,17,2026-03-19 08:59:49,2026-03-20 04:57:17
0x998a568a8f9da813599cc4395db0e5bdf94b6a12,2026-03-19 21:28:09,0,1,0.6178887193533229,1,38,2026-03-19 08:59:49,2026-03-20 04:57:17
0xca1751345954159821bc212268819e0607213d38,2026-03-19 21:28:09,0,1,0.618341343007752,1,27,2026-03-19 08:59:49,2026-03-20 04:57:17
0xdd0c0e995827fc759557aae2d7bc5ab1341c1dc4,2026-03-19 21:28:09,0,1,0.6182282057266961,1,34,2026-03-19 08:59:49,2026-03-20 04:57:17
0xe180105faea50b7f997c64db058f5e50621cd20e,2026-03-19 21:28:09,0,1,0.6184544662086465,1,18,2026-03-19 08:59:49,2026-03-20 04:57:17
0xf63624ec8491d256847459e531f84840779c1c4f,2026-03-19 21:28:09,0,1,0.618341343007752,1,28,2026-03-19 08:59:49,2026-03-20 04:57:17
0xfab7354769689deb7e8cded01a42c702d5ecafac,2026-03-19 21:28:09,0,1,0.6178887193533229,1,39,2026-03-19 08:59:49,2026-03-20 04:57:17
0x2ef0c828ef6be77c486afeb1d924a55b621097d7,2026-03-19 21:28:31,0,1,0.4420427374024534,0,1142,2026-03-19 08:59:49,2026-03-20 04:57:17
0x8010c4e916fc01024a03cb441b802a88eef804e4,2026-03-19 21:28:31,1,1,0.45398063654787413,0,1090,2026-03-19 08:59:49,2026-03-20 04:57:17
0x5877b0631b3302c257388b66db41384dae466b7a,2026-03-19 22:28:55,0,1,0.4421080851943451,0,1141,2026-03-19 08:59:49,2026-03-20 04:57:17
0x686d6322fe686111abd46501050f545998219eb4,2026-03-19 22:28:55,0,1,0.5731747536892262,1,188,2026-03-19 08:59:49,2026-03-20 04:57:17
0x86f2e7c1410262f64aedb4b649d3bc72626da659,2026-03-19 22:28:55,0,1,0.423212680648103,0,1203,2026-03-19 08:59:49,2026-03-20 04:57:17
0xc0dc586d958f719e49897bb582777de29ad29137,2026-03-19 22:28:55,0,1,0.22203407567763914,0,1304,2026-03-19 08:59:49,2026-03-20 04:57:17
0x3d84e354fe20b5e14eeb02140f0aeb1297a74b14,2026-03-19 22:29:05,0,1,0.5352789632912642,1,373,2026-03-19 08:59:49,2026-03-20 04:57:17
0x7096050d917e1b722da5644bfbc6e34478737f78,2026-03-19 22:29:05,0,1,0.45096647970816783,0,1112,2026-03-19 08:59:49,2026-03-20 04:57:17
0x71ea294c2c1770e37344e1f755dfb766662e1ff9,2026-03-19 22:29:05,0,1,0.5952717566930321,1,112,2026-03-19 08:59:49,2026-03-20 04:57:17
0x98cf391ca0ca7b4a41245763bba1def7b580d194,2026-03-19 22:29:05,0,1,0.5663827542068983,1,213,2026-03-19 08:59:49,2026-03-20 04:57:17
0x9973c36c6ad4626daff6d7d09b63c0ff297b6e40,2026-03-19 22:29:05,0,1,0.6057291778430283,1,79,2026-03-19 08:59:49,2026-03-20 04:57:17
0xbb888efc08c9f9c5aa8f3fdac6364d6158b47b8a,2026-03-19 22:29:05,0,1,0.6176135983173858,1,48,2026-03-19 08:59:49,2026-03-20 04:57:17
0x37b5fbc41953e135d9c9e80847a22fe473301145,2026-03-19 22:29:59,0,1,0.5068224439191404,1,670,2026-03-19 08:59:49,2026-03-20 04:57:17
0x79b9f856984c6358332240c4c932756db73c7d93,2026-03-19 22:29:59,1,1,0.46824545271168494,0,1006,2026-03-19 08:59:49,2026-03-20 04:57:17
0x95e88b27cbb6d2dd6f098f5e9943b0aa13051210,2026-03-19 22:29:59,0,1,0.5130417253692181,1,568,2026-03-19 08:59:49,2026-03-20 04:57:17
0x97820aa0cd0ccc7d418964de40a727feebf527f2,2026-03-19 22:29:59,0,1,0.47449774240908205,0,952,2026-03-19 08:59:49,2026-03-20 04:57:17
0xb19024bb760ae5f79ff1c00044979e7d67bdcd9f,2026-03-19 22:29:59,0,1,0.5098893685415259,1,617,2026-03-19 08:59:49,2026-03-20 04:57:17
0xd18129c4f899b8c95b7c8f464b4491565783beca,2026-03-19 22:29:59,0,1,0.5059456271196733,1,679,2026-03-19 08:59:49,2026-03-20 04:57:17
0xdea4f317ec725b923000ff47099b7b3755d3f900,2026-03-19 22:29:59,0,1,0.5114553750200326,1,597,2026-03-19 08:59:49,2026-03-20 04:57:17
0xdf480fd461c0727f6634a39de731665d17531751,2026-03-19 22:29:59,0,1,0.5324655305945285,1,394,2026-03-19 08:59:49,2026-03-20 04:57:17
0xe3b7f848c353683275b443857f9e61e399b4a65f,2026-03-19 22:29:59,0,1,0.4857948178770365,0,867,2026-03-19 08:59:49,2026-03-20 04:57:17
0x021c4eefdb5b5943431079f60a0ab41384e1c5e9,2026-03-19 22:30:01,0,1,0.5200368204842175,1,487,2026-03-19 08:59:49,2026-03-20 04:57:17
0xaba76511f493066600972f8db489ca5830fbfac8,2026-03-19 22:30:01,1,1,0.5150549197090185,1,535,2026-03-19 08:59:49,2026-03-20 04:57:17
0x8b915f87e2e7e4bf99a49b223cd8a97498fac408,2026-03-19 22:30:15,0,1,0.4555931798531552,0,1084,2026-03-19 08:59:49,2026-03-20 04:57:17
0x7d4a7992cbdffabda49be06164abc62b953bb3c5,2026-03-19 22:31:41,0,1,0.45265262999740846,0,1100,2026-03-19 08:59:49,2026-03-20 04:57:17
0xd06f9b9147113082f59289e8c0354a08fa306719,2026-03-19 22:31:43,0,1,0.4783260430959507,0,912,2026-03-19 08:59:49,2026-03-20 04:57:17
0xee2f4467eb01819efe485f77b33854eea3289410,2026-03-19 22:31:45,0,1,0.5423602245834427,1,330,2026-03-19 08:59:49,2026-03-20 04:57:17
0x0b5d2ee4797a59a65acab7d12788f38f5169bdfd,2026-03-19 22:31:47,0,1,0.4042904249385843,0,1234,2026-03-19 08:59:49,2026-03-20 04:57:17
0x286ae167a9ce52a9acade5b2b6951e7f6020ac60,2026-03-19 22:31:47,0,1,0.5049993967951332,1,688,2026-03-19 08:59:49,2026-03-20 04:57:17
0x290ee82d904b09032217a5753f328d396f3a0783,2026-03-19 22:31:47,0,1,0.5733934911959129,1,186,2026-03-19 08:59:49,2026-03-20 04:57:17
0xbfecfec396df78863bc721ef85e3c4b3a2ed4dc7,2026-03-19 22:31:47,0,1,0.5484252405612499,1,301,2026-03-19 08:59:49,2026-03-20 04:57:17
0xfd8e637bc0288bf648a85364578d57229ca22bf4,2026-03-19 22:31:47,0,1,0.3942584173976153,0,1244,2026-03-19 08:59:49,2026-03-20 04:57:17
0xd28d57aec74bfa527121699490fc37fd703a9d09,2026-03-19 22:31:49,0,1,0.49104045881463776,0,828,2026-03-19 08:59:49,2026-03-20 04:57:17
0xcc421a2d5d95e0222048dbd6a58c07afacb301b2,2026-03-19 22:32:05,0,1,0.6176623298791337,1,46,2026-03-19 08:59:49,2026-03-20 04:57:17
0x356f9ac32d69c3e89bb8390b263ce07d77f9639f,2026-03-19 22:32:57,0,1,0.5043924347807357,1,697,2026-03-19 08:59:49,2026-03-20 04:57:17
0x54ab26fb98111128b9832a68119436d3699fcd5b,2026-03-19 22:32:57,0,1,0.5134396760200363,1,551,2026-03-19 08:59:49,2026-03-20 04:57:17
0x0056b9fd8180924159213403203f4abfd74f7d9a,2026-03-19 22:32:59,1,1,0.5716464738301433,1,196,2026-03-19 08:59:49,2026-03-20 04:57:17
0x08d1ff19ad153470fd1a4d0a2b5af1601d4928ad,2026-03-19 22:33:01,0,1,0.3695175935323813,0,1266,2026-03-19 08:59:49,2026-03-20 04:57:17
0x51189ce24e97949358f55c775aa7a17f67966449,2026-03-19 22:33:01,0,1,0.18422902296976623,0,1313,2026-03-19 08:59:49,2026-03-20 04:57:17
0xafd03afd03d0181b4dc85a7e8c5e51d045f0a098,2026-03-19 22:33:01,0,1,0.5001944868587438,1,736,2026-03-19 08:59:49,2026-03-20 04:57:17
0xf82ab3edf9cd9ddfe927aefecec742989123d221,2026-03-19 22:33:01,0,1,0.3287640325119405,0,1288,2026-03-19 08:59:49,2026-03-20 04:57:17
0xaaa98a654f438233dc667f1471dca25f957facef,2026-03-19 22:33:03,0,1,0.46976420394546176,0,991,2026-03-19 08:59:49,2026-03-20 04:57:17
0xd3be00026e2c8a226244d793a50693fcb632c163,2026-03-19 22:33:03,0,1,0.3452617624160008,0,1278,2026-03-19 08:59:49,2026-03-20 04:57:17
0x08b79d55989e83d1514331657ef948211ff151f0,2026-03-19 22:33:05,1,1,0.5090586905749018,1,635,2026-03-19 08:59:49,2026-03-20 04:57:17
0x40ef38cb2b041d07fdc01b2da06b29ca11b1734e,2026-03-19 22:33:05,0,1,0.49387067385929684,0,805,2026-03-19 08:59:49,2026-03-20 04:57:17
0x764ca1fa1ec3ea979460141ff88edf578b81f3a1,2026-03-19 22:33:05,0,1,0.5351245754209589,1,374,2026-03-19 08:59:49,2026-03-20 04:57:17
0x9629804e001a60ebe8a289a334ccf2e5553aee15,2026-03-19 22:33:05,0,1,0.5074473338466203,1,658,2026-03-19 08:59:49,2026-03-20 04:57:17
0xa8995e41496a71d91a2974fe6bdb4a115e68f68d,2026-03-19 22:33:05,0,1,0.551345675099327,1,287,2026-03-19 08:59:49,2026-03-20 04:57:17
0xc994c1e258242637e2f3b3bcd10731f8b0bfc5f6,2026-03-19 22:33:05,0,1,0.5045183167872146,1,696,2026-03-19 08:59:49,2026-03-20 04:57:17
0x15433d02ed351aceeaad48b17e83724457b0b5e7,2026-03-19 22:33:07,0,1,0.5045256424364051,1,694,2026-03-19 08:59:49,2026-03-20 04:57:17
0x3ee52bafe56e27495e8fb3571988bdea52fd4aa0,2026-03-19 22:33:07,1,1,0.47080890195045033,0,979,2026-03-19 08:59:49,2026-03-20 04:57:17
0xecf396296be2271813234210b71783240f7f9c8e,2026-03-19 22:33:07,0,1,0.577593173918837,1,168,2026-03-19 08:59:49,2026-03-20 04:57:17
0x6db9fd6ab8a2a62ab275ea283309c6c5ebdd1baf,2026-03-19 22:33:09,0,1,0.5086319059503936,1,640,2026-03-19 08:59:49,2026-03-20 04:57:17
0x92fa0e2bba7080f917645bd26fd869f57ca57843,2026-03-19 22:33:09,0,1,0.4792501416421733,0,907,2026-03-19 08:59:49,2026-03-20 04:57:17
0xa588ed9269c7f4c8cb2ffe5d8c55ba8a64516b0e,2026-03-19 22:33:09,0,1,0.5260316111821194,1,445,2026-03-19 08:59:49,2026-03-20 04:57:17
0xd295d850a50b9c30fd195e3e3e52f1a0732b5a0c,2026-03-19 22:33:09,0,1,0.5086259155454638,1,641,2026-03-19 08:59:49,2026-03-20 04:57:17
0xfcbecc7e5186e88e03445b81f593685d62828f44,2026-03-19 22:33:09,0,1,0.3795005719527881,0,1256,2026-03-19 08:59:49,2026-03-20 04:57:17
0x492442eab586f242b53bda933fd5de859c8a3782,2026-03-19 22:33:11,0,1,0.1708536130625991,0,1315,2026-03-19 08:59:49,2026-03-20 04:57:17
0x64555db79239209794195d9b5ccad9ea2e1284d0,2026-03-19 22:33:11,0,1,0.5067848185924612,1,673,2026-03-19 08:59:49,2026-03-20 04:57:17
0x252d7bae5ec87553dcafb23e275c202ac0d3c456,2026-03-19 22:33:19,1,1,0.5538578452895182,1,271,2026-03-19 08:59:49,2026-03-20 04:57:17
0xec73bd9cdb1ab3cc482792fe1c577e32c5ddd411,2026-03-19 22:33:19,0,1,0.5258907974141448,1,446,2026-03-19 08:59:49,2026-03-20 04:57:17
0x77f13e9eb71f1ebd7553fe5f626030e51f53f489,2026-03-19 22:33:21,0,1,0.442622823234263,0,1139,2026-03-19 08:59:49,2026-03-20 04:57:17
0x746819833820610b55a4108fcf998632b8ae3d24,2026-03-19 22:33:27,0,1,0.5166032725002551,1,518,2026-03-19 08:59:49,2026-03-20 04:57:17
0x42792156f526b97b21206ada4eaf39afc86b367b,2026-03-19 22:33:29,0,1,0.4457082648412624,0,1127,2026-03-19 08:59:49,2026-03-20 04:57:17
0x1e09f943634cd92245fd5325f70e616ed4aff05f,2026-03-19 23:30:13,0,1,0.5093238808869482,1,630,2026-03-19 08:59:49,2026-03-20 04:57:17
0x49dbfd6946082a11994e58c27e39415f661235c6,2026-03-19 23:30:13,1,1,0.6045482026419703,1,80,2026-03-19 08:59:49,2026-03-20 04:57:17
0xa60fd333ad02b4b6bbf08ab53eb290841833175b,2026-03-19 23:30:13,0,1,0.508683564018268,1,638,2026-03-19 08:59:49,2026-03-20 04:57:17
0xeab89796c6818766c3837f2718c574c295f380a5,2026-03-19 23:31:09,0,1,0.522229902809273,1,466,2026-03-19 08:59:49,2026-03-20 04:57:17
0x4f42bf7d8eac6d9dd10334798ee47ae8c2170a62,2026-03-19 23:32:01,0,1,0.5036041165908984,1,707,2026-03-19 08:59:49,2026-03-20 04:57:17
0x5bf8b2c493b4288086bf0105ef66d8728c6c5fac,2026-03-19 23:32:01,0,1,0.541781668432136,1,337,2026-03-19 08:59:49,2026-03-20 04:57:17
0x9307abfba4ff6f9d2c982bb253760fe126cdf2d9,2026-03-19 23:32:01,1,1,0.5119735075503333,1,591,2026-03-19 08:59:49,2026-03-20 04:57:17
0x9ccb2cc40adea0fc5ead21a8216bbc5bb180f20a,2026-03-19 23:32:01,0,1,0.5635163561556414,1,223,2026-03-19 08:59:49,2026-03-20 04:57:17
0x9efb4a4b543afb5f438d2945be4c6b394f225e81,2026-03-19 23:32:01,0,1,0.5280973103146718,1,423,2026-03-19 08:59:49,2026-03-20 04:57:17
0xb53414a91c3b2b8c6fd8faa0d3606140b830f7e7,2026-03-19 23:32:01,1,1,0.577838739262279,1,165,2026-03-19 08:59:49,2026-03-20 04:57:17
0xb86fb53d918ed9cae9de219ea66ca8b3a9e5c7ab,2026-03-19 23:32:01,0,1,0.4843808065092925,0,876,2026-03-19 08:59:49,2026-03-20 04:57:17
0x15a1924ff2db3cf1725311aca723f2912cff1ffb,2026-03-19 23:32:03,0,1,0.5626910241213433,1,227,2026-03-19 08:59:49,2026-03-20 04:57:17
0x0fd63fa34431dddda59c7e5fc78356f4db67ab52,2026-03-19 23:33:33,0,1,0.5012983735758891,1,727,2026-03-19 08:59:49,2026-03-20 04:57:17
0xa6a786cac8fee1d184e3ef986894c7a7244fe5d4,2026-03-19 23:33:33,0,1,0.4931026331542348,0,811,2026-03-19 08:59:49,2026-03-20 04:57:17
0x04b4f55bea2478a02af3fb239cb7fca50f4a8d0b,2026-03-19 23:33:35,0,1,0.48961734086842895,0,838,2026-03-19 08:59:49,2026-03-20 04:57:17
0x24a6b0347cb144cdcd92e6b60ce8503b0a31a99e,2026-03-19 23:33:35,0,1,0.5157483244900294,1,523,2026-03-19 08:59:49,2026-03-20 04:57:17
0x3a2536eb18c68b194a117e36871d31b11845bb6b,2026-03-19 23:33:35,0,1,0.4714746345427153,0,974,2026-03-19 08:59:49,2026-03-20 04:57:17
0x44ca33af5fbd1d9e98049b7a37ee5512cc46907c,2026-03-19 23:33:35,0,1,0.5336829775845531,1,390,2026-03-19 08:59:49,2026-03-20 04:57:17
0x678e8458fd248778bc419de6e767c5898e118a6a,2026-03-19 23:33:35,0,1,0.46917920519506856,0,1000,2026-03-19 08:59:49,2026-03-20 04:57:17
0x7aabccaf38f7e4d66c1055bc34ff09900be04452,2026-03-19 23:33:35,0,1,0.4348168783563089,0,1175,2026-03-19 08:59:49,2026-03-20 04:57:17
0x8bac6c2d298f49d067337b2f98e0a5a62a94cf49,2026-03-19 23:33:35,0,1,0.5619329535156873,1,229,2026-03-19 08:59:49,2026-03-20 04:57:17
0xea7858bbe437292b5316c1215a6597cf3fa5a74e,2026-03-19 23:33:35,0,1,0.45304335721357053,0,1098,2026-03-19 08:59:49,2026-03-20 04:57:17
0x5e3040eb55cb0f4f86eb0af40cb84c9d3585acbf,2026-03-19 23:33:37,0,1,0.578612857641345,1,164,2026-03-19 08:59:49,2026-03-20 04:57:17
0x18c667bdf7a0cf26f269e72fddf38103454fa4db,2026-03-19 23:33:39,1,1,0.48952504147408304,0,840,2026-03-19 08:59:49,2026-03-20 04:57:17
0x1dd1fceb9d5e918aca329f1f5209c85d44c97040,2026-03-19 23:33:39,0,1,0.5014479497814577,1,726,2026-03-19 08:59:49,2026-03-20 04:57:17
0x64236789041266bbefa778a710e220d979ff1474,2026-03-19 23:33:39,0,1,0.5125806948793881,1,579,2026-03-19 08:59:49,2026-03-20 04:57:17
0x8882badcd9ce5786454bc55bd6b8fa05063503fb,2026-03-19 23:33:39,0,1,0.48792509960567887,0,850,2026-03-19 08:59:49,2026-03-20 04:57:17
0x90b0114cbba3886c4dca9a2ec70b8bb1e755a24d,2026-03-19 23:33:39,0,1,0.47303181502379593,0,966,2026-03-19 08:59:49,2026-03-20 04:57:17
0xf9885da150836378ce5689395ff4d194683fd63b,2026-03-19 23:33:39,1,1,0.30869927944098075,0,1294,2026-03-19 08:59:49,2026-03-20 04:57:17
0x37047dc494de76fb5f42c80b3eb164e39406e7d0,2026-03-19 23:33:41,0,1,0.4473636652916112,0,1119,2026-03-19 08:59:49,2026-03-20 04:57:17
0x5b64ed7a06f1e2b210c73e65a8e82a9b86e9eaf4,2026-03-19 23:33:41,0,1,0.39647455183391,0,1240,2026-03-19 08:59:49,2026-03-20 04:57:17
0x68e79a115b18b2d819ef7d09422dbb92b1a10169,2026-03-19 23:33:41,1,1,0.6187461059548621,1,9,2026-03-19 08:59:49,2026-03-20 04:57:17
0xdfb776fdbfeae62d8ad538a9b861abaa56f7df10,2026-03-19 23:33:41,0,1,0.5233100071869123,1,461,2026-03-19 08:59:49,2026-03-20 04:57:17
0x96849cccbae4a823ff80720a35fb306cbc2fcebd,2026-03-19 23:33:43,0,1,0.46093164387784613,0,1053,2026-03-19 08:59:49,2026-03-20 04:57:17
0xc18a89a19f6c66a2f02069aacd953446cd85b3db,2026-03-19 23:33:43,0,1,0.6185729113818633,1,13,2026-03-19 08:59:49,2026-03-20 04:57:17
0xff39c4be49d99acc5b80aea107d0b378343fb904,2026-03-19 23:33:43,0,1,0.5022926461545333,1,718,2026-03-19 08:59:49,2026-03-20 04:57:17
0x2bfa5b63e3b62065cbf4e75929cc87140eca91cf,2026-03-19 23:33:45,0,1,0.4778358867946606,0,918,2026-03-19 08:59:49,2026-03-20 04:57:17
0x02b59fc7d842cc6e67b5c580cb22acdbd3218136,2026-03-19 23:34:05,0,1,0.5133704577536243,1,552,2026-03-19 08:59:49,2026-03-20 04:57:17
0x55ab6191d1d3609f6ffb12f17d56fe9453da4f88,2026-03-19 23:34:05,0,1,0.4701691570409913,0,982,2026-03-19 08:59:49,2026-03-20 04:57:17
0x4add0b25c30d0b7b6e294b69b0d2da27ebcc8f36,2026-03-19 23:34:09,0,1,0.1636168914849828,0,1316,2026-03-19 08:59:49,2026-03-20 04:57:17
0x7dca2869d414157983b0b2a169ca6232d65a72a5,2026-03-19 23:34:09,1,1,0.5019847770076401,1,720,2026-03-19 08:59:49,2026-03-20 04:57:17
0x938e136aa485d95f430e555907572161cb5ec7a7,2026-03-19 23:34:09,0,1,0.46468594799127505,0,1031,2026-03-19 08:59:49,2026-03-20 04:57:17
0xd1a6835297404bb68c2a5b1e13dc70cf696c3a51,2026-03-19 23:34:11,1,1,0.49673873016517467,0,770,2026-03-19 08:59:49,2026-03-20 04:57:17
0xefcedda09b4f2224c856edbd9c41c1d6db124e4a,2026-03-19 23:34:11,0,1,0.43588526226873087,0,1171,2026-03-19 08:59:49,2026-03-20 04:57:17
0x21d3643373665d1db4492099bde0e299d2286fd7,2026-03-19 23:34:13,0,1,0.5427222335675916,1,329,2026-03-19 08:59:49,2026-03-20 04:57:17
0x25bf191acd1a2bdc1dfc64ae10260af85f2563b0,2026-03-19 23:34:13,0,1,0.6175491164898349,1,49,2026-03-19 08:59:49,2026-03-20 04:57:17
0x2beff56f7ebd95441b1aff89d1eb8832c5d39080,2026-03-19 23:34:13,0,1,0.6187937606120637,1,8,2026-03-19 08:59:49,2026-03-20 04:57:17
0x6dc0f014d3d46dcfc4b52194bc0086636ec6699a,2026-03-19 23:34:13,0,1,0.5151396806924058,1,534,2026-03-19 08:59:49,2026-03-20 04:57:17
0xf7f2139bc0fa361273fafc7f64a17742aa9cb9f1,2026-03-19 23:34:13,0,1,0.5667886663119397,1,211,2026-03-19 08:59:49,2026-03-20 04:57:17
0x3c32339db767b7753054af0732e58ae6fbd57156,2026-03-19 23:34:17,0,1,0.413088884463746,0,1225,2026-03-19 08:59:49,2026-03-20 04:57:17
0x39dc8d76ff3a77b483f5b6530f18bc66fe5f3fb1,2026-03-19 23:34:19,0,1,0.47952694984607175,0,906,2026-03-19 08:59:49,2026-03-20 04:57:17
0xba58e7209765989edcd8d72f614d15ee438428c2,2026-03-19 23:34:19,1,1,0.4512751558790462,0,1110,2026-03-19 08:59:49,2026-03-20 04:57:17
0x472ddc15f5cba590cec6eaf2b0778dddd87dc0db,2026-03-19 23:34:21,0,1,0.5038652936519556,1,705,2026-03-19 08:59:49,2026-03-20 04:57:17
0x0e879626cb4c130bf24b96e874f149bc299a2171,2026-03-19 23:34:23,0,1,0.4949146347180405,0,790,2026-03-19 08:59:49,2026-03-20 04:57:17
0x600fee6c46494810742ee001022f1f2848100c61,2026-03-19 23:34:23,0,1,0.6012990988280159,1,94,2026-03-19 08:59:49,2026-03-20 04:57:17
0xad42a6cd7cabd0657fa3e24e2fbc0b642a9ac918,2026-03-19 23:34:23,0,1,0.6178026967718315,1,40,2026-03-19 08:59:49,2026-03-20 04:57:17
0x5039c58a38c3fc2e4c1a4bf472f4c75f357ba717,2026-03-19 23:34:25,0,1,0.48900025420240356,0,843,2026-03-19 08:59:49,2026-03-20 04:57:17
0x2a04aa2e9213c40ce95cbe0e4c3a8fe91145b254,2026-03-19 23:34:29,0,1,0.5073020620761851,1,659,2026-03-19 08:59:49,2026-03-20 04:57:17
0xbf688e1602846a74c322f50145b6fba74a43ae5c,2026-03-19 23:34:29,0,1,0.5724887008866296,1,192,2026-03-19 08:59:49,2026-03-20 04:57:17
0xa2e02afef57ad77e55a1d6b47222c1c26fcbd084,2026-03-19 23:34:31,1,1,0.43739330585782554,0,1165,2026-03-19 08:59:49,2026-03-20 04:57:17
0x9df115c30866975d41502a938c1da0336dac7776,2026-03-19 23:34:33,0,1,0.5592647506151088,1,243,2026-03-19 08:59:49,2026-03-20 04:57:17
0xb083d9d1c2ff7fdb2e78f3c88a885ec2d58ad6a5,2026-03-19 23:34:33,0,1,0.42026695939817627,0,1209,2026-03-19 08:59:49,2026-03-20 04:57:17
0xd11aa98ee93315dfd0dcbb2429b7a359cea909ee,2026-03-19 23:34:33,0,1,0.4776753006984353,0,921,2026-03-19 08:59:49,2026-03-20 04:57:17
0x1cc9aa8250b87e342ee2dba6ad528c1de13c772f,2026-03-19 23:34:35,0,1,0.5467494902827937,1,309,2026-03-19 08:59:49,2026-03-20 04:57:17
0x7a146c5e70c092d06be27097a5c770b49d0bd748,2026-03-19 23:34:35,0,1,0.4406249157752748,0,1152,2026-03-19 08:59:49,2026-03-20 04:57:17
0x448861155279dbf833d041b963e3ac854599e319,2026-03-19 23:34:37,1,1,0.15611451427645562,0,1320,2026-03-19 08:59:49,2026-03-20 04:57:17
0xa7c00ff2f91ed5a18432376d5a97363648acdada,2026-03-19 23:34:37,0,1,0.4829837261083767,0,886,2026-03-19 08:59:49,2026-03-20 04:57:17
0xfed7218425c82676a07454f19aaefa1538935490,2026-03-19 23:35:25,0,1,0.475549159749628,0,942,2026-03-19 08:59:49,2026-03-20 04:57:17
0xfe3436c31a1e2ab383bc53fc072b94f8be10e166,2026-03-19 23:35:45,0,1,0.46319391019044637,0,1042,2026-03-19 08:59:49,2026-03-20 04:57:17
0x61af87361f026720ff3bcf1aba637e685dccaa01,2026-03-19 23:35:47,1,1,0.4766367071174714,0,932,2026-03-19 08:59:49,2026-03-20 04:57:17
0x77ad16d257284172c56e171d859b2cc9cf2903f2,2026-03-19 23:35:47,0,1,0.5992012329322456,1,104,2026-03-19 08:59:49,2026-03-20 04:57:17
0x179955f270c1457d26bdac1b5c3553ccf36f3ca9,2026-03-20 00:40:45,0,1,0.5523684154334749,1,280,2026-03-19 08:59:49,2026-03-20 04:57:17
0xffe0fe97dc52f69d17df0b6a0490b9b5f152919e,2026-03-20 00:40:45,0,1,0.37718853200520247,0,1259,2026-03-19 08:59:49,2026-03-20 04:57:17
0xcd60d9e86814b98dc3ed33670185ba8103361ae5,2026-03-20 00:40:47,0,1,0.6091433133110713,1,73,2026-03-19 08:59:49,2026-03-20 04:57:17
0x5f4fc359460dbe427ae7d4f81b4a34b3678cc2f1,2026-03-20 00:41:01,0,1,0.5758788197291687,1,176,2026-03-19 08:59:49,2026-03-20 04:57:17
0xa8813c42a87d08764a1a0c00da8de14c9af11f87,2026-03-20 00:41:03,0,1,0.4350252300212966,0,1174,2026-03-19 08:59:49,2026-03-20 04:57:17
0x7c2ea0d4ff256287e9eef3ab6a342a8ca32b0e0f,2026-03-20 00:41:05,0,1,0.5573832607083805,1,252,2026-03-19 08:59:49,2026-03-20 04:57:17
0x9c5b0cb8deba60fada48fe5f933a47c9928099d0,2026-03-20 00:41:07,0,1,0.5835608791260346,1,150,2026-03-19 08:59:49,2026-03-20 04:57:17
0xac8f73feefaa7aa023fcd9b74c949c6215994fc9,2026-03-20 00:41:07,0,1,0.576930693130608,1,171,2026-03-19 08:59:49,2026-03-20 04:57:17
0xb27996680d83e3060b8772535a946369384d6ad4,2026-03-20 00:41:07,0,1,0.49997615731555994,0,740,2026-03-19 08:59:49,2026-03-20 04:57:17
0xd5251a4aaa202f449a07821a15c7ab2032e60d81,2026-03-20 00:41:09,0,1,0.42506331629127214,0,1196,2026-03-19 08:59:49,2026-03-20 04:57:17
0x4f24c99574d2a23e9e2063bbadcabf3f97c71a65,2026-03-20 00:41:13,0,1,0.5915602040326444,1,123,2026-03-19 08:59:49,2026-03-20 04:57:17
0xbb7c5de9eeedd03925807942a13f9631bde83a5b,2026-03-20 00:41:13,0,1,0.5587612975192879,1,246,2026-03-19 08:59:49,2026-03-20 04:57:17
0x6debe30259d01e494c452f5455635d0c7361f584,2026-03-20 00:41:29,1,1,0.4983275630393764,0,756,2026-03-19 08:59:49,2026-03-20 04:57:17
0xc64edf00db1d5ae441a20866b4186020540ffd52,2026-03-20 00:41:29,1,1,0.49608580323424284,0,776,2026-03-19 08:59:49,2026-03-20 04:57:17
0x9013e637016a5501ad1e67e398c8398c821ae7e0,2026-03-20 00:42:01,0,1,0.4860072628321755,0,862,2026-03-19 08:59:49,2026-03-20 04:57:17
0x605dc67e70540ab898a454be8513a876ad7e2415,2026-03-20 00:42:03,0,1,0.5099280841929695,1,616,2026-03-19 08:59:49,2026-03-20 04:57:17
0x87e348893cc03cc6860b3b07e22d87c968ba4f16,2026-03-20 00:42:05,0,1,0.5416749467907128,1,338,2026-03-19 08:59:49,2026-03-20 04:57:17
0xaf8fbc6cf9f502420b8ac1f3674d9e59eeeb9d3c,2026-03-20 00:42:05,0,1,0.427247078299926,0,1189,2026-03-19 08:59:49,2026-03-20 04:57:17
0xd4281e4ed3c38413e4333b960c17bc516e456368,2026-03-20 00:42:05,0,1,0.5803559184241172,1,159,2026-03-19 08:59:49,2026-03-20 04:57:17
0xd59ec52eee9fd2fcd41204f0da1f1ddcf608af4e,2026-03-20 00:42:05,1,1,0.4767373076211514,0,931,2026-03-19 08:59:49,2026-03-20 04:57:17
0x10b289276b2b69cac7b1bbc58601009b6ee74ceb,2026-03-20 00:42:07,0,1,0.5614199055838807,1,233,2026-03-19 08:59:49,2026-03-20 04:57:17
0x977b871c9ea07823f3b7bcd9183c747322270e58,2026-03-20 00:43:33,0,1,0.5275797875933808,1,429,2026-03-19 08:59:49,2026-03-20 04:57:17
0xfccdcc10a8edc2a4adaf6aa2c38355034fa3947e,2026-03-20 00:43:33,0,1,0.4658214355655452,0,1021,2026-03-19 08:59:49,2026-03-20 04:57:17
0x382a1718fe0882aeabb0e560264e572f4280cccc,2026-03-20 00:43:37,1,1,0.4293130130934272,0,1187,2026-03-19 08:59:49,2026-03-20 04:57:17
0x0351f300ccb30246e713f688fedee27652165517,2026-03-20 00:44:03,0,1,0.5132889510246209,1,554,2026-03-19 08:59:49,2026-03-20 04:57:17
0x9f461a32c32189cf3db378289fe2dc4df8ac5d5f,2026-03-20 00:44:03,0,1,0.6185709702610679,1,14,2026-03-19 08:59:49,2026-03-20 04:57:17
0x85215f1aff7fb679ed511800413ab9cf5981df10,2026-03-20 00:44:05,0,1,0.5128794025437007,1,572,2026-03-19 08:59:49,2026-03-20 04:57:17
0xad61e70166ac53a02db57ee141824785f11e727e,2026-03-20 00:44:05,0,1,0.5364187978922216,1,363,2026-03-19 08:59:49,2026-03-20 04:57:17
0x528ff0b0cc2c8228721b30828ea574aba54e2101,2026-03-20 00:44:07,0,1,0.49361216756576143,0,806,2026-03-19 08:59:49,2026-03-20 04:57:17
0x12e5ce52745acad3a8c1c205dca5a44ecb796f78,2026-03-20 00:44:25,0,1,0.4143996582126643,0,1221,2026-03-19 08:59:49,2026-03-20 04:57:17
0x306ed9fb65c966dc7d5bbf7797e77e3df99242e7,2026-03-20 00:44:25,0,1,0.4213536404692662,0,1207,2026-03-19 08:59:49,2026-03-20 04:57:17
0x57dedd62596dd4f85c7ebe5317e07d22795ecd90,2026-03-20 00:44:25,0,1,0.4398300501427753,0,1157,2026-03-19 08:59:49,2026-03-20 04:57:17
0xc29198ad764bd6adaf7bb971a3757a689ece5d74,2026-03-20 00:44:25,0,1,0.4410837400184966,0,1149,2026-03-19 08:59:49,2026-03-20 04:57:17
0x16b28cfe458efb4af0375744ed7bbfa4c20ed33b,2026-03-20 00:44:29,0,1,0.5130381311834588,1,570,2026-03-19 08:59:49,2026-03-20 04:57:17
0x1c050fb044576dfc5d46c779b85e068996a4f123,2026-03-20 00:44:29,0,1,0.5953931187466367,1,111,2026-03-19 08:59:49,2026-03-20 04:57:17
0x6ca6add9bd5f3a8443ab5e5ed585cb98a3764256,2026-03-20 00:44:29,1,1,0.515847887492758,1,522,2026-03-19 08:59:49,2026-03-20 04:57:17
0xcf5342561c26ce4d8b1cc5e1c7aefa8d1e6be269,2026-03-20 00:44:29,0,1,0.4642813556124916,0,1033,2026-03-19 08:59:49,2026-03-20 04:57:17
0x1fb53d2bc848bfd686498bcbfa90867f5576c1e3,2026-03-20 00:44:31,1,1,0.6176623297659267,1,47,2026-03-19 08:59:49,2026-03-20 04:57:17
0x74453c75e92b9bf8c68c2c6fa0c8a83f5ee37331,2026-03-20 00:44:31,0,1,0.4939407971422765,0,804,2026-03-19 08:59:49,2026-03-20 04:57:17
0xa855bf8e1d72e4c11b4bbcb6d5421a4ea86d3a4e,2026-03-20 00:44:31,0,1,0.47719997900654576,0,925,2026-03-19 08:59:49,2026-03-20 04:57:17
0xcbbc5e035504421b084ad9248b660f6e9618b5d0,2026-03-20 00:44:35,0,1,0.4745096263189593,0,951,2026-03-19 08:59:49,2026-03-20 04:57:17
0x8713af555eadf8564fee5a0a0a26a909f13bbfd5,2026-03-20 00:44:37,0,1,0.430493995651753,0,1186,2026-03-19 08:59:49,2026-03-20 04:57:17
0xaa930fdc4caa3c0f6067404a7bd7899ca45f0bc7,2026-03-20 00:44:37,0,1,0.5923253424591889,1,120,2026-03-19 08:59:49,2026-03-20 04:57:17
0x070bffbc138364078ca64f97b14a367a48f29914,2026-03-20 00:44:41,0,1,0.5130971390950021,1,565,2026-03-19 08:59:49,2026-03-20 04:57:17
0x1203702c9a42342a453f049fb1d1778da10c3947,2026-03-20 00:44:41,0,1,0.5346551122992935,1,377,2026-03-19 08:59:49,2026-03-20 04:57:17
0xb8706282d06360023f943759f20f121dc73c5a8a,2026-03-20 00:44:41,0,1,0.5047447434279403,1,693,2026-03-19 08:59:49,2026-03-20 04:57:17
0x31121402eafd4a157141db8f84b5da297ff63fcd,2026-03-20 00:44:43,0,1,0.5775322974708916,1,169,2026-03-19 08:59:49,2026-03-20 04:57:17
0x3a02d645bea3a2d7123b727070c1cf12f729a770,2026-03-20 00:44:43,0,1,0.3769441125551257,0,1261,2026-03-19 08:59:49,2026-03-20 04:57:17
0x8e52216607ebb117b498b689bcdc6d778cd32320,2026-03-20 00:44:43,0,1,0.20512920618243083,0,1307,2026-03-19 08:59:49,2026-03-20 04:57:17
0x9ed5ba74d377a688db02a7d3858724093afeb6b0,2026-03-20 00:44:45,1,1,0.5206045090730053,1,483,2026-03-19 08:59:49,2026-03-20 04:57:17
0x48f73ca6a2de7fc187daf5c7a28de3aa625f3f56,2026-03-20 00:44:51,0,1,0.40461030528631964,0,1233,2026-03-19 08:59:49,2026-03-20 04:57:17
0xcbd0e369865f23f5233515959140bfdc939cce8f,2026-03-20 00:44:51,0,1,0.5092749512190108,1,631,2026-03-19 08:59:49,2026-03-20 04:57:17
0xe5b8f9ef3e59414bfc74a3eeed1b557d5608a279,2026-03-20 00:44:55,1,1,0.40561017157647367,0,1232,2026-03-19 08:59:49,2026-03-20 04:57:17
0xf58c3b9b37e091e8918fa7eb3eea2f433e830394,2026-03-20 00:44:55,0,1,0.5121614189662295,1,587,2026-03-19 08:59:49,2026-03-20 04:57:17
0xe8c2f03d93b2b7fe0d31fa561ad0a4b93e0c65bb,2026-03-20 00:44:57,0,1,0.44441940963252163,0,1130,2026-03-19 08:59:49,2026-03-20 04:57:17
0xf0fabce09e434a17d8c8951e8f70c35a3a795e58,2026-03-20 00:44:57,0,1,0.5130381314229834,1,569,2026-03-19 08:59:49,2026-03-20 04:57:17
0xf11c45ca0bdd1e3af9c6249083f2230aa694fa02,2026-03-20 00:44:57,0,1,0.4950107204015088,0,786,2026-03-19 08:59:49,2026-03-20 04:57:17
0xdf6e99ed4089980438f9543eb2744511584e35c7,2026-03-20 00:45:05,1,1,0.5485699040102215,1,300,2026-03-19 08:59:49,2026-03-20 04:57:17
0xe3aafbc6a39d3c5283bf377d146658255379405e,2026-03-20 00:45:07,0,1,0.5039378421703944,1,704,2026-03-19 08:59:49,2026-03-20 04:57:17
0x68342c085185a3af0bcbca66510821676be06b66,2026-03-20 00:45:09,0,1,0.5713433958184374,1,200,2026-03-19 08:59:49,2026-03-20 04:57:17
0xd835d7d435eedf84c76392dcea09d9b701d8f2d1,2026-03-20 00:45:09,1,1,0.5932508232774063,1,118,2026-03-19 08:59:49,2026-03-20 04:57:17
0x1063ca86b4cd8b3abb28a937d975ce89cdac18e1,2026-03-20 00:45:11,1,1,0.5920789214109982,1,121,2026-03-19 08:59:49,2026-03-20 04:57:17
0x2d4c729299e6e261bdf61d859dbe772e00002e02,2026-03-20 00:45:11,0,1,0.4431738762101979,0,1136,2026-03-19 08:59:49,2026-03-20 04:57:17
0x64b66c4aa6d03a307901b34db1710f6026ca3710,2026-03-20 00:45:11,1,1,0.5465082352601557,1,310,2026-03-19 08:59:49,2026-03-20 04:57:17
0xcb9046f65377e3f2ae5d2c2e9b6f2127265c4d19,2026-03-20 00:45:11,0,1,0.6183424735181918,1,22,2026-03-19 08:59:49,2026-03-20 04:57:17
0x27f2a52746ec99f00be163cf5efe8b53f303e046,2026-03-20 00:45:13,0,1,0.4815404452833793,0,895,2026-03-19 08:59:49,2026-03-20 04:57:17
0x41891faca26a7c881b5109f7efd13c8c1556d0ce,2026-03-20 00:45:13,0,1,0.5486404877569121,1,299,2026-03-19 08:59:49,2026-03-20 04:57:17
0x61a0ed614dbca50907c614d1a292f3e90a2f0ae9,2026-03-20 00:45:13,0,1,0.5156629397148661,1,524,2026-03-19 08:59:49,2026-03-20 04:57:17
0x7bbaa0232a6f34f4f86f4f9756d84bbfd1419bac,2026-03-20 00:45:19,0,1,0.4632462685042465,0,1039,2026-03-19 08:59:49,2026-03-20 04:57:17
0xc561b14904d769eda31628082c005362ba60dc22,2026-03-20 00:45:19,1,1,0.5534588240162426,1,273,2026-03-19 08:59:49,2026-03-20 04:57:17
0xd13c16aa8667764ef0de77dce5be226c04957ad0,2026-03-20 00:45:19,0,1,0.5132640409834933,1,558,2026-03-19 08:59:49,2026-03-20 04:57:17
0x6d5f21b995e3e92d5909845f49e48cb9ba200db1,2026-03-20 00:45:21,1,1,0.46526013461930854,0,1025,2026-03-19 08:59:49,2026-03-20 04:57:17
0xdc18f4c3f6bd95041d23a6f43f30800e4b672ce9,2026-03-20 00:45:21,0,1,0.45970002920505243,0,1058,2026-03-19 08:59:49,2026-03-20 04:57:17
0xf6099904dea96d51b5df5fcd3baf662789587295,2026-03-20 00:45:21,0,1,0.4495002518680806,0,1113,2026-03-19 08:59:49,2026-03-20 04:57:17
0x00841d579dd4644c7bff6721be90d9fd33324c4f,2026-03-20 00:45:23,0,1,0.44872698928492044,0,1116,2026-03-19 08:59:49,2026-03-20 04:57:17
0x2b5117f4afe18c09775518bcede08540c2a6bab7,2026-03-20 00:47:15,1,1,0.5091648998385867,1,634,2026-03-19 08:59:49,2026-03-20 04:57:17
0x418bfab40ec0248d23ca7a6a55e7ac58ee4da741,2026-03-20 01:18:05,1,1,0.48619782043670634,0,861,2026-03-19 08:59:49,2026-03-20 04:57:17
0x551c8f09fffa54889974a101e2af2b92c13dfe91,2026-03-20 01:18:05,0,1,0.33569768395180966,0,1282,2026-03-19 08:59:49,2026-03-20 04:57:17
0x59d4a69c0da718e44ff33f8690c314481157b745,2026-03-20 01:18:05,0,1,0.5329322860564989,1,392,2026-03-19 08:59:49,2026-03-20 04:57:17
0x21d3f4c3512a904ebf2aa264ce6dee155b5c5ac6,2026-03-20 01:18:09,0,1,0.6183458674175457,1,21,2026-03-19 08:59:49,2026-03-20 04:57:17
0x7b180973e6f69caf08a3d96d90c11122ae7eefae,2026-03-20 01:18:09,1,1,0.5391667423462061,1,349,2026-03-19 08:59:49,2026-03-20 04:57:17
0x93173b86dbe2f2dd9922c751806d306b48cf5a5f,2026-03-20 01:18:09,0,1,0.3718290016575121,0,1263,2026-03-19 08:59:49,2026-03-20 04:57:17
0x2cc60aa57f2ee11bc83a75f4c45aceb3c9146049,2026-03-20 01:18:13,1,1,0.6150890058571267,1,62,2026-03-19 08:59:49,2026-03-20 04:57:17
0x1a9fff9ca3662a86c78dbe8eeae71a2a0327baf6,2026-03-20 01:18:17,1,1,0.518723671981117,1,498,2026-03-19 08:59:49,2026-03-20 04:57:17
0x1ca03f0bc7af7d39a6d35c2191bcd39eebf538ba,2026-03-20 01:18:19,0,1,0.5108715251368293,1,603,2026-03-19 08:59:49,2026-03-20 04:57:17
0x029aa03228d18286bc93ba3e74a835e7c48760fc,2026-03-20 01:18:25,0,1,0.518465151315891,1,503,2026-03-19 08:59:49,2026-03-20 04:57:17
0x0386204f5c2b4a7cb52c357753287aec96134789,2026-03-20 01:18:25,1,1,0.6009696245551427,1,97,2026-03-19 08:59:49,2026-03-20 04:57:17
0x631bb2cb5104430d4c40ea720a6ff40716d75f47,2026-03-20 01:18:27,0,1,0.4709857447019468,0,977,2026-03-19 08:59:49,2026-03-20 04:57:17
0x9bb2acdbf69ec7759876cb1d97537cb7c25421cb,2026-03-20 01:18:27,0,1,0.5584712793049815,1,247,2026-03-19 08:59:49,2026-03-20 04:57:17
0xbb97e95b18ba91828e1451fefad16104c4cb81e2,2026-03-20 01:18:27,0,1,0.5168817101908598,1,516,2026-03-19 08:59:49,2026-03-20 04:57:17
0xd55008a88002817de7eb12b1de63b62cecf89a8e,2026-03-20 01:18:27,0,1,0.6015816656669681,1,91,2026-03-19 08:59:49,2026-03-20 04:57:17
0xb973ee7a62e596179007eb11084cced9c36f6493,2026-03-20 01:18:31,0,1,0.5850657928124189,1,146,2026-03-19 08:59:49,2026-03-20 04:57:17
0xf0ac5725f74f44cd80f5e65c7f9fc5b3e5d24ec7,2026-03-20 01:18:33,0,1,0.5899291697755553,1,129,2026-03-19 08:59:49,2026-03-20 04:57:17
0xea79b717d3837dd84603c994feca546265d20a75,2026-03-20 01:18:39,0,1,0.5121845393346011,1,585,2026-03-19 08:59:49,2026-03-20 04:57:17
0x6ac5bb06a9eb05641fd5e82640268b92f3ab4b6e,2026-03-20 01:18:47,1,1,0.602749450428546,1,87,2026-03-19 08:59:49,2026-03-20 04:57:17
0xeafbd9f06a2294a6ee33d13cc42d14f796c8f246,2026-03-20 01:18:47,0,1,0.49576766993836774,0,778,2026-03-19 08:59:49,2026-03-20 04:57:17
0x037055d4e0b4e2bc09a47c1857f1956c596ad000,2026-03-20 01:18:49,0,1,0.5071998407472335,1,662,2026-03-19 08:59:49,2026-03-20 04:57:17
0x2c77c848cbe94c196ce981027daa19be6b0bbde7,2026-03-20 01:18:51,0,1,0.5393616964612371,1,347,2026-03-19 08:59:49,2026-03-20 04:57:17
0x00fefd8cfd35bd0ccd86083086ffbf39240e52e2,2026-03-20 01:18:53,1,1,0.5907456147666624,1,126,2026-03-19 08:59:49,2026-03-20 04:57:17
0x42539c1d6f74ade31b9d6891916713a34413e682,2026-03-20 01:18:53,0,1,0.5582204000524169,1,248,2026-03-19 08:59:49,2026-03-20 04:57:17
0xb4209e83949caf5789f116265cefe96070780608,2026-03-20 01:18:53,0,1,0.4748571725330371,0,948,2026-03-19 08:59:49,2026-03-20 04:57:17
0xcc8064821acdec09816683a17734b120fe29c8d0,2026-03-20 01:18:53,0,1,0.37154121618705604,0,1264,2026-03-19 08:59:49,2026-03-20 04:57:17
0xfe24dd640f792355d3c829cf6f21c27b363a3919,2026-03-20 01:18:55,0,1,0.4650383564111631,0,1027,2026-03-19 08:59:49,2026-03-20 04:57:17
0x8c0b024c17831a0dde038547b7e791ae6a0d7aa5,2026-03-20 01:19:01,0,1,0.3288858958874262,0,1287,2026-03-19 08:59:49,2026-03-20 04:57:17
0x118f6eb83ea96c9711b78ba9fa951c71b80a27df,2026-03-20 01:19:11,0,1,0.48640961966757196,0,860,2026-03-19 08:59:49,2026-03-20 04:57:17
0x71ceef2b182c1a9b065e71081bc0f45e0374637f,2026-03-20 01:19:13,0,1,0.5791586149726369,1,162,2026-03-19 08:59:49,2026-03-20 04:57:17
0x7b0e62338fb3318edb3825f9715c527b1df37454,2026-03-20 01:19:15,0,1,0.44171228029094317,0,1148,2026-03-19 08:59:49,2026-03-20 04:57:17
0x55c2b4caed0018aae233cd4a3e70f5b4b8b48be8,2026-03-20 01:19:17,0,1,0.46769181075405025,0,1011,2026-03-19 08:59:49,2026-03-20 04:57:17
0x719394f746ec6014f7bcfc6150d9455bdc9aae51,2026-03-20 01:19:17,1,1,0.5083015437515209,1,646,2026-03-19 08:59:49,2026-03-20 04:57:17
0x9ccc0ca985cd638f106d5f355cc2e4d11d4ce7e8,2026-03-20 01:19:17,0,1,0.4901400488808459,0,835,2026-03-19 08:59:49,2026-03-20 04:57:17
0x140891ee5c1214859198b80f0a5a4880ba57b4f8,2026-03-20 01:19:25,0,1,0.5101303147803176,1,615,2026-03-19 08:59:49,2026-03-20 04:57:17
0x42ca1aa3e997efcd4a3f61c1afa6efcadb924155,2026-03-20 01:19:25,0,1,0.5422165763195839,1,332,2026-03-19 08:59:49,2026-03-20 04:57:17
0xd7b96fa5fc6c07bb94c579b798979a8173e341a9,2026-03-20 01:19:27,0,1,0.29487102487025785,0,1298,2026-03-19 08:59:49,2026-03-20 04:57:17
0x1cfc0cffd3f92a9824e6572cbd3d91fecee375ab,2026-03-20 01:19:31,0,1,0.4757768171976161,0,939,2026-03-19 08:59:49,2026-03-20 04:57:17
0x77586afad036c798693ef241780a3a48d22a42a9,2026-03-20 01:19:33,0,1,0.5010903431202965,1,728,2026-03-19 08:59:49,2026-03-20 04:57:17
0x589d01d6030feea7b3fa452b225bd39abaafd79a,2026-03-20 01:19:35,0,1,0.3961139250129808,0,1241,2026-03-19 08:59:49,2026-03-20 04:57:17
0x0f7cdcaf7d87f1c4e4f675a8499fdfacb1f31558,2026-03-20 01:19:39,0,1,0.5128111788297225,1,573,2026-03-19 08:59:49,2026-03-20 04:57:17
0xa62d447970f003773ce52874c3f50a7dad62c152,2026-03-20 01:19:41,0,1,0.5421977834713632,1,334,2026-03-19 08:59:49,2026-03-20 04:57:17
0xe741e2d1c033149d4cb56c1e231dc4a2a6346d56,2026-03-20 01:19:41,1,1,0.5421977835903534,1,333,2026-03-19 08:59:49,2026-03-20 04:57:17
0x101b6d72a606f3222e31e5a82b77a930ca786ac2,2026-03-20 01:19:47,0,1,0.5568783395266084,1,253,2026-03-19 08:59:49,2026-03-20 04:57:17
0x88275bb9e312126d1ddb727782dc35d03a155d62,2026-03-20 01:19:49,0,1,0.4778201007728419,0,919,2026-03-19 08:59:49,2026-03-20 04:57:17
0x783b53f025442490cfb4b54793d81572e7d9dc4c,2026-03-20 01:19:59,0,1,0.4992221042864368,0,746,2026-03-19 08:59:49,2026-03-20 04:57:17
0x71a3a8ec7c20bc185f6b7893c7da09f47add22c9,2026-03-20 01:20:09,0,1,0.5183041992506715,1,504,2026-03-19 08:59:49,2026-03-20 04:57:17
0x09b7c7435bd14ab7cfed0be0e796c2363816d0e2,2026-03-20 01:20:15,0,1,0.4768731856899967,0,930,2026-03-19 08:59:49,2026-03-20 04:57:17
0x0e15a66e2b497691fe946dc26709e7b4ac218ea4,2026-03-20 01:20:15,0,1,0.47447542929974745,0,953,2026-03-19 08:59:49,2026-03-20 04:57:17
0x84e6212b50e0814439211d0ead45386365d7eb7f,2026-03-20 01:20:15,1,1,0.5381105531125832,1,354,2026-03-19 08:59:49,2026-03-20 04:57:17
0xdcaa2cf1ee2132a9f53ef3b95eb69ab60f88eeeb,2026-03-20 01:20:17,0,1,0.4538360435202362,0,1094,2026-03-19 08:59:49,2026-03-20 04:57:17
0x06b2f2874511917638a4e39de4181e0b69fb0c61,2026-03-20 01:20:21,0,1,0.5098482592298667,1,619,2026-03-19 08:59:49,2026-03-20 04:57:17
0x24d1782344f34c248b8668035dd4d25badd458a1,2026-03-20 01:20:23,0,1,0.5132249584238867,1,560,2026-03-19 08:59:49,2026-03-20 04:57:17
0xf9c1398f0dddde72ffbf73e71ad70a316866167f,2026-03-20 01:20:37,0,1,0.5048197514348096,1,691,2026-03-19 08:59:49,2026-03-20 04:57:17
0xa6eafc5eb30a22bfd6369569001029862b07c293,2026-03-20 01:20:41,0,1,0.5042440717208454,1,698,2026-03-19 08:59:49,2026-03-20 04:57:17
0xb839e63b6d01116a0f8830005fdf545420955f5b,2026-03-20 01:20:41,1,1,0.5555447823185019,1,261,2026-03-19 08:59:49,2026-03-20 04:57:17
0x7a906f1fa266bc2ea989762674d7b931e01e700b,2026-03-20 01:20:49,1,1,0.5109518603607166,1,600,2026-03-19 08:59:49,2026-03-20 04:57:17
0x8f12a462eb5391996ff6b54c4322ede77d189aee,2026-03-20 03:06:19,1,1,0.6086531984407865,1,74,2026-03-19 08:59:49,2026-03-20 04:57:17
0x2d1f90c523fb3d915580130b3d3701a07cf295ca,2026-03-20 03:06:21,0,1,0.5069599011334603,1,668,2026-03-19 08:59:49,2026-03-20 04:57:17
0x9582c289b0ce8f00054df87fa2f539fb75f90ddb,2026-03-20 03:06:21,1,1,0.5057976293838298,1,682,2026-03-19 08:59:49,2026-03-20 04:57:17
0xc599d5628315a27f8ae9e5210d919f2a434b1b59,2026-03-20 03:06:21,0,1,0.5272084877793923,1,432,2026-03-19 08:59:49,2026-03-20 04:57:17
0x49a8ee4c0e69befd20ed2adbc80944b6a644b182,2026-03-20 03:06:23,1,1,0.6182488425939143,1,32,2026-03-19 08:59:49,2026-03-20 04:57:17
0x91c2939d0b24a2ad3e90c4fe9e0a53a259d1732a,2026-03-20 03:06:23,0,1,0.42869285614278224,0,1188,2026-03-19 08:59:49,2026-03-20 04:57:17
0x9ceaa567754c75f74db89f3085e0509d60f2a932,2026-03-20 03:06:23,0,1,0.5058808027143743,1,681,2026-03-19 08:59:49,2026-03-20 04:57:17
0xd0c7f0d430bf1ec764a8279a75235fb5e54e4459,2026-03-20 03:06:23,0,1,0.4950000433018778,0,787,2026-03-19 08:59:49,2026-03-20 04:57:17
0x2639f6f482cd58072c9d931a7a1059136ea9a9b6,2026-03-20 03:06:53,1,1,0.4441472710689178,0,1131,2026-03-19 08:59:49,2026-03-20 04:57:17
0x72206a99ace7ffb2da4fc0794adf8971b6eba5be,2026-03-20 03:06:53,0,1,0.5275576290229678,1,430,2026-03-19 08:59:49,2026-03-20 04:57:17
0x7c33fd0d4ecc7f1864471b6d5257649a2d264f53,2026-03-20 03:06:53,1,1,0.5949434482358761,1,114,2026-03-19 08:59:49,2026-03-20 04:57:17
0x9480f51b9222a48d2a431768d392512f6e8c6797,2026-03-20 03:06:55,0,1,0.5945604468056765,1,116,2026-03-19 08:59:49,2026-03-20 04:57:17
0x0a4d2a4d3ed984027562c2ff163fbde020b1ce2c,2026-03-20 03:06:59,0,1,0.11537911392635215,0,1321,2026-03-19 08:59:49,2026-03-20 04:57:17
0x4dd92b6e1171b6bed7530538b95f85787f493c35,2026-03-20 03:06:59,0,1,0.46980214379143714,0,990,2026-03-19 08:59:49,2026-03-20 04:57:17
0xef2e2fd7a18f409f703f036df91e23e9dfab10c3,2026-03-20 03:06:59,0,1,0.5766730996327588,1,173,2026-03-19 08:59:49,2026-03-20 04:57:17
0x0894ed7cd911949afbf1e2505c4586fb17a93dde,2026-03-20 03:07:01,1,1,0.5030791137889598,1,711,2026-03-19 08:59:49,2026-03-20 04:57:17
0x77407ddb1413a14f6ab47dc2c2f2c9c7fa1a6439,2026-03-20 03:07:03,0,1,0.5449034022583836,1,316,2026-03-19 08:59:49,2026-03-20 04:57:17
0xaf4635074c8f9966ff44f2497183b53fc0578c1d,2026-03-20 03:07:03,0,1,0.4960904750547737,0,775,2026-03-19 08:59:49,2026-03-20 04:57:17
0x4c69097d4d2a4856a62b1799b5b3fc6e3e1dd64b,2026-03-20 03:07:05,0,1,0.5907287742788899,1,127,2026-03-19 08:59:49,2026-03-20 04:57:17
0x655c54eb17803bf3a4de23e5a522cbd5b9501a00,2026-03-20 03:07:09,0,1,0.5873525062810068,1,136,2026-03-19 08:59:49,2026-03-20 04:57:17
0x568d36a400efde9b9bd9b0bc003751be36be9b81,2026-03-20 03:07:11,0,1,0.5557077119779665,1,259,2026-03-19 08:59:49,2026-03-20 04:57:17
0x95d83b82ce7486b47410524c473ca515f0998304,2026-03-20 03:07:13,0,1,0.5268806670154955,1,435,2026-03-19 08:59:49,2026-03-20 04:57:17
0x960d3885480e29be6eaa02c2e7a820012e214629,2026-03-20 03:07:13,0,1,0.5471978493525619,1,307,2026-03-19 08:59:49,2026-03-20 04:57:17
0xc454873a20721f5ebe1c3e42694a0ac28fda8c23,2026-03-20 03:07:13,0,1,0.5074825677940487,1,657,2026-03-19 08:59:49,2026-03-20 04:57:17
0xcefbe615a8a244f5a58ef20e310a93c931ef7d85,2026-03-20 03:07:13,0,1,0.4950626862766562,0,785,2026-03-19 08:59:49,2026-03-20 04:57:17
0xf8da44406655ea1df0f6cacc17e5305641179530,2026-03-20 03:07:13,0,1,0.5246981444696195,1,454,2026-03-19 08:59:49,2026-03-20 04:57:17
0x5c566d8d2b34ac91002cdb9cef7ea39e789a8a8a,2026-03-20 03:07:45,0,1,0.5809034656236179,1,158,2026-03-19 08:59:49,2026-03-20 04:57:17
0x60369262b9089f8bb3794f4876cb57852672d2cc,2026-03-20 03:07:45,0,1,0.4419850312995605,0,1143,2026-03-19 08:59:49,2026-03-20 04:57:17
0xa94a9a729ba99fabf66ac4669625d507092618cb,2026-03-20 03:07:47,0,1,0.4531572251585814,0,1096,2026-03-19 08:59:49,2026-03-20 04:57:17
0xe0ecd40807ac67f3bbe4faa9f6dbb43195e768b6,2026-03-20 03:09:31,1,1,0.4570327620886379,0,1071,2026-03-19 08:59:49,2026-03-20 04:57:17
0x2b480f2221b1f73ed767a448960076bd83cc79c8,2026-03-20 03:10:21,0,1,0.4714322022980635,0,975,2026-03-19 08:59:49,2026-03-20 04:57:17
0x6465d9c2a5a95fbf148c2622ec835bc46a83e38f,2026-03-20 03:10:21,0,1,0.4253429089723131,0,1195,2026-03-19 08:59:49,2026-03-20 04:57:17
0x93cc64dceb9b1929f98d469501e0aa35d0ed6ffc,2026-03-20 03:10:21,0,1,0.3107570384844724,0,1293,2026-03-19 08:59:49,2026-03-20 04:57:17
0xa1af1e087791f95519bd6aeba9d9ba7ca90db4a9,2026-03-20 03:10:21,0,1,0.5511820632824758,1,289,2026-03-19 08:59:49,2026-03-20 04:57:17
0x8c368d7fe10a8f1f19fab95444186e26d7dd08f5,2026-03-20 03:11:45,0,1,0.4944575137778938,0,795,2026-03-19 08:59:49,2026-03-20 04:57:17
0xbce077eb74c5d867715721f6b80829939222f095,2026-03-20 03:11:47,0,1,0.49205967506195497,0,821,2026-03-19 08:59:49,2026-03-20 04:57:17
0x9328c893d455f1b021b2ff3febbb0815b995213b,2026-03-20 03:11:49,0,1,0.48354372565437853,0,884,2026-03-19 08:59:49,2026-03-20 04:57:17
0xd943d4aa51f33339ce5a630a5810ba0ec8253974,2026-03-20 03:12:23,0,1,0.46752901845711975,0,1013,2026-03-19 08:59:49,2026-03-20 04:57:17
0x4a5147d7af926edc3054c2e4cfe9becd36c14ef6,2026-03-20 03:12:43,1,1,0.4911557259204698,0,825,2026-03-19 08:59:49,2026-03-20 04:57:17
0x1838cca016850ac7185a9b149fe7d0bd2d6629b4,2026-03-20 03:12:45,0,1,0.46627617468371324,0,1017,2026-03-19 08:59:49,2026-03-20 04:57:17
0x4acc5038c9eb89a9ab72b7b5c6d50ddce2e04e6f,2026-03-20 03:13:13,0,1,0.47411076672847485,0,956,2026-03-19 08:59:49,2026-03-20 04:57:17
0x413d04ce54be35435ce7e7c8fe260fec92ca8064,2026-03-20 03:13:15,0,1,0.4690997247606353,0,1001,2026-03-19 08:59:49,2026-03-20 04:57:17
0x8a950b638806044447ee523f2ebecbd9b722b092,2026-03-20 03:13:15,0,1,0.25628585167374013,0,1300,2026-03-19 08:59:49,2026-03-20 04:57:17
0x9ad7ea66995b79f667380a64729cffe7cc9ab8eb,2026-03-20 03:13:15,0,1,0.5067121011286514,1,674,2026-03-19 08:59:49,2026-03-20 04:57:17
0x2c787041d8c615b72689359e40d7a32441cbaad1,2026-03-20 04:52:39,1,1,0.47358013640330193,0,962,2026-03-19 08:59:49,2026-03-20 04:57:17
0x41f95947a7121cafff0ae10ae860e5a0e33384e6,2026-03-20 04:52:39,1,1,0.5096483103284323,1,624,2026-03-19 08:59:49,2026-03-20 04:57:17
0x6bc53ca467020cbf7c9d4b08cf885e50752e3c73,2026-03-20 04:52:39,0,1,0.5873075685240787,1,137,2026-03-19 08:59:49,2026-03-20 04:57:17
0x865f2f2d68647baf20ec9fd92eaa0fc48bd7e88e,2026-03-20 04:52:39,0,1,0.4902242735818623,0,833,2026-03-19 08:59:49,2026-03-20 04:57:17
0x9121648131e3ec8dd8d93a5674a4424eeeeabd6c,2026-03-20 04:52:39,0,1,0.6181376303169065,1,35,2026-03-19 08:59:49,2026-03-20 04:57:17
0xeb139b7533cb59d42a3f11f0f4890aaa7ae7a774,2026-03-20 04:52:39,1,1,0.6186184728995104,1,10,2026-03-19 08:59:49,2026-03-20 04:57:17
0x69645cea639e7a19cbde6c126a197bc1abafef53,2026-03-20 04:52:41,1,1,0.5097001230628382,1,623,2026-03-19 08:59:49,2026-03-20 04:57:17
0xd4d940a726bcbf03e42c8f38a98abc44088c510e,2026-03-20 04:52:47,0,1,0.4610570890730985,0,1051,2026-03-19 08:59:49,2026-03-20 04:57:17
0x1db6717cf8b16c125e68c307b76b4798ee750d9e,2026-03-20 04:52:49,0,1,0.48042887604746365,0,901,2026-03-19 08:59:49,2026-03-20 04:57:17
0x3470e2fa1bd3455a072259dadf1295ef173abe67,2026-03-20 04:52:51,0,1,0.2143194588301376,0,1306,2026-03-19 08:59:49,2026-03-20 04:57:17
0x747ff68dae1940e3a773ae0d0a76cec71e00ad68,2026-03-20 04:52:53,0,1,0.6040568279879683,1,82,2026-03-19 08:59:49,2026-03-20 04:57:17
0x18b2e4b944cec0fefbba1305b1e3b27d5dfcb36e,2026-03-20 04:52:55,0,1,0.5718972644504642,1,195,2026-03-19 08:59:49,2026-03-20 04:57:17
0x7d7e2eb017025ae93d03a2e7fb5c588b12ae3b4f,2026-03-20 04:52:57,0,1,0.5175136976282168,1,510,2026-03-19 08:59:49,2026-03-20 04:57:17
0x0f57abbdb7bd103d0578a4bf29b4107811b3d48f,2026-03-20 04:53:01,1,1,0.5715526319658861,1,198,2026-03-19 08:59:49,2026-03-20 04:57:17
0xe3d4dee2427b98042822543f8e1e8ab7bafb2bac,2026-03-20 04:53:01,0,1,0.3673472469022193,0,1269,2026-03-19 08:59:49,2026-03-20 04:57:17
0x8c80b446e95051c41286a77edcbfa93c9eed6422,2026-03-20 04:53:09,0,1,0.6185964749358691,1,12,2026-03-19 08:59:49,2026-03-20 04:57:17
0x8259492cb645eedb11227be30b9373a408276992,2026-03-20 04:54:07,0,1,0.5125047234540623,1,582,2026-03-19 08:59:49,2026-03-20 04:57:17
0x7acbc14a0e89a1d4dc9286c34da8aeaa367870e8,2026-03-20 04:54:59,0,1,0.5228605193105667,1,462,2026-03-19 08:59:49,2026-03-20 04:57:17
0x8ef6e4c5653d78713bde9fee57b5d4e302ca51cc,2026-03-20 04:55:01,0,1,0.5493963840087539,1,294,2026-03-19 08:59:49,2026-03-20 04:57:17
0xa8e48df2fbafd2254a76096f7b1890617fff65e7,2026-03-20 04:55:01,0,1,0.4974054442848759,0,766,2026-03-19 08:59:49,2026-03-20 04:57:17
0xaf638e959af817a314d11d210ffbd51689d98d1c,2026-03-20 04:55:01,0,1,0.5152460416452108,1,530,2026-03-19 08:59:49,2026-03-20 04:57:17
0x260bf562848a575626cc25d58b73ed205659f8ee,2026-03-20 04:55:03,0,1,0.4225463218017916,0,1204,2026-03-19 08:59:49,2026-03-20 04:57:17
0x3c32840980dc77149271ac32f6890e39785712ad,2026-03-20 04:55:03,0,1,0.5192064274996127,1,493,2026-03-19 08:59:49,2026-03-20 04:57:17
0xcefe4f9a78cf6bb540e40351ddda6e1247137ff4,2026-03-20 04:55:03,0,1,0.44667110842181723,0,1122,2026-03-19 08:59:49,2026-03-20 04:57:17
0x008d9856a3d97518eed2d5a97b59d7a7fdb0b839,2026-03-20 04:55:09,0,1,0.5028706825715136,1,714,2026-03-19 08:59:49,2026-03-20 04:57:17
0x3b030ba1e6bd001c389f8d2952a5448a13fc3c79,2026-03-20 04:55:09,1,1,0.4980899249482745,0,760,2026-03-19 08:59:49,2026-03-20 04:57:17
0x40bbea33335d8b940cad052f224aff4a34976ce1,2026-03-20 04:55:09,0,1,0.5435093351897768,1,324,2026-03-19 08:59:49,2026-03-20 04:57:17
0x5384a1edecbcc1b80f22066bfb498f7d4f958ff7,2026-03-20 04:55:09,1,1,0.4988672446679356,0,749,2026-03-19 08:59:49,2026-03-20 04:57:17
0x63dede27c242172d24cd7a6a8629a92ce4aaf65b,2026-03-20 04:55:09,1,1,0.5219982720506513,1,473,2026-03-19 08:59:49,2026-03-20 04:57:17
0xcb699a0a4591d91f1bece0c9b892cebbf04bc81a,2026-03-20 04:55:09,1,1,0.4382848996495469,0,1159,2026-03-19 08:59:49,2026-03-20 04:57:17
0xa1abe8290dab4e26086d339e475b75f07f2d81f5,2026-03-20 04:55:23,1,1,0.503151126352735,1,709,2026-03-19 08:59:49,2026-03-20 04:57:17
0xfd6de7197aea1e9eb18f33a6f45055e87bfdcc9b,2026-03-20 04:55:23,1,1,0.5353680610490592,1,371,2026-03-19 08:59:49,2026-03-20 04:57:17
0x153b6f7e3f8b46ccc4481101a48f86e5fa2c654c,2026-03-20 04:57:09,0,1,0.5346307852558061,1,378,2026-03-19 08:59:49,2026-03-20 04:57:17
0x3fc7cfdd6d6808ffab1f2d1ed970b2a2e154a172,2026-03-20 04:57:09,1,1,0.5127986036044228,1,575,2026-03-19 08:59:49,2026-03-20 04:57:17
0xaa22ab6e0e757c4f2ad280ff251280aca09a2303,2026-03-20 04:57:13,0,1,0.40149510085262163,0,1238,2026-03-19 08:59:49,2026-03-20 04:57:17
0x53a0ef6fb89a5614d5dbad737d74c1037ccd1f8e,2026-03-20 04:57:15,0,1,0.4379853272968434,0,1161,2026-03-19 08:59:49,2026-03-20 04:57:17
0x6049761986af66cd8e78997c940766bd69c7f14f,2026-03-20 04:57:17,0,1,0.5098076422349973,1,621,2026-03-19 08:59:49,2026-03-20 04:57:17
0x91fca5f80210616c56327b0e317802b6e3de54c9,2026-03-20 04:57:17,0,1,0.44195825634669816,0,1145,2026-03-19 08:59:49,2026-03-20 04:57:17
0x7db35e4b94dedcd0cccbe74414364ad04ddc77cc,2026-03-20 04:57:19,0,2,0.4642935626661502,0,1034,2026-03-20 04:57:19,2026-03-21 15:23:05
0xb895b1c023ce2c0a50db89b606e3a674f46a3e8a,2026-03-20 04:57:19,0,2,0.5220026710468483,1,467,2026-03-20 04:57:19,2026-03-21 15:23:05
0xe752c8fb588608395a0dae82ab7bc18c19c02200,2026-03-20 04:58:15,0,2,0.47666306031271527,0,932,2026-03-20 04:57:19,2026-03-21 15:23:05
0x1b469e90cbf93dda8afc01cf5a21435eb73f944c,2026-03-20 04:58:19,1,2,0.49144343406380336,0,782,2026-03-20 04:57:19,2026-03-21 15:23:05
0x27037ff345c41d2223b94266f0bf980e31713088,2026-03-20 05:54:45,0,2,0.516109371565417,1,505,2026-03-20 04:57:19,2026-03-21 15:23:05
0x365bb3cbdaacc4b85f6d021ea709e33719ac7a6b,2026-03-20 05:54:47,0,2,0.49562467414206934,0,720,2026-03-20 04:57:19,2026-03-21 15:23:05
0xe6ac4decf2a6e97bbf9277f24f1adac8b8f8a6f1,2026-03-20 05:54:47,0,2,0.6053681275976425,1,91,2026-03-20 04:57:19,2026-03-21 15:23:05
0x0809a6372694e4367adebdfef434e9f8d1aafc33,2026-03-20 05:54:49,0,2,0.5878857249868863,1,134,2026-03-20 04:57:19,2026-03-21 15:23:05
0x2ffb8063e19859d539a2c7c9f053328d23b7e82a,2026-03-20 05:54:49,0,2,0.403571369591148,0,1243,2026-03-20 04:57:19,2026-03-21 15:23:05
0xd519aaa92aacaebcfd29f55b037d9d529cfe2789,2026-03-20 05:54:49,0,2,0.6163758663956893,1,20,2026-03-20 04:57:19,2026-03-21 15:23:05
0xeccd894076b09937742476b9aa442a646f29d100,2026-03-20 05:54:49,0,2,0.5002168773250241,1,660,2026-03-20 04:57:19,2026-03-21 15:23:05
0xb79b43a20f1a1637f496cf0e2ccba7428a668c81,2026-03-20 05:55:25,0,2,0.4578249074394445,0,1066,2026-03-20 04:57:19,2026-03-21 15:23:05
0xcd70d5645a5fb93f2b4edee005e256d6d0222168,2026-03-20 05:55:25,0,2,0.41743907997194635,0,1216,2026-03-20 04:57:19,2026-03-21 15:23:05
0xd485ef468f5153c4d93b5348246d3e32b9813b87,2026-03-20 05:55:25,0,2,0.6159589362721748,1,40,2026-03-20 04:57:19,2026-03-21 15:23:05
0x4f40b3f4d3bffdc43846dbaacd735d3bf700495c,2026-03-20 05:55:35,0,2,0.5333028510523096,1,382,2026-03-20 04:57:19,2026-03-21 15:23:05
0x569330f780104bceeb4ce74593ea3c76f7b5a473,2026-03-20 05:55:35,0,2,0.5341065522106418,1,374,2026-03-20 04:57:19,2026-03-21 15:23:05
0xd40bf4244ca83b7637e55f740b8991906fab429a,2026-03-20 05:55:35,0,2,0.4110647306206656,0,1231,2026-03-20 04:57:19,2026-03-21 15:23:05
0x70b8fd2ffcc64c02fe3d3b37995477b30df0ec6c,2026-03-20 05:55:37,0,2,0.5555397074164553,1,251,2026-03-20 04:57:19,2026-03-21 15:23:05
0x25348af4091d631db1515e99ff3fdb3fef490705,2026-03-20 05:55:49,1,2,0.5775998814375726,1,170,2026-03-20 04:57:19,2026-03-21 15:23:05
0xbbf4d9f5078167e354937523c28dd4b4665d3b45,2026-03-20 05:55:49,0,2,0.4826883472225018,0,877,2026-03-20 04:57:19,2026-03-21 15:23:05
0x0eb75bf6f54794a83bd26095811f30b530161f17,2026-03-20 05:56:03,1,2,0.500929200155427,1,651,2026-03-20 04:57:19,2026-03-21 15:23:05
0x1daaa7e1ae1abcf194651374c43d8eadfbe85b03,2026-03-20 05:56:05,1,2,0.6162531343190076,1,35,2026-03-20 04:57:19,2026-03-21 15:23:05
0x4884cb4e6bea6872f93ea80aa8e47563ea58f519,2026-03-20 05:56:05,0,2,0.5932788019328837,1,120,2026-03-20 04:57:19,2026-03-21 15:23:05
0x96d5e10e48e9cce26a1b9fe446fb4c5ea7f6bfa0,2026-03-20 05:58:23,0,2,0.568783411058341,1,201,2026-03-20 04:57:19,2026-03-21 15:23:05
0x37b5556b61c725520987e94572d229b90c4f116d,2026-03-20 05:58:27,0,2,0.5304918070219629,1,405,2026-03-20 04:57:19,2026-03-21 15:23:05
0x95d3ba4c755ece064341d514c020c94145297886,2026-03-20 05:58:27,0,2,0.42197934321636227,0,1201,2026-03-20 04:57:19,2026-03-21 15:23:05
0xbc4e46aa57fc149c046e847dfe5ae536db697dbb,2026-03-20 05:58:27,0,2,0.6126651095797568,1,70,2026-03-20 04:57:19,2026-03-21 15:23:05
0xbce2ae81dded77a0fdf69c4ea2b4869d6b5d0ab4,2026-03-20 05:58:29,0,2,0.22267778501356844,0,1312,2026-03-20 04:57:19,2026-03-21 15:23:05
0x8488ef25f79c0cf2ffdff307973b2ac10464588c,2026-03-20 05:58:31,0,2,0.6121061562476514,1,73,2026-03-20 04:57:19,2026-03-21 15:23:05
0x9ad8509309295beaa110d3e55b5daab92bbbb4d9,2026-03-20 05:58:43,0,2,0.5243279842109068,1,444,2026-03-20 04:57:19,2026-03-21 15:23:05
0xef51ebb7ed5c84e5049fc76e1ae4db3b5799c0d3,2026-03-20 05:58:43,1,2,0.4899483928756386,0,801,2026-03-20 04:57:19,2026-03-21 15:23:05
0xc370b01b564c0db737e183733ecb268d66ffcda4,2026-03-20 05:58:53,0,2,0.5209474129956185,1,473,2026-03-20 04:57:19,2026-03-21 15:23:05
0x780d6214391811562c52ed84395c017ef427cdb7,2026-03-20 05:58:55,0,2,0.5481519844806431,1,288,2026-03-20 04:57:19,2026-03-21 15:23:05
0x4ae6689a315f76772dd1c7957f1f4592e54f8796,2026-03-20 05:58:57,0,2,0.45383913853240526,0,1091,2026-03-20 04:57:19,2026-03-21 15:23:05
0x6450a8a4c7eb6d43ba6c481e8ac3222ad8790172,2026-03-20 05:59:13,0,2,0.5135381231973049,1,533,2026-03-20 04:57:19,2026-03-21 15:23:05
0xadda8e5a848ca9a4426d6eea5576f684d5adc3c6,2026-03-20 05:59:13,0,2,0.4791974289127039,0,906,2026-03-20 04:57:19,2026-03-21 15:23:05
0xe9550feed0d2e278d21fefe14a5a69e59416229a,2026-03-20 05:59:13,0,2,0.4765860601001011,0,934,2026-03-20 04:57:19,2026-03-21 15:23:05
0x2d5896b24c2aae756eed6a52f6f67c55b4dd97ce,2026-03-20 05:59:15,0,2,0.4014797556944595,0,1246,2026-03-20 04:57:19,2026-03-21 15:23:05
0x7f7e6b17028468ab40997d00f432b642b7f2bbf4,2026-03-20 06:00:07,0,2,0.5664781797121768,1,212,2026-03-20 04:57:19,2026-03-21 15:23:05
0x033f8232fc1ca9bba8ead08363612ff019f453c8,2026-03-20 06:00:09,0,2,0.5438678086168892,1,318,2026-03-20 04:57:19,2026-03-21 15:23:05
0xd2c00d90b85748cc91577a9f182edc7028fda68d,2026-03-20 06:00:09,0,2,0.5731241020803618,1,184,2026-03-20 04:57:19,2026-03-21 15:23:05
0x0006af12cd4dacc450836a0e1ec6ce47365d8c63,2026-03-20 06:00:11,0,2,0.3527695767141661,0,1278,2026-03-20 04:57:19,2026-03-21 15:23:05
0x48a5f0e49930f25dca97031e00b81586055f0d51,2026-03-20 06:00:11,0,2,0.5115936831448283,1,553,2026-03-20 04:57:19,2026-03-21 15:23:05
0xce1da12901c015195d999e2e08c4b3d43f4a6372,2026-03-20 06:00:11,0,2,0.4930866583120456,0,759,2026-03-20 04:57:19,2026-03-21 15:23:05
0x1a4d0fd2d576141061596ff52fb342399a944122,2026-03-20 06:00:13,0,2,0.5154953997310535,1,516,2026-03-20 04:57:19,2026-03-21 15:23:05
0xbe914e970f8b33c73a8ca65ff788add775f8483a,2026-03-20 06:00:13,1,2,0.5461791771387738,1,303,2026-03-20 04:57:19,2026-03-21 15:23:05
0xf73539dae72615be862167434f030052fd3fee3a,2026-03-20 06:00:13,0,2,0.49999828732464624,0,663,2026-03-20 04:57:19,2026-03-21 15:23:05
0x9780a87d3e2c0e1cf9366869aa74beb222196c12,2026-03-20 06:00:15,0,2,0.4142009267780112,0,1225,2026-03-20 04:57:19,2026-03-21 15:23:05
0xa844f627496ae78113ba8eb8c2d61b85c1126179,2026-03-20 06:00:15,0,2,0.4347948455848427,0,1165,2026-03-20 04:57:19,2026-03-21 15:23:05
0x0f18feb79231d07e8dbb9ead18844c59a0de1c88,2026-03-20 06:00:17,0,2,0.5004319677676144,1,655,2026-03-20 04:57:19,2026-03-21 15:23:05
0x5cdaa3bdd4063bc086d89f17164c05f5cc1acbfb,2026-03-20 06:00:17,0,2,0.5096719196829136,1,573,2026-03-20 04:57:19,2026-03-21 15:23:05
0x60764b7ecb3c833a55cff16d4839abb32b778e44,2026-03-20 06:00:17,0,2,0.5057717491442105,1,614,2026-03-20 04:57:19,2026-03-21 15:23:05
0x7a35787d38f4e763cd04a9e820a5f1e6dcce8fe5,2026-03-20 06:00:17,0,2,0.5483136476479816,1,287,2026-03-20 04:57:19,2026-03-21 15:23:05
0xa9b9f0e7c48002156c5849f04f1a976d3c3857ff,2026-03-20 06:00:17,0,2,0.4842114744180508,0,862,2026-03-20 04:57:19,2026-03-21 15:23:05
0xc47941cd5375b58b1532860caf1b2700046b56f4,2026-03-20 06:00:17,0,2,0.540667912723823,1,330,2026-03-20 04:57:19,2026-03-21 15:23:05
0xf5f2d470440ca715d255b6dbd4c856371677a536,2026-03-20 06:00:17,0,2,0.46834357395288845,0,1007,2026-03-20 04:57:19,2026-03-21 15:23:05
0x12b91a9f982981926045a7099009160b91fd4417,2026-03-20 06:57:37,1,2,0.6165776822339278,1,12,2026-03-20 04:57:19,2026-03-21 15:23:05
0x7141bc5dc7db22c2d5b59a9134aecd5cded08345,2026-03-20 06:58:41,0,2,0.5007450474835584,1,654,2026-03-20 04:57:19,2026-03-21 15:23:05
0x9453a389c73df7991249d9f2c6e2c854157b1a48,2026-03-20 06:58:43,1,2,0.518312032732197,1,488,2026-03-20 04:57:19,2026-03-21 15:23:05
0x79decbb477aba3e187863f5d3b9a6fc84956ff2b,2026-03-20 07:00:27,0,2,0.5307317791169037,1,402,2026-03-20 04:57:19,2026-03-21 15:23:05
0xdc4b063a888ea9e2cad9f01598e869417c47db02,2026-03-20 07:00:27,1,2,0.5210203207353163,1,471,2026-03-20 04:57:19,2026-03-21 15:23:05
0xf26574811c82461066318a7880440226447f99c9,2026-03-20 07:00:27,1,2,0.5248168941876905,1,440,2026-03-20 04:57:19,2026-03-21 15:23:05
0xd20bba38a9094bf244e79ba75abcd212e0b99010,2026-03-20 07:00:55,0,2,0.5373211514850557,1,348,2026-03-20 04:57:19,2026-03-21 15:23:05
0xdbd5708a5c58192072350279d3f7da396cc391aa,2026-03-20 07:00:55,0,2,0.536850712965227,1,352,2026-03-20 04:57:19,2026-03-21 15:23:05
0xff4ad270bdc36ccab6377bf6995119d206b93d65,2026-03-20 07:00:55,0,2,0.5373135506062336,1,350,2026-03-20 04:57:19,2026-03-21 15:23:05
0x0bab932893a7efc76d8e0951366ba933ba9fd3be,2026-03-20 07:00:57,1,2,0.5102521564085548,1,568,2026-03-20 04:57:19,2026-03-21 15:23:05
0x8c685bc785b015a8029e2970796c766e4ab8072d,2026-03-20 07:00:57,0,2,0.2068909838797188,0,1315,2026-03-20 04:57:19,2026-03-21 15:23:05
0x6027c0084cb12e4e580b30f25bfe25273b3e734e,2026-03-20 07:01:21,0,2,0.48016233802218644,0,901,2026-03-20 04:57:19,2026-03-21 15:23:05
0xd8e91af4aa955eb33284837ab8c7a3696963fd2d,2026-03-20 07:01:23,0,2,0.5218166431564316,1,468,2026-03-20 04:57:19,2026-03-21 15:23:05
0xfc9efe191573fd1a7767d1b13ca91b3497606522,2026-03-20 07:01:23,0,2,0.5902586711084995,1,127,2026-03-20 04:57:19,2026-03-21 15:23:05
0x15a1b69d4f48c017af19a49b6b8e9b97d6e55ef3,2026-03-20 07:01:27,0,2,0.499868040816158,0,666,2026-03-20 04:57:19,2026-03-21 15:23:05
0xae777b03af9ed8936a30b92d0a17bf1b8312fa72,2026-03-20 07:01:27,1,2,0.49137625259138323,0,783,2026-03-20 04:57:19,2026-03-21 15:23:05
0x102ac7890ed411875245f77e543abe63a0b9c34d,2026-03-20 07:01:31,0,2,0.4920134482387375,0,776,2026-03-20 04:57:19,2026-03-21 15:23:05
0x26232e185266227752eebfcad7c42e1b179d3cd2,2026-03-20 07:01:31,1,2,0.5332404269041118,1,383,2026-03-20 04:57:19,2026-03-21 15:23:05
0x94c1bf058b8d1546ab8075d729fcd6dc96a18036,2026-03-20 07:01:33,0,2,0.4810726732428561,0,891,2026-03-20 04:57:19,2026-03-21 15:23:05
0xa69b1867a00c87928b5a1f6b1c2e9ac2246bd844,2026-03-20 07:01:33,0,2,0.5015676225281077,1,647,2026-03-20 04:57:19,2026-03-21 15:23:05
0x76004249eb4718ca87abc84b4b68165329747f9b,2026-03-20 07:01:35,0,2,0.42216429182163956,0,1200,2026-03-20 04:57:19,2026-03-21 15:23:05
0x192a0915cc13d90939af6b66a83be0f00998b0a6,2026-03-20 07:01:37,0,2,0.6158033527866409,1,41,2026-03-20 04:57:19,2026-03-21 15:23:05
0x3b8d5d3e057202c7501f0948db0189736e0c42c5,2026-03-20 07:01:37,0,2,0.4886262819845051,0,819,2026-03-20 04:57:19,2026-03-21 15:23:05
0x6388e7b26903f537688f6edf445bff335491d776,2026-03-20 07:01:37,0,2,0.5465040776360409,1,298,2026-03-20 04:57:19,2026-03-21 15:23:05
0xbabaaaf4a6e06ce2366ed9e6bb7ad1c3dececf38,2026-03-20 07:01:39,1,2,0.560530066963133,1,236,2026-03-20 04:57:19,2026-03-21 15:23:05
0xe7c035ee5136d6c213160a6f760392e2eb1ed656,2026-03-20 07:01:39,0,2,0.49740189666815515,0,698,2026-03-20 04:57:19,2026-03-21 15:23:05
0xdb7d59acedf0db31845b864a0063164fc1c27862,2026-03-20 07:01:59,1,2,0.5506681123205521,1,278,2026-03-20 04:57:19,2026-03-21 15:23:05
0x04a2a7075963c86990e246e73e50f8023b79e16c,2026-03-20 07:02:09,0,2,0.49598054703026817,0,716,2026-03-20 04:57:19,2026-03-21 15:23:05
0xab972ac8466fe425496d870556259c6db72d0c18,2026-03-20 07:02:11,0,2,0.49343671854895554,0,750,2026-03-20 04:57:19,2026-03-21 15:23:05
0x4f90a3eafe60584418cb3fc9134785cbe2bf517d,2026-03-20 07:03:31,1,2,0.6047294309251198,1,92,2026-03-20 04:57:19,2026-03-21 15:23:05
0xa484b64b6715c1fbae9297c4dc639eebeb77b12c,2026-03-20 07:03:37,0,2,0.33976972045938125,0,1284,2026-03-20 04:57:19,2026-03-21 15:23:05
0xb442b3e92da23077418bba852287aa127c7abed7,2026-03-20 07:03:39,1,2,0.6145318658835853,1,58,2026-03-20 04:57:19,2026-03-21 15:23:05
0x0bd2c7853bc0e0ad3589df1d4b6b73ceb77441bc,2026-03-20 07:05:19,0,2,0.4686725475097776,0,1003,2026-03-20 04:57:19,2026-03-21 15:23:05
0x1c70ac3d24049820abc5e31af2cac9710124b25e,2026-03-20 07:05:25,1,2,0.5373184687357683,1,349,2026-03-20 04:57:19,2026-03-21 15:23:05
0xa9bafcab407b3db547b81ad0588fd2d685375366,2026-03-20 07:05:27,0,2,0.61661660072994,1,10,2026-03-20 04:57:19,2026-03-21 15:23:05
0xc85fb6960966386dc630758dadd51ce19a4f5be6,2026-03-20 07:05:27,0,2,0.5464546935927571,1,299,2026-03-20 04:57:19,2026-03-21 15:23:05
0x069a2b8a84fd1ae81415f7ac3341821dda9e9ec5,2026-03-20 07:05:39,0,2,0.452058497605276,0,1101,2026-03-20 04:57:19,2026-03-21 15:23:05
0x7a5582230c57b40207fd13da82f57204c0e6b2a2,2026-03-20 08:03:07,0,2,0.5973506366413666,1,112,2026-03-20 04:57:19,2026-03-21 15:23:05
0x919698b19427cbe6945b0dc823f2d9e126a4d934,2026-03-20 08:03:09,0,2,0.6163792132181478,1,19,2026-03-20 04:57:19,2026-03-21 15:23:05
0xdd9fe5a8bb0b8c6a2fd3bd156e3b871e45ff5734,2026-03-20 08:03:09,0,2,0.5211223985039349,1,469,2026-03-20 04:57:19,2026-03-21 15:23:05
0x4437c19fbc70a850860458232584db6a7f6ea474,2026-03-20 08:03:11,0,2,0.5776547901244815,1,169,2026-03-20 04:57:19,2026-03-21 15:23:05
0x5fdf53c267dc00e8e97f30e9eec169fede0228a2,2026-03-20 08:03:11,1,2,0.4762659074763599,0,939,2026-03-20 04:57:19,2026-03-21 15:23:05
0x76885f9454af9a7bffba63b0dd704145729c614e,2026-03-20 08:03:11,0,2,0.4060491971092089,0,1240,2026-03-20 04:57:19,2026-03-21 15:23:05
0x22736f13c7378517969e92c3ae5517e17be97e01,2026-03-20 08:03:15,0,2,0.565629899410829,1,218,2026-03-20 04:57:19,2026-03-21 15:23:05
0xe958004c87edfefc080ab3cd842a7b6bd9de3a47,2026-03-20 08:03:19,1,2,0.5880729160599955,1,133,2026-03-20 04:57:19,2026-03-21 15:23:05
0x187a20235f9860f98cbf76eae99fb545e53348ca,2026-03-20 08:03:21,0,2,0.49248414186477113,0,768,2026-03-20 04:57:19,2026-03-21 15:23:05
0x3d4d98d0a0458d0d88b8593b1debd73d14c173ee,2026-03-20 08:03:25,1,2,0.5224885779614235,1,461,2026-03-20 04:57:19,2026-03-21 15:23:05
0x5944298dca11284b960b84006c6b6719f662a957,2026-03-20 08:03:25,0,2,0.5184552825683928,1,486,2026-03-20 04:57:19,2026-03-21 15:23:05
0xdf5bcefb9203ef52ac847069d1b5aefaed6524ad,2026-03-20 08:03:51,1,2,0.5507721553053753,1,277,2026-03-20 04:57:19,2026-03-21 15:23:05
0x9f48f97caf675a1a54e58470f9b0d8887aff4ed7,2026-03-20 08:03:53,0,2,0.31525975874280876,0,1291,2026-03-20 04:57:19,2026-03-21 15:23:05
0xdd094de5258d6de8747779399a8268cecf1604a9,2026-03-20 08:03:53,0,2,0.523184092882948,1,455,2026-03-20 04:57:19,2026-03-21 15:23:05
0xeb7f5cc04034a2d233f5e606accc264631dc24c3,2026-03-20 08:03:53,0,2,0.48169861435519623,0,883,2026-03-20 04:57:19,2026-03-21 15:23:05
0x4b405f1dadab0e9e7aae14983709757f100dd1f8,2026-03-20 08:03:55,0,2,0.5478413850084258,1,289,2026-03-20 04:57:19,2026-03-21 15:23:05
0xc6930956b49aac46b8746fb6a3f20d74ef0b8b5c,2026-03-20 08:04:41,0,2,0.48900004359225785,0,814,2026-03-20 04:57:19,2026-03-21 15:23:05
0x417d697ddeea7124bbfe40f99b440ba0cc9d010d,2026-03-20 08:04:47,1,2,0.47351744867038914,0,960,2026-03-20 04:57:19,2026-03-21 15:23:05
0xd8bd1c928743e2fb8636d93dd73cf278f37a463d,2026-03-20 08:04:47,0,2,0.5830089280203875,1,150,2026-03-20 04:57:19,2026-03-21 15:23:05
0x882125fbce1dd8573011e7a00f7581a5180d95c4,2026-03-20 08:05:29,0,2,0.5133522364369694,1,536,2026-03-20 04:57:19,2026-03-21 15:23:05
0x5a1be153c7e24834e5d5cd0130c97c1780109522,2026-03-20 08:07:23,0,2,0.42434230427937947,0,1191,2026-03-20 04:57:19,2026-03-21 15:23:05
0x0fcccf2fbe9f334d57aa0609188226d06af5431f,2026-03-20 08:07:25,1,2,0.44485669823970675,0,1129,2026-03-20 04:57:19,2026-03-21 15:23:05
0x63540a1a71d2c0f01ed8676c1086b1625b4ea1c0,2026-03-20 08:07:25,0,2,0.4866859807079826,0,835,2026-03-20 04:57:19,2026-03-21 15:23:05
0x18d636a161b7e1a280bb587ab6df153bfed0a3da,2026-03-20 08:07:29,0,2,0.3949681710652863,0,1251,2026-03-20 04:57:19,2026-03-21 15:23:05
0x2c569ec85a1530896995089c74663e8351aaab7c,2026-03-20 08:07:29,0,2,0.5339772122346259,1,375,2026-03-20 04:57:19,2026-03-21 15:23:05
0xa638203ea368fdf210193ca85731a12164e82f0f,2026-03-20 08:07:29,0,2,0.48970841099674883,0,805,2026-03-20 04:57:19,2026-03-21 15:23:05
0xb54de20cfbcf91005719500eb7fb428ad94647be,2026-03-20 08:07:29,0,2,0.5078033995141511,1,594,2026-03-20 04:57:19,2026-03-21 15:23:05
0xe7babf65fe5998a01875745fad78375d6a435f37,2026-03-20 08:07:31,0,2,0.4094183787543421,0,1235,2026-03-20 04:57:19,2026-03-21 15:23:05
0x3dfbb92af1a47156df222c80837bd186a201ebbf,2026-03-20 08:07:33,0,2,0.5204652527306108,1,476,2026-03-20 04:57:19,2026-03-21 15:23:05
0x8849d0469aeff9b119211f86e0ea4c6190bd765a,2026-03-20 08:07:33,1,2,0.45106585795946996,0,1104,2026-03-20 04:57:19,2026-03-21 15:23:05
0xb89b3616453405fda76c75d555df75c026dba39d,2026-03-20 08:07:37,0,2,0.48053435630303326,0,896,2026-03-20 04:57:19,2026-03-21 15:23:05
0xdf5541733894654540b613f2ea441ee75f01d481,2026-03-20 08:07:37,0,2,0.5156997928355007,1,513,2026-03-20 04:57:19,2026-03-21 15:23:05
0x7b47cc99fa4d478de0c26489a6771aaf7fa9902d,2026-03-20 08:07:39,0,2,0.3871920755378042,0,1256,2026-03-20 04:57:19,2026-03-21 15:23:05
0xb4b67d00cc01dc07a852268f495dd3f53afe7c41,2026-03-20 08:07:39,0,2,0.616657910703305,1,8,2026-03-20 04:57:19,2026-03-21 15:23:05
0xc29d9ddd6f8070bcd78ca55ac2427d8311b21396,2026-03-20 08:07:39,1,2,0.5181106608974753,1,491,2026-03-20 04:57:19,2026-03-21 15:23:05
0x0d6b1963eb351d8e0eb6fe15937a5e0894d3607d,2026-03-20 08:07:49,0,2,0.440650216417859,0,1143,2026-03-20 04:57:19,2026-03-21 15:23:05
0x8e061a735c5768516a2e591518fb43ad2bf38cb9,2026-03-20 08:07:49,0,2,0.45520772957981326,0,1079,2026-03-20 04:57:19,2026-03-21 15:23:05
0x3e5b23e9f71b2a2edcd5629d3f948f12f591073b,2026-03-20 08:07:53,0,2,0.27596496319153085,0,1299,2026-03-20 04:57:19,2026-03-21 15:23:05
0x7b5ae098ea577fda4694ea8d65e94afcb6037d55,2026-03-20 08:07:53,0,2,0.6162683499200842,1,25,2026-03-20 04:57:19,2026-03-21 15:23:05
0x84c13ff776d1de35d48ed634a893849913e30c5e,2026-03-20 08:07:53,1,2,0.6152484094427858,1,49,2026-03-20 04:57:19,2026-03-21 15:23:05
0x8dec027d883949a6bfe79842d0ae6b80347e46e0,2026-03-20 08:07:53,0,2,0.5021469366915756,1,644,2026-03-20 04:57:19,2026-03-21 15:23:05
0xd4f325200bc0541289ceb8e8ed75b0e75826b430,2026-03-20 08:07:57,0,2,0.5353502891756587,1,363,2026-03-20 04:57:19,2026-03-21 15:23:05
0xf9d54f329c5b22c8f192c7203c45d6dfecd25e43,2026-03-20 08:07:57,0,2,0.4821181158072031,0,880,2026-03-20 04:57:19,2026-03-21 15:23:05
0xdfc0dbdc7ac67c344b9d875aefb0d3c09c85572e,2026-03-20 08:07:59,0,2,0.46084947164424683,0,1053,2026-03-20 04:57:19,2026-03-21 15:23:05
0x12637e8ddfb9f4aa4b8f25ec96837fb0f50bb826,2026-03-20 08:08:53,1,2,0.518712139649015,1,483,2026-03-20 04:57:19,2026-03-21 15:23:05
0x744b28ab8723b20ba8975143674a848de1898d31,2026-03-20 08:08:55,0,2,0.6152484094427858,1,50,2026-03-20 04:57:19,2026-03-21 15:23:05
0x35babf6c74830bd0eb8e216338ef1e00ba8065eb,2026-03-20 08:08:57,0,2,0.5518724059522915,1,272,2026-03-20 04:57:19,2026-03-21 15:23:05
0x7b12a1dce63315f357629735c6db9752410dc0df,2026-03-20 09:09:17,0,2,0.48588327426857053,0,845,2026-03-20 04:57:19,2026-03-21 15:23:05
0xb38976258791e84c368773cf3171d1e26cc7f59c,2026-03-20 09:09:17,0,2,0.4760084926580521,0,943,2026-03-20 04:57:19,2026-03-21 15:23:05
0x0548be835425d951025c74d6b37164cd6ae6b9b4,2026-03-20 09:09:19,0,2,0.4471938751193832,0,1120,2026-03-20 04:57:19,2026-03-21 15:23:05
0x5eacc61920a2457e0d4b889f8a3bfa63069f3dc7,2026-03-20 09:09:19,0,2,0.4917004352561225,0,777,2026-03-20 04:57:19,2026-03-21 15:23:05
0xc2e6002616f066666fcb480bf7a84a8084c108dd,2026-03-20 09:09:19,0,2,0.5076500279923951,1,597,2026-03-20 04:57:19,2026-03-21 15:23:05
0xfcddf1e15c4fb141604e78b77582c60b084fb8ac,2026-03-20 09:09:39,0,2,0.4855254802252982,0,852,2026-03-20 04:57:19,2026-03-21 15:23:05
0xd0e2c85f052413bbb1a107db2609be1684ef703b,2026-03-20 09:09:51,0,2,0.5885904261265571,1,132,2026-03-20 04:57:19,2026-03-21 15:23:05
0x03c0fa38b2f5c017187effb74021ca10bf4714c1,2026-03-20 09:09:53,0,2,0.5456600954979424,1,308,2026-03-20 04:57:19,2026-03-21 15:23:05
0x60b52529a40f1089e8f92101bd53be5ae90c0f8c,2026-03-20 09:09:53,0,2,0.5071515988177782,1,605,2026-03-20 04:57:19,2026-03-21 15:23:05
0x97eb1d32948349cc63a1a31f809c5242ebb3fac8,2026-03-20 09:09:53,0,2,0.470789365868199,0,982,2026-03-20 04:57:19,2026-03-21 15:23:05
0x080eff42ac2f1a459831ebcdc10c3979db9578a5,2026-03-20 09:09:55,1,2,0.5297305680027335,1,408,2026-03-20 04:57:19,2026-03-21 15:23:05
0x37af5f2c1c38f725d32d715adf787f3b45173624,2026-03-20 09:09:55,1,2,0.6157559697533287,1,43,2026-03-20 04:57:19,2026-03-21 15:23:05
0x90cc0048cf48e8faf132a645d8fa765fb90c9bf5,2026-03-20 09:09:55,0,2,0.5789658130532739,1,165,2026-03-20 04:57:19,2026-03-21 15:23:05
0x191ad9a853ed9b65f6546fd078c00f1bf8a22ea6,2026-03-20 09:09:57,1,2,0.5261229120301311,1,436,2026-03-20 04:57:19,2026-03-21 15:23:05
0x698bd2d96c368a82764c517cabb987086f67c96d,2026-03-20 09:09:59,0,2,0.48023591173427954,0,899,2026-03-20 04:57:19,2026-03-21 15:23:05
0x1c1f432ab0d397dac1102ba0e9470b89a9dc5fc4,2026-03-20 09:10:03,0,2,0.6015951164152898,1,101,2026-03-20 04:57:19,2026-03-21 15:23:05
0x9ca59bdb52137da681de8ecedb7a3dc895c76799,2026-03-20 09:10:03,1,2,0.49297303430390726,0,760,2026-03-20 04:57:19,2026-03-21 15:23:05
0xbfad5f55b3beb8a670ec8c9f705b35b0548ec030,2026-03-20 09:10:03,0,2,0.507941463957529,1,592,2026-03-20 04:57:19,2026-03-21 15:23:05
0xde6e66428241027be8762c0733ff8f13f6e9da84,2026-03-20 09:10:03,0,2,0.5128281110353785,1,540,2026-03-20 04:57:19,2026-03-21 15:23:05
0xeea7bb8d569c2ce09358411425591d111551198f,2026-03-20 09:10:03,0,2,0.5873898419021144,1,135,2026-03-20 04:57:19,2026-03-21 15:23:05
0xf05558c55f4f306e681c401be4d2a01c4ab04b07,2026-03-20 09:10:03,0,2,0.4849297053049419,0,859,2026-03-20 04:57:19,2026-03-21 15:23:05
0xd95d9ca5e59f7a5511a1970a9e690d18f62a0947,2026-03-20 09:10:05,0,2,0.516408977432377,1,502,2026-03-20 04:57:19,2026-03-21 15:23:05
0x033f0346c007323030eb420305ffede19a95618e,2026-03-20 09:10:07,0,2,0.571304737216926,1,194,2026-03-20 04:57:19,2026-03-21 15:23:05
0x87ebe0a9aff7236319bb6f1e966a322caf97456e,2026-03-20 09:10:07,0,2,0.47746108273686044,0,925,2026-03-20 04:57:19,2026-03-21 15:23:05
0xc6e3d7fd9dfd5e26a4688ac5518a03331e466867,2026-03-20 09:10:07,0,2,0.5135087659043124,1,534,2026-03-20 04:57:19,2026-03-21 15:23:05
0x2bd99d2d44bfce8ec99caa597754e4a028b52c1d,2026-03-20 09:10:09,1,2,0.381825001226842,0,1258,2026-03-20 04:57:19,2026-03-21 15:23:05
0x59e8499450dd9956899da7d299564c187b885a37,2026-03-20 09:10:09,0,2,0.5509000903547238,1,274,2026-03-20 04:57:19,2026-03-21 15:23:05
0xb93ebe966b42e3f3ad8c88df7f295ce7345f1eb1,2026-03-20 09:10:09,0,2,0.5074999430255116,1,600,2026-03-20 04:57:19,2026-03-21 15:23:05
0x09ee2bedb500b283da321f2ea5a8740e313fdc60,2026-03-20 09:10:13,0,2,0.576405197918887,1,178,2026-03-20 04:57:19,2026-03-21 15:23:05
0xc1becee1d2255717e8943a1eb83dd3ed75346471,2026-03-20 09:10:13,1,2,0.4639347323193033,0,1039,2026-03-20 04:57:19,2026-03-21 15:23:05
0xeef19ceb4ca6f407fa351c8436e13453b10311fa,2026-03-20 09:10:13,0,2,0.46663238620651776,0,1018,2026-03-20 04:57:19,2026-03-21 15:23:05
0xfdb06f301aa6ecb989c293b8b2d86028ed92f55a,2026-03-20 09:10:13,1,2,0.5654955453430043,1,219,2026-03-20 04:57:19,2026-03-21 15:23:05
0xa9d45de86b921283d219cc5d8aa0298dcd26248e,2026-03-20 09:10:15,0,2,0.4904126924526668,0,797,2026-03-20 04:57:19,2026-03-21 15:23:05
0x1cf1b634b25ac2da1516347c6b9b9ab37ef0a4cd,2026-03-20 09:10:31,0,2,0.5717983298482907,1,191,2026-03-20 04:57:19,2026-03-21 15:23:05
0x5e3bd9013d6cc013105d7e711674bc2a64fee095,2026-03-20 09:10:31,0,2,0.5156105235281442,1,515,2026-03-20 04:57:19,2026-03-21 15:23:05
0xa4747be6241a93c68d4e25bde1743de5cc2f073e,2026-03-20 09:10:31,0,2,0.5764721540391641,1,177,2026-03-20 04:57:19,2026-03-21 15:23:05
0x1fdba68c176f76766ffbe0d3104acbb1d125e9c6,2026-03-20 09:10:41,0,2,0.5318417344153494,1,395,2026-03-20 04:57:19,2026-03-21 15:23:05
0xd752b057c9fff4ced829df2adc0d62d404937b4f,2026-03-20 09:11:01,1,2,0.6064347459808552,1,87,2026-03-20 04:57:19,2026-03-21 15:23:05
0xdc9a8cda0b357ac79b47b77fb6b4f74f58bbfbc9,2026-03-20 09:11:01,1,2,0.5927682072495909,1,122,2026-03-20 04:57:19,2026-03-21 15:23:05
0x8d6c751cdc1f5270f18dd64f9ef8d5901b95d6ee,2026-03-20 09:11:03,0,2,0.5661623423730262,1,216,2026-03-20 04:57:19,2026-03-21 15:23:05
0xe5583be9d0591e6be4fddd2a9282c6f684fce2ac,2026-03-20 09:11:07,0,2,0.5663989187116273,1,214,2026-03-20 04:57:19,2026-03-21 15:23:05
0x370ecf4c1e2e9b422633f75bc5b53310050c5df3,2026-03-20 09:11:17,1,2,0.5548661622594172,1,255,2026-03-20 04:57:19,2026-03-21 15:23:05
0xf0629fb37b922c2b7cc840744c22f7f27199d0d1,2026-03-20 09:13:43,0,2,0.508484630766556,1,584,2026-03-20 04:57:19,2026-03-21 15:23:05
0x463d462bf93aacce19401e060a3bd8e893e2f784,2026-03-20 09:14:01,0,2,0.4714350119026751,0,975,2026-03-20 04:57:19,2026-03-21 15:23:05
0x737a9d68dd85c9de5cd43f3e5884a45e4ef3a1d1,2026-03-20 09:14:01,0,2,0.5129122489687157,1,539,2026-03-20 04:57:19,2026-03-21 15:23:05
0x603b5505443ea9907151dee816c7770a27d0c9c9,2026-03-20 09:14:19,0,2,0.4198878234311575,0,1209,2026-03-20 04:57:19,2026-03-21 15:23:05
0x82f3458a6a4bec624e692c92d9ed14597f509f82,2026-03-20 09:14:19,0,2,0.47166526420385313,0,972,2026-03-20 04:57:19,2026-03-21 15:23:05
0xb543ccc8d0d91518090fa927d5f3002756d445a4,2026-03-20 09:14:21,0,2,0.49400804021408923,0,743,2026-03-20 04:57:19,2026-03-21 15:23:05
0x49caa40176ba129809a96a8020cac47019325944,2026-03-20 09:14:41,1,2,0.4947381397843696,0,734,2026-03-20 04:57:19,2026-03-21 15:23:05
0xf6ee24b8d8c7c899894ddb8ce6f620a609c10e41,2026-03-20 09:14:45,1,2,0.613748020974731,1,63,2026-03-20 04:57:19,2026-03-21 15:23:05
0x21e50ca20d877c81e368f985021b59f48140b7e9,2026-03-20 09:15:19,0,2,0.6162632800394556,1,31,2026-03-20 04:57:19,2026-03-21 15:23:05
0x9c4e367a42d686f92cfceaf31ae59ed4e96d1f10,2026-03-20 09:15:45,0,2,0.36710377344493456,0,1269,2026-03-20 04:57:19,2026-03-21 15:23:05
0x18b9b4be0f54cd91feaa6a5baaa23c1558ba68bc,2026-03-20 09:15:47,0,2,0.6163920994669004,1,18,2026-03-20 04:57:19,2026-03-21 15:23:05
0x18eef7e18b02521da1a9f0696f6ed6304e0b665e,2026-03-20 09:15:47,0,2,0.6162643532361194,1,29,2026-03-20 04:57:19,2026-03-21 15:23:05
0x38741ebfdfa0f591c3dc9093b92ad7e06cb74cf1,2026-03-20 09:15:47,0,2,0.6162653137360294,1,28,2026-03-20 04:57:19,2026-03-21 15:23:05
0xcf0200f9441d42fd219766b56107dea561563a63,2026-03-20 09:15:57,1,2,0.4574984738827067,0,1070,2026-03-20 04:57:19,2026-03-21 15:23:05
0x6209684e282bec1d184fe041c45b08dd21e1e82f,2026-03-20 10:12:59,0,2,0.5832141697778184,1,149,2026-03-20 04:57:19,2026-03-21 15:23:05
0x74803096f98c8dd999be68983f847ca184e58f12,2026-03-20 10:13:03,0,2,0.5186286751124709,1,484,2026-03-20 04:57:19,2026-03-21 15:23:05
0xb557dfe930ac31a0694462de080a0a94a235ba35,2026-03-20 10:13:03,0,2,0.46175377513712285,0,1049,2026-03-20 04:57:19,2026-03-21 15:23:05
0xe9a796f3169fc3f1564618fe062fea2cb6033f39,2026-03-20 10:13:03,1,2,0.2558739739594552,0,1304,2026-03-20 04:57:19,2026-03-21 15:23:05
0x569f366e7087d8cc66d8ec55cdefd5577dd30056,2026-03-20 10:13:07,0,2,0.5035332690417961,1,635,2026-03-20 04:57:19,2026-03-21 15:23:05
0x04e2878108624e4b059736c56bb9777d3603b345,2026-03-20 10:14:35,0,2,0.4766262602428355,0,933,2026-03-20 04:57:19,2026-03-21 15:23:05
0x27267bb6283a8b68452f1cb1dbfd58168b8c2a66,2026-03-20 10:14:35,0,2,0.4534688077838039,0,1093,2026-03-20 04:57:19,2026-03-21 15:23:05
0x7cda77eb5dd6b6953925206bb609420a0805c82f,2026-03-20 10:14:35,1,2,0.46477717349396924,0,1028,2026-03-20 04:57:19,2026-03-21 15:23:05
0x93eb5bfcfba6df969fb448fd4548e43066cfff0f,2026-03-20 10:14:35,1,2,0.4486463679887406,0,1115,2026-03-20 04:57:19,2026-03-21 15:23:05
0x4d024ca7cc33791eb197285f685dbfc3a0fe2ad3,2026-03-20 10:14:37,0,2,0.5764821903958238,1,176,2026-03-20 04:57:19,2026-03-21 15:23:05
0x829c746c5b20db674879302c601e099f9271af43,2026-03-20 10:15:23,1,2,0.6063329196200905,1,88,2026-03-20 04:57:19,2026-03-21 15:23:05
0x83381bbf137478904f47d4fee82cd3295a0343d7,2026-03-20 10:15:23,0,2,0.47151780511392133,0,974,2026-03-20 04:57:19,2026-03-21 15:23:05
0x307dbd232a6bfe8ba29761e4b4137d13f4270ee5,2026-03-20 10:16:05,0,2,0.550473225972502,1,280,2026-03-20 04:57:19,2026-03-21 15:23:05
0x4b8ae011176b76888949476d7fb7a56985faf4a4,2026-03-20 10:16:19,0,2,0.4679813587824004,0,1008,2026-03-20 04:57:19,2026-03-21 15:23:05
0x547b067e61caba165db7ac51a49f2bfec4baebbb,2026-03-20 10:16:31,1,2,0.4534032925695522,0,1094,2026-03-20 04:57:19,2026-03-21 15:23:05
0xa7d37619cb0231a8b506fec710957a55b6abde90,2026-03-20 10:16:31,0,2,0.4985973947022071,0,684,2026-03-20 04:57:19,2026-03-21 15:23:05
0x3506b4aa0b296999255efbf202e574eaf68b94f9,2026-03-20 10:16:33,0,2,0.4986852518455032,0,682,2026-03-20 04:57:19,2026-03-21 15:23:05
0xbb64b361dba33d22dd955329b7ad3482ea94bfdc,2026-03-20 10:16:41,0,2,0.603589455346322,1,97,2026-03-20 04:57:19,2026-03-21 15:23:05
0x7ac12d37040059dfded8b8bd2f32752cc77a3afe,2026-03-20 10:16:43,0,2,0.37216922340962066,0,1265,2026-03-20 04:57:19,2026-03-21 15:23:05
0xa3bebfdc1a71892dad779b4a8dc611f3f72bfe6a,2026-03-20 10:16:43,0,2,0.48470233900106646,0,860,2026-03-20 04:57:19,2026-03-21 15:23:05
0xb6f4eba73942ea623249a1983650976dc8b469f1,2026-03-20 10:16:43,0,2,0.43866575629808136,0,1151,2026-03-20 04:57:19,2026-03-21 15:23:05
0x02dd2c2442fb6e8c4cd456c799a164191180a8a3,2026-03-20 10:16:45,0,2,0.4383173556459292,0,1152,2026-03-20 04:57:19,2026-03-21 15:23:05
0x9b7d974fc1df88a1c60a012e0045ec74f677ce86,2026-03-20 10:17:03,0,2,0.5079751916636118,1,591,2026-03-20 04:57:19,2026-03-21 15:23:05
0xb109f721fdc42c71c3f27d0a2b85476be95978de,2026-03-20 10:17:03,0,2,0.4509287932401366,0,1106,2026-03-20 04:57:19,2026-03-21 15:23:05
0x9f472320647d07a0aec70a3acb4b1fef1f6f457f,2026-03-20 10:17:05,1,2,0.53086968226927,1,400,2026-03-20 04:57:19,2026-03-21 15:23:05
0x5594f311e9c4b133e74e97734b79a50527a86135,2026-03-20 10:17:07,0,2,0.5054538224809924,1,617,2026-03-20 04:57:19,2026-03-21 15:23:05
0xbc66bf53e0f5aeda7a20b6c8a199a9a55c1dd97e,2026-03-20 10:17:07,0,2,0.5129946998281917,1,538,2026-03-20 04:57:19,2026-03-21 15:23:05
0x737805bec4ee501b7dd1ef1c1d43e1ed293c70de,2026-03-20 10:17:09,0,2,0.5054381331247031,1,618,2026-03-20 04:57:19,2026-03-21 15:23:05
0x4328e1ad2fadeaf594f8e648828bff98bd4e11d2,2026-03-20 10:17:13,0,2,0.48758903136716264,0,828,2026-03-20 04:57:19,2026-03-21 15:23:05
0x79e7ec5e1a86106307535dc1b391491b919fb82c,2026-03-20 10:17:15,0,2,0.5288814494119127,1,416,2026-03-20 04:57:19,2026-03-21 15:23:05
0xebd1ac039d965a6c7f96fcf443f4f9d518f71e86,2026-03-20 10:17:15,0,2,0.46406395580695275,0,1037,2026-03-20 04:57:19,2026-03-21 15:23:05
0xd938e7555677c08dd9cacfb20436f9ec10750481,2026-03-20 10:17:23,1,2,0.4861899305278519,0,841,2026-03-20 04:57:19,2026-03-21 15:23:05
0x930c447c299d85b359c95da37c100c597c9f25d6,2026-03-20 10:17:27,0,2,0.4840034609568554,0,867,2026-03-20 04:57:19,2026-03-21 15:23:05
0x94caf0f5cfe99ce6c3b51ffeeb191e9f82a35482,2026-03-20 10:17:27,0,2,0.5160706069725582,1,507,2026-03-20 04:57:19,2026-03-21 15:23:05
0xac9bd3239cd5ef72793bf548cb83bf411ed1e7df,2026-03-20 10:18:25,0,2,0.5045284640155511,1,625,2026-03-20 04:57:19,2026-03-21 15:23:05
0xbd7e81a859554233b6cad1313f238d5c39644f4f,2026-03-20 10:18:25,0,2,0.48601539464916205,0,843,2026-03-20 04:57:19,2026-03-21 15:23:05
0xcf7fa8778887c987595fef523c48ad62e2edddb1,2026-03-20 10:18:25,0,2,0.4841450708055638,0,864,2026-03-20 04:57:19,2026-03-21 15:23:05
0xf013ec6c844c6ef6f882e611aab0c32a6a62dfa5,2026-03-20 10:18:25,0,2,0.465946785339061,0,1021,2026-03-20 04:57:19,2026-03-21 15:23:05
0x8ebae4e411e2397c7b05fa187dfba2ffafde24c9,2026-03-20 10:18:35,0,2,0.5346332589132484,1,371,2026-03-20 04:57:19,2026-03-21 15:23:05
0x2e9eb886945bdf093293100f2c32ba5c318b75eb,2026-03-20 10:18:37,0,2,0.40192253879412093,0,1245,2026-03-20 04:57:19,2026-03-21 15:23:05
0x47ec9bad92bd0b316dad0e1feb9d8b206817d827,2026-03-20 10:18:37,0,2,0.4442352408162252,0,1132,2026-03-20 04:57:19,2026-03-21 15:23:05
0x6cf0312383b9ca54bb453c0ea7336d22282ae768,2026-03-20 10:19:31,0,2,0.4757546387240243,0,946,2026-03-20 04:57:19,2026-03-21 15:23:05
0x7b995e413ebec857753cd464721f260be1ff296b,2026-03-20 10:19:31,0,2,0.48409451734591874,0,866,2026-03-20 04:57:19,2026-03-21 15:23:05
0x355136f1d76037a5580d724225233e7067b89d77,2026-03-20 10:19:33,0,2,0.43066323641215165,0,1173,2026-03-20 04:57:19,2026-03-21 15:23:05
0x3d79f87588834dd934fe2b905112240f322c3690,2026-03-20 10:20:23,0,2,0.4265564977545574,0,1186,2026-03-20 04:57:19,2026-03-21 15:23:05
0x71904928c29b075767fa659cfff366e9f9f600e7,2026-03-20 11:19:03,0,2,0.6160896446360375,1,38,2026-03-20 04:57:19,2026-03-21 15:23:05
0xec981ed70ae69c5cbcac08c1ba063e734f6bafcd,2026-03-20 11:19:03,0,2,0.23863910574146577,0,1307,2026-03-20 04:57:19,2026-03-21 15:23:05
0x0c1ffd39e0eb6d7273034aaa019acbb7e7c74a4c,2026-03-20 11:19:17,0,2,0.5140185790474248,1,528,2026-03-20 04:57:19,2026-03-21 15:23:05
0x4a718c9f4daf4eb363414672a4d133b86d29d4d2,2026-03-20 11:19:29,0,2,0.5558130850893516,1,250,2026-03-20 04:57:19,2026-03-21 15:23:05
0x7e7c0a8a64fc49a5a1911ef268006623a7a24d13,2026-03-20 11:19:29,0,2,0.6107784059966488,1,77,2026-03-20 04:57:19,2026-03-21 15:23:05
0x9c1cb4de396f6a5f11b95bd018a76b34f869b4f1,2026-03-20 11:19:29,1,2,0.5704996225947182,1,197,2026-03-20 04:57:19,2026-03-21 15:23:05
0x28586fda8251550cd11390545d5bf7902cc735c7,2026-03-20 11:19:33,0,2,0.5953113374165315,1,116,2026-03-20 04:57:19,2026-03-21 15:23:05
0x5c04798dec6651dff5bab7da09642fcebdfe6587,2026-03-20 11:19:35,1,2,0.4879800770418338,0,824,2026-03-20 04:57:19,2026-03-21 15:23:05
0xb2268c9097e262f3cb7a4fac08102340f1624469,2026-03-20 11:19:35,0,2,0.5074584949379009,1,602,2026-03-20 04:57:19,2026-03-21 15:23:05
0x5016fab6f3f2dd8d6894aafe1eed7c5294acada1,2026-03-20 11:19:37,0,2,0.4644107021646472,0,1032,2026-03-20 04:57:19,2026-03-21 15:23:05
0xcd8c741adddcc6d0724fd4bc8c01b42dfd5bf75a,2026-03-20 11:19:37,0,2,0.5404656260245236,1,331,2026-03-20 04:57:19,2026-03-21 15:23:05
0x8227493c154eee81026cb8ffdb8eee55ad96d504,2026-03-20 11:19:39,0,2,0.5923927317094507,1,123,2026-03-20 04:57:19,2026-03-21 15:23:05
0x40319a1c83071b00dea082130fe42a8cd33692c8,2026-03-20 11:19:45,0,2,0.5758434518976102,1,181,2026-03-20 04:57:19,2026-03-21 15:23:05
0xe019c99cd8608adf61604a1ef7e3ab0be599f862,2026-03-20 11:19:47,0,2,0.4924946308654592,0,767,2026-03-20 04:57:19,2026-03-21 15:23:05
0x225be89895095e1f9156d8ca3de1701348d9922e,2026-03-20 11:20:05,1,2,0.583681472036657,1,145,2026-03-20 04:57:19,2026-03-21 15:23:05
0x082d5f73712228bc3400f44f5ad6a044fa07e6db,2026-03-20 11:20:09,0,2,0.5804543704037608,1,162,2026-03-20 04:57:19,2026-03-21 15:23:05
0x658ed6be5783068f5976b240ac443be855780200,2026-03-20 11:20:11,1,2,0.5326832532288117,1,389,2026-03-20 04:57:19,2026-03-21 15:23:05
0x51124a67b13dae6bf1588b4a8940ad2c15433f4d,2026-03-20 11:20:13,0,2,0.5226096447844429,1,460,2026-03-20 04:57:19,2026-03-21 15:23:05
0xf2b0ac7ef2a8a6c2d0d45d9e44eb79a81714f672,2026-03-20 11:20:13,1,2,0.4862765285957267,0,840,2026-03-20 04:57:19,2026-03-21 15:23:05
0x221dfef1ab4471b5a5a929fc0a8e4b9791dbae7b,2026-03-20 11:20:25,1,2,0.5768016622745803,1,174,2026-03-20 04:57:19,2026-03-21 15:23:05
0x14af144e38dc5bd7d6c9351d64588f6eab03887e,2026-03-20 11:20:31,0,2,0.6150453148900794,1,51,2026-03-20 04:57:19,2026-03-21 15:23:05
0x7f279444b05b23c0772a2e0747fbe2a7eacc7a85,2026-03-20 11:20:33,0,2,0.6166761701076603,1,3,2026-03-20 04:57:19,2026-03-21 15:23:05
0x1438a5e34633516e4a806695e593f49edec7bce4,2026-03-20 11:20:35,1,2,0.5243446528809624,1,443,2026-03-20 04:57:19,2026-03-21 15:23:05
0x292d546d841fa495f9cc21d5f1e87ee246056f05,2026-03-20 11:20:35,1,2,0.5099148354613701,1,570,2026-03-20 04:57:19,2026-03-21 15:23:05
0x6bf2830da456660cc2c89dd873eb91f0633315ae,2026-03-20 11:20:35,0,2,0.5676670099951826,1,207,2026-03-20 04:57:19,2026-03-21 15:23:05
0xb1a8df34fc42c239b41867e2ff4c8deed493d8cd,2026-03-20 11:21:57,1,2,0.44108062325885866,0,1140,2026-03-20 04:57:19,2026-03-21 15:23:05
0x35e253ebe78109f0b84200d35d6fe508f52a0cbd,2026-03-20 11:23:05,1,2,0.4687773463884206,0,999,2026-03-20 04:57:19,2026-03-21 15:23:05
0x50dc9461e77ac62713029ca690f491db93fb16b2,2026-03-20 11:23:05,0,2,0.4275259630468784,0,1179,2026-03-20 04:57:19,2026-03-21 15:23:05
0x4ce2d563d309d1d3d80f08eea114a194491fa9d0,2026-03-20 11:23:11,0,2,0.4738988999345005,0,957,2026-03-20 04:57:19,2026-03-21 15:23:05
0xaf12c7f026b63abcc5007b1e331b6a8df07c9184,2026-03-20 11:23:11,0,2,0.4768180130231242,0,931,2026-03-20 04:57:19,2026-03-21 15:23:05
0xb2453712b0044a7d53e7907768f3ee9fef61b9e8,2026-03-20 11:23:11,1,2,0.5008196886488284,1,653,2026-03-20 04:57:19,2026-03-21 15:23:05
0x09fd26e2eeea9d7810794849e507966143aec70f,2026-03-20 11:23:15,0,2,0.6154910548452369,1,48,2026-03-20 04:57:19,2026-03-21 15:23:05
0x62077c17f37ec89fbb65d192d7ceba6ccf712356,2026-03-20 11:23:15,1,2,0.4966888902622835,0,706,2026-03-20 04:57:19,2026-03-21 15:23:05
0x2bb5ddd8df2a3d3ba16e9605aabf7d4863e0fc57,2026-03-20 11:23:31,1,2,0.42118365469828367,0,1204,2026-03-20 04:57:19,2026-03-21 15:23:05
0x003d1dc8fcdd530c14f2770de8de490bb4fbdc0c,2026-03-20 11:23:33,1,2,0.5529843318960838,1,267,2026-03-20 04:57:19,2026-03-21 15:23:05
0x90effaba6b4045880e474751ce79717cc98e4906,2026-03-20 11:23:33,0,2,0.44295345353338444,0,1134,2026-03-20 04:57:19,2026-03-21 15:23:05
0xc3692a15b372dda7e4d824f45e0cc311562c9266,2026-03-20 11:23:33,1,2,0.4896239852532284,0,807,2026-03-20 04:57:19,2026-03-21 15:23:05
0x61bb29a0a064beab5ed082228d50681677b55d34,2026-03-20 11:23:35,1,2,0.5074972539477922,1,601,2026-03-20 04:57:19,2026-03-21 15:23:05
0x335006f0b1a7b59f6ded377ac3f8dc46d509757d,2026-03-20 11:23:41,0,2,0.4964241800475689,0,710,2026-03-20 04:57:19,2026-03-21 15:23:05
0x3772cd1899d542ce5673e9417f1a555817227940,2026-03-20 11:23:41,0,2,0.4643613121520805,0,1033,2026-03-20 04:57:19,2026-03-21 15:23:05
0xd6dde7a2e00bd085ea44c4211e2c97b6cc10c6b6,2026-03-20 11:23:41,0,2,0.48507452739206036,0,855,2026-03-20 04:57:19,2026-03-21 15:23:05
0x8ab4004846b45f1bb43a82f89a9238afb250b6d4,2026-03-20 11:23:43,0,2,0.46991088207727466,0,991,2026-03-20 04:57:19,2026-03-21 15:23:05
0x742c82339adea21749443d11562fc5c27a580eed,2026-03-20 11:23:49,0,2,0.4676439569806845,0,1012,2026-03-20 04:57:19,2026-03-21 15:23:05
0x776012791ce108f12de580d7fb200e3605997f0b,2026-03-20 11:24:21,0,2,0.49795499208345145,0,693,2026-03-20 04:57:19,2026-03-21 15:23:05
0x442c533dd1bebea3f670185a6a6c091dee243db8,2026-03-20 12:25:09,0,2,0.5123048201449821,1,546,2026-03-20 04:57:19,2026-03-21 15:23:05
0x106c0a5976155a427ecaebf8f11096ecba98b5cb,2026-03-20 12:25:11,0,2,0.5989154068485277,1,109,2026-03-20 04:57:19,2026-03-21 15:23:05
0xa0f6f910b469cfd50155d8713f0375284d43b859,2026-03-20 12:25:11,0,2,0.4382456339699871,0,1154,2026-03-20 04:57:19,2026-03-21 15:23:05
0xb528de45d8e0e3d11336cb3a3e1639e0e721aade,2026-03-20 12:25:11,0,2,0.3743049457343031,0,1262,2026-03-20 04:57:19,2026-03-21 15:23:05
0x56cd737e40be51a22dc342a86fb4e3edb77f2ddc,2026-03-20 12:25:23,1,2,0.6147405981609709,1,55,2026-03-20 04:57:19,2026-03-21 15:23:05
0x5b38c72eb542454d43d546d1d5365176af4d698d,2026-03-20 12:25:23,0,2,0.5147931065195295,1,525,2026-03-20 04:57:19,2026-03-21 15:23:05
0xcd37316b7bc990c98df2443f7ab2c8ab08ebbb57,2026-03-20 12:25:23,0,2,0.43815693393012956,0,1155,2026-03-20 04:57:19,2026-03-21 15:23:05
0xac8d667696ed5da121d34bd71b760ac08f4ef98c,2026-03-20 12:25:33,1,2,0.5912484563585138,1,126,2026-03-20 04:57:19,2026-03-21 15:23:05
0x1121df0d46e15011375cf93d3137655acd5e6604,2026-03-20 12:25:35,0,2,0.4791426562117865,0,908,2026-03-20 04:57:19,2026-03-21 15:23:05
0x74473341e8272f57b0cd85891b2ac480cbc71480,2026-03-20 12:25:35,1,2,0.5034804139480237,1,636,2026-03-20 04:57:19,2026-03-21 15:23:05
0x88e63e4a28c398c42ecd74b736585c258c448311,2026-03-20 12:25:35,0,2,0.5145522397347987,1,527,2026-03-20 04:57:19,2026-03-21 15:23:05
0x920f9886d7a5b90b715629629c20a46d58094c8d,2026-03-20 12:25:35,0,2,0.48562053204586386,0,849,2026-03-20 04:57:19,2026-03-21 15:23:05
0xa75b9400b4d403a85cfd6e6ffcf3eb3e7b6c6bdb,2026-03-20 12:25:35,0,2,0.588998431093757,1,131,2026-03-20 04:57:19,2026-03-21 15:23:05
0xaabf84d2b7fe1092210f6b1cf9a6cfb5fe7e21db,2026-03-20 12:25:35,0,2,0.3710152411876839,0,1266,2026-03-20 04:57:19,2026-03-21 15:23:05
0xf0242217e919eaddbdfed4ebd032f5dab1aafbd3,2026-03-20 12:25:35,0,2,0.6016118909502074,1,100,2026-03-20 04:57:19,2026-03-21 15:23:05
0x332b34959c5e0df8042364eaa02411ca7ed2c412,2026-03-20 12:25:43,0,2,0.3915307307185401,0,1254,2026-03-20 04:57:19,2026-03-21 15:23:05
0x354f0067969d892315293df2fc8d9a914e5fafa2,2026-03-20 12:25:43,0,2,0.43343698572115064,0,1167,2026-03-20 04:57:19,2026-03-21 15:23:05
0x7399fe3ecdc1ac708b418448101d0475d1f9ef2e,2026-03-20 12:25:43,0,2,0.5310700984926334,1,399,2026-03-20 04:57:19,2026-03-21 15:23:05
0x056d34b4a98d1e853f076dfd69a8dba4c556127d,2026-03-20 12:26:07,0,2,0.5823414641094024,1,152,2026-03-20 04:57:19,2026-03-21 15:23:05
0x8970907074ed21451e42cf9c33e115643c970942,2026-03-20 12:26:07,0,2,0.5646222807814822,1,222,2026-03-20 04:57:19,2026-03-21 15:23:05
0xce7e254556ce08f3fb8b65ad88162338df12106b,2026-03-20 12:26:07,0,2,0.49570714757282797,0,717,2026-03-20 04:57:19,2026-03-21 15:23:05
0xda39194d075955d34aea74e557470ae6e44eb4aa,2026-03-20 12:26:07,0,2,0.4915930899752938,0,778,2026-03-20 04:57:19,2026-03-21 15:23:05
0x7ca40dc83b8f7907a97a575bd19b3011427d1e11,2026-03-20 12:26:09,0,2,0.5081200566071699,1,587,2026-03-20 04:57:19,2026-03-21 15:23:05
0x30400c405a46ae7c8d919d9a73555bf83c925a57,2026-03-20 12:26:17,0,2,0.5367853412823576,1,353,2026-03-20 04:57:19,2026-03-21 15:23:05
0xcdb7a291f5deed699b5855fb9321e2b51c56968b,2026-03-20 12:26:29,0,2,0.5012613179833624,1,649,2026-03-20 04:57:19,2026-03-21 15:23:05
0x596f3a30e496a465b298a2c9809cc2b29fd4248a,2026-03-20 12:26:55,0,2,0.5623253062410358,1,232,2026-03-20 04:57:19,2026-03-21 15:23:05
0x0318ecd692d7830777faa8524ad8fefbb1f9fd1d,2026-03-20 12:26:57,0,2,0.482580635304706,0,878,2026-03-20 04:57:19,2026-03-21 15:23:05
0x842ac934cfff1467f27c167c42c318001e407422,2026-03-20 12:26:59,1,2,0.4867381780088904,0,834,2026-03-20 04:57:19,2026-03-21 15:23:05
0xed6d365fd26e945c7c76f62414fb33c6c83ad964,2026-03-20 12:26:59,0,2,0.48786448387305714,0,826,2026-03-20 04:57:19,2026-03-21 15:23:05
0x5607140be93c7f09bd0c998942c430093da24d45,2026-03-20 12:27:05,0,2,0.4706548524581081,0,984,2026-03-20 04:57:19,2026-03-21 15:23:05
0xfa6f1d122da9cc2f9c57b4e21da702517549d58c,2026-03-20 12:27:07,0,2,0.5047516130216068,1,622,2026-03-20 04:57:19,2026-03-21 15:23:05
0x7abd79cf4752bb6470bdd66271a41a923bde4d2b,2026-03-20 12:27:21,0,2,0.544555097585033,1,314,2026-03-20 04:57:19,2026-03-21 15:23:05
0xdbde56baa500fc0869e2dd9174e00e72ad2f3dc9,2026-03-20 12:27:21,0,2,0.5937486166341531,1,118,2026-03-20 04:57:19,2026-03-21 15:23:05
0x3989b47c4c222406994ab49e542bb7d7d29caa16,2026-03-20 12:27:23,1,2,0.5271701522612957,1,424,2026-03-20 04:57:19,2026-03-21 15:23:05
0x528a933d342ab2b6637047f157e865f82bebe368,2026-03-20 12:27:25,1,2,0.4978548868195891,0,695,2026-03-20 04:57:19,2026-03-21 15:23:05
0xd50727073d3d10b2f06b0db205a8cccc538bf353,2026-03-20 12:27:25,0,2,0.4885909105233836,0,820,2026-03-20 04:57:19,2026-03-21 15:23:05
0xfaa16609207178b35fb3c15768f85f32d49c88b4,2026-03-20 12:27:25,0,2,0.5227247502142932,1,458,2026-03-20 04:57:19,2026-03-21 15:23:05
0xb420f1dcee1f71f50e36e793d40842fa5de5cc92,2026-03-20 12:27:59,0,2,0.596824844826791,1,114,2026-03-20 04:57:19,2026-03-21 15:23:05
0xf5d57dc94cd1c945d411c068e9c6dbe602abc9d4,2026-03-20 12:28:01,0,2,0.4983448411731563,0,688,2026-03-20 04:57:19,2026-03-21 15:23:05
0x2691b2aec3d6a42af4676a41b053eacbaa9470e1,2026-03-20 12:28:09,0,2,0.42792180972245353,0,1177,2026-03-20 04:57:19,2026-03-21 15:23:05
0x3b247103f4da3f1806b55251b65aca5f825c20c9,2026-03-20 12:28:09,0,2,0.5770703090150914,1,173,2026-03-20 04:57:19,2026-03-21 15:23:05
0x803d7cd1179687ad324f9b5e24e6205d456f1881,2026-03-20 12:28:09,0,2,0.5114908096443713,1,555,2026-03-20 04:57:19,2026-03-21 15:23:05
0x1c4cd350bce3cb791daf88ce2034de9b03318d85,2026-03-20 12:28:11,0,2,0.6122042373015141,1,71,2026-03-20 04:57:19,2026-03-21 15:23:05
0x224ad7d80f45b21598ba6483c247bf92a9013eaf,2026-03-20 12:28:11,0,2,0.5298992003619447,1,407,2026-03-20 04:57:19,2026-03-21 15:23:05
0x3de69fd6347a62a618656371e30a17b0c490e560,2026-03-20 12:28:11,0,2,0.5833515863878236,1,147,2026-03-20 04:57:19,2026-03-21 15:23:05
0x56c9fbdeccf198f1f5ad95ace39b24f5f7fb0d9e,2026-03-20 12:28:11,0,2,0.2062110715514955,0,1317,2026-03-20 04:57:19,2026-03-21 15:23:05
0x482ac34d2e2461b68cfed46ca01883725e651c60,2026-03-20 12:28:13,0,2,0.5290970267150032,1,414,2026-03-20 04:57:19,2026-03-21 15:23:05
0xe97fa85bc26de7eafd54483c9d2a30008b569337,2026-03-20 12:28:13,0,2,0.6157559697533287,1,44,2026-03-20 04:57:19,2026-03-21 15:23:05
0x0f3fc537631103d303110741e5d4f4399e11278a,2026-03-20 12:28:15,0,2,0.3972128088207972,0,1249,2026-03-20 04:57:19,2026-03-21 15:23:05
0xdfaca4ee848a9a22a18faaad45d4ffd4ebd6e409,2026-03-20 12:28:23,0,2,0.5334604372006287,1,379,2026-03-20 04:57:19,2026-03-21 15:23:05
0x0a731cf1caa5ca696be06ab3739a82322726bbad,2026-03-20 12:29:39,1,2,0.6139810254271209,1,60,2026-03-20 04:57:19,2026-03-21 15:23:05
0xd01c6c60e2a4f6b01347b6e55167d1ec08027f9d,2026-03-20 12:29:39,1,2,0.6042767998368466,1,95,2026-03-20 04:57:19,2026-03-21 15:23:05
0x6a217603a3c18bec35fa387701eb4725a1d57299,2026-03-20 12:29:41,1,2,0.49348168686676264,0,749,2026-03-20 04:57:19,2026-03-21 15:23:05
0xc491ae82b6c84c9cd87210ac5a6c8f3e3a6a8012,2026-03-20 12:29:41,0,2,0.48984075875188066,0,804,2026-03-20 04:57:19,2026-03-21 15:23:05
0xcaab19659b995951a44cc992447cb2ad5be324dd,2026-03-20 12:29:51,0,2,0.4576071103148792,0,1068,2026-03-20 04:57:19,2026-03-21 15:23:05
0x04f3e428474f198cd95424bd27dcd306db9d0ffa,2026-03-20 12:29:53,1,2,0.3617896832879109,0,1273,2026-03-20 04:57:19,2026-03-21 15:23:05
0x1cb4a8e0c9a325e9290ecb13b35e4513ead648e3,2026-03-20 13:29:07,1,2,0.6006065283472957,1,106,2026-03-20 04:57:19,2026-03-21 15:23:05
0x262590b819b79d2fba0a75396b6b5c7b0073b767,2026-03-20 13:29:07,1,2,0.5544922484654817,1,258,2026-03-20 04:57:19,2026-03-21 15:23:05
0x60a12c2bba0b2e224e1b455e36275dacdacf8b43,2026-03-20 13:29:07,1,2,0.5206918368116839,1,475,2026-03-20 04:57:19,2026-03-21 15:23:05
0xcae693bcf9696a2ebf0a62de767719b45f354f85,2026-03-20 13:29:07,0,2,0.32262925608023585,0,1290,2026-03-20 04:57:19,2026-03-21 15:23:05
0x24950c2933c96a021d9a488f39306abe86162056,2026-03-20 13:30:25,0,2,0.5113332815000065,1,556,2026-03-20 04:57:19,2026-03-21 15:23:05
0x2f5380ca5196175050795a352298c9372bd58572,2026-03-20 13:30:25,0,2,0.5443391191294702,1,316,2026-03-20 04:57:19,2026-03-21 15:23:05
0xfda7739ab354951e886b3ce5908f93c247208136,2026-03-20 13:30:25,0,2,0.449586409050406,0,1111,2026-03-20 04:57:19,2026-03-21 15:23:05
0x324c3bacb774466fad53b74502f0b756a6ed7d56,2026-03-20 13:30:27,0,2,0.5181266862839469,1,490,2026-03-20 04:57:19,2026-03-21 15:23:05
0xc6b288de26e84138c841635d0324a3533a988e12,2026-03-20 13:30:27,1,2,0.4888113762059343,0,816,2026-03-20 04:57:19,2026-03-21 15:23:05
0x21550b511f81998760bd667b6359816ad8a0eec8,2026-03-20 13:30:35,0,2,0.5118238518170162,1,550,2026-03-20 04:57:19,2026-03-21 15:23:05
0xfa011919b3ce3222620052757ee0f0c66c41f0a7,2026-03-20 13:30:47,0,2,0.5474495183052757,1,291,2026-03-20 04:57:19,2026-03-21 15:23:05
0x83d0493f1f0d82e80b3313fe8ace1d5c3426c927,2026-03-20 13:30:57,1,2,0.41783269989088917,0,1214,2026-03-20 04:57:19,2026-03-21 15:23:05
0x8967942026fc0e64ff83c2366e056c632e53d7da,2026-03-20 13:30:59,0,2,0.5118361618082364,1,549,2026-03-20 04:57:19,2026-03-21 15:23:05
0xa10b0d437f4dc2202429856308b8b1e28e9e9885,2026-03-20 13:30:59,0,2,0.5524616098557045,1,269,2026-03-20 04:57:19,2026-03-21 15:23:05
0xa1dc6a9b084697bfa029de1784e3c20d9bef4f72,2026-03-20 13:31:03,0,2,0.4361034779310617,0,1162,2026-03-20 04:57:19,2026-03-21 15:23:05
0x1f6b85cb85876df272199039207b33166757267e,2026-03-20 13:31:51,0,2,0.33724170507823337,0,1286,2026-03-20 04:57:19,2026-03-21 15:23:05
0x5690e93d3c033ec2d6a19f602c36369eb6b825a3,2026-03-20 13:31:51,1,2,0.5641739110554611,1,226,2026-03-20 04:57:19,2026-03-21 15:23:05
0x743cc238252d3fbc364b540d4d4d1df54c9acd90,2026-03-20 13:31:51,0,2,0.4423125391062694,0,1138,2026-03-20 04:57:19,2026-03-21 15:23:05
0xa1805b1ce9c7213785ac4d1109f388f1d797ef16,2026-03-20 13:31:51,1,2,0.5577467561423564,1,242,2026-03-20 04:57:19,2026-03-21 15:23:05
0xc0cbaf44ef003038d6a77e9c7fda0c1401ff229c,2026-03-20 13:31:51,0,2,0.5378435889765055,1,344,2026-03-20 04:57:19,2026-03-21 15:23:05
0xad72ffe37df00548959c2f86f0333e7c958e4f5e,2026-03-20 13:32:05,0,2,0.46325991310491027,0,1042,2026-03-20 04:57:19,2026-03-21 15:23:05
0xae5b6ac72d429e5df44fd68f946a52140b88ab1b,2026-03-20 13:32:05,0,2,0.47881287814682416,0,915,2026-03-20 04:57:19,2026-03-21 15:23:05
0xf19e51d8b7113b13a41ab8380646363b30999394,2026-03-20 13:32:05,0,2,0.5044804628222497,1,626,2026-03-20 04:57:19,2026-03-21 15:23:05
0xff4a5387a744edb31a03900a2373102a25bbffae,2026-03-20 13:32:05,0,2,0.5157448477556332,1,511,2026-03-20 04:57:19,2026-03-21 15:23:05
0x1fd2cf88897aef0f308785ac880b9d72b12cb7f8,2026-03-20 13:32:07,0,2,0.4709949144683544,0,981,2026-03-20 04:57:19,2026-03-21 15:23:05
0x6d8fafe37d66cc0ffc4c878cb4a5fdffd222277e,2026-03-20 13:32:07,0,2,0.5174126625377217,1,494,2026-03-20 04:57:19,2026-03-21 15:23:05
0x8640071be9aa8e4219f4d7aef159ae21313faaeb,2026-03-20 13:32:07,0,2,0.4955434159313662,0,722,2026-03-20 04:57:19,2026-03-21 15:23:05
0xdf4d801cfdff2d5f9104bdb61e5e4569682278f5,2026-03-20 13:32:07,0,2,0.5026142685384913,1,643,2026-03-20 04:57:19,2026-03-21 15:23:05
0x8310968eb2a413c0c355e1b11a3871b067b78967,2026-03-20 13:32:15,1,2,0.41515876624022213,0,1223,2026-03-20 04:57:19,2026-03-21 15:23:05
0x04bd900b9ef8a809e39b10a6207950a3f65a39a0,2026-03-20 13:32:25,0,2,0.48581104364467737,0,846,2026-03-20 04:57:19,2026-03-21 15:23:05
0x13b5d542213a50a7cb9cc83dfaca46ce33357e1c,2026-03-20 13:32:25,0,2,0.4629620687886395,0,1043,2026-03-20 04:57:19,2026-03-21 15:23:05
0x8ba2299592057ad6f8c2f857eb6a17aa85be3439,2026-03-20 13:32:25,1,2,0.5727311198550968,1,186,2026-03-20 04:57:19,2026-03-21 15:23:05
0xe2a5fc53cbed2bf7567aa9df0184e0a0551b326f,2026-03-20 13:32:25,0,2,0.4890235609193745,0,813,2026-03-20 04:57:19,2026-03-21 15:23:05
0x164dc1da066c6aee9824bca1d8ecedc711a39022,2026-03-20 13:33:11,0,2,0.4089768172604529,0,1236,2026-03-20 04:57:19,2026-03-21 15:23:05
0x42df69b503fa00e14febb83718da5d332882bb2f,2026-03-20 13:33:11,0,2,0.4633393012286032,0,1040,2026-03-20 04:57:19,2026-03-21 15:23:05
0x2615e0c5096bd078b2630320615be4ecede2c16d,2026-03-20 13:33:13,0,2,0.48102684330618234,0,892,2026-03-20 04:57:19,2026-03-21 15:23:05
0xe38d53174f59ec9f97736ea0d21756de4d8914bd,2026-03-20 13:33:15,0,2,0.4965623810261019,0,709,2026-03-20 04:57:19,2026-03-21 15:23:05
0x3c6cd10cf0f10b8cc170fe3cc04a7fc00e9505e9,2026-03-20 13:33:41,0,2,0.5559600408897791,1,249,2026-03-20 04:57:19,2026-03-21 15:23:05
0xa23d5d024866aa0300fd9c26e7fcd7a1085cef9b,2026-03-20 13:33:43,0,2,0.4782449702037089,0,920,2026-03-20 04:57:19,2026-03-21 15:23:05
0x31864feb9d25dee93728c6225ba891530967e9ca,2026-03-20 13:33:45,0,2,0.4094517555624061,0,1234,2026-03-20 04:57:19,2026-03-21 15:23:05
0x479a4ec86f79077d0fa4dd8f906de60f3b2e514a,2026-03-20 13:34:03,0,2,0.41854480298425706,0,1213,2026-03-20 04:57:19,2026-03-21 15:23:05
0xbd013386f7a70b5dee398029ebb5f050132fd8cd,2026-03-20 13:34:03,0,2,0.5354497386205552,1,361,2026-03-20 04:57:19,2026-03-21 15:23:05
0x87501974ff87910eeb875f1b3aa89dc23fcc0841,2026-03-20 13:34:05,0,2,0.49438224190610597,0,738,2026-03-20 04:57:19,2026-03-21 15:23:05
0xc3973025163de81e367ad29c21e296e51684bb3b,2026-03-20 14:33:53,0,2,0.39700350883894175,0,1250,2026-03-20 04:57:19,2026-03-21 15:23:05
0x72347d9e33733a7e402b359b99ad65791582e457,2026-03-20 14:33:55,0,2,0.5046061380445859,1,624,2026-03-20 04:57:19,2026-03-21 15:23:05
0xc119c0fc5c506fb0be8c3975e959576e56257d4d,2026-03-20 14:33:55,0,2,0.4857823451305533,0,847,2026-03-20 04:57:19,2026-03-21 15:23:05
0x70accb6d1099c020d476850c909d169688d82e5b,2026-03-20 14:33:57,1,2,0.535226604383967,1,364,2026-03-20 04:57:19,2026-03-21 15:23:05
0xbd95ce4f49090d566ef677759f655c59d4c2e333,2026-03-20 14:33:57,0,2,0.4300095412702046,0,1174,2026-03-20 04:57:19,2026-03-21 15:23:05
0x722021d6c95e560ce796efe9bce9f2f07386a909,2026-03-20 14:33:59,0,2,0.5172888980535362,1,495,2026-03-20 04:57:19,2026-03-21 15:23:05
0xdc5bd11896bfb0fb335dad88d99a7e9a6bc3f102,2026-03-20 14:33:59,0,2,0.4238484899888039,0,1193,2026-03-20 04:57:19,2026-03-21 15:23:05
0xedb84155355c4514ef85edc5f88364a37b01778c,2026-03-20 14:33:59,0,2,0.613979430250473,1,61,2026-03-20 04:57:19,2026-03-21 15:23:05
0xa5808579b30f7e57e56d6f2f32e065def9599d86,2026-03-20 14:34:01,0,2,0.5539609987163473,1,261,2026-03-20 04:57:19,2026-03-21 15:23:05
0xaa45cb83d4868d9dc61132588e95680525f13c34,2026-03-20 14:34:01,1,2,0.5968417320044928,1,113,2026-03-20 04:57:19,2026-03-21 15:23:05
0xc8f847e15497f305dca3a7117a9968aa471b3b32,2026-03-20 14:34:01,0,2,0.5325298878137407,1,390,2026-03-20 04:57:19,2026-03-21 15:23:05
0x5f7742d83224c50efec1090260293c413bad2711,2026-03-20 14:34:05,0,2,0.6065577906533093,1,86,2026-03-20 04:57:19,2026-03-21 15:23:05
0x679df4dbeae88f2c688fbaa07d78c33b7bf26f07,2026-03-20 14:34:05,0,2,0.5938513883668001,1,117,2026-03-20 04:57:19,2026-03-21 15:23:05
0xdcc4ef36dbe07518f7672b749e0715cb1c0a544f,2026-03-20 14:34:07,0,2,0.5296435847075871,1,409,2026-03-20 04:57:19,2026-03-21 15:23:05
0xe704727ba31364e9bc25e4073ef010ed629bb250,2026-03-20 14:34:07,0,2,0.428941324416985,0,1176,2026-03-20 04:57:19,2026-03-21 15:23:05
0xf2f3d3a3f3ae8181ce43d678154d68f622463d58,2026-03-20 14:34:07,0,2,0.5161287129489255,1,504,2026-03-20 04:57:19,2026-03-21 15:23:05
0x146ddbae0a17c93df342680d878afa804d8317c7,2026-03-20 14:34:09,0,2,0.4457651087173072,0,1125,2026-03-20 04:57:19,2026-03-21 15:23:05
0x34e18b91c39736f82125b8c829e3e023b41602bf,2026-03-20 14:34:09,1,2,0.5089069738519088,1,583,2026-03-20 04:57:19,2026-03-21 15:23:05
0x6de983b37b054b8e8442f4c1f30dc30c7567a8e5,2026-03-20 14:34:09,0,2,0.49082985498351794,0,788,2026-03-20 04:57:19,2026-03-21 15:23:05
0xe8e0ac99916dcd232965a3d06e51db4997077213,2026-03-20 14:34:09,0,2,0.3247909499523667,0,1288,2026-03-20 04:57:19,2026-03-21 15:23:05
0x1f68627f291df42d23e5c9123641dbccc6434132,2026-03-20 14:34:11,0,2,0.4988187753908175,0,679,2026-03-20 04:57:19,2026-03-21 15:23:05
0x19b0008a8309b5ff4aeda8bb410643931b3557cb,2026-03-20 14:34:13,0,2,0.43895390016192054,0,1149,2026-03-20 04:57:19,2026-03-21 15:23:05
0xd25156e222c9b907b128e27c36821fdb41db4d37,2026-03-20 14:34:13,0,2,0.5792737464771288,1,164,2026-03-20 04:57:19,2026-03-21 15:23:05
0xe36e8692ab4b66b257959ccbaf9c4a7d25f0d4d8,2026-03-20 14:34:13,1,2,0.514879186103909,1,524,2026-03-20 04:57:19,2026-03-21 15:23:05
0x6bc37f1b519a0b777ac2e562741a758ffd804972,2026-03-20 14:34:15,0,2,0.4812101836645094,0,889,2026-03-20 04:57:19,2026-03-21 15:23:05
0x253dafc512e94796748acb4af49b54ace3deaa62,2026-03-20 14:35:03,0,2,0.5242324457597488,1,447,2026-03-20 04:57:19,2026-03-21 15:23:05
0xc4a31b3a632f5f2b5c8e6f5d38dddaacc306e55e,2026-03-20 14:35:03,0,2,0.24079154577055817,0,1306,2026-03-20 04:57:19,2026-03-21 15:23:05
0x425c5c42aed2558477d8557b73e97db8363c557d,2026-03-20 14:35:05,0,2,0.577300945195369,1,171,2026-03-20 04:57:19,2026-03-21 15:23:05
0xcbe82151e4cc6966312915102d24e9532612563a,2026-03-20 14:35:05,1,2,0.5496716007232006,1,281,2026-03-20 04:57:19,2026-03-21 15:23:05
0x0f3433d8b7596000bf1046aa822308d93cf67684,2026-03-20 14:35:19,1,2,0.4732712213507577,0,964,2026-03-20 04:57:19,2026-03-21 15:23:05
0x101819493540f7cf5094e3773016141c9b01418f,2026-03-20 14:35:19,1,2,0.49477803004924786,0,732,2026-03-20 04:57:19,2026-03-21 15:23:05
0x3a7836f647e26d83a11208a362e40c577e82218a,2026-03-20 14:35:19,0,2,0.4171408180492582,0,1218,2026-03-20 04:57:19,2026-03-21 15:23:05
0x2cad53bb58c266ea91eea0d7ca54303a10bceb66,2026-03-20 14:35:21,0,2,0.36932092324536386,0,1268,2026-03-20 04:57:19,2026-03-21 15:23:05
0x180a88cdc35e143c55a30703de9ba815e8f7e6f5,2026-03-20 14:35:29,0,2,0.3392549100478925,0,1285,2026-03-20 04:57:19,2026-03-21 15:23:05
0xa51b557ef3721f2ebc95c242341e966f5ae8751e,2026-03-20 14:35:29,0,2,0.4740675888493719,0,956,2026-03-20 04:57:19,2026-03-21 15:23:05
0xbd5f877cf4c98fbf29471562cc60111a8febbed4,2026-03-20 14:35:29,0,2,0.5772972357775336,1,172,2026-03-20 04:57:19,2026-03-21 15:23:05
0x47c374e6a1225437f000a351b4bfaf9b1e65dee3,2026-03-20 14:35:31,1,2,0.5870909767318407,1,136,2026-03-20 04:57:19,2026-03-21 15:23:05
0x7d72076fa1f6df71a3c02123d1691f0a570e12fa,2026-03-20 14:35:31,0,2,0.5779944984417525,1,168,2026-03-20 04:57:19,2026-03-21 15:23:05
0xbf27227bb9adff0e7b52f6400c748128b284ad06,2026-03-20 14:35:31,0,2,0.5762498190584003,1,179,2026-03-20 04:57:19,2026-03-21 15:23:05
0xa74afd70c4c383bf45fee0f342502ac405c64893,2026-03-20 14:35:39,0,2,0.5164573361478401,1,501,2026-03-20 04:57:19,2026-03-21 15:23:05
0xc9f4cb26615f74f7e6558cbaf88f3a5d0c404c93,2026-03-20 14:35:39,0,2,0.4851029335743641,0,854,2026-03-20 04:57:19,2026-03-21 15:23:05
0x064a11fc5830cb1741a543f5be48068e46f0245d,2026-03-20 14:35:41,0,2,0.5350043247397005,1,369,2026-03-20 04:57:19,2026-03-21 15:23:05
0xd78306c762b7336359ab3e59250ffa4518f141a5,2026-03-20 14:35:41,0,2,0.5027718109949404,1,642,2026-03-20 04:57:19,2026-03-21 15:23:05
0xda5fb63bfedeeb3bf93d8cfcc0c576f0a810bd69,2026-03-20 14:35:43,0,2,0.5004272125918118,1,656,2026-03-20 04:57:19,2026-03-21 15:23:05
0x08232e3569c981f5e729b3d97258b187dfda3260,2026-03-20 14:35:45,0,2,0.4850515041020001,0,856,2026-03-20 04:57:19,2026-03-21 15:23:05
0x0f72a4ae9f87aab9cf92e4495e6f8776987ea77f,2026-03-20 14:35:45,0,2,0.4322693797304723,0,1172,2026-03-20 04:57:19,2026-03-21 15:23:05
0x487cc836404ba25d449ce0295b344f6fa6da301e,2026-03-20 14:35:45,0,2,0.43658293149267724,0,1161,2026-03-20 04:57:19,2026-03-21 15:23:05
0x6179ad17cb1a48a8db80284f9b22a5bf899d6f80,2026-03-20 14:35:45,0,2,0.41175878230726787,0,1229,2026-03-20 04:57:19,2026-03-21 15:23:05
0xf7370373289c1bfc10e2ecbc9a7e53e9cd8edc53,2026-03-20 14:35:45,0,2,0.5716998712916959,1,192,2026-03-20 04:57:19,2026-03-21 15:23:05
0x3442a83daa980d6795d6a397b3ebde0c5ea081af,2026-03-20 14:36:01,0,2,0.49274452181611694,0,763,2026-03-20 04:57:19,2026-03-21 15:23:05
0x18a018e4c719f3e599207720cc1e9a3333213a98,2026-03-20 14:36:03,0,2,0.4969729625799659,0,704,2026-03-20 04:57:19,2026-03-21 15:23:05
0x54834b92a9dbfc594005a72ee1f942e8f1442f06,2026-03-20 14:36:15,1,2,0.49824364568107676,0,690,2026-03-20 04:57:19,2026-03-21 15:23:05
0xbfb94c5366ed66a5f018ba95eaa51b57acd4c352,2026-03-20 14:36:17,0,2,0.5115800534795345,1,554,2026-03-20 04:57:19,2026-03-21 15:23:05
0x0999f2cf6ab735447856ce8b9096ded3f576b4e2,2026-03-20 14:36:39,0,2,0.479162610800282,0,907,2026-03-20 04:57:19,2026-03-21 15:23:05
0x057547c816a5dcb24faf9deb40b7b23e9f65c980,2026-03-20 14:36:57,0,2,0.42754551848865197,0,1178,2026-03-20 04:57:19,2026-03-21 15:23:05
0x7ba94a914454cfd5da67f4e7cb123ff8644360ab,2026-03-20 14:36:57,0,2,0.4898674264150391,0,803,2026-03-20 04:57:19,2026-03-21 15:23:05
0xb0ec9de68162ee59a9a1d78140666bd0868f5c9f,2026-03-20 14:36:59,0,2,0.5202052550587459,1,478,2026-03-20 04:57:19,2026-03-21 15:23:05
0x7b75e76b13a8d792bd4ce25d76a50be61ced3fd1,2026-03-20 14:37:25,0,2,0.4597553090478631,0,1058,2026-03-20 04:57:19,2026-03-21 15:23:05
0x8e8ccd010d924673af70bc0191c4f49329da65dd,2026-03-20 14:37:25,0,2,0.45608090818331204,0,1076,2026-03-20 04:57:19,2026-03-21 15:23:05
0xb8b3d9bf3b07a7b9fa3ec15f27f0a9166f2253f0,2026-03-20 14:37:25,0,2,0.4584663351937583,0,1065,2026-03-20 04:57:19,2026-03-21 15:23:05
0xefb4bc7a5b2b901faa0f4282c0044f1d390834f3,2026-03-20 14:37:27,0,2,0.5359893177922098,1,356,2026-03-20 04:57:19,2026-03-21 15:23:05
0x1c42f6e9fc998637835f631607255674b31d213b,2026-03-20 14:37:29,0,2,0.4937075554121966,0,747,2026-03-20 04:57:19,2026-03-21 15:23:05
0x553e3aa052b9015d5d932d2c33ffc7e3a757df91,2026-03-20 14:37:29,0,2,0.5508052283888016,1,275,2026-03-20 04:57:19,2026-03-21 15:23:05
0x7dafd85b3c03f3e520471c6ff45debffa5bd8ca4,2026-03-20 14:37:29,0,2,0.5089374571439221,1,582,2026-03-20 04:57:19,2026-03-21 15:23:05
0x252ebb45379fb2de06413571f96eaf50d143e508,2026-03-20 14:37:37,0,2,0.5334153599111321,1,380,2026-03-20 04:57:19,2026-03-21 15:23:05
0x891ef35de6cd96579a61c03469719f74e13b1e7a,2026-03-20 14:37:37,1,2,0.49137259279524653,0,784,2026-03-20 04:57:19,2026-03-21 15:23:05
0xf4d92c5dd7eb0a39fdf2cfd428e494ad5e6ac125,2026-03-20 14:37:55,0,2,0.4941419687202925,0,741,2026-03-20 04:57:19,2026-03-21 15:23:05
0xf9db47362ae1807cda1f801caaaf0e571072dd44,2026-03-20 14:37:55,1,2,0.593313992121566,1,119,2026-03-20 04:57:19,2026-03-21 15:23:05
0x46505242a39685d82de798a83da3f4a6fda0f3f0,2026-03-20 14:37:57,0,2,0.41489986623051345,0,1224,2026-03-20 04:57:19,2026-03-21 15:23:05
0xe49736ab76d854dbfe9fb15bfae1047b9b522b89,2026-03-20 14:38:11,0,2,0.5699698173846527,1,199,2026-03-20 04:57:19,2026-03-21 15:23:05
0x5ca56ab69d4f643c4b5f735758f99a2b7d509343,2026-03-20 14:39:33,0,2,0.4703442776808282,0,987,2026-03-20 04:57:19,2026-03-21 15:23:05
0x98ef376b2fa849b331ea44e4ae03f93bf62a733e,2026-03-20 14:39:33,0,2,0.45211521679605565,0,1100,2026-03-20 04:57:19,2026-03-21 15:23:05
0xf7b228eb030ad8f8025d9f854189994d5fff6338,2026-03-20 14:39:33,1,2,0.4881446313637041,0,822,2026-03-20 04:57:19,2026-03-21 15:23:05
0x7c3db723f1d4d8cb9c550095203b686cb11e5c6b,2026-03-20 14:39:35,0,2,0.4839874488011426,0,868,2026-03-20 04:57:19,2026-03-21 15:23:05
0x910e8320a144d5fcc4c5ba7bd104433f6f9ae434,2026-03-20 15:38:55,0,2,0.1994950043521591,0,1319,2026-03-20 04:57:19,2026-03-21 15:23:05
0x1e9611c3bde3aa2ea36eb3f063834b1a23c6e72a,2026-03-20 15:40:03,0,2,0.5659896565290685,1,217,2026-03-20 04:57:19,2026-03-21 15:23:05
0x4c66f4a02512936309c580e89c0704e629d796a4,2026-03-20 15:40:03,0,2,0.545346660985601,1,310,2026-03-20 04:57:19,2026-03-21 15:23:05
0x52b4e212a68d9107a3d7e917c0d4df791cbd399c,2026-03-20 15:40:03,1,2,0.5476577614236299,1,290,2026-03-20 04:57:19,2026-03-21 15:23:05
0x56519b77e9ee3f3035865db444bdaaff21c151ea,2026-03-20 15:40:03,0,2,0.5667335111015337,1,210,2026-03-20 04:57:19,2026-03-21 15:23:05
0x59507e84aa6f62986c387f20f329bdfadafd56f7,2026-03-20 15:40:03,1,2,0.5471991445908697,1,294,2026-03-20 04:57:19,2026-03-21 15:23:05
0x6cc06d69ef56fcc4c3cb2a8a494b8f2a867abe89,2026-03-20 15:40:03,0,2,0.5578617585003267,1,241,2026-03-20 04:57:19,2026-03-21 15:23:05
0xb4105bf9e7a36112bd37854326e48132c19c954d,2026-03-20 15:40:03,0,2,0.6166761701076603,1,4,2026-03-20 04:57:19,2026-03-21 15:23:05
0x064e0aed5a3bad3ee926374e8fceade88f5c2ab8,2026-03-20 15:40:19,0,2,0.481432947395356,0,885,2026-03-20 04:57:19,2026-03-21 15:23:05
0xae8dbc8476c9d3655b560f6e70e9780531ce70c4,2026-03-20 15:40:19,0,2,0.4717131947687051,0,971,2026-03-20 04:57:19,2026-03-21 15:23:05
0xaf333fdb1a8f258dc5d4c336c23ea9bf237cb5f8,2026-03-20 15:40:19,1,2,0.44763997621286333,0,1118,2026-03-20 04:57:19,2026-03-21 15:23:05
0x020f303730e128990cd8cae6b9a7aa3c7e26bb13,2026-03-20 15:40:21,0,2,0.5767836467363592,1,175,2026-03-20 04:57:19,2026-03-21 15:23:05
0x105fe9a8f75211e42913e676603b4f8a5ef7317f,2026-03-20 15:40:21,1,2,0.5190258645233542,1,481,2026-03-20 04:57:19,2026-03-21 15:23:05
0x1624ad357cef163c2cee8ff9c06f40df90c2c5f3,2026-03-20 15:40:21,1,2,0.6090853503089624,1,80,2026-03-20 04:57:19,2026-03-21 15:23:05
0x8397bd21566216bea0527b7c5aa331e8f3324ac2,2026-03-20 15:40:21,1,2,0.4369507564574438,0,1159,2026-03-20 04:57:19,2026-03-21 15:23:05
0x97ebdfdd48fa0ff6bbe37ea63b68f029f3cfa545,2026-03-20 15:40:21,0,2,0.4733080552836733,0,963,2026-03-20 04:57:19,2026-03-21 15:23:05
0xd6540d3fd97c080b6da3504d14cb40c8247e42b3,2026-03-20 15:40:21,0,2,0.5290006650406149,1,415,2026-03-20 04:57:19,2026-03-21 15:23:05
0xed3447bf9ea556728146e9df2d4e63aba3faa8c7,2026-03-20 15:40:21,0,2,0.43333669618777926,0,1169,2026-03-20 04:57:19,2026-03-21 15:23:05
0x2dce7e2a808abdd38eb833d1f6d11007c334a293,2026-03-20 15:40:25,0,2,0.4787733005527674,0,917,2026-03-20 04:57:19,2026-03-21 15:23:05
0x12e74effe47b43301841e528bb1ac04df76fbaca,2026-03-20 15:40:39,1,2,0.5989346177718822,1,108,2026-03-20 04:57:19,2026-03-21 15:23:05
0x31c556d01a0cbb6b6069e73d7c3883d8423714f5,2026-03-20 15:40:41,0,2,0.47850559793109826,0,918,2026-03-20 04:57:19,2026-03-21 15:23:05
0xca789ab47859a90b1a319946cd908f4dd49efe5d,2026-03-20 15:40:41,0,2,0.5090325269531933,1,581,2026-03-20 04:57:19,2026-03-21 15:23:05
0x2ac66509616cc4da6059323e47c12818b39d8753,2026-03-20 15:40:49,0,2,0.29900926135822725,0,1295,2026-03-20 04:57:19,2026-03-21 15:23:05
0xdbb9b3616f733e19278d1ca6f3207a8344b5ed8d,2026-03-20 15:40:51,0,2,0.4775617957049767,0,924,2026-03-20 04:57:19,2026-03-21 15:23:05
0x7030de951933fa1add0f4a32c1741467c4cd4e03,2026-03-20 15:41:19,0,2,0.4979818940496832,0,692,2026-03-20 04:57:19,2026-03-21 15:23:05
0xc1b55055bbe6fbe9d313526f038dfd53e05e4eaa,2026-03-20 15:41:19,0,2,0.512316948791653,1,545,2026-03-20 04:57:19,2026-03-21 15:23:05
0x77e7c5653d80e7428fc448676369f324746888ad,2026-03-20 15:41:29,0,2,0.16662812879479508,0,1322,2026-03-20 04:57:19,2026-03-21 15:23:05
0x14cfdd855a7d8e5ba9f4652be5df31721ba7d019,2026-03-20 15:41:31,0,2,0.5722102285917552,1,189,2026-03-20 04:57:19,2026-03-21 15:23:05
0x3b16b8d48855d29056eb52d9534f7b92e19b7f0f,2026-03-20 15:41:33,0,2,0.5664369800790515,1,213,2026-03-20 04:57:19,2026-03-21 15:23:05
0x75cd14454753d279f58d360f03b71640cc9a3151,2026-03-20 15:41:33,1,2,0.5459790481799099,1,306,2026-03-20 04:57:19,2026-03-21 15:23:05
0xb9cbb96eb2026aedac173ea4830c71f3356b0134,2026-03-20 15:41:33,0,2,0.5251759983676642,1,439,2026-03-20 04:57:19,2026-03-21 15:23:05
0x31910e74c0d6280c91c771407724c135d7f6c919,2026-03-20 15:41:35,1,2,0.5693373086725632,1,200,2026-03-20 04:57:19,2026-03-21 15:23:05
0xf14291f1377eb2319d07a4644614b130886334ef,2026-03-20 15:41:39,0,2,0.4926326132281127,0,765,2026-03-20 04:57:19,2026-03-21 15:23:05
0xd456ce62eadf903a44431f3066d97af2038cc8a2,2026-03-20 15:41:41,0,2,0.5822536447573774,1,153,2026-03-20 04:57:19,2026-03-21 15:23:05
0x8c497eaf9c678770c00d06d26e04ce2c641ff3be,2026-03-20 15:41:43,0,2,0.4781557136516398,0,921,2026-03-20 04:57:19,2026-03-21 15:23:05
0x3f777b463f876bf224cc5908b35506f4181edd72,2026-03-20 15:42:45,0,2,0.5454462496531753,1,309,2026-03-20 04:57:19,2026-03-21 15:23:05
0xd8c2ee9935f48a4141742a7226941a9b184992e7,2026-03-20 15:42:45,0,2,0.5642260944729949,1,224,2026-03-20 04:57:19,2026-03-21 15:23:05
0xff51e026242d7d74d00a1f3eb97ef160dcd2d2ed,2026-03-20 15:42:45,1,2,0.5154904031706545,1,517,2026-03-20 04:57:19,2026-03-21 15:23:05
0x506d9377820866544fd3bb6f94edb3bb5508e3f7,2026-03-20 15:42:47,0,2,0.5292810774985559,1,412,2026-03-20 04:57:19,2026-03-21 15:23:05
0xee8e24c26b7d591a543972fd7ac424d8a8310a7b,2026-03-20 15:42:47,1,2,0.47539620224496854,0,950,2026-03-20 04:57:19,2026-03-21 15:23:05
0x3c2754a0bc4ec9a75d715fc5c48a44a1a62deea9,2026-03-20 15:43:25,0,2,0.4906716262711765,0,789,2026-03-20 04:57:19,2026-03-21 15:23:05
0x9f66aa958734d9d5af35f5f19a276d23e84f3a50,2026-03-20 15:43:35,0,2,0.5149642200790259,1,522,2026-03-20 04:57:19,2026-03-21 15:23:05
0x858c18cd25e722892a60506a3e54c4ecbca84936,2026-03-20 15:43:37,0,2,0.6163416549048601,1,22,2026-03-20 04:57:19,2026-03-21 15:23:05
0xf79e4df450e37958a22eca7cdc594c7a618482b3,2026-03-20 15:43:37,0,2,0.5839456329371869,1,144,2026-03-20 04:57:19,2026-03-21 15:23:05
0x691a3a1919f2ee338b10fd2f216df525da34d113,2026-03-20 15:43:43,1,2,0.5330527553935641,1,385,2026-03-20 04:57:19,2026-03-21 15:23:05
0x8a25814d90a33bdea0d7b43382bfba1bc0103c70,2026-03-20 15:43:43,0,2,0.5260554367519126,1,437,2026-03-20 04:57:19,2026-03-21 15:23:05
0x27753c9c8dcdec6f35e30c3dc64fcd0797d93652,2026-03-20 15:43:53,0,2,0.417343081413813,0,1217,2026-03-20 04:57:19,2026-03-21 15:23:05
0x3397fa656eddc763f91d0379687fb303512bac80,2026-03-20 15:43:53,0,2,0.458495397342999,0,1064,2026-03-20 04:57:19,2026-03-21 15:23:05
0x5a7320dc02290b7e498c95006441e7922f705650,2026-03-20 15:43:53,0,2,0.5052094596091204,1,620,2026-03-20 04:57:19,2026-03-21 15:23:05
0xbf420af606cf10ff7e5a97d8d7fbca6957e9c14f,2026-03-20 15:43:53,0,2,0.43673200707604354,0,1160,2026-03-20 04:57:19,2026-03-21 15:23:05
0xff1b222855ac90cb9f1eae323088f6f4d26ff662,2026-03-20 15:43:53,0,2,0.5350702630049764,1,368,2026-03-20 04:57:19,2026-03-21 15:23:05
0x751fac5c1ba33541702dccaaa55a2f293d51b7d4,2026-03-20 15:43:57,0,2,0.6164789738500032,1,16,2026-03-20 04:57:19,2026-03-21 15:23:05
0xc667cc9e64a9019ab1dc3230ceb6b4a5f1d2e68d,2026-03-20 15:43:57,0,2,0.38141424282998154,0,1260,2026-03-20 04:57:19,2026-03-21 15:23:05
0xce2feabff83d149f15e8726d223e5cbf16e95cb9,2026-03-20 15:43:57,1,2,0.5581617669118348,1,240,2026-03-20 04:57:19,2026-03-21 15:23:05
0x22b3fe25e68ae4325f07e8ab2bf2f74495bca018,2026-03-20 16:45:17,1,2,0.5092692083257835,1,579,2026-03-20 04:57:19,2026-03-21 15:23:05
0x789a4c347bdfb52d8772fa8225917cbfc13a1dda,2026-03-20 16:45:17,0,2,0.5917595847219121,1,125,2026-03-20 04:57:19,2026-03-21 15:23:05
0xdca10af6146a78d149ed490ad8b10a9645e5544a,2026-03-20 16:45:17,1,2,0.4950770357410426,0,729,2026-03-20 04:57:19,2026-03-21 15:23:05
0x7a57e5b130cb3dc98a919380171be4a16199968c,2026-03-20 16:45:39,0,2,0.5462993655637707,1,300,2026-03-20 04:57:19,2026-03-21 15:23:05
0xc58621d2a06cea51256ac588d58d3bbc617b9b02,2026-03-20 16:45:39,0,2,0.5176713906043834,1,493,2026-03-20 04:57:19,2026-03-21 15:23:05
0xcf8516b30f5eb023f0fa795d8dfe409a999a369d,2026-03-20 16:45:45,1,2,0.5377220551216534,1,345,2026-03-20 04:57:19,2026-03-21 15:23:05
0x07855c9100df9d1a2262db86d2a62209aa65ecb4,2026-03-20 16:45:57,0,2,0.5018941991310121,1,646,2026-03-20 04:57:19,2026-03-21 15:23:05
0xd37d84a14d70ac7300defe9997074b3b3fd7c735,2026-03-20 16:45:57,0,2,0.5391864934408014,1,337,2026-03-20 04:57:19,2026-03-21 15:23:05
0xeab30e2d26eceeccd4977d27be65ddc9bd2e74c0,2026-03-20 16:45:59,0,2,0.5171420700496934,1,497,2026-03-20 04:57:19,2026-03-21 15:23:05
0xeffd76b6a4318d50c6f71a16b276c5b279445a86,2026-03-20 16:46:09,1,2,0.3505477135771375,0,1280,2026-03-20 04:57:19,2026-03-21 15:23:05
0x53340bf78d8293230c7661b3d5e0c0a81b8ee0bd,2026-03-20 16:46:11,0,2,0.5263113653132631,1,433,2026-03-20 04:57:19,2026-03-21 15:23:05
0xaa06f6e8d4d0cce05d521fbca234de77c0af1e0f,2026-03-20 16:46:11,0,2,0.4407004358071042,0,1142,2026-03-20 04:57:19,2026-03-21 15:23:05
0xb61f59f1874041b6a2cb9dc3935be5e12ba1976a,2026-03-20 16:46:11,0,2,0.19284985439101646,0,1320,2026-03-20 04:57:19,2026-03-21 15:23:05
0x74634d8ea1c2e92a8e835696df07152bca3cdf9d,2026-03-20 16:46:17,1,2,0.5411146372864633,1,329,2026-03-20 04:57:19,2026-03-21 15:23:05
0x5a9414c0b225dd4cbca0905bd09ba03f4bed82b2,2026-03-20 16:46:25,0,2,0.5635334755777895,1,227,2026-03-20 04:57:19,2026-03-21 15:23:05
0xfa2b8768a6b4b5fabd18870bef988b2269f5f194,2026-03-20 16:46:25,0,2,0.5336094089193516,1,376,2026-03-20 04:57:19,2026-03-21 15:23:05
0xcdca69bf1df64bec45158ac63becd1d4b17b66eb,2026-03-20 16:47:23,1,2,0.47813085353798723,0,922,2026-03-20 04:57:19,2026-03-21 15:23:05
0xcaca1eca395d72422b315b53867e1742f60fa0b6,2026-03-20 16:47:27,0,2,0.4669288533693745,0,1016,2026-03-20 04:57:19,2026-03-21 15:23:05
0x2f4fda022241ae1f7d435b80b9324649f5f2728a,2026-03-20 16:47:29,0,2,0.4764632146394221,0,937,2026-03-20 04:57:19,2026-03-21 15:23:05
0xc9a506bd09c921247c2e720a66bf4b22bdd0058d,2026-03-20 16:47:29,0,2,0.532068372849211,1,393,2026-03-20 04:57:19,2026-03-21 15:23:05
0x66e46e0518a9ae1b7cb7c8012ce376706de85583,2026-03-20 16:47:33,0,2,0.6122008567299215,1,72,2026-03-20 04:57:19,2026-03-21 15:23:05
0x924496fabc1d6d96048137ff49d4e64cd7c12d55,2026-03-20 16:47:33,1,2,0.4857576401923715,0,848,2026-03-20 04:57:19,2026-03-21 15:23:05
0x8bf285f4b6b081495c00d2429dccab737c360f0d,2026-03-20 16:47:57,1,2,0.4269248230689877,0,1182,2026-03-20 04:57:19,2026-03-21 15:23:05
0x9d1b39af570990edd3e20de56951cf6d6f724f09,2026-03-20 16:48:37,0,2,0.5047246228857543,1,623,2026-03-20 04:57:19,2026-03-21 15:23:05
0x882f2648d5138b667f163ce7647963c2566f5967,2026-03-20 16:48:43,0,2,0.5350735416010236,1,367,2026-03-20 04:57:19,2026-03-21 15:23:05
0xb414d22ca072086e0958bc703c459ca8c85654c9,2026-03-20 16:48:47,1,2,0.5242721527979844,1,446,2026-03-20 04:57:19,2026-03-21 15:23:05
0xc1234c07b8b35a876fc661e3a1b849e382b15fbd,2026-03-20 16:48:47,0,2,0.49564315661007197,0,719,2026-03-20 04:57:19,2026-03-21 15:23:05
0x12c8456fe7a867d90d5ec69632a0fbba9d3a246e,2026-03-20 16:48:51,0,2,0.5585744361307038,1,238,2026-03-20 04:57:19,2026-03-21 15:23:05
0x872c6635b9f8fff01e67bdda7a741ec8332e40e0,2026-03-20 16:48:55,0,2,0.4730622967686562,0,966,2026-03-20 04:57:19,2026-03-21 15:23:05
0xc3675b07c9fad67ff4bdcf5c7f5bdcab2879a0b4,2026-03-20 16:48:55,0,2,0.41020150678646716,0,1233,2026-03-20 04:57:19,2026-03-21 15:23:05
0x0d34d6b2407d32acd7c81c2376fadee10ff5cd67,2026-03-20 16:49:05,1,2,0.46851547908582913,0,1004,2026-03-20 04:57:19,2026-03-21 15:23:05
0x7f2cb5ceac53219e98acda2bd4015eea9f24436f,2026-03-20 16:49:05,0,2,0.5055849781121087,1,615,2026-03-20 04:57:19,2026-03-21 15:23:05
0x1019a644f0474637344102d6fa8edb18ad7fd7ca,2026-03-20 16:49:41,1,2,0.49881711733428913,0,680,2026-03-20 04:57:19,2026-03-21 15:23:05
0xea65eef5057b433bc0453914b9abe0d63516d381,2026-03-20 16:49:41,1,2,0.4961958029064684,0,714,2026-03-20 04:57:19,2026-03-21 15:23:05
0x45e6b2b645dffae3ee807c6004d3a5dd62b9d6ca,2026-03-20 16:49:51,0,2,0.49532211476545684,0,725,2026-03-20 04:57:19,2026-03-21 15:23:05
0x92a117ea004e343aaba8f380fbb8d885614b745a,2026-03-20 16:49:53,1,2,0.4734024426049205,0,961,2026-03-20 04:57:19,2026-03-21 15:23:05
0x2d5b8fb6eee45b67b09291bd6345a93116fa1719,2026-03-20 17:50:01,0,2,0.6117394588379323,1,74,2026-03-20 04:57:19,2026-03-21 15:23:05
0x40c3df7ca0907a086bb87de9961bea337444bc06,2026-03-20 17:50:01,0,2,0.6166689428379064,1,7,2026-03-20 04:57:19,2026-03-21 15:23:05
0x1e12112f831c819f77c4d7cd9c48b3edb27e9269,2026-03-20 17:50:25,1,2,0.522080756094997,1,464,2026-03-20 04:57:19,2026-03-21 15:23:05
0x2a1ee56cf7dba995f5cfa293f9eb376e6dc73cd1,2026-03-20 17:50:27,0,2,0.5902334857277356,1,128,2026-03-20 04:57:19,2026-03-21 15:23:05
0x6f894047568a1f28ff37f0f01d69a97e14a3d6fe,2026-03-20 17:50:33,1,2,0.5170798084755797,1,498,2026-03-20 04:57:19,2026-03-21 15:23:05
0xc4df1c9bfbea5ed330ad46da02a92ad369fbecd8,2026-03-20 17:50:33,0,2,0.4291877776024836,0,1175,2026-03-20 04:57:19,2026-03-21 15:23:05
0xf3a9195b79a95a9b98c9156332d7b9a12aa73003,2026-03-20 17:50:33,0,2,0.5426053744327665,1,321,2026-03-20 04:57:19,2026-03-21 15:23:05
0x586dc7cb1cc676bf8a6b4becfb03ed72ff32fb12,2026-03-20 17:50:35,0,2,0.5343626689715172,1,373,2026-03-20 04:57:19,2026-03-21 15:23:05
0x6a32c3678754577126c1870467ab5b3821979f40,2026-03-20 17:50:35,0,2,0.41898485651077344,0,1212,2026-03-20 04:57:19,2026-03-21 15:23:05
0xbbf2931698646fa85eb37174a865e2def466c5ff,2026-03-20 17:50:35,0,2,0.49867214241030056,0,683,2026-03-20 04:57:19,2026-03-21 15:23:05
0x2f4b90a52b00c206223faf59926c30d68f3769de,2026-03-20 17:50:39,0,2,0.48733949277881466,0,831,2026-03-20 04:57:19,2026-03-21 15:23:05
0x125a40062a44641d706bdba6a740549917519301,2026-03-20 17:50:43,0,2,0.5222253437000117,1,463,2026-03-20 04:57:19,2026-03-21 15:23:05
0x1e9f1af8fb8ea04827ab602e26cacc2c593ab23b,2026-03-20 17:50:43,1,2,0.5188414077616961,1,482,2026-03-20 04:57:19,2026-03-21 15:23:05
0x2e02408ed2ad99bb9359eadf036d569a15fd5429,2026-03-20 17:50:45,0,2,0.5274657862137856,1,422,2026-03-20 04:57:19,2026-03-21 15:23:05
0xd7527b4adecd254d6174a22497a28945417ece7f,2026-03-20 17:51:29,0,2,0.23692748944210737,0,1308,2026-03-20 04:57:19,2026-03-21 15:23:05
0x6790f48d692750b5ef9a0d4292d8ab66e83021d2,2026-03-20 17:51:31,0,2,0.4770015445560537,0,928,2026-03-20 04:57:19,2026-03-21 15:23:05
0x8d114f32faa0c5fb423e4d5d590f72deaad3a8e1,2026-03-20 17:51:31,0,2,0.46470372991725495,0,1030,2026-03-20 04:57:19,2026-03-21 15:23:05
0xc5811979a5663dbe13f66d18146dced87daa6d06,2026-03-20 17:51:31,0,2,0.524578355339823,1,442,2026-03-20 04:57:19,2026-03-21 15:23:05
0xfc37bff4367090fa7c70301dfa955f1d8896fdf4,2026-03-20 17:51:31,0,2,0.5960758540093622,1,115,2026-03-20 04:57:19,2026-03-21 15:23:05
0x8e86f72faf203e428d12300c6b251690b8497932,2026-03-20 17:51:41,0,2,0.4971622038117361,0,701,2026-03-20 04:57:19,2026-03-21 15:23:05
0x1e6af77436c0e52a519d3f456fc2fcd857c9d38a,2026-03-20 17:51:43,0,2,0.4765082904444196,0,935,2026-03-20 04:57:19,2026-03-21 15:23:05
0xda6af243ba592cf137c010f4d43e918adcb45b40,2026-03-20 17:51:43,0,2,0.29995867016338706,0,1294,2026-03-20 04:57:19,2026-03-21 15:23:05
0x0261d0dbdb72615145409654519d984fe4b82b59,2026-03-20 17:52:25,0,2,0.5385989521361237,1,339,2026-03-20 04:57:19,2026-03-21 15:23:05
0x53cd71947c4b95e7fb5a95f4e2f2abadd148f23e,2026-03-20 17:52:25,0,2,0.6091691434497208,1,79,2026-03-20 04:57:19,2026-03-21 15:23:05
0x8b8a9da5a7c0c2fa199d608984f4acf49aa629ea,2026-03-20 17:52:27,0,2,0.5103846226779717,1,565,2026-03-20 04:57:19,2026-03-21 15:23:05
0xeac7aac6a82bf3f976514edae87b1462d6c7367d,2026-03-20 17:52:37,0,2,0.42246550747871936,0,1198,2026-03-20 04:57:19,2026-03-21 15:23:05
0x93a2559ebbf80662138704a60d60725430b65181,2026-03-20 17:52:39,0,2,0.4497183707970705,0,1110,2026-03-20 04:57:19,2026-03-21 15:23:05
0xf9623207c03ce020cf401ae456d114d1850b5cb1,2026-03-20 17:52:47,0,2,0.5149705813344827,1,521,2026-03-20 04:57:19,2026-03-21 15:23:05
0x675cfd0473fe6493da38686b7b15f5c59df95af6,2026-03-20 17:52:49,1,2,0.4587953216601051,0,1061,2026-03-20 04:57:19,2026-03-21 15:23:05
0x30f4985938f09ba0bc33920aeae6e28c6cf710d4,2026-03-20 17:53:13,1,2,0.5302703571995045,1,406,2026-03-20 04:57:19,2026-03-21 15:23:05
0x50a290acd5ee2509bf18effd508bc85d22166752,2026-03-20 17:53:13,0,2,0.5002591866285849,1,658,2026-03-20 04:57:19,2026-03-21 15:23:05
0x0198072fd59f3a7568f62448663da901e415a094,2026-03-20 17:53:15,0,2,0.5415324893968231,1,327,2026-03-20 04:57:19,2026-03-21 15:23:05
0x95784e99d2152b37e1daa7363a5b1b1faacd5e99,2026-03-20 17:53:15,0,2,0.3463214817120212,0,1282,2026-03-20 04:57:19,2026-03-21 15:23:05
0xb71c552c9ff51d9ae28cb50ac4ca547319f897ef,2026-03-20 17:53:15,0,2,0.4573100853852376,0,1072,2026-03-20 04:57:19,2026-03-21 15:23:05
0xb6fc9e6aa8f5f624b742cf86299bd32a5f57b24e,2026-03-20 17:53:17,0,2,0.5490644121194592,1,285,2026-03-20 04:57:19,2026-03-21 15:23:05
0xc082c79f47c91340406ed26e5f34c659aefb40da,2026-03-20 17:53:17,0,2,0.4912297890489901,0,785,2026-03-20 04:57:19,2026-03-21 15:23:05
0xe8e1105c7b1f6c7965cc063d3e8ea40257658276,2026-03-20 17:53:19,1,2,0.46726316102636123,0,1015,2026-03-20 04:57:19,2026-03-21 15:23:05
0x2931d7a52bf813b2aa579772efe6f1d56d54d6c6,2026-03-20 17:53:21,0,2,0.4268633629793542,0,1183,2026-03-20 04:57:19,2026-03-21 15:23:05
0x43588fe4669aa19573cdb685a939e2b6a038c34e,2026-03-20 17:53:31,0,2,0.5106955247364852,1,562,2026-03-20 04:57:19,2026-03-21 15:23:05
0x4748f71e79f9de3c29c76d8257ec2dcae01e9666,2026-03-20 17:53:31,0,2,0.5186123422022979,1,485,2026-03-20 04:57:19,2026-03-21 15:23:05
0x75fbe91bdd6e08aec5a90805f6336fde950aa0c6,2026-03-20 17:53:31,0,2,0.49627653097589136,0,712,2026-03-20 04:57:19,2026-03-21 15:23:05
0xce93c031ad6eff0861000a3b30d749d118278978,2026-03-20 17:53:31,0,2,0.4947605258390546,0,733,2026-03-20 04:57:19,2026-03-21 15:23:05
0x837e18b778ef734ba03b7201d8bddc61941349e3,2026-03-20 17:53:53,0,2,0.4834425994950385,0,872,2026-03-20 04:57:19,2026-03-21 15:23:05
0xf787b8a3a4c6990f48614a0b9af8422e3e7a1b63,2026-03-20 17:53:53,0,2,0.4532642301010795,0,1096,2026-03-20 04:57:19,2026-03-21 15:23:05
0xb5f8ec43b7f79518600a7c7b485690b97aed8e32,2026-03-20 17:53:55,0,2,0.48555947849485515,0,851,2026-03-20 04:57:19,2026-03-21 15:23:05
0xf201a19b43471261a3c1ba9247335d55270e527e,2026-03-20 17:53:55,0,2,0.18789710893588832,0,1321,2026-03-20 04:57:19,2026-03-21 15:23:05
0x012d83ceb6b39b7431284d6dde0be72350019db6,2026-03-20 17:53:57,1,2,0.4232862501137443,0,1194,2026-03-20 04:57:19,2026-03-21 15:23:05
0x6e4d97c086ae5558ca717b10f47db8db0ba11cb0,2026-03-20 17:53:57,1,2,0.49478588197363427,0,731,2026-03-20 04:57:19,2026-03-21 15:23:05
0x3a4986448ace69f8f5084dc47b7569316b8f4292,2026-03-20 18:54:45,1,2,0.5097724766459757,1,572,2026-03-20 04:57:19,2026-03-21 15:23:05
0x1cf505b10a72e2addffdd500e2d04b0c8bf5fa4d,2026-03-20 18:54:49,0,2,0.46003466979900753,0,1057,2026-03-20 04:57:19,2026-03-21 15:23:05
0x2028316d5f60e8ec0055b1d21b1a0ad6718992af,2026-03-20 18:54:49,1,2,0.6077187275445893,1,83,2026-03-20 04:57:19,2026-03-21 15:23:05
0x747abbf12e38ce77ae9ad50e6b234be4f45a766d,2026-03-20 18:54:49,0,2,0.3888889204518318,0,1255,2026-03-20 04:57:19,2026-03-21 15:23:05
0x25fde7e037700b5f998bc08af6f294735328bc34,2026-03-20 18:54:53,0,2,0.49660242334359384,0,708,2026-03-20 04:57:19,2026-03-21 15:23:05
0x76b829f9dc293fff53be790fb19840d0670f6aa1,2026-03-20 18:54:53,0,2,0.451430085752378,0,1103,2026-03-20 04:57:19,2026-03-21 15:23:05
0x46d7e6dcf6e5692fc9433b25c52d965e505d62c5,2026-03-20 18:54:55,0,2,0.6157559708696845,1,42,2026-03-20 04:57:19,2026-03-21 15:23:05
0x8f45364dfe53a802883f123c529be4127f417004,2026-03-20 18:54:55,1,2,0.6010671722579651,1,104,2026-03-20 04:57:19,2026-03-21 15:23:05
0x5264b001677b47dd2e20fe20213749dbd7909a63,2026-03-20 18:55:11,0,2,0.6157559697533287,1,45,2026-03-20 04:57:19,2026-03-21 15:23:05
0x69878214876ecc43aa46093e689df628c436846b,2026-03-20 18:55:11,0,2,0.40810102718561014,0,1237,2026-03-20 04:57:19,2026-03-21 15:23:05
0x984e3b6be6a5d8acddab96330684b1cff28767d6,2026-03-20 18:55:11,0,2,0.5348776950076639,1,370,2026-03-20 04:57:19,2026-03-21 15:23:05
0x3684855a2751db90e7b47a90c5dee6dc58a90472,2026-03-20 18:55:13,0,2,0.41593491210570666,0,1221,2026-03-20 04:57:19,2026-03-21 15:23:05
0xb3784b86c1b711691a4a071f79c92fe309442548,2026-03-20 18:55:23,0,2,0.47913817870790804,0,909,2026-03-20 04:57:19,2026-03-21 15:23:05
0xffe7bc0ace62133defaab3133f436034115e471d,2026-03-20 18:55:23,0,2,0.4933570512036066,0,754,2026-03-20 04:57:19,2026-03-21 15:23:05
0x9cdda449d7cedf1072d74982a5dc2349df3d3e97,2026-03-20 18:55:41,0,2,0.44606904592329233,0,1124,2026-03-20 04:57:19,2026-03-21 15:23:05
0x38d7166d66e6d93d436258ae9e45ff79675084b6,2026-03-20 18:55:43,0,2,0.4995619852757362,0,671,2026-03-20 04:57:19,2026-03-21 15:23:05
0xdaea4eb08450cea41a110c1762ea5dd68c5b1b60,2026-03-20 18:55:43,0,2,0.4886314544625732,0,818,2026-03-20 04:57:19,2026-03-21 15:23:05
0xdaff94356724daed9e8aec1a1a91e576b03f87e3,2026-03-20 18:55:43,0,2,0.45868368637010776,0,1062,2026-03-20 04:57:19,2026-03-21 15:23:05
0x994c44ec79e654dd4965b3ef48fec45acd24a56c,2026-03-20 18:56:07,0,2,0.5726495604551873,1,188,2026-03-20 04:57:19,2026-03-21 15:23:05
0x8510baaddb144e02eb260f5c5358d67e5a3de41e,2026-03-20 18:56:23,0,2,0.42245630606039425,0,1199,2026-03-20 04:57:19,2026-03-21 15:23:05
0x9f9eca42748f9a3ecbf34f8205a8e43022109ec0,2026-03-20 18:56:23,0,2,0.539306056057593,1,334,2026-03-20 04:57:19,2026-03-21 15:23:05
0xceedc6ae9c734a57527212e69b1204b6d2946d15,2026-03-20 18:56:43,0,2,0.4906661618064915,0,790,2026-03-20 04:57:19,2026-03-21 15:23:05
0xfd66d7ed45d7962ad009e669cdaec9319e38fb6d,2026-03-20 18:56:43,0,2,0.6108812905860985,1,75,2026-03-20 04:57:19,2026-03-21 15:23:05
0x0f62f6ade35058f9bf56fcf69616026a0bbe922e,2026-03-20 18:56:45,0,2,0.5679490719882204,1,203,2026-03-20 04:57:19,2026-03-21 15:23:05
0x3822ee51d8846d46fd57e1287ee26884369bb720,2026-03-20 18:57:05,0,2,0.5541611925501938,1,260,2026-03-20 04:57:19,2026-03-21 15:23:05
0x7dce7bea01207fc159c71c96d008f75a115031e3,2026-03-20 18:57:05,0,2,0.5317279870161755,1,396,2026-03-20 04:57:19,2026-03-21 15:23:05
0xc3917a82295cca738f8095967024c7473be3da73,2026-03-20 18:57:05,0,2,0.5317030592031864,1,397,2026-03-20 04:57:19,2026-03-21 15:23:05
0x5a96bef259cc21e4ee28a72b97e97cda1ba7c963,2026-03-20 18:57:07,0,2,0.4982831224141813,0,689,2026-03-20 04:57:19,2026-03-21 15:23:05
0x634f980514a6a43c7807a1b23cecc985d17909e1,2026-03-20 18:57:07,0,2,0.5032531342671958,1,638,2026-03-20 04:57:19,2026-03-21 15:23:05
0xdc32b242c97ad4c34151f690c4abb4ebe2f400bf,2026-03-20 18:57:07,0,2,0.49849115503409974,0,685,2026-03-20 04:57:19,2026-03-21 15:23:05
0x7ae4a31adc0fb0226ac84f1febabea6b8daf0d4b,2026-03-20 18:57:13,1,2,0.5226497395324179,1,459,2026-03-20 04:57:19,2026-03-21 15:23:05
0x2865496bce79d65c9ff24befa9539c183dfc906a,2026-03-20 18:58:19,0,2,0.41087866460318184,0,1232,2026-03-20 04:57:19,2026-03-21 15:23:05
0x00726335905c5422b464e962b851208a3c633d75,2026-03-20 18:58:21,1,2,0.4865721439367058,0,836,2026-03-20 04:57:19,2026-03-21 15:23:05
0x181971b980a214efaf830ce7f69bdea425933adc,2026-03-20 18:58:21,1,2,0.4382470721770303,0,1153,2026-03-20 04:57:19,2026-03-21 15:23:05
0x6d1a9a7e100d8679d900bbaf18491c91d396224a,2026-03-20 18:58:21,1,2,0.5063885717113333,1,608,2026-03-20 04:57:19,2026-03-21 15:23:05
0xaebe4cfd8735f44be2768380f1d9b0cfd6882c1d,2026-03-20 18:58:21,1,2,0.45588924632076605,0,1078,2026-03-20 04:57:19,2026-03-21 15:23:05
0xd9a6f9ea2eed4c32eee3ff8c1e591f02693400a2,2026-03-20 18:58:21,0,2,0.4568138265535437,0,1073,2026-03-20 04:57:19,2026-03-21 15:23:05
0xdf7930e89a2c47560165331863c31deca0733dcd,2026-03-20 18:58:21,0,2,0.4510044078406261,0,1105,2026-03-20 04:57:19,2026-03-21 15:23:05
0x7ad4c271966ac4c4c71c49d54cd787d08f957eea,2026-03-20 18:58:23,0,2,0.5704965490952362,1,198,2026-03-20 04:57:19,2026-03-21 15:23:05
0x9e9684b88c99ff91df48989dc1dec931614b9714,2026-03-20 18:58:23,0,2,0.49460843479160194,0,735,2026-03-20 04:57:19,2026-03-21 15:23:05
0xc47bc625ba2595c5d4ac2b4ad9ae515c4accc00a,2026-03-20 18:58:23,0,2,0.4678641736837366,0,1009,2026-03-20 04:57:19,2026-03-21 15:23:05
0xf0a2cf6a0252238bb98c97bda93ecd3c6d33eb54,2026-03-20 18:58:23,0,2,0.5108498581483867,1,560,2026-03-20 04:57:19,2026-03-21 15:23:05
0x7b1ebb9b3f4edd74e4f465bc0a27cb948feb19af,2026-03-20 18:58:25,0,2,0.4139964400336408,0,1226,2026-03-20 04:57:19,2026-03-21 15:23:05
0x4928f212ea3acf36bde8534e0ac43d0540301a4b,2026-03-20 18:58:27,0,2,0.49205722538078994,0,774,2026-03-20 04:57:19,2026-03-21 15:23:05
0xac1a74e72887e5abdb2b31a1064677c068f20d92,2026-03-20 18:58:27,0,2,0.45266337875364826,0,1099,2026-03-20 04:57:19,2026-03-21 15:23:05
0x266cf4d30821f4a8be63b38ee0535422bbe7f903,2026-03-20 18:58:29,0,2,0.5151482270267831,1,519,2026-03-20 04:57:19,2026-03-21 15:23:05
0x6c670bbf5e03dbe7b352e5f252e8f48fd033a813,2026-03-20 18:58:29,0,2,0.6141831805964267,1,59,2026-03-20 04:57:19,2026-03-21 15:23:05
0x98922e7c3d0983d05891c8a63a1ea76bbfb26e1d,2026-03-20 18:58:29,0,2,0.496121533387435,0,715,2026-03-20 04:57:19,2026-03-21 15:23:05
0x8575467a6743c81ef0a8d06acc76e99b454a87fe,2026-03-20 18:58:33,0,2,0.4881031475075144,0,823,2026-03-20 04:57:19,2026-03-21 15:23:05
0x25aec50ab4cdb69855ac446d6347d5c1c41bb065,2026-03-20 18:59:35,0,2,0.471056765157777,0,980,2026-03-20 04:57:19,2026-03-21 15:23:05
0x765d6abe5055b0bc7ae3484112538acb175b51af,2026-03-20 18:59:35,0,2,0.49343579124359216,0,751,2026-03-20 04:57:19,2026-03-21 15:23:05
0x8959cb84332cfb2a113e83a1afadbfc53c330500,2026-03-20 18:59:35,0,2,0.46412136921449476,0,1035,2026-03-20 04:57:19,2026-03-21 15:23:05
0xa73ea946099985880a68728fe6520da8121e5401,2026-03-20 18:59:37,1,2,0.6159893628485135,1,39,2026-03-20 04:57:19,2026-03-21 15:23:05
0xd0d7f4965da8cc9740c10bfaaac2e0b1dd20c118,2026-03-20 18:59:41,1,2,0.6162531343190076,1,36,2026-03-20 04:57:19,2026-03-21 15:23:05
0xe87b2928e141d228d17ba273c8622f95609d6c02,2026-03-20 18:59:41,0,2,0.502836707967352,1,640,2026-03-20 04:57:19,2026-03-21 15:23:05
0xe881ba72390e5a9fdf3e03569ed7d5c3788145ac,2026-03-20 18:59:41,0,2,0.4658477224288087,0,1022,2026-03-20 04:57:19,2026-03-21 15:23:05
0xeea6b30a05cf1526f6af2f331dabb0d52c95135f,2026-03-20 18:59:41,0,2,0.3528026937461084,0,1277,2026-03-20 04:57:19,2026-03-21 15:23:05
0xfec3ff540cfb52f4475f9fad50a355e86cd4659c,2026-03-20 19:59:39,0,2,0.6008155458723837,1,105,2026-03-20 04:57:19,2026-03-21 15:23:05
0x8800919e0c073335f89a9c71bea7b8d8ea57ba1e,2026-03-20 19:59:43,1,2,0.5063967384218511,1,607,2026-03-20 04:57:19,2026-03-21 15:23:05
0xd09d72d44f42c4b382064ffe68ae4f99a7aaf139,2026-03-20 19:59:43,0,2,0.513694556664875,1,532,2026-03-20 04:57:19,2026-03-21 15:23:05
0xea303f1c9d38ba9e425212363f9158c4b2da4144,2026-03-20 19:59:43,0,2,0.6001115300775853,1,107,2026-03-20 04:57:19,2026-03-21 15:23:05
0x272516e5287cf1beee15e8fe9964fed7930c7aa0,2026-03-20 20:00:29,0,2,0.5809479949697491,1,158,2026-03-20 04:57:19,2026-03-21 15:23:05
0x10b5a9b02fa00761e4ec45fbb58f96b22f7e9645,2026-03-20 20:00:57,0,2,0.5332218541067042,1,384,2026-03-20 04:57:19,2026-03-21 15:23:05
0xb02b507b28762c41ba0f0c0505ba3029bee8e195,2026-03-20 20:00:57,0,2,0.5547416149927245,1,257,2026-03-20 04:57:19,2026-03-21 15:23:05
0x13675ecd7f204783a51fad8862e63181bb7754fa,2026-03-20 20:00:59,0,2,0.5324422804640389,1,391,2026-03-20 04:57:19,2026-03-21 15:23:05
0x5925da42cf1c7a7b2c9fb6c5481cc3c0e8db6cc4,2026-03-20 20:00:59,0,2,0.6162694372109736,1,24,2026-03-20 04:57:19,2026-03-21 15:23:05
0x9694d6672357c3cf44ae8256f08b99280f0ab7ad,2026-03-20 20:00:59,0,2,0.5375131156638366,1,347,2026-03-20 04:57:19,2026-03-21 15:23:05
0xed2a1f660ceeed41ab0d1bb7be7e41fedebe2606,2026-03-20 20:00:59,0,2,0.6045481980409653,1,94,2026-03-20 04:57:19,2026-03-21 15:23:05
0xf4124a732c5c5db76e8c2f14faaab1d4024efd9d,2026-03-20 20:00:59,0,2,0.5835188084886327,1,146,2026-03-20 04:57:19,2026-03-21 15:23:05
0x1a5263b0355b7e4b17fcd76f1b40aa94dba1bb22,2026-03-20 20:01:15,1,2,0.5295058322110745,1,410,2026-03-20 04:57:19,2026-03-21 15:23:05
0x21b48e8e2daa01f531fff08b62f2b4df6cff1f06,2026-03-20 20:01:15,0,2,0.4970512130860261,0,703,2026-03-20 04:57:19,2026-03-21 15:23:05
0x7d7e9a68b0876b7555ee7538103cf1dd826a1ad9,2026-03-20 20:01:15,0,2,0.45290259960196416,0,1097,2026-03-20 04:57:19,2026-03-21 15:23:05
0x1b1b42182be08eb677411f6ecd57b6fe4aeda6b0,2026-03-20 20:01:33,1,2,0.5738073016825561,1,183,2026-03-20 04:57:19,2026-03-21 15:23:05
0x6d93dfd9f7321573a186f0dc764c32a909adac8c,2026-03-20 20:01:33,0,2,0.4997833524215009,0,669,2026-03-20 04:57:19,2026-03-21 15:23:05
0x1355c2a3878fa30845f5fe30185beab8a04b9fda,2026-03-20 20:01:39,0,2,0.42713806205982835,0,1181,2026-03-20 04:57:19,2026-03-21 15:23:05
0x270188c3f651632aadce16d6c3e4e15593d6b8c7,2026-03-20 20:01:39,0,2,0.47888889710692706,0,913,2026-03-20 04:57:19,2026-03-21 15:23:05
0xaad6d5801a277c9fb37e1f33c3027fb3da3d2f59,2026-03-20 20:01:39,0,2,0.5706898830754394,1,195,2026-03-20 04:57:19,2026-03-21 15:23:05
0xbfad49a1784b8809c60fd200b6f6020fffefaf3f,2026-03-20 20:01:43,0,2,0.46874003064368075,0,1000,2026-03-20 04:57:19,2026-03-21 15:23:05
0x187cac3ba44f688f8d74b5c683099499063cd429,2026-03-20 20:01:45,0,2,0.5220385972029448,1,466,2026-03-20 04:57:19,2026-03-21 15:23:05
0x2704ea5b6c970ba56971bb56e0a9f0b9dc429e07,2026-03-20 20:01:45,0,2,0.5461507540163936,1,304,2026-03-20 04:57:19,2026-03-21 15:23:05
0x774388ee67b42cde92e34526a52d898563c7d86e,2026-03-20 20:01:53,0,2,0.5624446447685163,1,231,2026-03-20 04:57:19,2026-03-21 15:23:05
0x412457c04d9ea819e356cba5e4d6270cdaf47175,2026-03-20 20:01:55,0,2,0.6138462445515833,1,62,2026-03-20 04:57:19,2026-03-21 15:23:05
0x70702d4f3b26db557632751063a4f5b96b8f09de,2026-03-20 20:01:55,0,2,0.47160722767852553,0,973,2026-03-20 04:57:19,2026-03-21 15:23:05
0x05ede65980909056e407a42ddf0bf3a9b5d4bf70,2026-03-20 20:01:59,0,2,0.4971528847519709,0,702,2026-03-20 04:57:19,2026-03-21 15:23:05
0x0e96862b73438e2fbaca04d55973e7aededd9332,2026-03-20 20:01:59,0,2,0.5376861441977603,1,346,2026-03-20 04:57:19,2026-03-21 15:23:05
0x3c5aba24aed29a61d795afac0619ef578df40a4f,2026-03-20 20:01:59,0,2,0.5428524114417858,1,320,2026-03-20 04:57:19,2026-03-21 15:23:05
0xc629a23ba81d1e38657ebdc970224d11f4445e51,2026-03-20 20:01:59,0,2,0.4954337239671927,0,723,2026-03-20 04:57:19,2026-03-21 15:23:05
0xc7e11856d3cb4ad2e7892663f639133d68f33333,2026-03-20 20:01:59,0,2,0.541778007422884,1,326,2026-03-20 04:57:19,2026-03-21 15:23:05
0x92f5a9478cae71620b88a196de0bce3d94abe2d7,2026-03-20 20:02:01,0,2,0.5000000759889259,1,662,2026-03-20 04:57:19,2026-03-21 15:23:05
0xabb35eadf71d7d8aca071741503de3e13a3ec184,2026-03-20 20:02:01,0,2,0.4931759226768039,0,757,2026-03-20 04:57:19,2026-03-21 15:23:05
0x4e8cbf5a66bf9c747952674ee3f48ba22141f733,2026-03-20 20:03:23,0,2,0.4871183327146528,0,833,2026-03-20 04:57:19,2026-03-21 15:23:05
0x0bb1596b6a5fd42c1322fda1b7ea905c24231859,2026-03-20 20:03:49,0,2,0.49156652048575095,0,779,2026-03-20 04:57:19,2026-03-21 15:23:05
0x397e4f7fae63e68fd7be7f318793f3fc4de43d84,2026-03-20 20:04:09,1,2,0.5105438113840505,1,564,2026-03-20 04:57:19,2026-03-21 15:23:05
0x7409de7b7fa57fb9b508aadd987841ff8a0665a6,2026-03-20 20:04:09,0,2,0.49456527710350523,0,737,2026-03-20 04:57:19,2026-03-21 15:23:05
0x90acaeab76f4858c8b3d3c711b1b35ae5f6aa0ee,2026-03-20 20:04:09,0,2,0.4979549917617537,0,694,2026-03-20 04:57:19,2026-03-21 15:23:05
0xb7c886edbaaf53db44ac6003a3c48d0cc2e5ac22,2026-03-20 20:04:09,1,2,0.407267697202412,0,1239,2026-03-20 04:57:19,2026-03-21 15:23:05
0x12831e15d20a180492fd68ab52ab0d1d3eaec269,2026-03-20 20:04:13,0,2,0.449552081532824,0,1112,2026-03-20 04:57:19,2026-03-21 15:23:05
0x90c59ee300bc911f274f1394b7b3f48581d4534c,2026-03-20 20:04:13,0,2,0.5650315027149546,1,220,2026-03-20 04:57:19,2026-03-21 15:23:05
0xc9f88e554fa0d0c177856b763e630e0fa3553486,2026-03-20 20:04:13,1,2,0.5061561407858289,1,611,2026-03-20 04:57:19,2026-03-21 15:23:05
0x2b26e6af7276ffa471b91141283ed97e505557e9,2026-03-20 21:00:47,1,2,0.5381717970542303,1,343,2026-03-20 04:57:19,2026-03-21 15:23:05
0xd69d9ea85a4136f838bda4df04fd3a056779fe68,2026-03-20 21:00:47,0,2,0.6165908647995895,1,11,2026-03-20 04:57:19,2026-03-21 15:23:05
0x1e0977fb88160a45ccfa155e29814fca99270901,2026-03-20 21:01:51,1,2,0.48415611215385584,0,863,2026-03-20 04:57:19,2026-03-21 15:23:05
0xfa1cff6f361e9f69142b536e97e251885d4ee369,2026-03-20 21:01:51,0,2,0.6045726337117932,1,93,2026-03-20 04:57:19,2026-03-21 15:23:05
0xc3201f303baf775a07c5c8bbbeb964973300d764,2026-03-20 21:02:17,0,2,0.49432616266860047,0,740,2026-03-20 04:57:19,2026-03-21 15:23:05
0x9438aa75d82be68168f31582b773887c1cb4fc9b,2026-03-20 21:02:19,1,2,0.4904453022528903,0,795,2026-03-20 04:57:19,2026-03-21 15:23:05
0xea105fe0d386ad3371a43a4e0c7bf81f7282f59c,2026-03-20 21:02:19,0,2,0.5550157518571625,1,254,2026-03-20 04:57:19,2026-03-21 15:23:05
0x81efb5f928ecf8b13e42814b73f2ac5e307be775,2026-03-20 21:02:23,0,2,0.4486041445311039,0,1116,2026-03-20 04:57:19,2026-03-21 15:23:05
0xb1281e9baee74dc655ecbbff8db2faa89f1f798d,2026-03-20 21:02:23,0,2,0.5467613753313363,1,297,2026-03-20 04:57:19,2026-03-21 15:23:05
0x8fbf6e829900b37311d3053f222c9c24061dcf4b,2026-03-20 21:02:27,1,2,0.5630394757049237,1,229,2026-03-20 04:57:19,2026-03-21 15:23:05
0x318650e175b2fb42969973c8c83a946e1d6d1754,2026-03-20 21:02:29,1,2,0.5220570211530715,1,465,2026-03-20 04:57:19,2026-03-21 15:23:05
0x84aa8fb9df5686d28665a2e14cef74d00cd3e3f4,2026-03-20 21:02:29,0,2,0.5383721273991923,1,341,2026-03-20 04:57:19,2026-03-21 15:23:05
0x163dd41f9f150a717be2839fa3f622df0eca7c69,2026-03-20 21:02:51,0,2,0.4567941755242728,0,1074,2026-03-20 04:57:19,2026-03-21 15:23:05
0x64c572d3977251aaf5801f3558a5d4766a41d255,2026-03-20 21:02:51,0,2,0.49041798191864516,0,796,2026-03-20 04:57:19,2026-03-21 15:23:05
0x8745515868e4e3b40044355483634dcf304f4658,2026-03-20 21:02:53,0,2,0.6166243274656493,1,9,2026-03-20 04:57:19,2026-03-21 15:23:05
0xc21e3d5686fe4d3e50a00e4e35e2d6e3ad342fb2,2026-03-20 21:03:13,0,2,0.46195707972676825,0,1048,2026-03-20 04:57:19,2026-03-21 15:23:05
0xb4f26bdebd5c11c6b098349e42508718fe22378c,2026-03-20 21:03:21,0,2,0.6038436021927086,1,96,2026-03-20 04:57:19,2026-03-21 15:23:05
0xefd478681663922c4db8568743c3b5e52e379255,2026-03-20 21:03:27,0,2,0.5224396988002018,1,462,2026-03-20 04:57:19,2026-03-21 15:23:05
0x10d48e5667965e9f5e4ae4fe28352151bd57d953,2026-03-20 21:03:31,0,2,0.45782401952449686,0,1067,2026-03-20 04:57:19,2026-03-21 15:23:05
0xdc241fb1db81a2f08e4e0ff42554019ad32a4ab5,2026-03-20 21:03:31,0,2,0.3515179093767617,0,1279,2026-03-20 04:57:19,2026-03-21 15:23:05
0xf5043e2823a68af8705560694748b7373c5c560b,2026-03-20 21:03:31,0,2,0.4813639319088264,0,886,2026-03-20 04:57:19,2026-03-21 15:23:05
0x33d881f003da6686a7e28dd4a18f746afce2ad50,2026-03-20 21:03:33,0,2,0.4560348140163177,0,1077,2026-03-20 04:57:19,2026-03-21 15:23:05
0x05d91b42ef99529eac9e77164dd7508e4945433d,2026-03-20 21:04:05,0,2,0.5392992598120604,1,335,2026-03-20 04:57:19,2026-03-21 15:23:05
0x2eca63a5c08161214914f445df0373a78ce8ec32,2026-03-20 21:04:05,1,2,0.5058321903728499,1,613,2026-03-20 04:57:19,2026-03-21 15:23:05
0xa7c4d64d080d9e06870141ee5d52ce0f3beacabe,2026-03-20 21:04:05,0,2,0.48937823174797623,0,811,2026-03-20 04:57:19,2026-03-21 15:23:05
0x4ff44f5e2c039122daab3047f03d390aacda8915,2026-03-20 21:04:07,0,2,0.5192412408764597,1,480,2026-03-20 04:57:19,2026-03-21 15:23:05
0x2c88eda74738a58581e770c57a3744c476719e9c,2026-03-20 21:04:57,0,2,0.433083717151774,0,1170,2026-03-20 04:57:19,2026-03-21 15:23:05
0x0bf96a1c55e6f47ea84335bc3fc08a89653efd90,2026-03-20 21:05:05,1,2,0.5785681834159947,1,166,2026-03-20 04:57:19,2026-03-21 15:23:05
0x1fb0c9eb0e994b9e5bc99931bd2d3a8b09db0f98,2026-03-20 21:05:05,0,2,0.553495190216574,1,265,2026-03-20 04:57:19,2026-03-21 15:23:05
0x6dc1abf1354748aae09349b3902326709782d6a9,2026-03-20 21:05:05,0,2,0.5080121493215204,1,590,2026-03-20 04:57:19,2026-03-21 15:23:05
0x8dfb96bee11fb2b6643c853aa154fb68a7dd3a2b,2026-03-20 21:05:05,0,2,0.5399501861611926,1,333,2026-03-20 04:57:19,2026-03-21 15:23:05
0xa24293141d3b43053c3dd6ad60d0ccee9a654ec5,2026-03-20 21:05:05,1,2,0.5535566733058092,1,263,2026-03-20 04:57:19,2026-03-21 15:23:05
0xbb369fa3d11a022a04fbfbcaf7bdc8e66d971bf7,2026-03-20 21:05:05,0,2,0.5125355692148815,1,542,2026-03-20 04:57:19,2026-03-21 15:23:05
0xd3d17c3c7f195d7f745a5a30f89b322c7008af20,2026-03-20 21:05:05,1,2,0.5207526857175266,1,474,2026-03-20 04:57:19,2026-03-21 15:23:05
0xdd52ce74d16361b2a638b7816020b3420ec2bbcc,2026-03-20 21:05:05,0,2,0.4893885411370995,0,810,2026-03-20 04:57:19,2026-03-21 15:23:05
0xc8c20a99ea04f350ce197f6e856f136765118b8a,2026-03-20 21:05:25,0,2,0.46331529168995594,0,1041,2026-03-20 04:57:19,2026-03-21 15:23:05
0x72d7d09901f00ba306e53b46483dc75ac2d01b97,2026-03-20 21:05:29,0,2,0.4539746568237646,0,1090,2026-03-20 04:57:19,2026-03-21 15:23:05
0xf4eeb42438ad0f2b37ea783c8cb73399fc8047c8,2026-03-20 21:05:31,1,2,0.39725266714454655,0,1248,2026-03-20 04:57:19,2026-03-21 15:23:05
0x659a15dc189d00e0fdcadbbab6de6874d608ceb4,2026-03-20 21:05:33,0,2,0.48275478279304174,0,876,2026-03-20 04:57:19,2026-03-21 15:23:05
0xbad26fe5458e6219cec3e40272760e275e835296,2026-03-20 21:05:35,0,2,0.6108168902213427,1,76,2026-03-20 04:57:19,2026-03-21 15:23:05
0xf5062968f64a72260faefe7022f50311fb0cb7aa,2026-03-20 21:05:35,0,2,0.47994670798465366,0,903,2026-03-20 04:57:19,2026-03-21 15:23:05
0xd9e24bf1059a28abbdc086ad1f4f4ae70c285cae,2026-03-20 21:05:37,1,2,0.561697983982353,1,234,2026-03-20 04:57:19,2026-03-21 15:23:05
0x1aacf02365e0f2be274fb0330f312d8a0fa4d1e3,2026-03-20 21:06:47,0,2,0.423265215781327,0,1195,2026-03-20 04:57:19,2026-03-21 15:23:05
0x97525f551d61452aac12e7636a026c7225d762be,2026-03-20 21:07:13,0,2,0.4573308408297259,0,1071,2026-03-20 04:57:19,2026-03-21 15:23:05
0xd8dd266252889f2bd4cf88ea12c45fb8b2552d99,2026-03-20 21:08:03,0,2,0.4905011901214634,0,794,2026-03-20 04:57:19,2026-03-21 15:23:05
0xfcff48ab53b21b8d421dd588c3e22b139dc46f28,2026-03-20 21:08:05,0,2,0.49377931977846323,0,746,2026-03-20 04:57:19,2026-03-21 15:23:05
0x34b1c120a0ddc0d24fdf16f138a1d4ba4294b507,2026-03-20 22:05:49,0,2,0.4861306867174989,0,842,2026-03-20 04:57:19,2026-03-21 15:23:05
0xb763736e0af6cbc0ffd440051eeaa2920ef44a90,2026-03-20 22:05:49,0,2,0.16320281430150543,0,1323,2026-03-20 04:57:19,2026-03-21 15:23:05
0xc4c369c2bea0b82a934ab6df9761ceea22b06031,2026-03-20 22:05:49,0,2,0.5232952360053679,1,453,2026-03-20 04:57:19,2026-03-21 15:23:05
0xf012be0ef9991d8ef51c33e82230e74ec8477354,2026-03-20 22:06:51,0,2,0.41990223299753626,0,1208,2026-03-20 04:57:19,2026-03-21 15:23:05
0xf0b3810f3a4f20179e8afefa0e5606b2cbbabf0d,2026-03-20 22:06:53,0,2,0.4650712437175513,0,1027,2026-03-20 04:57:19,2026-03-21 15:23:05
0xe18ce43a6f7a6521faa5462ee18f4d67a20572aa,2026-03-20 22:07:01,1,2,0.6165016256243562,1,15,2026-03-20 04:57:19,2026-03-21 15:23:05
0xf13d688a3a75954684a73c6fdf88d51df189cc66,2026-03-20 22:07:25,0,2,0.4922842963388547,0,772,2026-03-20 04:57:19,2026-03-21 15:23:05
0x02465a62f352af0c2de5694c2b485f6f4b114eda,2026-03-20 22:07:29,0,2,0.6162683498186482,1,26,2026-03-20 04:57:19,2026-03-21 15:23:05
0xdae4dc5f027a6c58a043483429a5f4bac4b5f1fc,2026-03-20 22:07:29,1,2,0.48628063268645677,0,839,2026-03-20 04:57:19,2026-03-21 15:23:05
0x23fa104bd83da0882d9ae7349cf32d3df0255f57,2026-03-20 22:07:31,0,2,0.6149437529305478,1,53,2026-03-20 04:57:19,2026-03-21 15:23:05
0xc07decfbfe66310cc862f8ceb7fef36ecbcdc0da,2026-03-20 22:07:31,0,2,0.5169975043964703,1,500,2026-03-20 04:57:19,2026-03-21 15:23:05
0x7200ef39ca19e5ded632820a654e9de23ce29299,2026-03-20 22:07:43,0,2,0.41170569507472343,0,1230,2026-03-20 04:57:19,2026-03-21 15:23:05
0x0ca9c4cd976fd95737a367309b3a9f832813b920,2026-03-20 22:07:45,0,2,0.46408168738271816,0,1036,2026-03-20 04:57:19,2026-03-21 15:23:05
0x3073e92cbce1343bd78d4d748643114a9d6bc6ad,2026-03-20 22:07:45,0,2,0.4712450435307577,0,978,2026-03-20 04:57:19,2026-03-21 15:23:05
0x49211069db4bc5e17b911318444819a89c615238,2026-03-20 22:07:45,0,2,0.4575671580553961,0,1069,2026-03-20 04:57:19,2026-03-21 15:23:05
0xdcb902ab5a34e5be7c7eef0f6773968df223f39a,2026-03-20 22:07:45,1,2,0.4214272817738652,0,1203,2026-03-20 04:57:19,2026-03-21 15:23:05
0x648edbd21e93cd3f612780905bc1b65679580fd3,2026-03-20 22:08:21,0,2,0.5666088215718941,1,211,2026-03-20 04:57:19,2026-03-21 15:23:05
0x10bc2154e36d78d2477798d713466968c14a0b14,2026-03-20 22:08:49,0,2,0.48743120389641365,0,829,2026-03-20 04:57:19,2026-03-21 15:23:05
0xd59e16d749ee09fc8f95c674339000ce953075ad,2026-03-20 22:08:51,1,2,0.49437969300784756,0,739,2026-03-20 04:57:19,2026-03-21 15:23:05
0x029535266dfbf204a483576d1e7aafe68422c9be,2026-03-20 22:08:53,0,2,0.49926869144770736,0,674,2026-03-20 04:57:19,2026-03-21 15:23:05
0x4aab29aa7863332101d450a41756d999d5ae38cc,2026-03-20 22:08:53,1,2,0.6101594326022177,1,78,2026-03-20 04:57:19,2026-03-21 15:23:05
0x7a06b7ccca5076bc0c5423c0174651e1b0b49876,2026-03-20 22:08:53,0,2,0.4700417662573363,0,988,2026-03-20 04:57:19,2026-03-21 15:23:05
0xd6f747b2a0e0c154c9d73a8498e46584a1e0610a,2026-03-20 22:08:53,0,2,0.5137488976402222,1,530,2026-03-20 04:57:19,2026-03-21 15:23:05
0xe6cb120dc016ab596b7b524475053bb82f2fcdb3,2026-03-20 22:09:05,0,2,0.2676034838086519,0,1301,2026-03-20 04:57:19,2026-03-21 15:23:05
0xf2de7c8df26ae1f5018a78c8ffaff789837918f9,2026-03-20 22:09:05,0,2,0.5075359140662289,1,599,2026-03-20 04:57:19,2026-03-21 15:23:05
0x0e41d9278f428db7edba3c2d43fe4ea3d7d5b875,2026-03-20 22:09:07,0,2,0.48340946569784427,0,873,2026-03-20 04:57:19,2026-03-21 15:23:05
0x37d7964db8b7dc03efcb58baa00d9039a7e0f131,2026-03-20 22:09:19,0,2,0.5449588711077615,1,312,2026-03-20 04:57:19,2026-03-21 15:23:05
0x014f5aaac1e44658929e68784815453a8e0b0a5a,2026-03-20 22:09:27,0,2,0.6072476479682729,1,84,2026-03-20 04:57:19,2026-03-21 15:23:05
0x0524e9ecb7e513fb73e752cb3e8215571aa043cd,2026-03-20 22:09:27,0,2,0.3760199263812341,0,1261,2026-03-20 04:57:19,2026-03-21 15:23:05
0x515ccbfef54237723a4fca9acac146f5ca5d3e91,2026-03-20 22:09:27,0,2,0.5182501819323939,1,489,2026-03-20 04:57:19,2026-03-21 15:23:05
0x6173a8020684ec4612281c2e0d6f4f3f5271112b,2026-03-20 22:09:29,0,2,0.47900130863323825,0,910,2026-03-20 04:57:19,2026-03-21 15:23:05
0xaa525a4de948847d48d05bc978496540a9670b1c,2026-03-20 22:09:29,0,2,0.47057948759296553,0,985,2026-03-20 04:57:19,2026-03-21 15:23:05
0x3107b39e8da6073111f54f301625bde9f62e9893,2026-03-20 22:09:31,0,2,0.42511999517311405,0,1188,2026-03-20 04:57:19,2026-03-21 15:23:05
0x4a414178eefe3210ae3877fbfcc5d7408219c4bc,2026-03-20 22:09:31,1,2,0.507410127971243,1,603,2026-03-20 04:57:19,2026-03-21 15:23:05
0x8a181a656f089ad649d4500a67c4a94cc25abc9d,2026-03-20 22:09:35,0,2,0.4002894522206691,0,1247,2026-03-20 04:57:19,2026-03-21 15:23:05
0x8b21791c0129aa5d81ff1fb2ae4fb44b90ecad4b,2026-03-20 22:09:35,0,2,0.4423419216381859,0,1136,2026-03-20 04:57:19,2026-03-21 15:23:05
0x35ec0333be293ba385445e92db9c684276b2799e,2026-03-20 22:09:39,0,2,0.509342608300472,1,577,2026-03-20 04:57:19,2026-03-21 15:23:05
0xa1627b2c2c81df4124a47ae82971adbd06ee5e93,2026-03-20 22:09:39,0,2,0.5163142425974088,1,503,2026-03-20 04:57:19,2026-03-21 15:23:05
0xe498b758a5339401b13fab82cf73123af308105f,2026-03-20 22:09:39,0,2,0.5366274489982604,1,354,2026-03-20 04:57:19,2026-03-21 15:23:05
0xfb327305dc4ee1324d841cd38eae1b3816ebab63,2026-03-20 22:09:39,0,2,0.5161000003717985,1,506,2026-03-20 04:57:19,2026-03-21 15:23:05
0x096b5077851d14c36a3c4dac4726565559b0a21e,2026-03-20 22:09:41,0,2,0.5344752606637212,1,372,2026-03-20 04:57:19,2026-03-21 15:23:05
0x3a09b3eafea69d87bdc980f4532de0e24a239028,2026-03-20 22:09:41,0,2,0.44034415519962905,0,1145,2026-03-20 04:57:19,2026-03-21 15:23:05
0x6f2063eb9172063e10d4777ad6960b79302ff029,2026-03-20 22:09:41,0,2,0.5092736228173421,1,578,2026-03-20 04:57:19,2026-03-21 15:23:05
0xdc0541e5129b63a2a4a8ec3f2e256cb1ab09f754,2026-03-20 22:09:41,0,2,0.5118458182836679,1,548,2026-03-20 04:57:19,2026-03-21 15:23:05
0x39636344f4906695016c13a78a8cd4ea705b2b0b,2026-03-20 22:09:51,1,2,0.42673673517586574,0,1184,2026-03-20 04:57:19,2026-03-21 15:23:05
0x8e586c5914f1ebb46e4518b6f6908869fa52fb5a,2026-03-20 22:11:33,0,2,0.5606803052189872,1,235,2026-03-20 04:57:19,2026-03-21 15:23:05
0xb6c351e66508a1df1b93b86c5fe0bb6e8db049cc,2026-03-20 22:12:37,0,2,0.5530648930799434,1,266,2026-03-20 04:57:19,2026-03-21 15:23:05
0x2f6a5169447444e91ee7e0bed3302519869d3774,2026-03-20 22:12:41,1,2,0.47416256544123747,0,955,2026-03-20 04:57:19,2026-03-21 15:23:05
0x3acf4cefab0953b365342d21e4d0448ff75ffc28,2026-03-20 22:12:41,0,2,0.4812906479339066,0,887,2026-03-20 04:57:19,2026-03-21 15:23:05
0x3ff64fa78ad4bc5e7d162a8c20209460fe13d170,2026-03-20 22:12:41,0,2,0.48899745647317644,0,815,2026-03-20 04:57:19,2026-03-21 15:23:05
0xdccf5cc9dad0389c3e5ff82075e5d014fff4be80,2026-03-20 22:12:41,1,2,0.48287407809297606,0,874,2026-03-20 04:57:19,2026-03-21 15:23:05
0xf8e0d30bb87cdfc9b5e3f808fa24a2c01fcacc3b,2026-03-20 22:12:41,0,2,0.4926958946421953,0,764,2026-03-20 04:57:19,2026-03-21 15:23:05
0x5233918d47b9d0e04426f7ffd069a55a3e1d0451,2026-03-20 23:08:05,0,2,0.2158975359445636,0,1314,2026-03-20 04:57:19,2026-03-21 15:23:05
0x44ebb67acbd678004fa67863424095cf04c016b8,2026-03-20 23:08:07,0,2,0.4564144268534399,0,1075,2026-03-20 04:57:19,2026-03-21 15:23:05
0x50e9c0d387c3889eb457d0d0071fcd258e055efe,2026-03-20 23:08:07,0,2,0.4257295665930336,0,1187,2026-03-20 04:57:19,2026-03-21 15:23:05
0x8c0c487f621e09ef7d7a93a31348c283a7f2dc5b,2026-03-20 23:08:41,0,2,0.6137272771164193,1,64,2026-03-20 04:57:19,2026-03-21 15:23:05
0xc9216bd16a1585da0c5210424669d14c87cdd6f3,2026-03-20 23:08:41,1,2,0.5647703420222963,1,221,2026-03-20 04:57:19,2026-03-21 15:23:05
0x171f9cc6860e8bd41ca40d8d885e8440b987d613,2026-03-20 23:08:43,0,2,0.487849751869269,0,827,2026-03-20 04:57:19,2026-03-21 15:23:05
0x5a7c7175230833f25b75cedf974673527907d825,2026-03-20 23:10:17,1,2,0.5679106438315563,1,206,2026-03-20 04:57:19,2026-03-21 15:23:05
0xe8a8fb4101e14ff3cc67aad027528826580d2a0e,2026-03-20 23:10:19,0,2,0.4248831640342057,0,1190,2026-03-20 04:57:19,2026-03-21 15:23:05
0x2a612ac0b181a4991f33ff087086717c3bdb2ca6,2026-03-20 23:10:49,0,2,0.24572664244174358,0,1305,2026-03-20 04:57:19,2026-03-21 15:23:05
0x4d9ec1d1fd690bb9bc72d012f9b302daf332b8c7,2026-03-20 23:10:49,0,2,0.5570239385420267,1,246,2026-03-20 04:57:19,2026-03-21 15:23:05
0x5757ac07c0950df98fa906a7fe9f65512ac39e19,2026-03-20 23:10:49,0,2,0.6166761701076603,1,5,2026-03-20 04:57:19,2026-03-21 15:23:05
0xa0cc7eec68f2266d540449b319d5eb9127a0f2df,2026-03-20 23:10:53,0,2,0.5920135044763707,1,124,2026-03-20 04:57:19,2026-03-21 15:23:05
0xc8b15a35a207a5b47bb9688903c97d7d5ad5144f,2026-03-20 23:10:53,0,2,0.5662353064194037,1,215,2026-03-20 04:57:19,2026-03-21 15:23:05
0xc9edae59f393292a74a2725e4521cc3942fed54c,2026-03-20 23:10:53,1,2,0.5123802661054022,1,543,2026-03-20 04:57:19,2026-03-21 15:23:05
0x906f3d396d8d59a9efa7ff226434d72aaaf12877,2026-03-20 23:11:17,1,2,0.6086276467784383,1,81,2026-03-20 04:57:19,2026-03-21 15:23:05
0xd19ff177153ca8972fb1ceb02b0a553c3d12c21f,2026-03-20 23:11:19,0,2,0.3663167162983405,0,1271,2026-03-20 04:57:19,2026-03-21 15:23:05
0x184de3cd84659c4a27c61262c3aa46af1e170a71,2026-03-20 23:11:31,0,2,0.4839374907970868,0,869,2026-03-20 04:57:19,2026-03-21 15:23:05
0x2c97273cafe112a715db592fed749b6636907372,2026-03-20 23:12:45,0,2,0.544121073257501,1,317,2026-03-20 04:57:19,2026-03-21 15:23:05
0x412fe1a101554f0b382181c3af932e4b2d8030fa,2026-03-20 23:12:47,0,2,0.2068091898976817,0,1316,2026-03-20 04:57:19,2026-03-21 15:23:05
0xb45a797faa52b0fd8adc56d30382022b7b12192c,2026-03-20 23:12:49,0,2,0.22733456144365258,0,1309,2026-03-20 04:57:19,2026-03-21 15:23:05
0xd6505024550c931fed6db3c9d5808a494ae18d74,2026-03-20 23:12:49,0,2,0.4405186319267876,0,1144,2026-03-20 04:57:19,2026-03-21 15:23:05
0x0e0ae27585fbad847d0c55d2c27506fa0787745d,2026-03-20 23:13:13,0,2,0.48219285321407584,0,879,2026-03-20 04:57:19,2026-03-21 15:23:05
0xfbf3d501e88815464642d0e913f15379c3eeb218,2026-03-20 23:13:25,0,2,0.4135695306325215,0,1227,2026-03-20 04:57:19,2026-03-21 15:23:05
0x0687d8a300adeb1fbeef8d5fc2e6588c1d1177bf,2026-03-20 23:13:27,0,2,0.4674200619076097,0,1013,2026-03-20 04:57:19,2026-03-21 15:23:05
0x3c129656bd6f84e9922b958fe3a56c372c641e4a,2026-03-20 23:13:27,0,2,0.4713345360571979,0,977,2026-03-20 04:57:19,2026-03-21 15:23:05
0x4861a3412ba3ccffde470e4998b24a012d924fca,2026-03-20 23:13:27,0,2,0.4934968750491446,0,748,2026-03-20 04:57:19,2026-03-21 15:23:05
0xa76e7f5059389430a16c7a5502f81c34c6bdf078,2026-03-20 23:13:27,0,2,0.6162632781121639,1,32,2026-03-20 04:57:19,2026-03-21 15:23:05
0x8218beabb01f7c9d0dcbc8e57137a1b161c7b5a9,2026-03-20 23:13:41,0,2,0.6137245315748204,1,65,2026-03-20 04:57:19,2026-03-21 15:23:05
0x8335a9c50e2fbda9d2c39752af6b64920bdb9cd6,2026-03-20 23:13:41,0,2,0.5081031114282855,1,588,2026-03-20 04:57:19,2026-03-21 15:23:05
0x14d97b1facd2f875212f0f975b4e513a5391357d,2026-03-20 23:13:43,0,2,0.5106500481804334,1,563,2026-03-20 04:57:19,2026-03-21 15:23:05
0x3a93254db6b573acf807cdb264f33e5ec18d41f3,2026-03-20 23:13:43,0,2,0.4251172727205908,0,1189,2026-03-20 04:57:19,2026-03-21 15:23:05
0x7980005d3a9eb3b2e3da5269a532b5e51c0623a8,2026-03-20 23:13:43,0,2,0.5081030640711065,1,589,2026-03-20 04:57:19,2026-03-21 15:23:05
0x8451846b41a32a38fa022dd70df172869716581f,2026-03-20 23:13:43,0,2,0.5108642584098357,1,559,2026-03-20 04:57:19,2026-03-21 15:23:05
0xae201b90a47199f0ebd4719ee3f95939251ca278,2026-03-20 23:13:43,0,2,0.5048515049299052,1,621,2026-03-20 04:57:19,2026-03-21 15:23:05
0xbb9123da116db83477df776e3fcae42811f28a9c,2026-03-20 23:13:43,0,2,0.5078886461754796,1,593,2026-03-20 04:57:19,2026-03-21 15:23:05
0x3f02c5a39814eaed0b4a14b2471c9588ad9c7faf,2026-03-20 23:13:45,0,2,0.3241034095843754,0,1289,2026-03-20 04:57:19,2026-03-21 15:23:05
0xbacd00c9080a82ded56f504ee8810af732b0ab35,2026-03-20 23:13:45,0,2,0.5620531288571937,1,233,2026-03-20 04:57:19,2026-03-21 15:23:05
0x6c1859642feb75151f4cc5dbb41673b04d91ab90,2026-03-20 23:13:47,1,2,0.5554511568550471,1,252,2026-03-20 04:57:19,2026-03-21 15:23:05
0x45d4f8d7cb5a0b829864b85c8d3b0fb0815f8717,2026-03-20 23:13:57,0,2,0.5784918052834652,1,167,2026-03-20 04:57:19,2026-03-21 15:23:05
0x34429232e86f870daa11e1ee8ce6a0779ed4ec5d,2026-03-20 23:14:27,1,2,0.5149774457755458,1,520,2026-03-20 04:57:19,2026-03-21 15:23:05
0x544ce266f50a2442d6b6e01fd5bef69023987029,2026-03-20 23:14:27,0,2,0.5117868125614025,1,551,2026-03-20 04:57:19,2026-03-21 15:23:05
0x98a79b835565d6fbc877121d04020e961325b766,2026-03-20 23:15:35,0,2,0.46869561670016413,0,1001,2026-03-20 04:57:19,2026-03-21 15:23:05
0x85264d29fa7279946d15105c17eb6c2533f572aa,2026-03-20 23:15:37,0,2,0.4688153670408649,0,998,2026-03-20 04:57:19,2026-03-21 15:23:05
0xd8a09e9c88456ac5ca94d98f35204f67174143b0,2026-03-20 23:15:37,0,2,0.44164674946252797,0,1139,2026-03-20 04:57:19,2026-03-21 15:23:05
0x0b4c08cc6017119e98479629c17b1445c41f0f79,2026-03-20 23:15:39,0,2,0.52429854337138,1,445,2026-03-20 04:57:19,2026-03-21 15:23:05
0xef1f0086cefee0550332da212b763287e05cfb93,2026-03-20 23:15:39,0,2,0.4498629356671878,0,1109,2026-03-20 04:57:19,2026-03-21 15:23:05
0xfd8096231acb392afd4486db541c00a843bc5670,2026-03-20 23:15:41,0,2,0.47184259828568764,0,969,2026-03-20 04:57:19,2026-03-21 15:23:05
0xfb87e3f260f677aeda59307e267f6485f57f0335,2026-03-20 23:15:49,0,2,0.3073384250837537,0,1292,2026-03-20 04:57:19,2026-03-21 15:23:05
0xab811fc324bbf4ccf6ff88a1b1880abfb27f6e6d,2026-03-20 23:16:05,0,2,0.5134281250317085,1,535,2026-03-20 04:57:19,2026-03-21 15:23:05
0xa2618083db766a6ea2400becf1064c3e9dc3da11,2026-03-20 23:16:07,1,2,0.6017452740536143,1,99,2026-03-20 04:57:19,2026-03-21 15:23:05
0xf30e434a0c04fdb0116303c6e907494e4108b2f1,2026-03-20 23:16:07,0,2,0.4732119843783194,0,965,2026-03-20 04:57:19,2026-03-21 15:23:05
0xbbc0a9b23e95b46b888d6274b169524bfb466e1a,2026-03-20 23:16:41,0,2,0.49025432531767027,0,799,2026-03-20 04:57:19,2026-03-21 15:23:05
0x6d726036024348b8af9ad0108dbe3eccf7bdc356,2026-03-20 23:16:47,0,2,0.4915083529587919,0,781,2026-03-20 04:57:19,2026-03-21 15:23:05
0x2dc8cfeb44ec8edb97113d4ff400f5ae3c8647d0,2026-03-21 00:15:13,0,2,0.4547833968163595,0,1082,2026-03-20 04:57:19,2026-03-21 15:23:05
0xc2e146adf7702e55986c47fe0c2cd962cc734925,2026-03-21 00:15:13,0,2,0.444555908707174,0,1130,2026-03-20 04:57:19,2026-03-21 15:23:05
0xc4cf5f903a747a2cbb2dcae31267d671f2239332,2026-03-21 00:15:13,1,2,0.554743665833624,1,256,2026-03-20 04:57:19,2026-03-21 15:23:05
0xe87511fbc2144baa331208568dc0ff9c30c54885,2026-03-21 00:15:13,1,2,0.5292890273400289,1,411,2026-03-20 04:57:19,2026-03-21 15:23:05
0x4d26b3bba215df10fa908462b68d68f8e8fd6f74,2026-03-21 00:15:15,1,2,0.5523312975714335,1,270,2026-03-20 04:57:19,2026-03-21 15:23:05
0x30fb72f8670ce91113a305246244de5189323a35,2026-03-21 00:15:43,0,2,0.4776642124755917,0,923,2026-03-20 04:57:19,2026-03-21 15:23:05
0xe34946b4d6033fe107c98f1efdead30aab456bee,2026-03-21 00:15:43,0,2,0.5401870833789212,1,332,2026-03-20 04:57:19,2026-03-21 15:23:05
0x4693be43a0b75bc0e2da4af34c2f9a7de9a8bf61,2026-03-21 00:15:49,0,2,0.26304521081301346,0,1302,2026-03-20 04:57:19,2026-03-21 15:23:05
0xf7435b8713ed0b30170c07fa8a76d0317dfe1811,2026-03-21 00:15:49,0,2,0.5002376224588525,1,659,2026-03-20 04:57:19,2026-03-21 15:23:05
0x83b0466ef0eda78372ce0fe08c13154ac3615c97,2026-03-21 00:16:41,0,2,0.47887099821606577,0,914,2026-03-20 04:57:19,2026-03-21 15:23:05
0xb4fc9a56e3356cbc48eb30036dfd077171f6cefc,2026-03-21 00:16:41,1,2,0.5483663606824088,1,286,2026-03-20 04:57:19,2026-03-21 15:23:05
0xf1cf468364784838e19f04d90233c05dd94090a0,2026-03-21 00:16:41,0,2,0.5266751313856329,1,427,2026-03-20 04:57:19,2026-03-21 15:23:05
0x6d43dc676f9fd56fe837b5bc62defaaaa38d1d9c,2026-03-21 00:17:07,0,2,0.5137242733441957,1,531,2026-03-20 04:57:19,2026-03-21 15:23:05
0x50e0266852ef6c46c837a76e0e0b0c5b6f3e776e,2026-03-21 00:17:09,0,2,0.4768644245603773,0,929,2026-03-20 04:57:19,2026-03-21 15:23:05
0x4e346fee1b27c18ab96595bda00339e2cead139c,2026-03-21 00:17:21,1,2,0.5075845924905629,1,598,2026-03-20 04:57:19,2026-03-21 15:23:05
0x3b0ac623e3d1bcd61c348132ea9998e51ce9807d,2026-03-21 00:17:31,0,2,0.5015372984871209,1,648,2026-03-20 04:57:19,2026-03-21 15:23:05
0x53d395d95538d7b0a6346770378c79001e2360ee,2026-03-21 00:17:31,0,2,0.5103214958482901,1,566,2026-03-20 04:57:19,2026-03-21 15:23:05
0xca933c8c7cbd9274e46dbbc93f06cf407f59df79,2026-03-21 00:17:31,0,2,0.37397785970915226,0,1263,2026-03-20 04:57:19,2026-03-21 15:23:05
0xa05bf82f9de73ffd722eb2f04dbc71e5309ad2bd,2026-03-21 00:17:35,0,2,0.5420545479824752,1,324,2026-03-20 04:57:19,2026-03-21 15:23:05
0x1363138b4a7e7281663010caf537a507601580a2,2026-03-21 00:17:41,0,2,0.6162637851926577,1,30,2026-03-20 04:57:19,2026-03-21 15:23:05
0x2892ea81ccc646db98819a1c7ac03c56227d71dd,2026-03-21 00:17:41,0,2,0.6014831340093011,1,102,2026-03-20 04:57:19,2026-03-21 15:23:05
0x925e046e90853a812b4d77106c7fb3b6ff31ae24,2026-03-21 00:17:41,0,2,0.5357128479620024,1,358,2026-03-20 04:57:19,2026-03-21 15:23:05
0xf2ae307ff9ee57d532a62dd330874f5f40cd74c0,2026-03-21 00:17:53,0,2,0.4359215484322591,0,1164,2026-03-20 04:57:19,2026-03-21 15:23:05
0x3c1551a25ecef3a35f94e7262f1fd4413a0145a0,2026-03-21 00:17:57,0,2,0.586350645905379,1,140,2026-03-20 04:57:19,2026-03-21 15:23:05
0x301c9a8423dbc86f8d744848a7e1a0afa838241f,2026-03-21 00:18:07,0,2,0.47138356738835024,0,976,2026-03-20 04:57:19,2026-03-21 15:23:05
0xa41c4b4f245b261e976f4b71760bc4f0048a6428,2026-03-21 00:18:09,0,2,0.5461035684413117,1,305,2026-03-20 04:57:19,2026-03-21 15:23:05
0x54cc2576cbf660dff1d8d1d8e0c2a480bfbb8430,2026-03-21 00:19:49,0,2,0.4343266685432403,0,1166,2026-03-20 04:57:19,2026-03-21 15:23:05
0x7d1e6e554f1a1b3ad0217d0693b34047516c9ca3,2026-03-21 00:20:09,0,2,0.5029618369941184,1,639,2026-03-20 04:57:19,2026-03-21 15:23:05
0xc9284d965e99b9876a8de90945bec1381c963493,2026-03-21 00:20:49,0,2,0.5318706147409017,1,394,2026-03-20 04:57:19,2026-03-21 15:23:05
0x51ad675fcb07c4b690501aea44605f798ede5e56,2026-03-21 00:20:51,0,2,0.4925881740398404,0,766,2026-03-20 04:57:19,2026-03-21 15:23:05
0x7fa8cff409eb85dfbef7d1ac94814edb74392e0d,2026-03-21 00:20:53,0,2,0.4988735989805824,0,677,2026-03-20 04:57:19,2026-03-21 15:23:05
0x08f1b67c32e278d819e1470614eb2d6a7fd4705c,2026-03-21 00:20:55,1,2,0.4757524060228706,0,947,2026-03-20 04:57:19,2026-03-21 15:23:05
0x9d577ddd3f623de486ebe4cfbbd4589ae9aebf0f,2026-03-21 00:20:55,1,2,0.5043421915099116,1,629,2026-03-20 04:57:19,2026-03-21 15:23:05
0xb63ca5ef4fb28dbaa5d30bfd4f6fd71ec573d137,2026-03-21 00:20:55,1,2,0.503548706222962,1,634,2026-03-20 04:57:19,2026-03-21 15:23:05
0x901001186a9c9c61bdba0d472ac2c61a1d18df3e,2026-03-21 00:21:05,0,2,0.47002877454135605,0,989,2026-03-20 04:57:19,2026-03-21 15:23:05
0xb0c5b56a33e646a6d3f53fe3737cc1159692b613,2026-03-21 00:21:21,1,2,0.49778003005883603,0,696,2026-03-20 04:57:19,2026-03-21 15:23:05
0x65be31669eba9271d77117840682e96b0e113480,2026-03-21 00:21:23,0,2,0.48185130458363157,0,882,2026-03-20 04:57:19,2026-03-21 15:23:05
0x9859fcc2465e4b33e94d25394c8bcc3cf6622dd9,2026-03-21 01:17:21,0,2,0.47727459219984425,0,926,2026-03-20 04:57:19,2026-03-21 15:23:05
0xad1089eb1d8f5c3076191133bb7f8fb1bc2ce75a,2026-03-21 01:17:21,0,2,0.6055806664848665,1,90,2026-03-20 04:57:19,2026-03-21 15:23:05
0x679721febf6d078cbaf3231b8c49475e373ae9ed,2026-03-21 01:17:39,0,2,0.49902766685557304,0,676,2026-03-20 04:57:19,2026-03-21 15:23:05
0x658d9a7687625ed2053f119c2764c34da5337003,2026-03-21 01:19:29,0,2,0.3556096482694558,0,1276,2026-03-20 04:57:19,2026-03-21 15:23:05
0xef4955bd0259c911121654dda0b21bbf2c62cbca,2026-03-21 01:19:31,0,2,0.47570926760972254,0,948,2026-03-20 04:57:19,2026-03-21 15:23:05
0x0380b557788bfdb99596d0d78d71129bda1a4943,2026-03-21 01:19:33,1,2,0.5716248262821675,1,193,2026-03-20 04:57:19,2026-03-21 15:23:05
0x07a6c20f4a2a5eaa8ed43ebbfef55ed603415638,2026-03-21 01:19:33,0,2,0.5131411819197621,1,537,2026-03-20 04:57:19,2026-03-21 15:23:05
0xb3c2611f7b182b6f1e75d80aa3f46488a3819333,2026-03-21 01:19:33,0,2,0.49667150044822445,0,707,2026-03-20 04:57:19,2026-03-21 15:23:05
0xc3d2de2864942a97481dcea295f06ed650d1ab0e,2026-03-21 01:19:33,0,2,0.5184241811883187,1,487,2026-03-20 04:57:19,2026-03-21 15:23:05
0x41889afb7160d5824bf25895afc6240a2afaa3e5,2026-03-21 01:19:35,0,2,0.49211743089433524,0,773,2026-03-20 04:57:19,2026-03-21 15:23:05
0x69c222d5d505da8e261a2eed3d5885fd4e0e40cf,2026-03-21 01:19:37,0,2,0.4549329899734974,0,1080,2026-03-20 04:57:19,2026-03-21 15:23:05
0xcf104f0d79188d7f0f13a96e4b29acbfb72e691b,2026-03-21 01:19:37,0,2,0.5383592290188594,1,342,2026-03-20 04:57:19,2026-03-21 15:23:05
0xfb5ea74b8697600a2cda7f53f6b230cbed2e112b,2026-03-21 01:19:37,0,2,0.5179020745074463,1,492,2026-03-20 04:57:19,2026-03-21 15:23:05
0x7b2b624ab151d97a91024c3c2c91120e0a5c258a,2026-03-21 01:20:17,1,2,0.48867684842719655,0,817,2026-03-20 04:57:19,2026-03-21 15:23:05
0x2209b171a46d6c51ecb98154e4ce6815cdd49175,2026-03-21 01:20:21,0,2,0.4940920446607838,0,742,2026-03-20 04:57:19,2026-03-21 15:23:05
0x602785cdf56a03221130d3d42a577ac6cf444320,2026-03-21 01:20:27,1,2,0.22684214050023202,0,1310,2026-03-20 04:57:19,2026-03-21 15:23:05
0xd3c59e8e46f80a8635644ee8f7a26972735adeee,2026-03-21 01:20:27,0,2,0.5473914633839871,1,292,2026-03-20 04:57:19,2026-03-21 15:23:05
0xf4339ca50e9c01ee976743b5f51bce54224a2464,2026-03-21 01:20:53,1,2,0.4995634948307744,0,670,2026-03-20 04:57:19,2026-03-21 15:23:05
0x513066c454d41178df701d33ddaa4c9c5d93818b,2026-03-21 01:20:55,0,2,0.5008742168176206,1,652,2026-03-20 04:57:19,2026-03-21 15:23:05
0x2f3ffc7787ac2251b37f9af2ff4f4f0387c06940,2026-03-21 01:21:43,1,2,0.4451483985448093,0,1127,2026-03-20 04:57:19,2026-03-21 15:23:05
0xec29f44ee589b2457fccfe5414c0255351318157,2026-03-21 01:22:35,0,2,0.5044292263521204,1,627,2026-03-20 04:57:19,2026-03-21 15:23:05
0xf639a53def726cf9e22c49afc8d9f904699cefd8,2026-03-21 01:23:23,1,2,0.507798940599333,1,595,2026-03-20 04:57:19,2026-03-21 15:23:05
0xca23c0fa4701cb136f50a95da1eb59687df4c5e3,2026-03-21 01:23:27,1,2,0.46244000362225074,0,1045,2026-03-20 04:57:19,2026-03-21 15:23:05
0x913dfab2e6700c6d82576df3d254ad2c942333e8,2026-03-21 01:24:25,0,2,0.39282287728782245,0,1252,2026-03-20 04:57:19,2026-03-21 15:23:05
0x393e11b87411e3251b837a4427d88f00272e7b02,2026-03-21 01:24:31,1,2,0.5033508889056465,1,637,2026-03-20 04:57:19,2026-03-21 15:23:05
0x52da8688080172ddf23e7cb6357f12ea90976780,2026-03-21 01:24:31,0,2,0.4403129610669375,0,1146,2026-03-20 04:57:19,2026-03-21 15:23:05
0x6264f256e020bb441542316ce9fb0259526b7b6b,2026-03-21 01:24:31,0,2,0.4387580904142481,0,1150,2026-03-20 04:57:19,2026-03-21 15:23:05
0xa0db650c4df55c9c8b4661edd6b2cf885b7767fc,2026-03-21 01:24:31,0,2,0.45287136343763895,0,1098,2026-03-20 04:57:19,2026-03-21 15:23:05
0xa49becb692927d455924583b5e3e5788246f4c40,2026-03-21 01:24:35,1,2,0.216442557622415,0,1313,2026-03-20 04:57:19,2026-03-21 15:23:05
0x2d1675685c881f27b87fefdf9242402d9f6e9972,2026-03-21 01:24:53,1,2,0.41604474563679755,0,1220,2026-03-20 04:57:19,2026-03-21 15:23:05
0x96dae98cf22fabbe85f6e0d586195266853569ff,2026-03-21 01:24:55,0,2,0.41564851628770094,0,1222,2026-03-20 04:57:19,2026-03-21 15:23:05
0xcdbc69eb662396d5a1877b7fe5063c2cb898f38b,2026-03-21 01:24:59,0,2,0.4920275619258225,0,775,2026-03-20 04:57:19,2026-03-21 15:23:05
0x1ad68a43c3f86c70651031424de2b3defa72caad,2026-03-21 01:25:25,1,2,0.3668913770023739,0,1270,2026-03-20 04:57:19,2026-03-21 15:23:05
0x516f8bc5b5dc97aab05e784a6d5e032931c1dbcf,2026-03-21 01:25:25,1,2,0.4667589385382037,0,1017,2026-03-20 04:57:19,2026-03-21 15:23:05
0x73da9000d92061d175afdf7821495f1814e38ce9,2026-03-21 01:25:25,0,2,0.46784619008802325,0,1010,2026-03-20 04:57:19,2026-03-21 15:23:05
0x0def7305ac0c2f97db104ea2422a43f0d5b34ddb,2026-03-21 02:23:21,0,2,0.5535532740866375,1,264,2026-03-20 04:57:19,2026-03-21 15:23:05
0xff7a9cf492a384e8aa1a62c5675d9a6085f30f2a,2026-03-21 02:23:23,1,2,0.472435592195666,0,967,2026-03-20 04:57:19,2026-03-21 15:23:05
0x354a6d10c16a39ded2e532118dd0dee30bfbae3e,2026-03-21 02:23:25,0,2,0.5632478116836164,1,228,2026-03-20 04:57:19,2026-03-21 15:23:05
0x64e15e8993595f67025e04777c651295df862763,2026-03-21 02:23:41,0,2,0.4897066842521375,0,806,2026-03-20 04:57:19,2026-03-21 15:23:05
0xec8d797a40d5990d00e7468f347c732d4e3b453d,2026-03-21 02:23:41,1,2,0.45864502578482175,0,1063,2026-03-20 04:57:19,2026-03-21 15:23:05
0xd62a89f8fbe7cd4d210cedbb1ddc42a32be6844c,2026-03-21 02:23:43,0,2,0.48344419924863224,0,871,2026-03-20 04:57:19,2026-03-21 15:23:05
0xe5d9081385b2fe24493b939b6571e93ba05ccb04,2026-03-21 02:23:47,0,2,0.586474033471946,1,138,2026-03-20 04:57:19,2026-03-21 15:23:05
0xe975d56401e1922f1d19947f2fc1282ff5019d22,2026-03-21 02:23:47,0,2,0.4359276078866854,0,1163,2026-03-20 04:57:19,2026-03-21 15:23:05
0x887cde0334df2c7a6c79a2a5070fa1d56c6d1b30,2026-03-21 02:23:49,0,2,0.515741564498394,1,512,2026-03-20 04:57:19,2026-03-21 15:23:05
0xfd4db51071095ab2378978173698c25f10b1e7c1,2026-03-21 02:24:21,0,2,0.45446147989318586,0,1085,2026-03-20 04:57:19,2026-03-21 15:23:05
0x1a23ab3096f9616e6cbd01077f229b18cc0d8da7,2026-03-21 02:24:27,0,2,0.5240521318359919,1,448,2026-03-20 04:57:19,2026-03-21 15:23:05
0x0ce4595e06532cf74453142fe3d5697f25215f17,2026-03-21 02:24:29,0,2,0.4950396247620133,0,730,2026-03-20 04:57:19,2026-03-21 15:23:05
0x100d89cb91a8366c35f0caaa734ac3e678e81baa,2026-03-21 02:24:51,1,2,0.48628211733729354,0,838,2026-03-20 04:57:19,2026-03-21 15:23:05
0x59d7ab7e56c8939f8b28a17d2c1f681a0afa06ef,2026-03-21 02:24:53,0,2,0.47467128494413596,0,953,2026-03-20 04:57:19,2026-03-21 15:23:05
0x1da67a3095b98be29cbb0a8d25659c5d5d5de563,2026-03-21 02:25:05,0,2,0.5076521644373931,1,596,2026-03-20 04:57:19,2026-03-21 15:23:05
0xca9357465c5e83b6a7b645dac0da149ccba987be,2026-03-21 02:25:05,0,2,0.509832566828347,1,571,2026-03-20 04:57:19,2026-03-21 15:23:05
0xe7d31a04c53e2e0632f34ddbc268e9eb54dfe8e9,2026-03-21 02:25:05,0,2,0.5891672626486897,1,130,2026-03-20 04:57:19,2026-03-21 15:23:05
0x096776e12cae2e3f6836dc91ee1f0087d40ebe0c,2026-03-21 02:25:07,0,2,0.6162632780107273,1,33,2026-03-20 04:57:19,2026-03-21 15:23:05
0x57ee70867b4e387de9de34fd62bc685aa02a8112,2026-03-21 02:25:07,0,2,0.49231544233444174,0,771,2026-03-20 04:57:19,2026-03-21 15:23:05
0xac10ae1a47b9e28d6bd0077492caa9d58dbd57c8,2026-03-21 02:25:07,1,2,0.48532060666986926,0,853,2026-03-20 04:57:19,2026-03-21 15:23:05
0xb743b8870070ac8be12a7b0ea6b275092640c116,2026-03-21 02:25:07,0,2,0.6026873625384833,1,98,2026-03-20 04:57:19,2026-03-21 15:23:05
0x2c46ffe86ee500875db3c679e52f6e64854cdac9,2026-03-21 02:25:47,0,2,0.5811453633375254,1,156,2026-03-20 04:57:19,2026-03-21 15:23:05
0x8d6f9a2ee6ddc8fc781865e8c2fbe9853062d3e4,2026-03-21 02:25:47,0,2,0.4738158732948571,0,958,2026-03-20 04:57:19,2026-03-21 15:23:05
0xd8f8c13644ea84d62e1ec88c5d1215e436eb0f11,2026-03-21 02:25:49,0,2,0.5355684931154816,1,360,2026-03-20 04:57:19,2026-03-21 15:23:05
0x3ac375b6a3d846c2af2b8b701cf6a23456c56c13,2026-03-21 02:25:57,1,2,0.4711840018873091,0,979,2026-03-20 04:57:19,2026-03-21 15:23:05
0xbe08550dede212b819be394e2681380d56c812df,2026-03-21 02:25:57,1,2,0.47581045426599045,0,945,2026-03-20 04:57:19,2026-03-21 15:23:05
0x9ad362c2e7c124c65f6f11197a97a12869d6bbcc,2026-03-21 02:26:15,0,2,0.5980931637197644,1,111,2026-03-20 04:57:19,2026-03-21 15:23:05
0x7bf93a1cb1262e1abb19af44877ad64b18c6be26,2026-03-21 02:26:17,1,2,0.46069327497000784,0,1054,2026-03-20 04:57:19,2026-03-21 15:23:05
0x92c4d8f2ae3f0aeb1ac6356774090c29ea404682,2026-03-21 02:26:31,0,2,0.46113674178929615,0,1052,2026-03-20 04:57:19,2026-03-21 15:23:05
0xdab6a03795c8687bb3260e6f8e983ae084fe9a95,2026-03-21 02:26:37,0,2,0.5041249889155901,1,631,2026-03-20 04:57:19,2026-03-21 15:23:05
0x8b02c9e1ee95c1d9ec862af66b0cb69235fdb95f,2026-03-21 02:26:55,0,2,0.44231513093629343,0,1137,2026-03-20 04:57:19,2026-03-21 15:23:05
0xeef382e6c8cb7adde63551043659b381b1c00547,2026-03-21 02:26:55,0,2,0.489612747855936,0,808,2026-03-20 04:57:19,2026-03-21 15:23:05
0xcaf59289145789242a4af6b975997344229841ab,2026-03-21 02:26:59,0,2,0.4396905700987262,0,1147,2026-03-20 04:57:19,2026-03-21 15:23:05
0x4534fd7f0ca312dedb7aa86c0408b70f1bed7ccb,2026-03-21 02:27:01,0,2,0.503800771028091,1,632,2026-03-20 04:57:19,2026-03-21 15:23:05
0x931c0c55f357e468f9a65d6047f393d323c1bf4b,2026-03-21 02:27:03,0,2,0.6150453148900794,1,52,2026-03-20 04:57:19,2026-03-21 15:23:05
0xd4fbd3273f391767104b525f180d6ea47de53e92,2026-03-21 02:27:05,1,2,0.4859279075985265,0,844,2026-03-20 04:57:19,2026-03-21 15:23:05
0xd635bc0b9ce46e6bf35f7dffcc01679c883fc8a1,2026-03-21 02:27:05,1,2,0.5760274034244202,1,180,2026-03-20 04:57:19,2026-03-21 15:23:05
0x084a97cd96cd7720a74e87bb4ce915d695924f14,2026-03-21 02:28:49,0,2,0.46976501494172673,0,992,2026-03-20 04:57:19,2026-03-21 15:23:05
0x39d8ddae9507c12692962efeb94b38700c0a894b,2026-03-21 02:28:49,0,2,0.44557638291380497,0,1126,2026-03-20 04:57:19,2026-03-21 15:23:05
0x6ca9dc6e1d120d57ede23085cb053e44b882698b,2026-03-21 02:28:49,0,2,0.4665286369082264,0,1020,2026-03-20 04:57:19,2026-03-21 15:23:05
0x1b110b28f6775d9689cc91b4f9f91e317434ce49,2026-03-21 03:25:27,0,2,0.5193501851821866,1,479,2026-03-20 04:57:19,2026-03-21 15:23:05
0x4db75830f951df394e58ce9672f5b3806eae3d43,2026-03-21 03:25:27,1,2,0.4684426989481483,0,1005,2026-03-20 04:57:19,2026-03-21 15:23:05
0x8026d6690518f761f6f8958e8cc227e419f1e1d6,2026-03-21 03:25:27,1,2,0.5266400165736591,1,429,2026-03-20 04:57:19,2026-03-21 15:23:05
0xc8dcdc9d84c0ae0496fa5d56a88a80a264eabbf8,2026-03-21 03:25:27,0,2,0.49340292633433236,0,752,2026-03-20 04:57:19,2026-03-21 15:23:05
0xd3d3d44acadda7bf4aea7769db7379383635bb8e,2026-03-21 03:25:27,0,2,0.5117289870382533,1,552,2026-03-20 04:57:19,2026-03-21 15:23:05
0x4b6c5c0ea8de42bd982f35576924640defda9a83,2026-03-21 03:26:55,0,2,0.3695730138165167,0,1267,2026-03-20 04:57:19,2026-03-21 15:23:05
0xfbbdc55ec3740d0c549e0b4e83bb81ecb25b7cbe,2026-03-21 03:27:11,0,2,0.4800305357618651,0,902,2026-03-20 04:57:19,2026-03-21 15:23:05
0x750293910fb12264a6d02f5c3bb6390a00bdbeaf,2026-03-21 03:27:13,0,2,0.4370035958288596,0,1158,2026-03-20 04:57:19,2026-03-21 15:23:05
0xa8f0251fd63e9519cd0ea3ee4a452153cda496da,2026-03-21 03:27:13,0,2,0.5360668990792752,1,355,2026-03-20 04:57:19,2026-03-21 15:23:05
0x26fbcc79d77dad5461b15794d56fc209340d67b8,2026-03-21 03:27:25,1,2,0.586366159803333,1,139,2026-03-20 04:57:19,2026-03-21 15:23:05
0x74d6255d71f377e2d6cd81e68ff8e9b6ca483b10,2026-03-21 03:27:27,0,2,0.34678529984345613,0,1281,2026-03-20 04:57:19,2026-03-21 15:23:05
0xe0232cf85800a2e19d4c7896c498025323938361,2026-03-21 03:27:27,0,2,0.4967277078672099,0,705,2026-03-20 04:57:19,2026-03-21 15:23:05
0xf8764f91a3b8f6bf111e9ec5c670b541415d8975,2026-03-21 03:27:29,0,2,0.4689139591446522,0,997,2026-03-20 04:57:19,2026-03-21 15:23:05
0x4f38e7f14811d54f4e5e509eade1e1b2f12e39f2,2026-03-21 03:27:43,0,2,0.4547671043592757,0,1083,2026-03-20 04:57:19,2026-03-21 15:23:05
0xbe1d335845a1821ea8c20def8966929b294e244b,2026-03-21 03:27:43,0,2,0.6061778916611829,1,89,2026-03-20 04:57:19,2026-03-21 15:23:05
0xaf511c0c60e1718c04c7704d27f1fc929422b322,2026-03-21 03:27:51,0,2,0.5570976765660178,1,245,2026-03-20 04:57:19,2026-03-21 15:23:05
0x4f557ab0531f2d48a8d2331f1cb5e7983634d8be,2026-03-21 03:28:01,0,2,0.5263259458349153,1,432,2026-03-20 04:57:19,2026-03-21 15:23:05
0xe51648e1aee597bbf8a3e7e00326c4c482c51d31,2026-03-21 03:28:01,0,2,0.4617266362872917,0,1050,2026-03-20 04:57:19,2026-03-21 15:23:05
0x0bcfe1e9e8286684844d237f04309f3bd4a2796e,2026-03-21 03:28:03,0,2,0.5264712034370467,1,431,2026-03-20 04:57:19,2026-03-21 15:23:05
0x51f06eb2fae0d9a6556d0b3ec5aeefc2c45986b3,2026-03-21 03:29:03,0,2,0.3448431347126306,0,1283,2026-03-20 04:57:19,2026-03-21 15:23:05
0x13a12ebadc50f6fa42c8f2595997d8adf329d9bc,2026-03-21 03:29:05,0,2,0.4174702410445276,0,1215,2026-03-20 04:57:19,2026-03-21 15:23:05
0xfb555a58edf209c2271b025639e9e57e3a98683b,2026-03-21 03:29:05,0,2,0.4998873426900831,0,665,2026-03-20 04:57:19,2026-03-21 15:23:05
0xb0841c5e3c9ed6eb7d9aa5fad9a818bdbc8618f4,2026-03-21 03:29:33,0,2,0.5001220923275498,1,661,2026-03-20 04:57:19,2026-03-21 15:23:05
0xe4e4705ef04ff6bc4436d797e3e056f5a0a0a034,2026-03-21 03:29:33,0,2,0.47071705507062644,0,983,2026-03-20 04:57:19,2026-03-21 15:23:05
0x9a2af09234f75b7d79ccfd6cce9ad688a11f663b,2026-03-21 03:29:41,0,2,0.6164661305885918,1,17,2026-03-20 04:57:19,2026-03-21 15:23:05
0x0baf2600aa35332c84c2edb30d660acfdac1a8f9,2026-03-21 03:30:13,1,2,0.4658336873568345,0,1023,2026-03-20 04:57:19,2026-03-21 15:23:05
0xebc4229edd5647bf89d5ec3132cba8b27d836e31,2026-03-21 03:30:13,0,2,0.46869303715664057,0,1002,2026-03-20 04:57:19,2026-03-21 15:23:05
0x51f602fe4607a84f698e15544e1420ff59a841ec,2026-03-21 03:30:25,1,2,0.5351697602775323,1,366,2026-03-20 04:57:19,2026-03-21 15:23:05
0x74c06efef60c97e470a85586b350bca0b97862fa,2026-03-21 03:30:25,0,2,0.4162871314165282,0,1219,2026-03-20 04:57:19,2026-03-21 15:23:05
0xb525ddcee8cfadacab26115358802311088c4074,2026-03-21 03:30:27,0,2,0.5328676761194685,1,386,2026-03-20 04:57:19,2026-03-21 15:23:05
0xe70d6840c812364bd41a304564918519a8e8dd35,2026-03-21 03:30:27,0,2,0.46998065357336083,0,990,2026-03-20 04:57:19,2026-03-21 15:23:05
0x209e5bb878b56a11da9bcdd88d7bac45308c288a,2026-03-21 03:30:49,0,2,0.4981149630623562,0,691,2026-03-20 04:57:19,2026-03-21 15:23:05
0x0192817642f4995dd70e0c0aa24398cadb47854a,2026-03-21 03:31:29,0,2,0.4797130305447997,0,905,2026-03-20 04:57:19,2026-03-21 15:23:05
0xd1d9190f8ed7e001c83d1cc3c4a64edcd6655955,2026-03-21 03:31:29,0,2,0.4492888044284654,0,1113,2026-03-20 04:57:19,2026-03-21 15:23:05
0xa9239c0ca3dee2d03232481212474e1d781b6704,2026-03-21 03:31:35,0,2,0.46950282994282133,0,993,2026-03-20 04:57:19,2026-03-21 15:23:05
0xa09d35cd5d693f247f33f84bbaec816315d8af80,2026-03-21 03:32:01,0,2,0.462310253718978,0,1047,2026-03-20 04:57:19,2026-03-21 15:23:05
0xf91ee420b52570626064d61dbb8dff1f92ce7e0b,2026-03-21 03:32:01,0,2,0.42043973192262,0,1207,2026-03-20 04:57:19,2026-03-21 15:23:05
0xb6ff31ed3a1c468a539e506b23ce777f3e606db9,2026-03-21 03:32:15,0,2,0.49056417906432076,0,792,2026-03-20 04:57:19,2026-03-21 15:23:05
0xe99f7c49b0a101eb933d30d713c09a815dca0d86,2026-03-21 03:32:15,0,2,0.4983718416164094,0,687,2026-03-20 04:57:19,2026-03-21 15:23:05
0x375beb5748672220442079a447ffbeb38b4e0d05,2026-03-21 03:32:19,0,2,0.49152980180949923,0,780,2026-03-20 04:57:19,2026-03-21 15:23:05
0xbdd11cc911ec8ed95887e56dc253d70cb36b0c4f,2026-03-21 04:30:33,0,2,0.5314707132193717,1,398,2026-03-20 04:57:19,2026-03-21 15:23:05
0x382973da2bd54058e25c92df5334dc9bf0b0e37e,2026-03-21 04:30:37,0,2,0.5125742109066898,1,541,2026-03-20 04:57:19,2026-03-21 15:23:05
0x4edb9efc5f1cc3791602ee5c61ea6177d0959963,2026-03-21 04:30:37,1,2,0.6241915078027508,1,1,2026-03-20 04:57:19,2026-03-21 15:23:05
0x616f1df11a2e54252d30539cf5baada583069f5a,2026-03-21 04:30:37,1,2,0.4840947101725628,0,865,2026-03-20 04:57:19,2026-03-21 15:23:05
0x75dcd6528aad470d76dabc85210ae44012d94f82,2026-03-21 04:30:39,0,2,0.6163535524089909,1,21,2026-03-20 04:57:19,2026-03-21 15:23:05
0xa70f7d263122d7664441c864b0f806c23791dbc6,2026-03-21 04:31:21,0,2,0.5271983765001849,1,423,2026-03-20 04:57:19,2026-03-21 15:23:05
0x4537a327b7d42192a3a8d03d4cd8e88d31507c7f,2026-03-21 04:31:23,0,2,0.5392607550834829,1,336,2026-03-20 04:57:19,2026-03-21 15:23:05
0x7d07b8ef0725631c739fc3d4dcb8bb939ca80351,2026-03-21 04:31:27,0,2,0.47712784175088496,0,927,2026-03-20 04:57:19,2026-03-21 15:23:05
0xabafd36f07397fa67387875cc474be9fc5838651,2026-03-21 04:31:27,1,2,0.47898457954639306,0,911,2026-03-20 04:57:19,2026-03-21 15:23:05
0x0781872fe78deb6ad8147e482952b4a5461ec4ff,2026-03-21 04:31:49,0,2,0.5705225205183595,1,196,2026-03-20 04:57:19,2026-03-21 15:23:05
0x335591608319b94e1c31653f36ef7f6e0fe93119,2026-03-21 04:31:49,1,2,0.5119880163036963,1,547,2026-03-20 04:57:19,2026-03-21 15:23:05
0x0a845962d85450daf8a2675c2b49de61fb5f171f,2026-03-21 04:32:17,0,2,0.4849857060084003,0,857,2026-03-20 04:57:19,2026-03-21 15:23:05
0x5f01a0458561a2082b79aff61d1fd1bff48a4ca2,2026-03-21 04:32:29,0,2,0.5156714931131787,1,514,2026-03-20 04:57:19,2026-03-21 15:23:05
0x30a576e90bbf59fa2e214e5703d716dd14d0da65,2026-03-21 04:32:41,0,2,0.5728064379059217,1,185,2026-03-20 04:57:19,2026-03-21 15:23:05
0x12082135bdeab5384b248951b1fc3caca49f0160,2026-03-21 04:32:43,0,2,0.47827733907551606,0,919,2026-03-20 04:57:19,2026-03-21 15:23:05
0x7a7df5044ef6552ba78c5839d3b5b7ae47a3b516,2026-03-21 04:32:45,0,2,0.5629311345884986,1,230,2026-03-20 04:57:19,2026-03-21 15:23:05
0x940e8a61a98ab56b75ff67a09ae4a6d2a0e4cb4a,2026-03-21 04:33:23,1,2,0.5265675211079108,1,430,2026-03-20 04:57:19,2026-03-21 15:23:05
0xb482ad96138c6290e4bae0baf1d2399a01af2ac7,2026-03-21 04:33:23,0,2,0.42408151501440366,0,1192,2026-03-20 04:57:19,2026-03-21 15:23:05
0x7a8df7a1fc75e050e0352cf6c0c6482cfd4dd2d5,2026-03-21 04:33:25,1,2,0.4444612422855103,0,1131,2026-03-20 04:57:19,2026-03-21 15:23:05
0x8c09627284fb9564ad62a37db00f31332fc001aa,2026-03-21 04:33:43,0,2,0.4932799327286721,0,755,2026-03-20 04:57:19,2026-03-21 15:23:05
0x80eb3bfcb50c56df8530bb55f8439c0b0861608d,2026-03-21 04:33:53,0,2,0.5062054579452376,1,610,2026-03-20 04:57:19,2026-03-21 15:23:05
0x155c8cd1e3df9ab0df005d8976dd5d658a2a1eb4,2026-03-21 04:34:13,0,2,0.5111751988652193,1,558,2026-03-20 04:57:19,2026-03-21 15:23:05
0xae84547e1686fcb926b2610795291f1cb78923c4,2026-03-21 04:34:15,0,2,0.49532125410502176,0,726,2026-03-20 04:57:19,2026-03-21 15:23:05
0xc874659e684e4fa4cec04ca95e1050be035254a3,2026-03-21 04:34:19,1,2,0.4998193624281005,0,668,2026-03-20 04:57:19,2026-03-21 15:23:05
0x217a0f41c3626bbc4c701ae2fd3669f1570f5dfa,2026-03-21 04:34:21,1,2,0.2977656574360819,0,1296,2026-03-20 04:57:19,2026-03-21 15:23:05
0x984ec471172c0f2cb7c54411f50955ffa4318dda,2026-03-21 04:34:23,0,2,0.46768703199559075,0,1011,2026-03-20 04:57:19,2026-03-21 15:23:05
0x9eebaf2a2960369b05cb24823e65ecf243ba3dd9,2026-03-21 04:34:23,0,2,0.4893969957958864,0,809,2026-03-20 04:57:19,2026-03-21 15:23:05
0xb500b5fed87a409a04fdbe78e8616ec87339426f,2026-03-21 04:34:23,0,2,0.46920229667762836,0,994,2026-03-20 04:57:19,2026-03-21 15:23:05
0x84f0e728cc12961f7831e731f58ac5f1ecef0681,2026-03-21 04:34:25,0,2,0.4593186566242184,0,1059,2026-03-20 04:57:19,2026-03-21 15:23:05
0x18e3861378b15f5a4ab5812ce006c7e8adfe1463,2026-03-21 06:35:17,0,2,0.487147767281166,0,832,2026-03-20 04:57:19,2026-03-21 15:23:05
0x58955032dbd48b0f04a48825d1e464ad4c669a80,2026-03-21 06:35:17,0,2,0.5102886879269288,1,567,2026-03-20 04:57:19,2026-03-21 15:23:05
0xc77f10ae0d6ce1b13d16feed807cdfa7938af8aa,2026-03-21 06:35:21,0,2,0.43743676945257204,0,1157,2026-03-20 04:57:19,2026-03-21 15:23:05
0x4f1cae433cdd2bbe5b11fecb4b03ffa778fdc73b,2026-03-21 06:35:33,0,2,0.5123656539462941,1,544,2026-03-20 04:57:19,2026-03-21 15:23:05
0xe68ca3f965d7bf34f8473403d26d066912a3779d,2026-03-21 06:35:33,0,2,0.5073946825005347,1,604,2026-03-20 04:57:19,2026-03-21 15:23:05
0x3a7190185c5c2e19bfa8961493923183af38c9ca,2026-03-21 06:35:45,0,2,0.493205459724759,0,756,2026-03-20 04:57:19,2026-03-21 15:23:05
0x52fcc56ea5991259b9089270575c3744434c6303,2026-03-21 06:35:53,1,2,0.49037400110896845,0,798,2026-03-20 04:57:19,2026-03-21 15:23:05
0xc86eaec2310c774e67fccb8646a1c028b1c88dfc,2026-03-21 06:35:55,1,2,0.48450815154860033,0,861,2026-03-20 04:57:19,2026-03-21 15:23:05
0x612603424ccf95e7b3ac27b5e79a2f2ddca097c6,2026-03-21 06:35:57,0,2,0.474775254254556,0,952,2026-03-20 04:57:19,2026-03-21 15:23:05
0xdd4ac67529d389319aafa7d887eaf986d096c3f5,2026-03-21 06:37:03,1,2,0.564220177006212,1,225,2026-03-20 04:57:19,2026-03-21 15:23:05
0xdd8bcd7609558d1d3587124a32a9c0180044d51a,2026-03-21 06:37:45,1,2,0.5566737722628967,1,247,2026-03-20 04:57:19,2026-03-21 15:23:05
0x3a062e447e5f3f60be26f8ac4d84149cb233ea5e,2026-03-21 06:37:47,0,2,0.454785160470145,0,1081,2026-03-20 04:57:19,2026-03-21 15:23:05
0x90df049fa1cd260010994b2eabb99789f678a209,2026-03-21 06:38:17,0,2,0.3923090011526505,0,1253,2026-03-20 04:57:19,2026-03-21 15:23:05
0x9be1936faf7bdd0215068b0e195b225f9770779b,2026-03-21 06:38:17,0,2,0.40762540007111825,0,1238,2026-03-20 04:57:19,2026-03-21 15:23:05
0xe9d752a2782f7bee631ea5f6fe0f03b95911094f,2026-03-21 06:38:19,0,2,0.4963610184810946,0,711,2026-03-20 04:57:19,2026-03-21 15:23:05
0xa24421c2eabf0ade89b26ef6eacbb498c3c3ab21,2026-03-21 06:39:27,1,2,0.4533776631148444,0,1095,2026-03-20 04:57:19,2026-03-21 15:23:05
0x5962bf6c108b6d1ec78707ea49b935b801590dd4,2026-03-21 06:39:53,0,2,0.4658016606852227,0,1024,2026-03-20 04:57:19,2026-03-21 15:23:05
0x7e1694700a893befc9e22b38fcd7f2606acef6de,2026-03-21 06:39:53,0,2,0.5327235409841319,1,388,2026-03-20 04:57:19,2026-03-21 15:23:05
0x308b027c3e34d077c456ef1a8228fe91738bec00,2026-03-21 06:39:55,1,2,0.38696849795341304,0,1257,2026-03-20 04:57:19,2026-03-21 15:23:05
0x091a04288c7122025857257b2a771d77bde8b86d,2026-03-21 06:39:59,1,2,0.4962446414474721,0,713,2026-03-20 04:57:19,2026-03-21 15:23:05
0x5ffb7a13557349dfca33dd6104df4021de731b74,2026-03-21 06:39:59,0,2,0.43340175122379715,0,1168,2026-03-20 04:57:19,2026-03-21 15:23:05
0x9ae6f7f6fd2bb510324dddeb4a6ed24293feecdd,2026-03-21 06:39:59,0,2,0.616521907944501,1,13,2026-03-20 04:57:19,2026-03-21 15:23:05
0x0177aac8d1ab199c69efeee50806e2bd610c59f1,2026-03-21 06:40:01,0,2,0.4462433320377962,0,1123,2026-03-20 04:57:19,2026-03-21 15:23:05
0x26eb4b82e4bc8ff5b03cc2b8c10e83b24b2222d0,2026-03-21 06:40:01,0,2,0.5718982662900147,1,190,2026-03-20 04:57:19,2026-03-21 15:23:05
0x7f31c649117c1bf9012f0de7704e4a6628873bdc,2026-03-21 06:40:01,0,2,0.4326687160799966,0,1171,2026-03-20 04:57:19,2026-03-21 15:23:05
0xa13d0d785be804efa29dee5babed03560fe8b52e,2026-03-21 06:40:01,0,2,0.4470657585349399,0,1121,2026-03-20 04:57:19,2026-03-21 15:23:05
0x97892305f3b5569c32d16f4ed70f840dd7e61ae7,2026-03-21 06:40:03,0,2,0.4540691448279854,0,1088,2026-03-20 04:57:19,2026-03-21 15:23:05
0xbcd8da52677827188a4c205dcc0d46eda3038a50,2026-03-21 06:40:05,0,2,0.4803858775124724,0,898,2026-03-20 04:57:19,2026-03-21 15:23:05
0xd3cef586d1ac54106d0a4db9d3ebe3483a42eb48,2026-03-21 06:40:07,0,2,0.4768551338177246,0,930,2026-03-20 04:57:19,2026-03-21 15:23:05
0xd91710785277e146b4569030a04eebecf2281b38,2026-03-21 06:40:37,0,2,0.5307057449207403,1,403,2026-03-20 04:57:19,2026-03-21 15:23:05
0x14a3f5865523d6f727c4bf32111d2ad850a0ec39,2026-03-21 06:40:43,0,2,0.5067170053747313,1,606,2026-03-20 04:57:19,2026-03-21 15:23:05
0x1251befc33ac706e1a7dfd6c3d5f64a8329c9ccf,2026-03-21 06:41:01,0,2,0.5170192683392175,1,499,2026-03-20 04:57:19,2026-03-21 15:23:05
0x88b298bba500c29627291ba78f1fcdba110bf7a2,2026-03-21 06:41:03,1,2,0.48928303562903736,0,812,2026-03-20 04:57:19,2026-03-21 15:23:05
0x7d03bddd011252c2a680dc586fd36a34e3c5b8a6,2026-03-21 06:41:17,1,2,0.5231715704984174,1,456,2026-03-20 04:57:19,2026-03-21 15:23:05
0x27d85b8afef97ecc3324f083efba066c60a0d41f,2026-03-21 06:42:29,0,2,0.5060946335045376,1,612,2026-03-20 04:57:19,2026-03-21 15:23:05
0x51944e8b71dd38ad2c74049506a6bd0c181ae3ce,2026-03-21 06:42:29,0,2,0.5267310812610257,1,426,2026-03-20 04:57:19,2026-03-21 15:23:05
0x0cf3004f353cc6e49be1f31c03b405274c214e0d,2026-03-21 06:43:05,1,2,0.5044082132118243,1,628,2026-03-20 04:57:19,2026-03-21 15:23:05
0x650fa1ce0ad94416dc82fbd3f9aaeac292e11c5f,2026-03-21 06:43:07,0,2,0.5140006728941325,1,529,2026-03-20 04:57:19,2026-03-21 15:23:05
0x23222038e8255625fff4fff060af8fff89833ede,2026-03-21 06:43:11,0,2,0.286961860431862,0,1297,2026-03-20 04:57:19,2026-03-21 15:23:05
0xdbc039cd0003a2476b66cbcad467584cc62f1843,2026-03-21 06:43:13,0,2,0.4873398227421901,0,830,2026-03-20 04:57:19,2026-03-21 15:23:05
0x48de64f9b224609361539d2cc86d30f0d0190c51,2026-03-21 06:44:09,0,2,0.49534071543508534,0,724,2026-03-20 04:57:19,2026-03-21 15:23:05
0x2e7c487fc40b5f1d5a9af05a0bb6e62051eab66a,2026-03-21 06:44:13,0,2,0.46510516326473383,0,1026,2026-03-20 04:57:19,2026-03-21 15:23:05
0x4a8dc4677de6b5c7c1da5ba37205382f8a37f2fa,2026-03-21 07:40:55,0,2,0.5814669874954398,1,155,2026-03-20 04:57:19,2026-03-21 15:23:05
0x826a6c49ade7d8dc85f79171dbbcaf53f698cd11,2026-03-21 07:40:55,0,2,0.5267710926374563,1,425,2026-03-20 04:57:19,2026-03-21 15:23:05
0x2c97462f1b83d2369144ce5c8170ad505877c20b,2026-03-21 07:41:11,0,2,0.4764063043895584,0,938,2026-03-20 04:57:19,2026-03-21 15:23:05
0xae94949d4778af469e631a92383fd2eac615af2c,2026-03-21 07:41:11,1,2,0.6162683498186482,1,27,2026-03-20 04:57:19,2026-03-21 15:23:05
0x784129e8f9fb33ffdd202e8ad2ba1a9791257273,2026-03-21 07:43:11,0,2,0.5679379669001782,1,205,2026-03-20 04:57:19,2026-03-21 15:23:05
0x33a4ad7d8ae368ad9e77323bfbc8a2d4cd9091d3,2026-03-21 07:43:55,0,2,0.44633117348750156,0,1122,2026-03-20 04:57:19,2026-03-21 15:23:05
0xc78e1fee4250803f109e5afd0f116f14242ff98f,2026-03-21 07:43:55,0,2,0.498427236131145,0,686,2026-03-20 04:57:19,2026-03-21 15:23:05
0xdd36b87f3f6b4f5aca05837b68ba642132ad873b,2026-03-21 07:44:01,0,2,0.4956963722211406,0,718,2026-03-20 04:57:19,2026-03-21 15:23:05
0x3437575598868500d49037cb5127d733bb961649,2026-03-21 07:44:03,1,2,0.5266480415893984,1,428,2026-03-20 04:57:19,2026-03-21 15:23:05
0x68f4936a2947bcfcf6e2dd033b852d1beac95554,2026-03-21 07:44:29,1,2,0.5158868409545275,1,509,2026-03-20 04:57:19,2026-03-21 15:23:05
0xce4659045d723656b9b5281de531874f8fba99fe,2026-03-21 07:44:43,0,2,0.4666199483124725,0,1019,2026-03-20 04:57:19,2026-03-21 15:23:05
0xe474ecd1c141c21870e3a468ecbea99b47842cfd,2026-03-21 07:44:43,1,2,0.5560320519136801,1,248,2026-03-20 04:57:19,2026-03-21 15:23:05
0x8d7d83f9f24fddd25bd772bc22f2b00fe4d2e183,2026-03-21 07:45:01,0,2,0.4804737534664156,0,897,2026-03-20 04:57:19,2026-03-21 15:23:05
0xaf0506ca222238a1b534bff6be85678f0413b235,2026-03-21 07:45:01,1,2,0.5054568646848486,1,616,2026-03-20 04:57:19,2026-03-21 15:23:05
0xfde51ad2776a13e0fb5046508364ab813d6ce8ba,2026-03-21 07:45:01,0,2,0.5327437111355408,1,387,2026-03-20 04:57:19,2026-03-21 15:23:05
0x6f87414d52ce6be0f56bee8009e4fd97735c9120,2026-03-21 07:45:03,1,2,0.5306870184729721,1,404,2026-03-20 04:57:19,2026-03-21 15:23:05
0x8a224b1da318263bcd89c821a9b5f12609bb2929,2026-03-21 07:45:03,0,2,0.5554406672527585,1,253,2026-03-20 04:57:19,2026-03-21 15:23:05
0xd1b107bd85d37c969d7e38e6be718366159ec0d9,2026-03-21 07:45:03,0,2,0.5151602101569775,1,518,2026-03-20 04:57:19,2026-03-21 15:23:05
0x0b02ed95160c51d471559dff1655d2693fff7694,2026-03-21 07:45:19,0,2,0.47879867738139065,0,916,2026-03-20 04:57:19,2026-03-21 15:23:05
0x0d583b7e6ac6d26efb36fdae7b6f726928a13de7,2026-03-21 07:45:19,1,2,0.6165168374024765,1,14,2026-03-20 04:57:19,2026-03-21 15:23:05
0x71e3b2aae8a08d4e81f0cabb9f25eb1fe68e8c25,2026-03-21 07:45:19,0,2,0.6162632780107273,1,34,2026-03-20 04:57:19,2026-03-21 15:23:05
0x28c83f87a38efa6833511048509e5e46fae4aacc,2026-03-21 07:45:21,0,2,0.5081813697142937,1,586,2026-03-20 04:57:19,2026-03-21 15:23:05
0xaf17116ae2b1476032785a67bd5b7c8c05905c20,2026-03-21 07:45:21,0,2,0.4765082904444196,0,936,2026-03-20 04:57:19,2026-03-21 15:23:05
0x71528368bdff0a0b58493b71832c34c373c5faac,2026-03-21 07:45:23,0,2,0.46130250347094376,0,1051,2026-03-20 04:57:19,2026-03-21 15:23:05
0x548f499410878ada408b074eb0b790a3c4fe43b6,2026-03-21 07:45:33,0,2,0.590166285249049,1,129,2026-03-20 04:57:19,2026-03-21 15:23:05
0x87c27351f127d0aaf7b4abee4aa48dfd695873ab,2026-03-21 07:45:43,1,2,0.5859102563920882,1,142,2026-03-20 04:57:19,2026-03-21 15:23:05
0x57a8e5d81df013a009644899fdbc51f538d9d092,2026-03-21 07:46:03,0,2,0.5544390265423006,1,259,2026-03-20 04:57:19,2026-03-21 15:23:05
0x96d17ab4b9cc9017afeb75351c35a544656f5fdb,2026-03-21 07:46:51,0,2,0.5021267033283809,1,645,2026-03-20 04:57:19,2026-03-21 15:23:05
0xb11882565bbc43bbc43bea740bf8654f4165605c,2026-03-21 07:46:51,0,2,0.4952907544911809,0,727,2026-03-20 04:57:19,2026-03-21 15:23:05
0x63c2f92ca0c9efd3b6d8aabacb572c30ef251cdc,2026-03-21 07:46:53,0,2,0.48127973120518414,0,888,2026-03-20 04:57:19,2026-03-21 15:23:05
0x65b3c75de369a02a720af09f8ceabe10df0aed8b,2026-03-21 07:46:57,0,2,0.5247014084205667,1,441,2026-03-20 04:57:19,2026-03-21 15:23:05
0x22051c507402383e696b408d3971df2989698089,2026-03-21 07:47:09,0,2,0.40584029918472264,0,1241,2026-03-20 04:57:19,2026-03-21 15:23:05
0x9696400353b2f0b6becf4fbfdde86ffd680f0861,2026-03-21 07:47:25,0,2,0.5473578822711271,1,293,2026-03-20 04:57:19,2026-03-21 15:23:05
0xad23fd702f406c5a69aba9e1c96ff6e5798afe48,2026-03-21 08:46:07,1,2,0.36500590488666357,0,1272,2026-03-20 04:57:19,2026-03-21 15:23:05
0x046b82607a2ed71d848431c67d81ce2de1ab5ae4,2026-03-21 08:46:11,0,2,0.5512741987517578,1,273,2026-03-20 04:57:19,2026-03-21 15:23:05
0xb8d1dcd02e5e52d02fadccb725aa90ae913848a3,2026-03-21 08:46:53,0,2,0.48822394350381987,0,821,2026-03-20 04:57:19,2026-03-21 15:23:05
0xccb263819a3054550603b0daa8a7e593d26d49d7,2026-03-21 08:46:55,0,2,0.48019973441414043,0,900,2026-03-20 04:57:19,2026-03-21 15:23:05
0xb04a46908c7cd7e62acbbbf08ec6e395336bacfc,2026-03-21 08:47:07,0,2,0.3603871663569159,0,1275,2026-03-20 04:57:19,2026-03-21 15:23:05
0x4a8b0f76678fbad197c7bb862cb8d7cf655bad3f,2026-03-21 08:47:09,0,2,0.5433470782586111,1,319,2026-03-20 04:57:19,2026-03-21 15:23:05
0x633bafe623827c9c19eb8c05f2e6ff4e869d2809,2026-03-21 08:47:35,0,2,0.37309398975610203,0,1264,2026-03-20 04:57:19,2026-03-21 15:23:05
0xaf75bddb7c799ab651bf4cb2940ca246e9ef68c9,2026-03-21 08:48:43,1,2,0.5027816708094488,1,641,2026-03-20 04:57:19,2026-03-21 15:23:05
0xcf8f230ff4381b5ecc6ffc151a2f65404da5adfa,2026-03-21 08:48:49,0,2,0.47615586908031643,0,940,2026-03-20 04:57:19,2026-03-21 15:23:05
0x53f4f2d5fde9408dc9a9d706c1d64224273b00aa,2026-03-21 08:49:01,0,2,0.5334645930934585,1,378,2026-03-20 04:57:19,2026-03-21 15:23:05
0xd120853f36d4a0b27e9c472fe27f0a7a823bc05f,2026-03-21 08:49:21,0,2,0.5256968815700493,1,438,2026-03-20 04:57:19,2026-03-21 15:23:05
0xb90381025a17e83dcb645a42419ad8e4860df46e,2026-03-21 08:49:27,0,2,0.4703696755091081,0,986,2026-03-20 04:57:19,2026-03-21 15:23:05
0xebb3886e1041a83d444cf318c5e6d42e1e8a0866,2026-03-21 08:49:29,0,2,0.4973411411707162,0,699,2026-03-20 04:57:19,2026-03-21 15:23:05
0x3a45e0263ee669e29800d0ab92a6eb1030e12ccf,2026-03-21 08:50:13,0,2,0.5093753648174292,1,576,2026-03-20 04:57:19,2026-03-21 15:23:05
0x97b1e552772c6dc6b3a5bb6ae1b6b4750b451f26,2026-03-21 08:50:13,0,2,0.4395900531534268,0,1148,2026-03-20 04:57:19,2026-03-21 15:23:05
0x60f819814c4727f53ef538a79dc505c4bfbd98d5,2026-03-21 08:50:29,0,2,0.5493877394562623,1,282,2026-03-20 04:57:19,2026-03-21 15:23:05
0x7b6d466e96a959761bbeee3d6c9501d66dea2679,2026-03-21 08:50:29,0,2,0.6083420396998062,1,82,2026-03-20 04:57:19,2026-03-21 15:23:05
0xd30d0fe99693bae7893ee5659c9b2d0b8517fd5d,2026-03-21 08:50:29,0,2,0.49385823978022747,0,745,2026-03-20 04:57:19,2026-03-21 15:23:05
0xfc37f19b2f45d82ed817f646f7c93889ae50781d,2026-03-21 08:50:29,0,2,0.5321621687358198,1,392,2026-03-20 04:57:19,2026-03-21 15:23:05
0x5ba06760b16e39212505fb8cffcd7724647b160f,2026-03-21 08:51:15,0,2,0.4491834793916501,0,1114,2026-03-20 04:57:19,2026-03-21 15:23:05
0x2ff2aecc7a3c1e3e6d7ea7cc8c368786d73801b9,2026-03-21 08:52:05,0,2,0.5793062782948076,1,163,2026-03-20 04:57:19,2026-03-21 15:23:05
0x4685efa024fc248748e696b71cf34c503357a0a2,2026-03-21 08:52:05,0,2,0.5575195909445757,1,243,2026-03-20 04:57:19,2026-03-21 15:23:05
0x5566b7c96220f4f40146a17bb25bcab6c0d37c29,2026-03-21 08:52:15,0,2,0.6166761701076603,1,6,2026-03-20 04:57:19,2026-03-21 15:23:05
0xc5aca8897bc3e920fba29195b1278c7ae5662a18,2026-03-21 08:52:17,0,2,0.49558922256095783,0,721,2026-03-20 04:57:19,2026-03-21 15:23:05
0x8611527a75891f117c74d4a0843ec659f5b7d340,2026-03-21 09:51:09,0,2,0.5099696521436416,1,569,2026-03-20 04:57:19,2026-03-21 15:23:05
0xca531a7f957c0264307c10a36d1697dc7ab7195f,2026-03-21 09:51:09,0,2,0.4205287632137491,0,1206,2026-03-20 04:57:19,2026-03-21 15:23:05
0x08e00a34d3d957c278ff022acb88b34d5003bfdf,2026-03-21 09:52:21,0,2,0.4651811884980715,0,1025,2026-03-20 04:57:19,2026-03-21 15:23:05
0x42b6e5af7949d76547e3965ba3a8706fb034fbcd,2026-03-21 09:52:21,0,2,0.5452948260945856,1,311,2026-03-20 04:57:19,2026-03-21 15:23:05
0x6f6aea5df8a9d50538e784efb196cc55dfbc9888,2026-03-21 09:52:23,1,2,0.5571974384795035,1,244,2026-03-20 04:57:19,2026-03-21 15:23:05
0x03de51d4975e8f8da4e80d42f7bbe84bf419f987,2026-03-21 09:52:27,1,2,0.5227946764359438,1,457,2026-03-20 04:57:19,2026-03-21 15:23:05
0x1e1f6f72076ae2e64a163aa94091f174ee8eb832,2026-03-21 09:52:27,1,2,0.5107119900638714,1,561,2026-03-20 04:57:19,2026-03-21 15:23:05
0x9b24c1e422a81b45288a665d1c18cab6cb56ab1b,2026-03-21 09:52:29,0,2,0.6147094612562115,1,56,2026-03-20 04:57:19,2026-03-21 15:23:05
0x213ed3f3403a5270281d8eb65f9110c801f5a4c5,2026-03-21 09:53:45,0,2,0.5262238630579857,1,435,2026-03-20 04:57:19,2026-03-21 15:23:05
0x1776e9fad47a0778b931afce750bda900dd45e44,2026-03-21 09:53:55,0,2,0.4606406658972623,0,1055,2026-03-20 04:57:19,2026-03-21 15:23:05
0xa4babbe6b98c642de40ea990df7ccf33296ec5d8,2026-03-21 09:53:55,0,2,0.5807410540747978,1,161,2026-03-20 04:57:19,2026-03-21 15:23:05
0xd570e7a6bb05c03cc86be54dc2f247f9693594c6,2026-03-21 09:54:19,0,2,0.442745841002884,0,1135,2026-03-20 04:57:19,2026-03-21 15:23:05
0x365aad5c11ffe5c3675a6e75b07bfa9a765e2fd8,2026-03-21 09:54:49,0,2,0.4909765505118249,0,786,2026-03-20 04:57:19,2026-03-21 15:23:05
0x901bd4c78eec2c0e78e058fda39e03f33a7759ef,2026-03-21 09:54:49,0,2,0.4232277777106164,0,1196,2026-03-20 04:57:19,2026-03-21 15:23:05
0x92b983db6fcb43925af1575b3a8524ad60a2eb9d,2026-03-21 09:55:09,0,2,0.5507899584292324,1,276,2026-03-20 04:57:19,2026-03-21 15:23:05
0x35890fdd277578ecd9d51ddb088d764101bd35c0,2026-03-21 09:55:11,0,2,0.4899431432992797,0,802,2026-03-20 04:57:19,2026-03-21 15:23:05
0x4fbc39976cdaafc8c2605a452d5fc0d346bc186d,2026-03-21 09:55:41,0,2,0.46236793002847515,0,1046,2026-03-20 04:57:19,2026-03-21 15:23:05
0xa175a270522bcb2580867df69c5509b4b7ffd3a0,2026-03-21 09:55:45,1,2,0.5359541891864762,1,357,2026-03-20 04:57:19,2026-03-21 15:23:05
0xe5d950b608e3c18bcc5671af8561cca8a4c02023,2026-03-21 09:55:51,1,2,0.4933892707533959,0,753,2026-03-20 04:57:19,2026-03-21 15:23:05
0x76c84bf183a945c2b8f9cd3e211db6f4c97db7e3,2026-03-21 09:55:57,0,2,0.5308047122494367,1,401,2026-03-20 04:57:19,2026-03-21 15:23:05
0xe49b2c1ca08c4aef70c061ef9cfcabbcea638973,2026-03-21 09:56:05,1,2,0.5277172476050296,1,420,2026-03-20 04:57:19,2026-03-21 15:23:05
0x3e7a9ed12b64bc983b0e66af17bca10914c11827,2026-03-21 09:57:13,0,2,0.4754966500017581,0,949,2026-03-20 04:57:19,2026-03-21 15:23:05
0xb06069838d9442d857593bdebeb454dc0e629572,2026-03-21 09:57:15,0,2,0.4994935208858235,0,672,2026-03-20 04:57:19,2026-03-21 15:23:05
0x127d6cb293f46d672ea55e5adde441185ccffdfd,2026-03-21 10:56:17,0,2,0.5210060115574782,1,472,2026-03-20 04:57:19,2026-03-21 15:23:05
0x97e42826aea6f5e314f15a732636a7d3bab29352,2026-03-21 10:56:17,0,2,0.40362844024652267,0,1242,2026-03-20 04:57:19,2026-03-21 15:23:05
0x3ef7538fdcbe4f9fb8d96aa58987b9f8c12caeb3,2026-03-21 10:57:29,0,2,0.5679411693248377,1,204,2026-03-20 04:57:19,2026-03-21 15:23:05
0x07400eb312687fa85e3b24d9489778603fd9b7bf,2026-03-21 10:57:31,0,2,0.6129248693537234,1,67,2026-03-20 04:57:19,2026-03-21 15:23:05
0x9da40358b3b3a708a7a48994400f65ff631ad49b,2026-03-21 10:58:11,1,2,0.46730386297493404,0,1014,2026-03-20 04:57:19,2026-03-21 15:23:05
0xf5ec702b8ff2ce3cc4e0335909c670551f4b88f3,2026-03-21 10:58:15,0,2,0.40350910840059756,0,1244,2026-03-20 04:57:19,2026-03-21 15:23:05
0x1573429e95051e9a2f60db58195467d1a7c0e789,2026-03-21 10:59:15,0,2,0.4717539322663479,0,970,2026-03-20 04:57:19,2026-03-21 15:23:05
0x31254946a5685778a9971305bf828fe77fdc8030,2026-03-21 10:59:27,0,2,0.5814787972808706,1,154,2026-03-20 04:57:19,2026-03-21 15:23:05
0x3a5164ade2d7938fe00b346fb5135ebd1a08b2b6,2026-03-21 10:59:27,1,2,0.4999762316050106,0,664,2026-03-20 04:57:19,2026-03-21 15:23:05
0x4c3f116d9ebd116cfd7d5f4a777018243f76c9a9,2026-03-21 10:59:27,0,2,0.44810654014960377,0,1117,2026-03-20 04:57:19,2026-03-21 15:23:05
0x91d19efd30ef487809ac4b166837e5a8aee32f2e,2026-03-21 11:00:11,0,2,0.45368284871279135,0,1092,2026-03-20 04:57:19,2026-03-21 15:23:05
0x8202d0d1248586f853a6eebf23d3f3243ffb80b8,2026-03-21 11:00:37,1,2,0.4647704872555121,0,1029,2026-03-20 04:57:19,2026-03-21 15:23:05
0x7412e172cc02936c04dba94a0dfbfea75e48ee8b,2026-03-21 11:00:43,0,2,0.4629589271630349,0,1044,2026-03-20 04:57:19,2026-03-21 15:23:05
0xd86d8c1e6e1c07f465a6911cc273622103fe2fe4,2026-03-21 11:00:43,0,2,0.5506050478427593,1,279,2026-03-20 04:57:19,2026-03-21 15:23:05
0x54542e00e313eb9a6e5303a46f0224311412cead,2026-03-21 11:00:45,0,2,0.5354304194417642,1,362,2026-03-20 04:57:19,2026-03-21 15:23:05
0xc1615d546528db22d9fa9479a130e6395570bd88,2026-03-21 11:00:45,0,2,0.4988540792530314,0,678,2026-03-20 04:57:19,2026-03-21 15:23:05
0xa6b6ae26fd1fde06f43c621d7526c131247f2987,2026-03-21 11:00:49,0,2,0.5335909222794861,1,377,2026-03-20 04:57:19,2026-03-21 15:23:05
0x46f18b28955867210e6f2ce0ac18fec4a4427f35,2026-03-21 11:00:53,0,2,0.4788905298402053,0,912,2026-03-20 04:57:19,2026-03-21 15:23:05
0x6326c0dd0098a6377a1aca9bff8023ea5ce5773d,2026-03-21 11:00:53,0,2,0.6214663907209445,1,2,2026-03-20 04:57:19,2026-03-21 15:23:05
0xb6fed20afe3cdeb9c4a963ad2eee3c5d499ce514,2026-03-21 11:00:57,1,2,0.4723766378849686,0,968,2026-03-20 04:57:19,2026-03-21 15:23:05
0xcf218bd7e617f419fb448205dab526149f3a4e69,2026-03-21 11:00:57,0,2,0.5036588914346835,1,633,2026-03-20 04:57:19,2026-03-21 15:23:05
0xce019bf20f0ba8f8bf85cad004701bfa0516303a,2026-03-21 11:01:11,1,2,0.5670905372224644,1,208,2026-03-20 04:57:19,2026-03-21 15:23:05
0x02bb9dbd193d8741b1a9fc0ffb4ef41a6fcf2f0f,2026-03-21 11:01:13,1,2,0.5236942799275329,1,451,2026-03-20 04:57:19,2026-03-21 15:23:05
0xf20e1ac9c21c943c88bb49f8ead5751297848220,2026-03-21 11:01:13,0,2,0.5277120076067514,1,421,2026-03-20 04:57:19,2026-03-21 15:23:05
0x0de60ad236d99277ff92b5b21585332f86942393,2026-03-21 11:01:29,1,2,0.6137242269209439,1,66,2026-03-20 04:57:19,2026-03-21 15:23:05
0xd8345f47d3b78a65636ef56e444c7a4c9c4be011,2026-03-21 11:01:37,0,2,0.5282094946997152,1,417,2026-03-20 04:57:19,2026-03-21 15:23:05
0x50c575e47540e104b4355f314fb066a37fcb0f4a,2026-03-21 11:02:23,0,2,0.5462040502292713,1,302,2026-03-20 04:57:19,2026-03-21 15:23:05
0x343f6ddd86986692ccb1fe00230e13cf80f8bb4d,2026-03-21 11:03:11,0,2,0.5160139440428465,1,508,2026-03-20 04:57:19,2026-03-21 15:23:05
0x62e128f31c3e5a64a1829a272066edc54fd14e25,2026-03-21 11:03:15,0,2,0.5011304663147753,1,650,2026-03-20 04:57:19,2026-03-21 15:23:05
0x80f4dad72d2cbacb7265e50509a34a157142e52f,2026-03-21 11:03:17,1,2,0.49982621896478474,0,667,2026-03-20 04:57:19,2026-03-21 15:23:05
0xb5385ff62e596ababd68d87370fd5e7dde277a1e,2026-03-21 12:03:51,0,2,0.6147569433245842,1,54,2026-03-20 04:57:19,2026-03-21 15:23:05
0xbdf0d7826e74214345b82364e117b66d5abd1139,2026-03-21 12:04:57,0,2,0.4816961057077307,0,884,2026-03-20 04:57:19,2026-03-21 15:23:05
0xf497d41b3f03dfcab1098fda6f405fad6d9e5ce0,2026-03-21 12:04:57,0,2,0.5370349107475105,1,351,2026-03-20 04:57:19,2026-03-21 15:23:05
0x93c8b50f9057d20da9aab2d9b241eaeb08e7adff,2026-03-21 12:04:59,1,2,0.4219543905255201,0,1202,2026-03-20 04:57:19,2026-03-21 15:23:05
0x72a5bcbc8a2ce1d0b11c90ac41a1361478e45a08,2026-03-21 12:05:01,0,2,0.5865270863085158,1,137,2026-03-20 04:57:19,2026-03-21 15:23:05
0x53cf6d87530746e1edf67c5de42dd2e9dfb40479,2026-03-21 12:05:27,0,2,0.5523138376506936,1,271,2026-03-20 04:57:19,2026-03-21 15:23:05
0x59cc7ea3aa0cb363f18cbdf6595ba770dfa2b1ba,2026-03-21 12:05:27,1,2,0.6162141298677053,1,37,2026-03-20 04:57:19,2026-03-21 15:23:05
0x80d1a4168b4a783a9214ff6302eef7835ca988bf,2026-03-21 12:06:11,0,2,0.5727105149149706,1,187,2026-03-20 04:57:19,2026-03-21 15:23:05
0xd73b3571416adde8611f39249b2b87c82be68319,2026-03-21 12:06:11,0,2,0.6155529758084597,1,47,2026-03-20 04:57:19,2026-03-21 15:23:05
0x8e07ecde925f1306c832a135366c765a2c400eb6,2026-03-21 12:06:13,1,2,0.5171689609156885,1,496,2026-03-20 04:57:19,2026-03-21 15:23:05
0x9cf76ff4b0435ee1031e68d211eb704e65dce5a5,2026-03-21 12:06:25,0,2,0.4808336115174872,0,893,2026-03-20 04:57:19,2026-03-21 15:23:05
0x017b909c7a71a41f5371b39f95a20ac0cee477f7,2026-03-21 12:06:27,0,2,0.4266135480057805,0,1185,2026-03-20 04:57:19,2026-03-21 15:23:05
0x22ce62625ba6a14ea7ab72acd9322e66ed978402,2026-03-21 12:07:17,0,2,0.5447795200175012,1,313,2026-03-20 04:57:19,2026-03-21 15:23:05
0xd3e473377530c3d51d3bed95d29d342354ea5e6a,2026-03-21 12:07:17,1,2,0.4274796718268521,0,1180,2026-03-20 04:57:19,2026-03-21 15:23:05
0x8783bb044976ff3d11654ffa27cbcc0e921c8d5f,2026-03-21 12:07:19,0,2,0.47335289060025393,0,962,2026-03-20 04:57:19,2026-03-21 15:23:05
0xd99b9a2dca1c99fc80e43dcb00ecf53d1ded295e,2026-03-21 12:07:19,1,2,0.5238015898040562,1,450,2026-03-20 04:57:19,2026-03-21 15:23:05
0xa2e90bd465de6132bf5ec49d9f30519df7bca86e,2026-03-21 12:07:23,1,2,0.3330494015122866,0,1287,2026-03-20 04:57:19,2026-03-21 15:23:05
0x3f078afe4bd2e549a9f0167a56a000a2ff5bd1a5,2026-03-21 12:07:25,0,2,0.542096836359403,1,323,2026-03-20 04:57:19,2026-03-21 15:23:05
0x7feacc32d90c4f8b6d7c3bc84bd60e806b7a5424,2026-03-21 12:07:29,0,2,0.5384341603674745,1,340,2026-03-20 04:57:19,2026-03-21 15:23:05
0x1709d4146a6f655dd9714e8aa2ed027cbf79b458,2026-03-21 12:07:35,1,2,0.6157559697533287,1,46,2026-03-20 04:57:19,2026-03-21 15:23:05
0x4ec687de2eb4605cbb27c32055398fc97464e52c,2026-03-21 12:07:35,1,2,0.6013340263851233,1,103,2026-03-20 04:57:19,2026-03-21 15:23:05
0xaf3a0bbece3382840d7cfc3e65b27dc59734e6a7,2026-03-21 12:07:35,0,2,0.5833403324808604,1,148,2026-03-20 04:57:19,2026-03-21 15:23:05
0x671b2a8b682a88f9d2c05076f51534486aa29a07,2026-03-21 12:07:59,0,2,0.4543581806535422,0,1087,2026-03-20 04:57:19,2026-03-21 15:23:05
0x10ba3d8798088c3a31d7b1e35c247034f595c3f6,2026-03-21 12:08:27,0,2,0.49242112325108534,0,770,2026-03-20 04:57:19,2026-03-21 15:23:05
0x28b397ff9c7b42611bed6845854fb1d7797d7af3,2026-03-21 12:08:29,0,2,0.6127150057267116,1,68,2026-03-20 04:57:19,2026-03-21 15:23:05
0x4b3a270d8ed929138645070342fde5332b7ce4f4,2026-03-21 12:09:27,1,2,0.5234065619540215,1,452,2026-03-20 04:57:19,2026-03-21 15:23:05
0xf69c34d8dcb19d853861a2271a96215aeb5844db,2026-03-21 12:09:43,1,2,0.49457670456134906,0,736,2026-03-20 04:57:19,2026-03-21 15:23:05
0x5ce00ae37364378c6f9da952243e019911810718,2026-03-21 12:09:49,0,2,0.5417804267548054,1,325,2026-03-20 04:57:19,2026-03-21 15:23:05
0x861092336f038dfee967d237bf2e3b201080ff4e,2026-03-21 12:09:49,0,2,0.5158580169028951,1,510,2026-03-20 04:57:19,2026-03-21 15:23:05
0xb345e5a823ec9f1583f49f84942ac95efc77557a,2026-03-21 12:09:49,0,2,0.6162855937763743,1,23,2026-03-20 04:57:19,2026-03-21 15:23:05
0xbeaf4030c145390b0e2e0857ffd1264307474f3b,2026-03-21 12:09:49,0,2,0.5829932218980652,1,151,2026-03-20 04:57:19,2026-03-21 15:23:05
0xead498beab3ebd624b060996853aa5bf0c413597,2026-03-21 12:09:49,0,2,0.4189864147607104,0,1211,2026-03-20 04:57:19,2026-03-21 15:23:05
0xfa560738cf617e6d3377ed746b2d88c0ef3b4c0c,2026-03-21 12:09:49,0,2,0.4504334093633246,0,1108,2026-03-20 04:57:19,2026-03-21 15:23:05
0x7c1290038874a52578dec84796044b70338293a7,2026-03-21 13:08:35,0,2,0.538994825225177,1,338,2026-03-20 04:57:19,2026-03-21 15:23:05
0xa56eef0bf5171c747173b1d7ddd58f24bd761a13,2026-03-21 13:08:35,1,2,0.490592154155332,0,791,2026-03-20 04:57:19,2026-03-21 15:23:05
0x36c2318e72cb80d60a8eb6474ea134b03e8a2b8c,2026-03-21 13:09:09,0,2,0.49087956624318885,0,787,2026-03-20 04:57:19,2026-03-21 15:23:05
0x0198413774390fab4d6768a57e79529a4209133b,2026-03-21 13:10:43,0,2,0.4760555661692343,0,942,2026-03-20 04:57:19,2026-03-21 15:23:05
0x6236e4d72d72296b46c0535628f7ff8fa7be1df8,2026-03-21 13:10:43,1,2,0.46470135587198075,0,1031,2026-03-20 04:57:19,2026-03-21 15:23:05
0xd3b034d7bfb2473fb252d0414646d9786bac329e,2026-03-21 13:10:43,1,2,0.19959133133372747,0,1318,2026-03-20 04:57:19,2026-03-21 15:23:05
0xdbf1f1f7e09449db2aab1a5fb5f7d5cc0a2ff658,2026-03-21 13:10:43,0,2,0.48645352507601913,0,837,2026-03-20 04:57:19,2026-03-21 15:23:05
0x9addd6170ccd4d0eefb2a5a09a2dfb193f18d1d5,2026-03-21 13:11:09,1,2,0.28232672584204677,0,1298,2026-03-20 04:57:19,2026-03-21 15:23:05
0x1a27b5eaacb7e1d0cf00ddcbd81bdb59199ea12c,2026-03-21 13:11:11,0,2,0.4519743654268044,0,1102,2026-03-20 04:57:19,2026-03-21 15:23:05
0xc11435eb66e5904b8d0a964f7c1c669ccb07a2f9,2026-03-21 13:11:31,0,2,0.3610243397771755,0,1274,2026-03-20 04:57:19,2026-03-21 15:23:05
0x65e1ad117dc367519decd7b28bd0797bf7042ce2,2026-03-21 13:11:35,0,2,0.46905132590939036,0,996,2026-03-20 04:57:19,2026-03-21 15:23:05
0x2e8aa4435332f0b128deb4636cd6df985df46a3c,2026-03-21 13:11:37,0,2,0.568173153023206,1,202,2026-03-20 04:57:19,2026-03-21 15:23:05
0xa9bfd5c762eabfbe10491c875d14b3e88c9942ae,2026-03-21 13:11:39,0,2,0.2247089881804083,0,1311,2026-03-20 04:57:19,2026-03-21 15:23:05
0xe6d7c394c821e31127a7cf760078ca84ac48526d,2026-03-21 13:11:39,0,2,0.4684277636347245,0,1006,2026-03-20 04:57:19,2026-03-21 15:23:05
0x2298f6032dd9422f890f441e78bc042f2cafac49,2026-03-21 13:11:49,0,2,0.5749480094526198,1,182,2026-03-20 04:57:19,2026-03-21 15:23:05
0x17f0b79bae4c986b854f6be30f1fca8c484dea12,2026-03-21 13:11:51,0,2,0.5808389231052505,1,159,2026-03-20 04:57:19,2026-03-21 15:23:05
0xc50f627bf0977096b7357f49e5b5c2498a2f3ad3,2026-03-21 13:11:53,0,2,0.4603663572193929,0,1056,2026-03-20 04:57:19,2026-03-21 15:23:05
0x72d804eac7f4530a9f443b2782e9bbbcfd7f7fbb,2026-03-21 13:11:57,0,2,0.47587803615181,0,944,2026-03-20 04:57:19,2026-03-21 15:23:05
0xc495b652fac39f45609b289c114fa8fdf2b6285f,2026-03-21 13:11:57,0,2,0.4924246735153672,0,769,2026-03-20 04:57:19,2026-03-21 15:23:05
0x7ed5be22d755353924dc513bcb02d8399e238165,2026-03-21 13:11:59,1,2,0.509459176282663,1,574,2026-03-20 04:57:19,2026-03-21 15:23:05
0xfa7132e63e4f3d1ff82584a636e7c33edd71d510,2026-03-21 13:12:35,1,2,0.5538708157347811,1,262,2026-03-20 04:57:19,2026-03-21 15:23:05
0x3bea4b8ea78a225bd496697785ffbf6f284caf90,2026-03-21 13:12:43,0,2,0.3033391603290079,0,1293,2026-03-20 04:57:19,2026-03-21 15:23:05
0xd68d732abf4eaf439b6ff7ed7bb661a95d8434d6,2026-03-21 13:12:45,1,2,0.5042528497750249,1,630,2026-03-20 04:57:19,2026-03-21 15:23:05
0xdb610dbfe3ccc414f9448a35e756eba29241eddc,2026-03-21 13:13:43,0,2,0.4849582828325265,0,858,2026-03-20 04:57:19,2026-03-21 15:23:05
0xa48185af90eb05f6df3d0311f6eccda478f74e81,2026-03-21 13:13:45,0,2,0.45091806995003963,0,1107,2026-03-20 04:57:19,2026-03-21 15:23:05
0xcfe235e6e0268ef1fd47e5b013fd069a8cfdf2b0,2026-03-21 13:13:47,0,2,0.48556720770697065,0,850,2026-03-20 04:57:19,2026-03-21 15:23:05
0xd204036779bc21fdda62c4b70e8e955c7e083e12,2026-03-21 13:13:47,0,2,0.47359993941475875,0,959,2026-03-20 04:57:19,2026-03-21 15:23:05
0x33e5945c1f0843c3068d8418ba90c2accd081c91,2026-03-21 13:13:57,0,2,0.4435290820491357,0,1133,2026-03-20 04:57:19,2026-03-21 15:23:05
0x6b09bc94d5742e2e76bc8e49605f101264692c43,2026-03-21 13:13:57,0,2,0.5262287426038402,1,434,2026-03-20 04:57:19,2026-03-21 15:23:05
0x8efb98e08414c52a854e7a47471e7521057fc73e,2026-03-21 13:13:57,0,2,0.5810166233674409,1,157,2026-03-20 04:57:19,2026-03-21 15:23:05
0x13997bdbf1b291b7ba65afaf1f0d8e4719ee48c8,2026-03-21 13:14:17,0,2,0.5932192452538162,1,121,2026-03-20 04:57:19,2026-03-21 15:23:05
0xab32ae160a5db230de76046d679909e0cd0b1ddc,2026-03-21 13:14:17,0,2,0.48076571567365733,0,895,2026-03-20 04:57:19,2026-03-21 15:23:05
0xd51eeb5f9ccb5ad52903c807827dfeb1a387ac0c,2026-03-21 13:14:17,0,2,0.44488199417309593,0,1128,2026-03-20 04:57:19,2026-03-21 15:23:05
0x4705408c791455edffc66782d4cea30c17afd03e,2026-03-21 13:15:29,1,2,0.48283620388739534,0,875,2026-03-20 04:57:19,2026-03-21 15:23:05
0x2f305a8f18bb9bc2613b37ab77a4b0e171b24800,2026-03-21 13:15:49,1,2,0.5582958826015647,1,239,2026-03-20 04:57:19,2026-03-21 15:23:05
0x7509b46054625b8189f1a6fdc399ffefc584b7c8,2026-03-21 13:15:55,0,2,0.4798268171544378,0,904,2026-03-20 04:57:19,2026-03-21 15:23:05
0xe647774fa6299a7f59438ce8ee37f01752e7c9aa,2026-03-21 13:15:59,0,2,0.4835278167250747,0,870,2026-03-20 04:57:19,2026-03-21 15:23:05
0x1f65c5ab5c79fc35a2b4ad1d7e6673dce9a138bf,2026-03-21 13:17:53,0,2,0.4544168910810814,0,1086,2026-03-20 04:57:19,2026-03-21 15:23:05
0x0bfc2f4409b43b2a684763b30ff662634ebc41a9,2026-03-21 14:16:09,0,2,0.5063298679391709,1,609,2026-03-20 04:57:19,2026-03-21 15:23:05
0x249777def31dea44654d8c68358593eaba30a8f7,2026-03-21 14:16:11,0,2,0.5291150200565444,1,413,2026-03-20 04:57:19,2026-03-21 15:23:05
0x3c9f5530be21210e977efa87fa5d40ee6398069f,2026-03-21 14:16:11,0,2,0.2621604337210848,0,1303,2026-03-20 04:57:19,2026-03-21 15:23:05
0x033d71eb2ea7fcef47a7b2d3b0dcab2cb546fd1e,2026-03-21 14:16:51,1,2,0.42057895326634287,0,1205,2026-03-20 04:57:19,2026-03-21 15:23:05
0xac7d0419796d40caac17a1d60225e6cc3c8ce8a7,2026-03-21 14:16:51,0,2,0.5644876975135338,1,223,2026-03-20 04:57:19,2026-03-21 15:23:05
0xd96aa9293c34e244734f8b22bbcfde0ae9eed8ce,2026-03-21 14:16:51,0,2,0.49932248565355186,0,673,2026-03-20 04:57:19,2026-03-21 15:23:05
0x3c84509a22478c4ca17f3fd24e083da9a273dc58,2026-03-21 14:16:53,0,2,0.4408013420868824,0,1141,2026-03-20 04:57:19,2026-03-21 15:23:05
0x623f199d1bc572a3ddde62b426bc3c023da35ca8,2026-03-21 14:16:53,0,2,0.5232282568944147,1,454,2026-03-20 04:57:19,2026-03-21 15:23:05
0xb61641037b82b7573432055c21fbafafcb87b9a1,2026-03-21 14:16:53,1,2,0.4691694815827871,0,995,2026-03-20 04:57:19,2026-03-21 15:23:05
0x5c64c5b9f5ca9f8ceb4da49c07e50d7b8606a764,2026-03-21 14:17:05,0,2,0.480775395677236,0,894,2026-03-20 04:57:19,2026-03-21 15:23:05
0x6d1f2982b71f92879a4747899d7de6227b53890d,2026-03-21 14:17:05,0,2,0.4750302238726953,0,951,2026-03-20 04:57:19,2026-03-21 15:23:05
0xc3482d9c4acc81213677da6e7a14847c6e500b7e,2026-03-21 14:17:05,1,2,0.598213936603292,1,110,2026-03-20 04:57:19,2026-03-21 15:23:05
0x1e1032665137c44d95163ae35afac6e2d339973c,2026-03-21 14:17:07,0,2,0.5669660877659315,1,209,2026-03-20 04:57:19,2026-03-21 15:23:05
0x86d021495fbfb33cdb4761100f4d0d184174904e,2026-03-21 14:17:07,0,2,0.4376596672372499,0,1156,2026-03-20 04:57:19,2026-03-21 15:23:05
0x923f92b0cd58135e17fc4f79ef5863c741c3c431,2026-03-21 14:17:09,0,2,0.4991773665904742,0,675,2026-03-20 04:57:19,2026-03-21 15:23:05
0xb594e1dc42f61b1019fe0f5b7d76d5543aea194a,2026-03-21 14:17:09,1,2,0.584885929031316,1,143,2026-03-20 04:57:19,2026-03-21 15:23:05
0xbb955dc7556db8200d7a8cd221e4a600f7eb7e94,2026-03-21 14:17:09,0,2,0.4472577482200061,0,1119,2026-03-20 04:57:19,2026-03-21 15:23:05
0x209751b0671875351c89ec9a4239e19f76138b03,2026-03-21 14:17:57,0,2,0.4194716442364697,0,1210,2026-03-20 04:57:19,2026-03-21 15:23:05
0x40fd04ada25e7506e448b8b8defedbc3a9e47765,2026-03-21 14:17:57,0,2,0.6065925297803165,1,85,2026-03-20 04:57:19,2026-03-21 15:23:05
0x20d000b94e37fa771cb7b4974cb2ecd00e8ebba0,2026-03-21 14:18:03,0,2,0.45916095971366594,0,1060,2026-03-20 04:57:19,2026-03-21 15:23:05
0xaee811b7c7e5d961b545ac0e3f62f5f1cb181154,2026-03-21 14:18:03,1,2,0.5333418385756273,1,381,2026-03-20 04:57:19,2026-03-21 15:23:05
0x6c785950af840594ddd357caeaf385fb7590f71b,2026-03-21 14:18:05,0,2,0.47461835684830467,0,954,2026-03-20 04:57:19,2026-03-21 15:23:05
0x0b4da7e215a7ba7d1887b7ae6140866cc69de644,2026-03-21 14:18:07,0,2,0.5148849045557697,1,523,2026-03-20 04:57:19,2026-03-21 15:23:05
0xfec24771266650ce8e5611ed57a1a6e58b711b87,2026-03-21 14:18:07,0,2,0.5003654593619125,1,657,2026-03-20 04:57:19,2026-03-21 15:23:05
0xb60baee6cd3a36c544a85ef426edbd1b61a3fb2c,2026-03-21 14:18:41,1,2,0.5525390570886506,1,268,2026-03-20 04:57:19,2026-03-21 15:23:05
0x9e455413b57a792dfd92032f9a7a9fb282803662,2026-03-21 14:18:49,0,2,0.6127068634110661,1,69,2026-03-20 04:57:19,2026-03-21 15:23:05
0x98dc77d25a1dfc40e68d4dc911715c672d0ee3f0,2026-03-21 14:19:31,1,2,0.5052472011676135,1,619,2026-03-20 04:57:19,2026-03-21 15:23:05
0xd5beaefade3d43c861d9031387c265cd709e0e42,2026-03-21 14:19:31,0,2,0.5469936104673273,1,295,2026-03-20 04:57:19,2026-03-21 15:23:05
0xf2bae8ab5f1010364ab47ac4909a320fb2cb4028,2026-03-21 14:19:33,0,2,0.5468495276078367,1,296,2026-03-20 04:57:19,2026-03-21 15:23:05
0xad7443e52f131365a4a730f0851212cb5fc8a7bd,2026-03-21 14:20:01,0,2,0.42253668743134803,0,1197,2026-03-20 04:57:19,2026-03-21 15:23:05
0x20e5f4cc92e9e22be4a9c2309a30ccefe98bf680,2026-03-21 14:20:03,0,2,0.5493228068949846,1,283,2026-03-20 04:57:19,2026-03-21 15:23:05
0xb6a70c1f2576f08a791faaef37baad517397fa24,2026-03-21 14:20:03,0,2,0.49312389714391536,0,758,2026-03-20 04:57:19,2026-03-21 15:23:05
0xc987b18c569a2475e094a38ec909f0911fddf318,2026-03-21 14:20:03,0,2,0.4811008982150859,0,890,2026-03-20 04:57:19,2026-03-21 15:23:05
0x59e2862c0e809617bde3c5a2dedd2d1b10804b66,2026-03-21 14:20:05,0,2,0.5240281408303986,1,449,2026-03-20 04:57:19,2026-03-21 15:23:05
0x63bf8b3dca4d0399f06cc28ec92412e391bc331c,2026-03-21 14:20:05,0,2,0.5092415150992038,1,580,2026-03-20 04:57:19,2026-03-21 15:23:05
0xa5ddcc243fb50a45d5a234972564f3fb0fd052b3,2026-03-21 14:20:07,0,2,0.49295431037457765,0,761,2026-03-20 04:57:19,2026-03-21 15:23:05
0x15ac9d4fb9c30fca4fec2fdecde3fdace721f3ba,2026-03-21 14:20:11,0,2,0.4130649627805182,0,1228,2026-03-20 04:57:19,2026-03-21 15:23:05
0x65d4a2ebbfcb23ed3fad1244f16129c215a69782,2026-03-21 14:20:11,0,2,0.4821137031884973,0,881,2026-03-20 04:57:19,2026-03-21 15:23:05
0x7a3fb8c5ad2af4c621b2138d9579410343976712,2026-03-21 14:20:11,0,2,0.5210396197976452,1,470,2026-03-20 04:57:19,2026-03-21 15:23:05
0xd7f14b0840196c13984a0dec02781891ba391827,2026-03-21 14:20:11,0,2,0.5423410991308234,1,322,2026-03-20 04:57:19,2026-03-21 15:23:05
0xab9fd3d22809132d0bcdc8cd7413a32ac35175f1,2026-03-21 14:20:13,0,2,0.528060517236372,1,418,2026-03-20 04:57:19,2026-03-21 15:23:05
0x30f0323eddb0d80cf353aa6a4b9e36eb4d51f751,2026-03-21 14:20:31,0,2,0.5352129825893305,1,365,2026-03-20 04:57:19,2026-03-21 15:23:05
0xd0551fc6236560d9e1628ed48c169091406b28d0,2026-03-21 14:20:31,0,2,0.4640094561769097,0,1038,2026-03-20 04:57:19,2026-03-21 15:23:05
0xe0a2fd8596de52f566ac1460d610f0c7f5fb40d5,2026-03-21 14:20:31,1,2,0.2756101553963495,0,1300,2026-03-20 04:57:19,2026-03-21 15:23:05
0xc633af1b95a54eeef6e9efae06478eb2cab7b4e7,2026-03-21 14:21:59,1,2,0.5147837322961415,1,526,2026-03-20 04:57:19,2026-03-21 15:23:05
0x4c67449f2814c66dcafac9d4f42381f88549675a,2026-03-21 14:22:11,0,2,0.49053076937244144,0,793,2026-03-20 04:57:19,2026-03-21 15:23:05
0x5e33592b82d997e69df4579e4a3f332ea6538732,2026-03-21 14:22:11,0,2,0.5457554396686912,1,307,2026-03-20 04:57:19,2026-03-21 15:23:05
0x7e192f08a2e775326fbe6c49313725ea72637562,2026-03-21 14:22:11,1,2,0.4902445592802052,0,800,2026-03-20 04:57:19,2026-03-21 15:23:05
0xf9547fe0a27cbaddfcef282c0b37f410cbad11be,2026-03-21 14:22:11,0,2,0.4540210993902594,0,1089,2026-03-20 04:57:19,2026-03-21 15:23:05
0xbc6ea0ae3e5e443eb11a69c8b8979c61440c1f94,2026-03-21 14:23:07,0,2,0.5112108519773065,1,557,2026-03-20 04:57:19,2026-03-21 15:23:05
0x76704831e37ede65a9a50adaf0450cc25213ea85,2026-03-21 15:19:53,0,2,0.4879313349405893,0,825,2026-03-20 04:57:19,2026-03-21 15:23:05
0xdfb962b17c75a30e423f2fb22b7b3866aefd70f8,2026-03-21 15:19:53,0,2,0.4987520363324693,0,681,2026-03-20 04:57:19,2026-03-21 15:23:05
0x17338df30635b5dd167ebf78428775c6c7ac1e15,2026-03-21 15:20:07,0,2,0.58593380037257,1,141,2026-03-20 04:57:19,2026-03-21 15:23:05
0x4e8d5fd8911c46e7270e5424576a57630c74febf,2026-03-21 15:20:43,0,2,0.4973083204750992,0,700,2026-03-20 04:57:19,2026-03-21 15:23:05
0x9e4d791f2c5ae704c808383a310a447174bd1a1f,2026-03-21 15:20:45,1,2,0.544484252200863,1,315,2026-03-20 04:57:19,2026-03-21 15:23:05
0xd8a1e56047731ece90d9813b5ea9384d0b9baa21,2026-03-21 15:20:51,0,2,0.49769358871130925,0,697,2026-03-20 04:57:19,2026-03-21 15:23:05
0x7100430f32788ff32cdb713c598f1506589fb346,2026-03-21 15:20:53,1,2,0.5492132797752484,1,284,2026-03-20 04:57:19,2026-03-21 15:23:05
0xcb3ba34a46088194cab205c93bf11d27f6cdb293,2026-03-21 15:21:01,0,2,0.5808165870280338,1,160,2026-03-20 04:57:19,2026-03-21 15:23:05
0x682367a4e66728d9ae8a7502ef579764fcef239b,2026-03-21 15:21:11,1,2,0.5604722021008075,1,237,2026-03-20 04:57:19,2026-03-21 15:23:05
0xa19df895ec6624b12d86ca3036648b85825f3909,2026-03-21 15:21:13,0,2,0.38144547598051765,0,1259,2026-03-20 04:57:19,2026-03-21 15:23:05
0xbadee4b69f0cf623d2fe5996ff82cc51e91d700d,2026-03-21 15:21:13,1,2,0.49508981202238767,0,728,2026-03-20 04:57:19,2026-03-21 15:23:05
0x4f89e0b7896953b2cf6c211759e20d2ca63e3444,2026-03-21 15:21:15,1,2,0.49394694440841935,0,744,2026-03-20 04:57:19,2026-03-21 15:23:05
0x7515c4fff07e6321571738359b917f5203110f90,2026-03-21 15:21:15,0,2,0.47609087891358853,0,941,2026-03-20 04:57:19,2026-03-21 15:23:05
0x01a1126672f6136053739ac64a1653f12c2078f2,2026-03-21 15:21:49,0,2,0.5280112407935098,1,419,2026-03-20 04:57:19,2026-03-21 15:23:05
0x93957e3f35f2b26baa52ae5b6df1c0e07fa1ec86,2026-03-21 15:21:49,0,2,0.5084105465982363,1,585,2026-03-20 04:57:19,2026-03-21 15:23:05
0x65f6f264ba92969190365f09e0e0054fe40eb1e2,2026-03-21 15:22:07,0,2,0.5462322805166151,1,301,2026-03-20 04:57:19,2026-03-21 15:23:05
0x56c47f41533170ff7afd6172e9c3c609ae8afce5,2026-03-21 15:22:09,1,2,0.6147050418961562,1,57,2026-03-20 04:57:19,2026-03-21 15:23:05
0xea49ed4aef8e4a9d8b9c13b2dfca6ba8320a434f,2026-03-21 15:22:13,0,2,0.454632427739464,0,1084,2026-03-20 04:57:19,2026-03-21 15:23:05
0xf513c6609cc89426748cdbbb99acebfbea4cb46a,2026-03-21 15:22:31,0,2,0.541504517304634,1,328,2026-03-20 04:57:19,2026-03-21 15:23:05
0x7481924de8adee76c444d14e320d8daba92e80aa,2026-03-21 15:22:33,0,2,0.5203345120163314,1,477,2026-03-20 04:57:19,2026-03-21 15:23:05
0xbdbfb52263ddf3f7b4df564a6c0ccb894bac2009,2026-03-21 15:22:33,0,2,0.5093882932308612,1,575,2026-03-20 04:57:19,2026-03-21 15:23:05
0x9f1559a62c95f7aef6f49f6126355bd41cfc7486,2026-03-21 15:22:35,0,2,0.5356141930162407,1,359,2026-03-20 04:57:19,2026-03-21 15:23:05
0x67b998bc28215bb571ddac19295a3f16b932580f,2026-03-21 15:23:05,0,2,0.49276437828067804,0,762,2026-03-20 04:57:19,2026-03-21 15:23:05
0x338b11236b6e6646feffd43cd5b3df6633972aa4,2026-03-21 15:23:07,1,3,0.4848452221416283,0,854,2026-03-21 15:23:07,2026-03-25 02:47:33
0x1c9cd1d1addd3b2419e8b30214ffa422b6f36469,2026-03-21 15:23:33,0,3,0.5236534579365779,1,512,2026-03-21 15:23:07,2026-03-25 02:47:33
0x242409130c1919220c3af003ed60f8310032ba95,2026-03-21 15:23:33,0,3,0.48390424890558414,0,864,2026-03-21 15:23:07,2026-03-25 02:47:33
0x9209b4ef4706a64265fbe1a6fce176c8bd64b4d5,2026-03-21 15:23:39,0,3,0.5242404952522587,1,506,2026-03-21 15:23:07,2026-03-25 02:47:33
0x7d313025f8f41af93321977999d878ec6811711e,2026-03-21 15:23:43,0,3,0.5078093894440294,1,628,2026-03-21 15:23:07,2026-03-25 02:47:33
0x702817724413a316e67b25aa13200444937fe0e9,2026-03-21 15:23:53,0,3,0.5149249119364782,1,582,2026-03-21 15:23:07,2026-03-25 02:47:33
0xa05a666159bc3e2e1bccc45bd02c6a6a773819ee,2026-03-21 15:24:51,0,3,0.6137000259675403,1,43,2026-03-21 15:23:07,2026-03-25 02:47:33
0x344f3b43711f48770930ce731d934df3b2999dec,2026-03-21 15:25:09,0,3,0.46960747048379886,0,997,2026-03-21 15:23:07,2026-03-25 02:47:33
0x7ca99847540d385d5270c21cb9e54b76b985bb30,2026-03-21 15:25:43,0,3,0.4526945118948649,0,1108,2026-03-21 15:23:07,2026-03-25 02:47:33
0x1590a24443f6e34cb5dcfa931ef20b7c74df000d,2026-03-21 15:25:53,0,3,0.6135956599166047,1,60,2026-03-21 15:23:07,2026-03-25 02:47:33
0x52be12e2cfd83b55b0b027876fe512aedf30efc8,2026-03-21 15:25:53,0,3,0.4959642565662298,0,746,2026-03-21 15:23:07,2026-03-25 02:47:33
0xba7f3ff698420c6ffcf5db754daf0632d44650ec,2026-03-21 15:25:53,0,3,0.5060651616157326,1,641,2026-03-21 15:23:07,2026-03-25 02:47:33
0xdd63228c777685690f02b1526f5b0294f381a39a,2026-03-21 15:25:53,0,3,0.4350499042860064,0,1180,2026-03-21 15:23:07,2026-03-25 02:47:33
0x7e28b945c7a204473f7009dd2a7663f880d72db0,2026-03-21 15:26:13,0,3,0.5385381133714402,1,400,2026-03-21 15:23:07,2026-03-25 02:47:33
0x9f5dc6ffa66d51d31fa848e6ad7c79599f360f49,2026-03-21 15:26:15,0,3,0.4823531961122737,0,880,2026-03-21 15:23:07,2026-03-25 02:47:33
0x146445c9f2ba2a1c1cc69288e8fe9b816ecadb95,2026-03-21 15:27:19,1,3,0.5001578603495128,1,686,2026-03-21 15:23:07,2026-03-25 02:47:33
0xfffee90a12347161a770575e5d4f0a1a0da64e6c,2026-03-21 15:27:57,0,3,0.45430875628535256,0,1098,2026-03-21 15:23:07,2026-03-25 02:47:33
0x9d2a99467610d8773f07db758ef8ad36ad649ee3,2026-03-21 15:28:27,0,3,0.5551557227682214,1,309,2026-03-21 15:23:07,2026-03-25 02:47:33
0x6af251ebd8eed361747308adcb5d047c4949f24a,2026-03-21 16:26:01,0,3,0.2608621548431117,0,1310,2026-03-21 15:23:07,2026-03-25 02:47:33
0xae46b282bd565fe3f23fcebaad58d24cbf347889,2026-03-21 16:26:01,0,3,0.5877591813732362,1,194,2026-03-21 15:23:07,2026-03-25 02:47:33
0x04edac2e1b006ccae26d41f56cfed64ad48f8809,2026-03-21 16:26:51,0,3,0.49088974222232107,0,789,2026-03-21 15:23:07,2026-03-25 02:47:33
0x2e3dc1df7a9ec31e3138185ae92c69921b53b56c,2026-03-21 16:26:51,0,3,0.5254885853945037,1,491,2026-03-21 15:23:07,2026-03-25 02:47:33
0xf6415fa0aa9cb944c1c4afb9bc53ca82dd797b6f,2026-03-21 16:26:51,0,3,0.4341909314401001,0,1185,2026-03-21 15:23:07,2026-03-25 02:47:33
0xf903033984e9809d2e5ba8c308b9fc3e6d30dc0c,2026-03-21 16:26:51,1,3,0.5381309929568653,1,402,2026-03-21 15:23:07,2026-03-25 02:47:33
0x303f943c371d7df8a95e3071e53ade5e287caa41,2026-03-21 16:28:19,0,3,0.4887105291644442,0,807,2026-03-21 15:23:07,2026-03-25 02:47:33
0xaf4c11f5c45753f3bfe164585eedb281e434ccb0,2026-03-21 16:28:19,0,3,0.5651199099387478,1,265,2026-03-21 15:23:07,2026-03-25 02:47:33
0x579ae7e32dcee265f7d343cc460941f935ef11be,2026-03-21 16:29:27,0,3,0.4873256672386188,0,823,2026-03-21 15:23:07,2026-03-25 02:47:33
0x99981ea75cbaffeb6a35ce7095b6427586768536,2026-03-21 16:29:27,0,3,0.4884732281539955,0,811,2026-03-21 15:23:07,2026-03-25 02:47:33
0x43fe168de3f5df382afb995af44f5a9abed98e0f,2026-03-21 16:29:33,0,3,0.5019298903399743,1,675,2026-03-21 15:23:07,2026-03-25 02:47:33
0x670a88e6a54762628cfb054d575cd2abb754d198,2026-03-21 16:29:33,0,3,0.4850063991001025,0,850,2026-03-21 15:23:07,2026-03-25 02:47:33
0xad402e40bdc6c62c28848dc2cda6dfb2f771b5ed,2026-03-21 16:29:33,0,3,0.48439496191087505,0,861,2026-03-21 15:23:07,2026-03-25 02:47:33
0x8d88d51a302d3bfb8fc2f71abdfd5f676cbd1e28,2026-03-21 16:29:43,0,3,0.6112911835912394,1,108,2026-03-21 15:23:07,2026-03-25 02:47:33
0xaee71c46e47d0ff1045b1fa47c51873235ddd492,2026-03-21 16:29:45,0,3,0.5997433434182338,1,162,2026-03-21 15:23:07,2026-03-25 02:47:33
0x6e482a93c9673ddc0c85e452527313fbac853f26,2026-03-21 16:30:31,1,3,0.5734373691543591,1,240,2026-03-21 15:23:07,2026-03-25 02:47:33
0x7a160025dcf0f09ea5a0dd1247c2aa5aef8b8924,2026-03-21 16:30:33,0,3,0.490280835676222,0,793,2026-03-21 15:23:07,2026-03-25 02:47:33
0x2f4e5bd3ee7b3b2d1feecdf3ccb824de7cf65104,2026-03-21 16:30:35,1,3,0.463569918609606,0,1041,2026-03-21 15:23:07,2026-03-25 02:47:33
0x2ac001474b47fd6ae719a10a1635c51c6f917160,2026-03-21 16:30:43,0,3,0.5089785270993967,1,615,2026-03-21 15:23:07,2026-03-25 02:47:33
0xa658ee6e06cd2040c57464e1d1b89ec86e96f93e,2026-03-21 16:31:27,0,3,0.6132121211329121,1,80,2026-03-21 15:23:07,2026-03-25 02:47:33
0xbe776a4319406201e920fce5cb4f81c569458b05,2026-03-21 16:31:57,0,3,0.5345390016676479,1,426,2026-03-21 15:23:07,2026-03-25 02:47:33
0xcd2d487415e0139d1815544a925c67bf73ded7f8,2026-03-21 16:31:57,0,3,0.524158416191422,1,509,2026-03-21 15:23:07,2026-03-25 02:47:33
0x21a4820a9f89cd05b715d3b10fbbbdd748d4c85d,2026-03-21 16:32:17,0,3,0.4668994436873428,0,1022,2026-03-21 15:23:07,2026-03-25 02:47:33
0xe13d501f80066694d74a0d47af6e255116e957f4,2026-03-21 16:32:19,0,3,0.5544387289058278,1,312,2026-03-21 15:23:07,2026-03-25 02:47:33
0x4a7dd1c20400c743c811a80545f74caf3395695f,2026-03-21 16:32:21,0,3,0.5454217459880225,1,358,2026-03-21 15:23:07,2026-03-25 02:47:33
0x314538eb01c25a28df4e6e184d8586441404d692,2026-03-21 16:32:23,0,3,0.49030017692749267,0,792,2026-03-21 15:23:07,2026-03-25 02:47:33
0x04ea8b37e028f20e2cb6ade49e91f5a68e761092,2026-03-21 16:32:29,0,3,0.48724993625765806,0,824,2026-03-21 15:23:07,2026-03-25 02:47:33
0xe10f048b6506e52e522e2670521360382fb4c59f,2026-03-21 16:32:31,1,3,0.4972212911990776,0,715,2026-03-21 15:23:07,2026-03-25 02:47:33
0x30ef4e0a3695a333c51824a2b98cb17f96e670df,2026-03-21 16:32:33,0,3,0.5301956597330898,1,457,2026-03-21 15:23:07,2026-03-25 02:47:33
0x8b7bd56d750de30b6450a5913a364a5cd33a9ab9,2026-03-21 16:33:17,0,3,0.5441768395246892,1,366,2026-03-21 15:23:07,2026-03-25 02:47:33
0xf4c680fa3431887cb4e7312a7928c5d485ffd9a4,2026-03-21 16:33:17,1,3,0.4754166616934283,0,946,2026-03-21 15:23:07,2026-03-25 02:47:33
0xbcb8e2120f889a2af611846ddaf9ae73a1c03b30,2026-03-21 16:33:33,0,3,0.47296002977746454,0,963,2026-03-21 15:23:07,2026-03-25 02:47:33
0xe2b8b863d0ad8f450d3899c28fbfd27237538712,2026-03-21 16:33:33,0,3,0.6137765072331263,1,33,2026-03-21 15:23:07,2026-03-25 02:47:33
0xa56d4ac84d4cf2a1c0ae6a7b6324d30c6b643053,2026-03-21 16:33:55,0,3,0.49678615440858986,0,733,2026-03-21 15:23:07,2026-03-25 02:47:33
0xcd4ad0f3aa97e73dd52b0ba2794784a8f2646570,2026-03-21 16:33:55,0,3,0.4404708192708569,0,1163,2026-03-21 15:23:07,2026-03-25 02:47:33
0xfa2385a5fb90b47838bd8a4d7b6f06c5f87e9ffa,2026-03-21 16:34:19,0,3,0.49129711404089527,0,786,2026-03-21 15:23:07,2026-03-25 02:47:33
0x32ed1015ee881fb4050e4d132b8e4850d85c4391,2026-03-21 16:34:21,0,3,0.5460362604370858,1,354,2026-03-21 15:23:07,2026-03-25 02:47:33
0xaa0a8926399eb243f3dd7f5b43bb196fb1d1efd8,2026-03-21 16:34:21,1,3,0.4755695895015591,0,945,2026-03-21 15:23:07,2026-03-25 02:47:33
0x771264ffa5071782f38f1f660b56576c9aa9155a,2026-03-21 16:34:33,0,3,0.6131850243849464,1,87,2026-03-21 15:23:07,2026-03-25 02:47:33
0x809105d337cf9bd8d98a984f5aec1493db283178,2026-03-21 16:34:33,0,3,0.48369408752085624,0,865,2026-03-21 15:23:07,2026-03-25 02:47:33
0x00f7ba317491228721185e48fa2cdc6be1d9c623,2026-03-21 16:34:35,0,3,0.4574693603594319,0,1087,2026-03-21 15:23:07,2026-03-25 02:47:33
0x23a2073fc640b7fe9acced334a7cc9e22ecf1b77,2026-03-21 16:34:35,1,3,0.4576320348757383,0,1086,2026-03-21 15:23:07,2026-03-25 02:47:33
0x707264866160f57488eed332d1683fe5f0bbd945,2026-03-21 16:34:35,0,3,0.4970026067450288,0,723,2026-03-21 15:23:07,2026-03-25 02:47:33
0x88ed7c9f024d59a2d7d9c2d226e8e5e20a435472,2026-03-21 16:34:35,0,3,0.45229095569677913,0,1112,2026-03-21 15:23:07,2026-03-25 02:47:33
0xa0dc7ee1f7a230a1a20163271717f8f8752b586c,2026-03-21 16:34:35,0,3,0.47428236037638244,0,956,2026-03-21 15:23:07,2026-03-25 02:47:33
0xbf4fe2a29a07480a061190ed37f01fea3efd63f3,2026-03-21 16:34:35,0,3,0.5005779942876286,1,683,2026-03-21 15:23:07,2026-03-25 02:47:33
0x653c9a4a2650999c393f71e21caeda2c95dfdb25,2026-03-21 16:34:43,0,3,0.4806340873622674,0,901,2026-03-21 15:23:07,2026-03-25 02:47:33
0x8c6b78564c3e3828d1497b4bea242437ac8f8c75,2026-03-21 17:33:23,0,3,0.3639629657139603,0,1274,2026-03-21 15:23:07,2026-03-25 02:47:33
0x03e676e86e6f45e082da40e31d9bbbc79e6224e6,2026-03-21 17:33:25,0,3,0.613849659093872,1,18,2026-03-21 15:23:07,2026-03-25 02:47:33
0x0bffa3ad78cc2fd3960ccd43c0f81cddee71c8a8,2026-03-21 17:33:25,1,3,0.4897046749512375,0,797,2026-03-21 15:23:07,2026-03-25 02:47:33
0x2b055b824df2ab040ccf8c7b356de33f24d07b7d,2026-03-21 17:33:25,0,3,0.6138396008691466,1,22,2026-03-21 15:23:07,2026-03-25 02:47:33
0x48aaaba112dfaed78062caaabd1ddec79cac2eee,2026-03-21 17:33:25,0,3,0.613848111603638,1,19,2026-03-21 15:23:07,2026-03-25 02:47:33
0x82001288e3b1f5dd413e3126a34e1583badedf37,2026-03-21 17:33:25,0,3,0.4970453152086519,0,721,2026-03-21 15:23:07,2026-03-25 02:47:33
0x835cc9cb02270b331c1ea4f7db2672ba26628e3b,2026-03-21 17:33:25,1,3,0.6137235374026874,1,40,2026-03-21 15:23:07,2026-03-25 02:47:33
0xaa15d9edc74bcef8f18fc32b0a6af56cd541270e,2026-03-21 17:33:25,0,3,0.6138581697461346,1,17,2026-03-21 15:23:07,2026-03-25 02:47:33
0xaa7af2e8531940de52ddb9070035df2fb43b899b,2026-03-21 17:33:25,0,3,0.6137616431935075,1,36,2026-03-21 15:23:07,2026-03-25 02:47:33
0xc66756a4b4e43a778ebbb4648debda955d750359,2026-03-21 17:33:25,1,3,0.6138396008691466,1,23,2026-03-21 15:23:07,2026-03-25 02:47:33
0xe523e34da6b9de10aba0565840c17ed2e70bc6af,2026-03-21 17:33:25,0,3,0.6138620383139712,1,16,2026-03-21 15:23:07,2026-03-25 02:47:33
0xec560392eeeec87ee484e272aba3bdaff71f1259,2026-03-21 17:33:25,0,3,0.6136933587837293,1,45,2026-03-21 15:23:07,2026-03-25 02:47:33
0xf151b4f8c48ea5ad5b5e53907c899419f81624c7,2026-03-21 17:33:25,1,3,0.6138009144838903,1,29,2026-03-21 15:23:07,2026-03-25 02:47:33
0x93fa6748235cc50366d82dc5bf3d6c03a076a46b,2026-03-21 17:33:27,0,3,0.577118280787888,1,228,2026-03-21 15:23:07,2026-03-25 02:47:33
0x6e2bc8dd377c6e9a80a0216437acc7c5823e6eaa,2026-03-21 17:33:29,0,3,0.4680881454439668,0,1012,2026-03-21 15:23:07,2026-03-25 02:47:33
0xaabb252e5b361c10ff618e25989d497dbf679ab8,2026-03-21 17:33:47,1,3,0.5409547249785857,1,385,2026-03-21 15:23:07,2026-03-25 02:47:33
0x56a6b92252397f30af6dc50f0f35515ebc711ada,2026-03-21 17:34:15,0,3,0.5881222750987839,1,193,2026-03-21 15:23:07,2026-03-25 02:47:33
0x8434ecd0838a7c435773224e59f24397dd5fe2f9,2026-03-21 17:34:15,0,3,0.47634642141288064,0,940,2026-03-21 15:23:07,2026-03-25 02:47:33
0xe91946617e52d60fb523ea4528b83161760ca772,2026-03-21 17:34:15,0,3,0.5627151669626552,1,278,2026-03-21 15:23:07,2026-03-25 02:47:33
0x2a0a44751892650e8618dd7d26113d6254be96ea,2026-03-21 17:35:05,1,3,0.5864603482107066,1,199,2026-03-21 15:23:07,2026-03-25 02:47:33
0xc2b00b670009fffca62ec190cc0560ef46c9e756,2026-03-21 17:36:01,0,3,0.45773572447084965,0,1085,2026-03-21 15:23:07,2026-03-25 02:47:33
0xdb061eab5e611ffb5bbd54f7c006038af3ee4aba,2026-03-21 17:36:07,0,3,0.524648621470485,1,504,2026-03-21 15:23:07,2026-03-25 02:47:33
0x763c45de9a93f40a9bdfb3ad576ffe2f176225b2,2026-03-21 17:36:09,0,3,0.6132206369054523,1,76,2026-03-21 15:23:07,2026-03-25 02:47:33
0x0eec4a7fd0443352736c83c20d8055af02cce587,2026-03-21 17:36:11,1,3,0.5458541271981813,1,355,2026-03-21 15:23:07,2026-03-25 02:47:33
0x6bc5d4869bc65e55eec9a1e46d69f2edeb6e33d3,2026-03-21 17:36:11,0,3,0.49555560183606934,0,750,2026-03-21 15:23:07,2026-03-25 02:47:33
0x9a8fba8db5d50a264dde552ec76d6413a1405259,2026-03-21 17:36:31,0,3,0.6101108676265238,1,118,2026-03-21 15:23:07,2026-03-25 02:47:33
0x33e0ebd5f54d860496285d6a615f97b0d5e1b33c,2026-03-21 17:36:41,1,3,0.482592562036194,0,877,2026-03-21 15:23:07,2026-03-25 02:47:33
0xa845ccdbe03d98bd7b5a4f2316d76016315a55f1,2026-03-21 17:36:41,0,3,0.5529163865259028,1,321,2026-03-21 15:23:07,2026-03-25 02:47:33
0x72c2c3a28abe6e54e97670bcaedcf6428c29a2db,2026-03-21 17:36:49,0,3,0.5606619680054166,1,286,2026-03-21 15:23:07,2026-03-25 02:47:33
0x50f6addda8170e7c0b2377a5a0faaa01df8db8c6,2026-03-21 17:37:21,0,3,0.48524872209973346,0,847,2026-03-21 15:23:07,2026-03-25 02:47:33
0x5201cee493c5c30b206aee64fd9d67db0b2934c3,2026-03-21 17:37:21,0,3,0.6136030133581252,1,52,2026-03-21 15:23:07,2026-03-25 02:47:33
0x5f86e237629a0c2cbabf2bec2fe8d261448f36dc,2026-03-21 17:37:21,0,3,0.4791162331390486,0,915,2026-03-21 15:23:07,2026-03-25 02:47:33
0xd2dad1455a2fe1c5d3f6365a8c015fc213a26ddb,2026-03-21 17:37:21,0,3,0.4791162331390486,0,916,2026-03-21 15:23:07,2026-03-25 02:47:33
0x50a3b6cb6fe6b987cdd541c8270fe855ed140a78,2026-03-21 17:37:27,0,3,0.5629898414179877,1,276,2026-03-21 15:23:07,2026-03-25 02:47:33
0x2647522ce2d817313e2ddb909b77a752a5f4867c,2026-03-21 17:37:29,1,3,0.49130792295084963,0,785,2026-03-21 15:23:07,2026-03-25 02:47:33
0x7f182da1936994eac14e817b51b112cd7d78ec47,2026-03-21 17:37:39,0,3,0.3005567580348631,0,1297,2026-03-21 15:23:07,2026-03-25 02:47:33
0x9510e1cca9c6aa6d12ae97e88ec099f97e2916df,2026-03-21 17:37:39,0,3,0.526755500601969,1,478,2026-03-21 15:23:07,2026-03-25 02:47:33
0xc0e1429f613f650d3f777faedc1e9455da35a2f5,2026-03-21 17:37:39,1,3,0.47976422713903777,0,908,2026-03-21 15:23:07,2026-03-25 02:47:33
0x4ffe508fd64cc1f6ceadf0a35c0ccdcb08a08d97,2026-03-21 17:37:45,0,3,0.44887774156180144,0,1132,2026-03-21 15:23:07,2026-03-25 02:47:33
0x92f4c610f51e92acad6d2e4a4db7ac344a648edf,2026-03-21 17:37:47,0,3,0.5043446938921377,1,652,2026-03-21 15:23:07,2026-03-25 02:47:33
0xa1fd66bf29f7d2920a398a8e84f4e336c1614ab3,2026-03-21 17:37:51,0,3,0.4410690863697481,0,1160,2026-03-21 15:23:07,2026-03-25 02:47:33
0x2afae7d83b91c3742e4bfbc8e61f82e4ce0261f6,2026-03-21 17:37:53,0,3,0.5300224678827885,1,459,2026-03-21 15:23:07,2026-03-25 02:47:33
0x35c4316574a4649865095ee9fe0c206005f6d144,2026-03-21 17:37:57,0,3,0.4709996153520266,0,986,2026-03-21 15:23:07,2026-03-25 02:47:33
0xa5c6de4ec23fa487512c3e61ca666ca5bb65b1e7,2026-03-21 17:38:07,0,3,0.4632072472143319,0,1043,2026-03-21 15:23:07,2026-03-25 02:47:33
0x63ff778c497cf8257ae1be37f33ae7f8c2ce5f94,2026-03-21 17:38:19,0,3,0.48705916454015036,0,826,2026-03-21 15:23:07,2026-03-25 02:47:33
0xa566b25c67435dac2875f7f6e288d55062b272de,2026-03-21 17:38:19,1,3,0.417440015006398,0,1222,2026-03-21 15:23:07,2026-03-25 02:47:33
0xe1d3e9a9a5f95c537b44fdd44f2c461f9e69b8de,2026-03-21 17:38:29,1,3,0.5867220033530237,1,196,2026-03-21 15:23:07,2026-03-25 02:47:33
0x8de7e657f4574564938afc77c311b3df3d8b61c0,2026-03-21 17:38:47,1,3,0.49629189096948806,0,741,2026-03-21 15:23:07,2026-03-25 02:47:33
0xbe3c9e15846c71718bacb1a79fcb2b12065fc0bf,2026-03-21 18:37:29,0,3,0.5314072902635563,1,453,2026-03-21 15:23:07,2026-03-25 02:47:33
0x5d5ca491d5d6827988b278bfe4c719a2959f4302,2026-03-21 18:38:11,1,3,0.2661140783717563,0,1308,2026-03-21 15:23:07,2026-03-25 02:47:33
0x3efedd954c724bd4c2844738a1597be2b2dd2ed8,2026-03-21 18:38:13,0,3,0.5815602739393798,1,217,2026-03-21 15:23:07,2026-03-25 02:47:33
0x5a0564e0a0f1dcb29d2b6a29865f0bc174c699c4,2026-03-21 18:38:13,0,3,0.39205649706401013,0,1251,2026-03-21 15:23:07,2026-03-25 02:47:33
0xc0f89d4e30b3ab40ab1f1979ebdcf8a02c39ae2e,2026-03-21 18:38:13,1,3,0.4079709982505713,0,1236,2026-03-21 15:23:07,2026-03-25 02:47:33
0xbe8b476070be7214c04e2b73ef56ad933157d14d,2026-03-21 18:38:23,0,3,0.5624571524901202,1,279,2026-03-21 15:23:07,2026-03-25 02:47:33
0x18510d997eba5b8a0102bad7307e70e32bc4ae47,2026-03-21 18:38:33,0,3,0.5526514289820572,1,322,2026-03-21 15:23:07,2026-03-25 02:47:33
0x26ca54715c734e071b325865f73f74acabbcedba,2026-03-21 18:38:33,0,3,0.5079244676281628,1,627,2026-03-21 15:23:07,2026-03-25 02:47:33
0x16bb8363add1287f425e83c76789e59c204fa606,2026-03-21 18:38:39,0,3,0.5551816535037151,1,308,2026-03-21 15:23:07,2026-03-25 02:47:33
0x441d58226c2ba9ca4b36a0987e8c69d5d3e2544d,2026-03-21 18:38:39,0,3,0.6136068774559913,1,51,2026-03-21 15:23:07,2026-03-25 02:47:33
0x12b407534fd10478ead51d5dc7e1c5aa4fc2a662,2026-03-21 18:40:17,0,3,0.39846566789706905,0,1246,2026-03-21 15:23:07,2026-03-25 02:47:33
0x8820ec2664316abc1156962304016a88ee4775bd,2026-03-21 18:40:23,0,3,0.5595719691872935,1,291,2026-03-21 15:23:07,2026-03-25 02:47:33
0x7e97a693034b758f04ac95f694deb7c4e4eb6977,2026-03-21 18:40:25,1,3,0.4877239942498733,0,820,2026-03-21 15:23:07,2026-03-25 02:47:33
0x433900c3e58f70fb01dbc5f41e081d80052c631c,2026-03-21 18:40:47,0,3,0.5733845041639375,1,241,2026-03-21 15:23:07,2026-03-25 02:47:33
0xae940c0c77a1808f63144956653fa8af30a50c03,2026-03-21 18:41:01,0,3,0.5485698339268837,1,343,2026-03-21 15:23:07,2026-03-25 02:47:33
0xa075374f508b6fd2cfbe5f3907ebbf93dae28985,2026-03-21 18:41:19,0,3,0.3630863353138503,0,1276,2026-03-21 15:23:07,2026-03-25 02:47:33
0xca0cc8aab1ac556a55855819aca89aaba55caffd,2026-03-21 18:41:19,0,3,0.5432386972504483,1,372,2026-03-21 15:23:07,2026-03-25 02:47:33
0xaac49a7f378accad96754bca5c8a4ae3186f9ac6,2026-03-21 18:41:27,0,3,0.45169193591960455,0,1116,2026-03-21 15:23:07,2026-03-25 02:47:33
0x2aef93e94b7a7641bb2fc7233982801f27f75ab9,2026-03-21 18:42:09,1,3,0.525938159669541,1,485,2026-03-21 15:23:07,2026-03-25 02:47:33
0x505f23d257d23e4a1ec37ff9bca7c88f3bf0645e,2026-03-21 18:42:29,0,3,0.5413368230355395,1,383,2026-03-21 15:23:07,2026-03-25 02:47:33
0xfab31f1a1799318bb9cd29881b33c8488e4f1f0a,2026-03-21 18:42:29,0,3,0.49730652527615365,0,709,2026-03-21 15:23:07,2026-03-25 02:47:33
0x84f33e797364bdfc4511bf5ab35b0372aa96ba69,2026-03-21 18:43:07,0,3,0.5248203630474785,1,500,2026-03-21 15:23:07,2026-03-25 02:47:33
0xfa1cb2beb7afd756d1766bbd2a15b889f4fd0144,2026-03-21 18:43:09,0,3,0.40914082157512005,0,1234,2026-03-21 15:23:07,2026-03-25 02:47:33
0xc6dc391bfbdd17f8d8805153db25f18dcd42a2ec,2026-03-21 18:43:49,0,3,0.613135551940308,1,88,2026-03-21 15:23:07,2026-03-25 02:47:33
0x3a04d891947a5b250cd3777a059ac6e3b885e261,2026-03-21 18:43:51,0,3,0.47220465207110124,0,974,2026-03-21 15:23:07,2026-03-25 02:47:33
0x2c1a7a67e6f71bd61a616841f54ae0df8e8d42d8,2026-03-21 18:44:11,1,3,0.45848322966380967,0,1077,2026-03-21 15:23:07,2026-03-25 02:47:33
0xaddfd0bb46e344407bc5e8cb9a7f9e1eaf435481,2026-03-21 18:44:11,0,3,0.4115535741403178,0,1228,2026-03-21 15:23:07,2026-03-25 02:47:33
0x4b2a6b0c247c8d9e52e7d4f2cdea0adacdaee567,2026-03-21 18:45:27,0,3,0.6138235430541056,1,25,2026-03-21 15:23:07,2026-03-25 02:47:33
0x8cc50926bf7cd986f18a30ea8951282cb088f5e1,2026-03-21 18:45:27,0,3,0.45154627626882204,0,1118,2026-03-21 15:23:07,2026-03-25 02:47:33
0xec9f69b6105a94e73935298f3e20f679b4f3a535,2026-03-21 18:45:27,0,3,0.5035550032306906,1,661,2026-03-21 15:23:07,2026-03-25 02:47:33
0x9c3802df6ad28099f03b5fa2b42c092e9d4c13b1,2026-03-21 19:42:11,0,3,0.4556198313827783,0,1093,2026-03-21 15:23:07,2026-03-25 02:47:33
0xe5f0ae9cc9aef77ae3c2a64c9e69caa3f335dc1d,2026-03-21 19:45:05,0,3,0.46031287603665394,0,1064,2026-03-21 15:23:07,2026-03-25 02:47:33
0xec0257cfac4322a067d91cba2d0316644d8da45b,2026-03-21 19:45:05,0,3,0.6124531519765245,1,96,2026-03-21 15:23:07,2026-03-25 02:47:33
0x4addc66860b349959cb5070a83dbd9eeb6836fe5,2026-03-21 19:46:19,0,3,0.4757331866944929,0,942,2026-03-21 15:23:07,2026-03-25 02:47:33
0x843a61035c7eea12137cf7d3034c11b5106be96a,2026-03-21 19:46:19,0,3,0.5292233567057274,1,464,2026-03-21 15:23:07,2026-03-25 02:47:33
0x418ca66aed4bc7c7a7f21141117a9028c1a94a41,2026-03-21 19:46:21,1,3,0.6131192154559365,1,89,2026-03-21 15:23:07,2026-03-25 02:47:33
0x8e34ea0d66bb9ebd75290a13209838db8ad54480,2026-03-21 19:47:03,0,3,0.5116384670035811,1,599,2026-03-21 15:23:07,2026-03-25 02:47:33
0x3c4552e7ca255565ab0bfaf38dc40a1208ca47f1,2026-03-21 19:47:21,0,3,0.4783008228048209,0,921,2026-03-21 15:23:07,2026-03-25 02:47:33
0x86a73b2ab5c37212fd04b87ac8328345a27d52ae,2026-03-21 19:47:23,0,3,0.6136030080182913,1,53,2026-03-21 15:23:07,2026-03-25 02:47:33
0xda35630a146c1525e54de1b92bb1d9218ab5b894,2026-03-21 19:47:23,0,3,0.6132121210554943,1,81,2026-03-21 15:23:07,2026-03-25 02:47:33
0xa2f1f7080b25e6f42cc0017035c4e7b6726918ee,2026-03-21 19:47:49,0,3,0.5861682700461892,1,203,2026-03-21 15:23:07,2026-03-25 02:47:33
0x0ce62600a87ecd20017baebfa5193d626e13c0b5,2026-03-21 19:47:53,0,3,0.5258084004166705,1,489,2026-03-21 15:23:07,2026-03-25 02:47:33
0xc85e1420c8deefe7dd58008713e7875e86e85d37,2026-03-21 19:47:53,0,3,0.513352982965697,1,588,2026-03-21 15:23:07,2026-03-25 02:47:33
0x314df4f4aa6bcd62a7b444d46af6e7220b6c65bf,2026-03-21 19:48:07,0,3,0.5025462086214526,1,672,2026-03-21 15:23:07,2026-03-25 02:47:33
0xedfa323a28df6a24399b3f13849c23004b848915,2026-03-21 19:48:11,0,3,0.5272094761033252,1,473,2026-03-21 15:23:07,2026-03-25 02:47:33
0x2952bf4ea91388246c373508db036ab38df2382f,2026-03-21 19:48:21,1,3,0.3916692999492287,0,1252,2026-03-21 15:23:07,2026-03-25 02:47:33
0x3fc74f28a40b9697f448d8c37612c50d00d8337e,2026-03-21 19:48:21,0,3,0.39349532231334866,0,1250,2026-03-21 15:23:07,2026-03-25 02:47:33
0x5736ffb29c63097ff310b478095f18ba268bfdba,2026-03-21 19:48:21,0,3,0.45149228594326385,0,1119,2026-03-21 15:23:07,2026-03-25 02:47:33
0xe50e202b15d42ebc8d66af73dbb13d4fa2c8fc9d,2026-03-21 19:48:21,1,3,0.4717961925655735,0,981,2026-03-21 15:23:07,2026-03-25 02:47:33
0xa3967f00c5ac47280cb5021cbbbfa720685c0019,2026-03-21 19:48:23,0,3,0.6111195357188592,1,110,2026-03-21 15:23:07,2026-03-25 02:47:33
0xd571be4b88da2919c855bdb6ba765d6c147e2796,2026-03-21 19:48:25,0,3,0.5212990562150834,1,526,2026-03-21 15:23:07,2026-03-25 02:47:33
0xcf88bf4e7291a419855ba7bf9f6a1faaffbcc2b3,2026-03-21 19:48:37,0,3,0.5172962007184687,1,561,2026-03-21 15:23:07,2026-03-25 02:47:33
0x15df13523bea23449223664e05b67b99424fc68b,2026-03-21 19:49:01,0,3,0.45833655783443633,0,1078,2026-03-21 15:23:07,2026-03-25 02:47:33
0x9d4a6b8eef2a31042b88f3ee991f06240eaec2a6,2026-03-21 19:49:03,0,3,0.6094506933862931,1,124,2026-03-21 15:23:07,2026-03-25 02:47:33
0x5b806edb48e5db115fd379c997c28f09d2e6465a,2026-03-21 19:49:05,0,3,0.5071337694684933,1,635,2026-03-21 15:23:07,2026-03-25 02:47:33
0x1216061a8b1fa7e3aee0564b774c72428feb2068,2026-03-21 19:49:21,0,3,0.5862950854163128,1,200,2026-03-21 15:23:07,2026-03-25 02:47:33
0x1713f4734114a7ee3f6cf60bf0f72729db665e6d,2026-03-21 19:49:21,1,3,0.5003411415145284,1,684,2026-03-21 15:23:07,2026-03-25 02:47:33
0x403d1b2f4db9430ca46af9e8c9030c1713092709,2026-03-21 19:49:41,1,3,0.5036559333269416,1,659,2026-03-21 15:23:07,2026-03-25 02:47:33
0x88c70af999b070ed609e02e66a619270bd7dfebc,2026-03-21 19:49:45,0,3,0.23443677390688467,0,1312,2026-03-21 15:23:07,2026-03-25 02:47:33
0xe0d9407f4beec6a1c2dfa36f02f327303ebf8483,2026-03-21 19:49:47,0,3,0.46717285823161064,0,1018,2026-03-21 15:23:07,2026-03-25 02:47:33
0x458a48f0d0e492831b9918adf32a72673b5f3f34,2026-03-21 19:50:03,0,3,0.48437670101058716,0,862,2026-03-21 15:23:07,2026-03-25 02:47:33
0x65e89a842c137cfd2da9b18daecfdc18c915d97c,2026-03-21 19:50:13,0,3,0.4961727596527478,0,743,2026-03-21 15:23:07,2026-03-25 02:47:33
0x2613b0dab94d169027482ec064f5cbdebd443dcc,2026-03-21 19:52:31,0,3,0.49517718170886116,0,751,2026-03-21 15:23:07,2026-03-25 02:47:33
0x2843d543c60a54106f572ab74f0e2e04f293b3d2,2026-03-21 20:48:33,0,3,0.4963166462968008,0,740,2026-03-21 15:23:07,2026-03-25 02:47:33
0x75fc8afa4d141a3d36f85f07ff003ddbb316e7d1,2026-03-21 20:48:41,0,3,0.4796726104905752,0,911,2026-03-21 15:23:07,2026-03-25 02:47:33
0xd1246ec6b187738aeeb54f038a3ae10958f39caf,2026-03-21 20:48:41,0,3,0.4969992500692564,0,724,2026-03-21 15:23:07,2026-03-25 02:47:33
0x3b43e166873fda38740e1b0832ca6c6841f69538,2026-03-21 20:48:43,1,3,0.4799183382082241,0,906,2026-03-21 15:23:07,2026-03-25 02:47:33
0x1a96c81bd6887017b3a9c3a864a2f429475f0d7c,2026-03-21 20:49:49,0,3,0.5047275684140502,1,651,2026-03-21 15:23:07,2026-03-25 02:47:33
0x9f3a2e7c071a3630ab8b071deabcf86c79469a83,2026-03-21 20:49:49,0,3,0.5065126130071845,1,639,2026-03-21 15:23:07,2026-03-25 02:47:33
0x5922bedba122e18efe7ef6890fcf32f54a8bcb63,2026-03-21 20:50:07,0,3,0.2616546479149025,0,1309,2026-03-21 15:23:07,2026-03-25 02:47:33
0xeef1e2a30280a4867b131da80967da3c1ca3f9ea,2026-03-21 20:50:07,0,3,0.4830410842773022,0,872,2026-03-21 15:23:07,2026-03-25 02:47:33
0x4d8e77f1678c3f220541182a9c5547d7ca033d55,2026-03-21 20:50:37,0,3,0.40446764818383846,0,1238,2026-03-21 15:23:07,2026-03-25 02:47:33
0xb333ef191cf2f00a79804529516ec70e63f8e295,2026-03-21 20:50:39,0,3,0.3542223743133283,0,1279,2026-03-21 15:23:07,2026-03-25 02:47:33
0xe5b4a3c8c80fc0650bd4feed73181bfbdbd2ac9d,2026-03-21 20:50:51,0,3,0.5421252933743855,1,378,2026-03-21 15:23:07,2026-03-25 02:47:33
0x9db1d456272bacca7c9ca4556659ead1fe63d726,2026-03-21 20:50:53,1,3,0.4060139496362047,0,1237,2026-03-21 15:23:07,2026-03-25 02:47:33
0xc29eab16a78fa6b87badf2aca8d014da1f5d64cb,2026-03-21 20:50:53,0,3,0.3637631279007541,0,1275,2026-03-21 15:23:07,2026-03-25 02:47:33
0x2f5752ca929f5cd14553d5903d27c6693b1bd939,2026-03-21 20:50:59,0,3,0.5942661399330491,1,178,2026-03-21 15:23:07,2026-03-25 02:47:33
0x819129ecbbebd2bfb718340364c700b2b7978a35,2026-03-21 20:50:59,0,3,0.6130572740991218,1,91,2026-03-21 15:23:07,2026-03-25 02:47:33
0x1ec507968f0302a6e257717bce3ed59fdc8b20e0,2026-03-21 20:51:19,0,3,0.39041397746986284,0,1254,2026-03-21 15:23:07,2026-03-25 02:47:33
0x47ff425c88920758c67a729e9494963b98550360,2026-03-21 20:52:07,0,3,0.5501116602802613,1,338,2026-03-21 15:23:07,2026-03-25 02:47:33
0xa5ac5302255f21d1de93b85cbdc6dffce024f515,2026-03-21 20:52:07,0,3,0.36470371326836454,0,1273,2026-03-21 15:23:07,2026-03-25 02:47:33
0xd4f5d725e1d7263ad559dbb5f7d70f24a59a7a95,2026-03-21 20:52:09,0,3,0.6062217703129856,1,140,2026-03-21 15:23:07,2026-03-25 02:47:33
0xec45df593bb449dbd9787838cf448d974c1f6ba6,2026-03-21 20:52:09,0,3,0.4681785090906196,0,1008,2026-03-21 15:23:07,2026-03-25 02:47:33
0x3319c3f74be15ed498e7029e87e08047687cba79,2026-03-21 20:52:11,0,3,0.5448758284103232,1,362,2026-03-21 15:23:07,2026-03-25 02:47:33
0x4e818c12061c32a516a1def66002ded5f062b4ce,2026-03-21 20:52:19,0,3,0.5858269145907599,1,205,2026-03-21 15:23:07,2026-03-25 02:47:33
0xd0e133403ca14efa46c877ab3d9900e5e9a399db,2026-03-21 20:52:31,0,3,0.4933455903526332,0,764,2026-03-21 15:23:07,2026-03-25 02:47:33
0xedc3c1f9996931fd9e5f0feb12f665232fcc023d,2026-03-21 20:52:31,0,3,0.4176763645242523,0,1220,2026-03-21 15:23:07,2026-03-25 02:47:33
0x9ecea11a8c24b0fa6b069a74c7f2789194308786,2026-03-21 20:52:33,1,3,0.450038327122579,0,1124,2026-03-21 15:23:07,2026-03-25 02:47:33
0x5fcc625cdee0a933215233f9e777d40cf0be0606,2026-03-21 20:52:35,0,3,0.6135991385662432,1,58,2026-03-21 15:23:07,2026-03-25 02:47:33
0x06a22231b2d42f8704e85ef44c2dda278d9f8015,2026-03-21 20:52:37,0,3,0.402957889584544,0,1240,2026-03-21 15:23:07,2026-03-25 02:47:33
0x550da8e90d8ba49b62758849e39bc50ac093f1ff,2026-03-21 20:53:01,0,3,0.5034720683206675,1,662,2026-03-21 15:23:07,2026-03-25 02:47:33
0xcbd0f57d085eea0bf7efdc807a97b2edb0a0b51b,2026-03-21 20:53:35,0,3,0.48271679996743605,0,876,2026-03-21 15:23:07,2026-03-25 02:47:33
0xd622327f865a07fa5fe8d2c0da4c78fff55771a5,2026-03-21 20:54:13,0,3,0.482070409972406,0,882,2026-03-21 15:23:07,2026-03-25 02:47:33
0x769fd64b30b8d2b4d1d344d88e315253b374275a,2026-03-21 20:54:15,0,3,0.4814321396054671,0,888,2026-03-21 15:23:07,2026-03-25 02:47:33
0xc98024c8bd8cf3926919935d5d1489e217aa5618,2026-03-21 20:54:15,0,3,0.4965685055066698,0,737,2026-03-21 15:23:07,2026-03-25 02:47:33
0xbbdfdbd3ed0785780c641977ff1a5801cd13b8a0,2026-03-21 20:54:19,1,3,0.49385061998476426,0,761,2026-03-21 15:23:07,2026-03-25 02:47:33
0x1dd21c41843601515bd0e2e70a242495f9059e07,2026-03-21 21:54:49,0,3,0.5751460284747623,1,236,2026-03-21 15:23:07,2026-03-25 02:47:33
0x4829cbd70e5c5851a16d2271f386c7ef8aa8f201,2026-03-21 21:54:49,0,3,0.45167822910934097,0,1117,2026-03-21 15:23:07,2026-03-25 02:47:33
0x7d17fe6916add7956786354c2ff4ae737a3cb313,2026-03-21 21:54:49,0,3,0.41913232598484296,0,1217,2026-03-21 15:23:07,2026-03-25 02:47:33
0xab4d046f4213eb7d44569ad6a9ddcf9b4c1f4971,2026-03-21 21:56:19,1,3,0.4616934158038388,0,1059,2026-03-21 15:23:07,2026-03-25 02:47:33
0xb8a6277d728eb868fb67e8d949ebe94376b0ee83,2026-03-21 21:56:19,0,3,0.4868308613071182,0,829,2026-03-21 15:23:07,2026-03-25 02:47:33
0x9012a72203363f93eb2d916b29eb96ec7fd6cb82,2026-03-21 21:56:21,0,3,0.5966940353620981,1,167,2026-03-21 15:23:07,2026-03-25 02:47:33
0x6c774a320c314325139a014461716916dae46747,2026-03-21 21:57:09,0,3,0.4969928149336571,0,725,2026-03-21 15:23:07,2026-03-25 02:47:33
0xa1fc8bd4805a72dc630baa02e639ef690f8f7cc1,2026-03-21 21:57:51,1,3,0.4290703769971815,0,1196,2026-03-21 15:23:07,2026-03-25 02:47:33
0xdcbcc2b16f0cc98d3362c622bcc4f755d0a5b59e,2026-03-21 21:57:53,0,3,0.4455779034381958,0,1145,2026-03-21 15:23:07,2026-03-25 02:47:33
0x2df8cf33e9a90a887a9b98990d8a050eb1767c79,2026-03-21 21:58:29,0,3,0.5568779578215424,1,301,2026-03-21 15:23:07,2026-03-25 02:47:33
0x6ffdf781b9fabc368137c1d835644f12b9a6a637,2026-03-21 21:58:35,1,3,0.613842421779408,1,20,2026-03-21 15:23:07,2026-03-25 02:47:33
0xf0dddc72326edb5408e4592ecdd496ef4d97cc6a,2026-03-21 21:58:37,0,3,0.5187728635413007,1,548,2026-03-21 15:23:07,2026-03-25 02:47:33
0x05e1f0ad5b786e79534159800ebca0524e8a8d94,2026-03-21 21:58:45,1,3,0.47190766834240994,0,977,2026-03-21 15:23:07,2026-03-25 02:47:33
0x857fdd45b3b9bf70b2f677ad456a88bbc422039f,2026-03-21 21:58:45,0,3,0.4862547289919622,0,838,2026-03-21 15:23:07,2026-03-25 02:47:33
0x1c7bfd5ccee9a9f2bb0e9eae028811ab52ce89ea,2026-03-21 21:58:47,0,3,0.43176482436297986,0,1190,2026-03-21 15:23:07,2026-03-25 02:47:33
0xe6eff1d82dc357a7aa2021cd82b41589ab4d6f22,2026-03-21 21:58:47,0,3,0.6109676376945874,1,112,2026-03-21 15:23:07,2026-03-25 02:47:33
0xf5dc4c41d606b23e3ea8b808409dbafd7de1665d,2026-03-21 21:58:47,1,3,0.37808592071404445,0,1267,2026-03-21 15:23:07,2026-03-25 02:47:33
0x902f43d157cb1bc9d6cfc4f5be88c659cfdbfb2d,2026-03-21 21:58:49,1,3,0.48096707525667565,0,896,2026-03-21 15:23:07,2026-03-25 02:47:33
0xfe2e209e5eff17e8753549324b85425ffaa9afe9,2026-03-21 21:59:13,0,3,0.459232043993456,0,1072,2026-03-21 15:23:07,2026-03-25 02:47:33
0x869a748bcc95fe56b431f5d41567d06dbc760ac7,2026-03-21 21:59:19,0,3,0.611664950526931,1,105,2026-03-21 15:23:07,2026-03-25 02:47:33
0x8d4f2ff19b628613ba7a9167b09e5853267dccbb,2026-03-21 21:59:21,0,3,0.4741151278183628,0,958,2026-03-21 15:23:07,2026-03-25 02:47:33
0xd06befcd6a263c2447d56a90c9a49882ac980e9e,2026-03-21 21:59:33,1,3,0.49686800218271265,0,730,2026-03-21 15:23:07,2026-03-25 02:47:33
0x0efe85150fe72b6bf5a3e51304c4a6655ec558b0,2026-03-21 21:59:35,0,3,0.4626231693339654,0,1051,2026-03-21 15:23:07,2026-03-25 02:47:33
0x77768db66ce124520d2fbdba07c14753dce57ebe,2026-03-21 21:59:35,0,3,0.48644261952664414,0,836,2026-03-21 15:23:07,2026-03-25 02:47:33
0xc4edfd431c6b89dc3d390188ba25c70e379b767d,2026-03-21 21:59:35,0,3,0.48452171444229625,0,860,2026-03-21 15:23:07,2026-03-25 02:47:33
0xe885c061cbdf2f4dea07431d3a371350b9c6805d,2026-03-21 21:59:35,0,3,0.4797303665718704,0,909,2026-03-21 15:23:07,2026-03-25 02:47:33
0xaa5f5a20cafcd121a9d3d1f28b53f22b53cf3ed1,2026-03-21 21:59:37,0,3,0.455856526214053,0,1091,2026-03-21 15:23:07,2026-03-25 02:47:33
0xf8b1bfda47deadc4a9935a677c5e5d6d465cc876,2026-03-21 21:59:39,0,3,0.6062295619038299,1,138,2026-03-21 15:23:07,2026-03-25 02:47:33
0x32640063f692f49b660b11c5f73e6ca0c6d2f0bd,2026-03-21 22:00:07,0,3,0.5198969465535734,1,538,2026-03-21 15:23:07,2026-03-25 02:47:33
0xb5a6a215c60d543b04ed6e2c030660c4a80b703d,2026-03-21 22:00:07,1,3,0.40928514462508503,0,1233,2026-03-21 15:23:07,2026-03-25 02:47:33
0x66597b12619dd41dc7b8be46d99ed4e512c758d5,2026-03-21 22:00:33,0,3,0.5372234458027246,1,407,2026-03-21 15:23:07,2026-03-25 02:47:33
0xde2b764c6a31b8a27aba5442b9e6bd38964b5fc3,2026-03-21 22:00:35,1,3,0.4901837658469418,0,795,2026-03-21 15:23:07,2026-03-25 02:47:33
0xebe9ac948e70b80bc5ea63e1db675174f73ea94f,2026-03-21 22:01:35,1,3,0.4832353575346656,0,869,2026-03-21 15:23:07,2026-03-25 02:47:33
0x1dd17e22aaf80db74706d3771843aeba576fc5eb,2026-03-21 22:59:05,0,3,0.5918423449147506,1,182,2026-03-21 15:23:07,2026-03-25 02:47:33
0x8e0a4f786363bf20f32d20ea35b949c5e72a629d,2026-03-21 22:59:05,0,3,0.6132075997666798,1,84,2026-03-21 15:23:07,2026-03-25 02:47:33
0xfaf97c89ec436bf9220e1740819c170346be296d,2026-03-21 22:59:07,0,3,0.613385522570366,1,68,2026-03-21 15:23:07,2026-03-25 02:47:33
0x665959eb02b5da0361f47fd79f5c1a36877bb7ca,2026-03-21 23:00:25,0,3,0.6137353346389973,1,37,2026-03-21 15:23:07,2026-03-25 02:47:33
0x3b72481e495dcde6f3b473f7c0d05e5f94f634d8,2026-03-21 23:01:23,0,3,0.5117314090095296,1,598,2026-03-21 15:23:07,2026-03-25 02:47:33
0xd9cf1f722c3008d2952769fe7240d0720cbb8154,2026-03-21 23:01:23,0,3,0.46497588107385984,0,1032,2026-03-21 15:23:07,2026-03-25 02:47:33
0x05bfa07ccc67c45c7e7f2efa3f7643fcad7b5fa8,2026-03-21 23:01:25,0,3,0.5427272765796805,1,374,2026-03-21 15:23:07,2026-03-25 02:47:33
0x40b29ab869b89645054256e4eb43aca8a4552245,2026-03-21 23:01:25,1,3,0.613622355063301,1,47,2026-03-21 15:23:07,2026-03-25 02:47:33
0x988c285a7511bb94557030e089cbb0cb97927a05,2026-03-21 23:01:25,1,3,0.5637877348691597,1,272,2026-03-21 15:23:07,2026-03-25 02:47:33
0x1a39c44c2bc6b23cc715a197cc0d76574ab51bb6,2026-03-21 23:02:17,1,3,0.5467703021212862,1,351,2026-03-21 15:23:07,2026-03-25 02:47:33
0x13f6cdba68b01b31f74cd0e2d3b8f83a9ea4fa86,2026-03-21 23:02:19,0,3,0.6137229539129403,1,41,2026-03-21 15:23:07,2026-03-25 02:47:33
0x70f023d9498d06cda34c7305d9411af3fe32faf1,2026-03-21 23:02:19,1,3,0.4540377651681741,0,1101,2026-03-21 15:23:07,2026-03-25 02:47:33
0x98b72afca67bff86ca6a43db43878af78e58e1ae,2026-03-21 23:02:57,0,3,0.5602964471112047,1,288,2026-03-21 15:23:07,2026-03-25 02:47:33
0xa7fe98b5d974347d25796a347102db3d5e2e5a93,2026-03-21 23:03:09,0,3,0.5028870663915428,1,670,2026-03-21 15:23:07,2026-03-25 02:47:33
0x0fece8a299a832a9067acfb4854ec80a63bf3968,2026-03-21 23:03:17,0,3,0.49389844638277974,0,759,2026-03-21 15:23:07,2026-03-25 02:47:33
0x425bdb648f768c92a0c599bf30dda71f369280d2,2026-03-21 23:03:17,0,3,0.5426401728954166,1,376,2026-03-21 15:23:07,2026-03-25 02:47:33
0x7d2fd6ab47053b68972c2f36a34aa4cc8001e374,2026-03-21 23:03:23,0,3,0.48081736342838843,0,898,2026-03-21 15:23:07,2026-03-25 02:47:33
0x1093675339ef46abcd5573ceb590589e280bd547,2026-03-21 23:03:31,0,3,0.4971442944448013,0,717,2026-03-21 15:23:07,2026-03-25 02:47:33
0xf040b3611787aaf4c8729210c8696731f990d11f,2026-03-21 23:03:31,0,3,0.521819572530746,1,523,2026-03-21 15:23:07,2026-03-25 02:47:33
0x337e7be8f718ad229ae8d8ec1786c193e4ffb1cb,2026-03-21 23:03:33,0,3,0.5163309003830316,1,572,2026-03-21 15:23:07,2026-03-25 02:47:33
0x59c8d6ccb9a49fb69a9b17142823f26d6790de83,2026-03-21 23:03:33,0,3,0.2989075186845042,0,1298,2026-03-21 15:23:07,2026-03-25 02:47:33
0x320b718b366a088cb31e7242cc13112430196057,2026-03-21 23:03:35,0,3,0.5249367208719271,1,496,2026-03-21 15:23:07,2026-03-25 02:47:33
0xda64c9ef2218c6a02a0f7a639cc5cb1c261aaf0a,2026-03-21 23:03:37,0,3,0.4776106635464996,0,930,2026-03-21 15:23:07,2026-03-25 02:47:33
0x4c4df6cc7b7bd3daa99844460c8f8e4184930cfa,2026-03-21 23:04:05,0,3,0.4231329079458165,0,1207,2026-03-21 15:23:07,2026-03-25 02:47:33
0xc58ad474e2ccb3da3f94624795706f862e88b8f8,2026-03-21 23:04:13,1,3,0.4223591522901511,0,1211,2026-03-21 15:23:07,2026-03-25 02:47:33
0xc24f7c8d102dabaf7d13b09fdafa9833f71081d3,2026-03-21 23:05:47,0,3,0.48048967519851715,0,903,2026-03-21 15:23:07,2026-03-25 02:47:33
0x2de806a5da445a3dc3ab21f477a942ee55b72092,2026-03-21 23:05:49,1,3,0.5885081071664839,1,192,2026-03-21 15:23:07,2026-03-25 02:47:33
0xfc25f141ed27bb1787338d2c4e7f51e3a15e1f7f,2026-03-21 23:05:49,0,3,0.2090799376721146,0,1316,2026-03-21 15:23:07,2026-03-25 02:47:33
0x117d96afc60bde8406aa6f8ed626115092446542,2026-03-21 23:06:01,1,3,0.48475576321146807,0,858,2026-03-21 15:23:07,2026-03-25 02:47:33
0x490b4fe78b2fb36f733fef1b340759e03500eec9,2026-03-21 23:06:09,0,3,0.48637165681053324,0,837,2026-03-21 15:23:07,2026-03-25 02:47:33
0x1f88558fe9b37367fcb5ce20c366a5292b1fd176,2026-03-21 23:06:11,0,3,0.418991637314159,0,1219,2026-03-21 15:23:07,2026-03-25 02:47:33
0xb5a0e302f3cccb48729fb4c158efee4b1fbc60c3,2026-03-21 23:06:11,0,3,0.58365189838425,1,211,2026-03-21 15:23:07,2026-03-25 02:47:33
0xe83edd76b396dee34130dfc1a03dec2ce96d12df,2026-03-21 23:06:13,1,3,0.46649904127197545,0,1024,2026-03-21 15:23:07,2026-03-25 02:47:33
0xa52866dd2456b8000404f226c85b428215cee221,2026-03-21 23:06:15,1,3,0.48656274032466706,0,832,2026-03-21 15:23:07,2026-03-25 02:47:33
0x03eb777eb87d8fa94626da804e42d4865b9747b0,2026-03-22 00:02:47,1,3,0.5476645262965516,1,347,2026-03-21 15:23:07,2026-03-25 02:47:33
0x6980052d60007f533ff5414d1ad2bdb5e28affdd,2026-03-22 00:02:47,0,3,0.3913059591026074,0,1253,2026-03-21 15:23:07,2026-03-25 02:47:33
0x96350f30ed0b67609d9d6deeb34d7d42512eae57,2026-03-22 00:03:31,0,3,0.6062217701571486,1,141,2026-03-21 15:23:07,2026-03-25 02:47:33
0x7fc91e0d237362ff52e46aada3a77d0889d9e2aa,2026-03-22 00:03:33,0,3,0.6072578513395748,1,133,2026-03-21 15:23:07,2026-03-25 02:47:33
0x93c4b7464323465ed32c9a03b6fba3d47dc4a036,2026-03-22 00:03:37,1,3,0.4913689564464727,0,783,2026-03-21 15:23:07,2026-03-25 02:47:33
0x9851d66cffe0ffc244c267bc8280336e9bc21320,2026-03-22 00:03:37,0,3,0.4968376922342249,0,731,2026-03-21 15:23:07,2026-03-25 02:47:33
0x4a83a5e2376509edc42ef55bbd560468db8d635b,2026-03-22 00:04:17,1,3,0.5497595313247492,1,339,2026-03-21 15:23:07,2026-03-25 02:47:33
0xed3f45ffab6778e82699894d195dce61201b2d57,2026-03-22 00:04:17,0,3,0.4241408760157268,0,1205,2026-03-21 15:23:07,2026-03-25 02:47:33
0x7238d476ec130b6388161e2f5e3234470b2713dd,2026-03-22 00:05:37,0,3,0.4786726757058461,0,920,2026-03-21 15:23:07,2026-03-25 02:47:33
0x69a486a9ff6429546ad059b4fdea2b578f0db195,2026-03-22 00:05:43,0,3,0.2603809233593737,0,1311,2026-03-21 15:23:07,2026-03-25 02:47:33
0xebf0a333fcc4648aacc7826f7183fd4360dbe275,2026-03-22 00:05:43,0,3,0.38215054326287273,0,1261,2026-03-21 15:23:07,2026-03-25 02:47:33
0x1d138afec2f51e68fbd0a982e5f43623a3d85f23,2026-03-22 00:05:45,0,3,0.4996496986415845,0,688,2026-03-21 15:23:07,2026-03-25 02:47:33
0xbb2a32886fee5d55af0df014c807bfc544b51948,2026-03-22 00:06:07,0,3,0.5874860837369767,1,195,2026-03-21 15:23:07,2026-03-25 02:47:33
0xef3a05140677f83cf37c67c4337d55a1954edc6b,2026-03-22 00:06:09,0,3,0.5888899356788373,1,190,2026-03-21 15:23:07,2026-03-25 02:47:33
0x5b829ded7843c392a82e9bb90126b9387a63e159,2026-03-22 00:06:37,0,3,0.4832187592268464,0,870,2026-03-21 15:23:07,2026-03-25 02:47:33
0x96efdcf9ae8fd8ebed89c2ddffcbdd7f71add98a,2026-03-22 00:06:39,0,3,0.6139009128601112,1,13,2026-03-21 15:23:07,2026-03-25 02:47:33
0x23505cd1e026d7caff76de69ffe4ae9cbceb1952,2026-03-22 00:07:13,1,3,0.4422551892793324,0,1156,2026-03-21 15:23:07,2026-03-25 02:47:33
0x7f6c6088b9549e3eb23c912c3143ebffd1cd09bf,2026-03-22 00:08:01,0,3,0.5012788711427186,1,677,2026-03-21 15:23:07,2026-03-25 02:47:33
0x01e7b6983fa6fb318978f70903f60092cc817d89,2026-03-22 00:08:05,0,3,0.46472092984577207,0,1035,2026-03-21 15:23:07,2026-03-25 02:47:33
0x32fd3be57969d6fd007eb30b62e8ba0f659fb682,2026-03-22 00:08:07,0,3,0.5012107889777578,1,678,2026-03-21 15:23:07,2026-03-25 02:47:33
0xf8c6c9f41ab1c97ab05550656faf673e1e0ffcaf,2026-03-22 00:08:07,0,3,0.5630946810035985,1,275,2026-03-21 15:23:07,2026-03-25 02:47:33
0xc279a50873e5d9e0b116e37efd14851d387dcd11,2026-03-22 00:08:09,1,3,0.5346809164906282,1,425,2026-03-21 15:23:07,2026-03-25 02:47:33
0xd2fc6b174da1f6f8b8400636475cbe3034da5bd4,2026-03-22 00:08:13,0,3,0.4988307719305886,0,695,2026-03-21 15:23:07,2026-03-25 02:47:33
0x22304182fea6d2aeb34383f29b75d0b49dd1a66c,2026-03-22 00:08:21,0,3,0.3140736505918909,0,1295,2026-03-21 15:23:07,2026-03-25 02:47:33
0x1aa20e9c2b2a3963dabb3bf8b36b39abbe2030cc,2026-03-22 00:08:25,0,3,0.5746614882852714,1,238,2026-03-21 15:23:07,2026-03-25 02:47:33
0x22b9bddbfd2fe526b41c6c60f4ad3b7d3a933134,2026-03-22 00:08:25,1,3,0.5280403775580421,1,470,2026-03-21 15:23:07,2026-03-25 02:47:33
0x6be2caba4bcc434656cdc2695bca236cb8a8e087,2026-03-22 00:08:25,0,3,0.4874671652816094,0,822,2026-03-21 15:23:07,2026-03-25 02:47:33
0x766e88fa04febc141e7f7658cd5349fcaf6b75f6,2026-03-22 00:08:25,0,3,0.47826395970272234,0,923,2026-03-21 15:23:07,2026-03-25 02:47:33
0x63ce9436bb6f3d74fb7e0af560ebdc96b6255eed,2026-03-22 00:08:31,1,3,0.447477953457833,0,1138,2026-03-21 15:23:07,2026-03-25 02:47:33
0x8428cfedb2f09f33186905c293fc048316e9aa29,2026-03-22 00:09:55,1,3,0.5206552048534313,1,535,2026-03-21 15:23:07,2026-03-25 02:47:33
0x87b6226f04cca772daee216822fdb7e1a19000b5,2026-03-22 00:09:55,0,3,0.46210894327136043,0,1055,2026-03-21 15:23:07,2026-03-25 02:47:33
0x6b21cad9c686c15096b33671726708fb7e45f03a,2026-03-22 00:09:57,1,3,0.6138041997428414,1,27,2026-03-21 15:23:07,2026-03-25 02:47:33
0x564735dad6be7134f551baed03769f2402cede1d,2026-03-22 00:10:37,0,3,0.35288586215362483,0,1281,2026-03-21 15:23:07,2026-03-25 02:47:33
0x6264de2f5b59b8ff55182aa755746b14f362feb7,2026-03-22 01:09:35,0,3,0.6016850752408889,1,155,2026-03-21 15:23:07,2026-03-25 02:47:33
0x3b12c7d311c91bb4717f0358ad4bd8f009fd2a5a,2026-03-22 01:10:37,0,3,0.5961833178911262,1,169,2026-03-21 15:23:07,2026-03-25 02:47:33
0x37e634650c196f0a30200ebc0049e7f18ba9b6a5,2026-03-22 01:10:39,0,3,0.49261425908854856,0,774,2026-03-21 15:23:07,2026-03-25 02:47:33
0x83182e6abe7101f2084eef8d570ebdfc66dc34a6,2026-03-22 01:11:43,0,3,0.3501496579208043,0,1286,2026-03-21 15:23:07,2026-03-25 02:47:33
0xcfea837f3fe0f60ad7334895a700d4d6dcf60a75,2026-03-22 01:11:59,0,3,0.5484708635954089,1,344,2026-03-21 15:23:07,2026-03-25 02:47:33
0x8f40a61b9164de5900a3c397b4d051b078085401,2026-03-22 01:13:05,1,3,0.5470964175328263,1,349,2026-03-21 15:23:07,2026-03-25 02:47:33
0xc934a4d7cedb01479d97e6c3a640a3e6802be226,2026-03-22 01:14:31,1,3,0.5404715352900407,1,387,2026-03-21 15:23:07,2026-03-25 02:47:33
0xcaf5a6b5613b1ada39f2f1f1c4940157c37e815b,2026-03-22 01:14:31,0,3,0.49632371393169267,0,739,2026-03-21 15:23:07,2026-03-25 02:47:33
0x31a2583f422797ac97fdf33871a6b6d8f1802ab8,2026-03-22 01:14:35,0,3,0.4818633978552992,0,883,2026-03-21 15:23:07,2026-03-25 02:47:33
0x3e1a0e35f6b6656501c7b74aed9dbe78295c21e8,2026-03-22 01:15:09,0,3,0.5230538827130728,1,516,2026-03-21 15:23:07,2026-03-25 02:47:33
0x8fe06347f925a82e6b41cd9ad5dbbbff3711dd34,2026-03-22 01:15:09,0,3,0.5215836287882503,1,524,2026-03-21 15:23:07,2026-03-25 02:47:33
0x200d01aaf6ecfb7407f343856f93f901de86a5b7,2026-03-22 01:15:17,0,3,0.5315177906683644,1,452,2026-03-21 15:23:07,2026-03-25 02:47:33
0x378bbe1f12ad46bbc6225b4f335cc8e7c5633bab,2026-03-22 01:15:21,0,3,0.47784994287416055,0,929,2026-03-21 15:23:07,2026-03-25 02:47:33
0x6da749a7efd7681aacb0788170a5f06f855e762a,2026-03-22 01:15:21,1,3,0.4683386767511876,0,1007,2026-03-21 15:23:07,2026-03-25 02:47:33
0xab2d057d2212ee2f016c413e5fee7f1bf2fbb1aa,2026-03-22 01:15:21,1,3,0.4935057117140671,0,763,2026-03-21 15:23:07,2026-03-25 02:47:33
0xd83b1361e3ff66b1e59010a67a12597e0f283a7a,2026-03-22 01:15:21,0,3,0.42333141881509245,0,1206,2026-03-21 15:23:07,2026-03-25 02:47:33
0xd3ba22788f539b32e5a07781539b3fe41f00f12c,2026-03-22 01:15:27,0,3,0.5411522744255123,1,384,2026-03-21 15:23:07,2026-03-25 02:47:33
0x6b917a1d4e1c48db5e558bdbe3e36777ebe7492e,2026-03-22 01:15:35,1,3,0.49729065027459046,0,711,2026-03-21 15:23:07,2026-03-25 02:47:33
0x562bc8068347268d9a69b8dd464d00eed0f9dc09,2026-03-22 01:15:51,0,3,0.6120687813334468,1,103,2026-03-21 15:23:07,2026-03-25 02:47:33
0x88a0e375faa7930ccb6a385284492d718783f673,2026-03-22 01:15:53,0,3,0.4426781539594516,0,1154,2026-03-21 15:23:07,2026-03-25 02:47:33
0xc414d5eccf24db126653cda70b562689f919d870,2026-03-22 01:17:07,0,3,0.45135790561591455,0,1120,2026-03-21 15:23:07,2026-03-25 02:47:33
0x1f1368b5e7da1ad09a1bac719c6187cf61fe420b,2026-03-22 02:13:15,0,3,0.5560568813507937,1,306,2026-03-21 15:23:07,2026-03-25 02:47:33
0x49d562e64dae238e39043ea7642acd5213928cf1,2026-03-22 02:13:15,0,3,0.6135409325377025,1,64,2026-03-21 15:23:07,2026-03-25 02:47:33
0x67ff01b42f0f82aa9b2b841ebb1d9587cbd712d5,2026-03-22 02:13:15,0,3,0.5560617158864153,1,304,2026-03-21 15:23:07,2026-03-25 02:47:33
0xb7539abf0079d0a23e2445260b7b9ab878720c39,2026-03-22 02:13:15,0,3,0.6136122946446655,1,49,2026-03-21 15:23:07,2026-03-25 02:47:33
0x141fd14692086fb37271e4b9f444febd23de7711,2026-03-22 02:13:55,0,3,0.4609713716299666,0,1061,2026-03-21 15:23:07,2026-03-25 02:47:33
0x7de48cbd65ee3703f5532340df358dc377e4ddcd,2026-03-22 02:14:25,0,3,0.5348677087872992,1,424,2026-03-21 15:23:07,2026-03-25 02:47:33
0xecb576f87930e34a6c87d4ac46828df6527dc553,2026-03-22 02:14:45,0,3,0.5363517068672673,1,417,2026-03-21 15:23:07,2026-03-25 02:47:33
0xf56e9ca7ab4335d56002b32fc6001611265ba853,2026-03-22 02:14:47,0,3,0.46404881912724244,0,1038,2026-03-21 15:23:07,2026-03-25 02:47:33
0xd7d990d85914e51804a58cbb82abee53e13881e5,2026-03-22 02:15:35,1,3,0.6025580041981676,1,153,2026-03-21 15:23:07,2026-03-25 02:47:33
0x50a7823b8fd6dee4e10dc25a9c9435e0566be95d,2026-03-22 02:16:01,1,3,0.6138009268190371,1,28,2026-03-21 15:23:07,2026-03-25 02:47:33
0x2422e1baa7f9a121e2b0b6f61dcedfae32973d71,2026-03-22 02:16:03,1,3,0.49734704580750716,0,708,2026-03-21 15:23:07,2026-03-25 02:47:33
0x6f22cfec84f10cf113dcbc1b3639c152925a1a78,2026-03-22 02:16:13,0,3,0.43169348210504144,0,1191,2026-03-21 15:23:07,2026-03-25 02:47:33
0x874fd328a33b24245f7888caf87afd25dac9409e,2026-03-22 02:16:13,0,3,0.5953277021544671,1,171,2026-03-21 15:23:07,2026-03-25 02:47:33
0xa368cd94b2a0efff5c7a6a8ff156b198a96a2619,2026-03-22 02:16:13,0,3,0.5718102929488343,1,248,2026-03-21 15:23:07,2026-03-25 02:47:33
0xf4290318c617d61e116cc384f031671251b1969e,2026-03-22 02:16:13,0,3,0.4446618765987305,0,1150,2026-03-21 15:23:07,2026-03-25 02:47:33
0x1e8a8c3e1d0b4f0383735470f60a0d750d46d76f,2026-03-22 02:16:15,0,3,0.5251937743198942,1,494,2026-03-21 15:23:07,2026-03-25 02:47:33
0xf405d51c138ebb968236a34d28e82b74945d9df2,2026-03-22 02:16:41,0,3,0.6101488192197012,1,117,2026-03-21 15:23:07,2026-03-25 02:47:33
0x4f1bad13ef34a4dfbbf167a29c7ce2723677bc10,2026-03-22 02:16:43,0,3,0.5848024292373618,1,208,2026-03-21 15:23:07,2026-03-25 02:47:33
0xadaddf1290dc8f32bc6a15283d00e769f3612e0d,2026-03-22 02:16:43,0,3,0.5603327634940236,1,287,2026-03-21 15:23:07,2026-03-25 02:47:33
0x1bc64666ac7ff862ad03bcbe93754ade1f62c936,2026-03-22 02:16:45,0,3,0.47244986237109254,0,973,2026-03-21 15:23:07,2026-03-25 02:47:33
0xbbcff1374cbb413288b884a882fd9305d29720ae,2026-03-22 02:17:03,0,3,0.49019329542334783,0,794,2026-03-21 15:23:07,2026-03-25 02:47:33
0xab47708e160396c929b0e637a7b176edeffabe54,2026-03-22 02:17:55,0,3,0.5960244569735202,1,170,2026-03-21 15:23:07,2026-03-25 02:47:33
0x0e6d05db5c62b0644f10e55eaf943a5899462b09,2026-03-22 02:17:57,1,3,0.4856126293936179,0,844,2026-03-21 15:23:07,2026-03-25 02:47:33
0x0862f028eff93e5985c469c299f7e27a1b76dc29,2026-03-22 02:17:59,0,3,0.55989206051895,1,289,2026-03-21 15:23:07,2026-03-25 02:47:33
0xd6ca917c3491772ac5c60a5974156e007cc63576,2026-03-22 02:17:59,0,3,0.5322793708086271,1,442,2026-03-21 15:23:07,2026-03-25 02:47:33
0xfe3079d5479be04d1d7f33adae6c47361f174916,2026-03-22 02:17:59,1,3,0.5322102980301329,1,444,2026-03-21 15:23:07,2026-03-25 02:47:33
0xaa05de09cee00b27ca514aadc0c601559008fed7,2026-03-22 02:18:05,0,3,0.547604957617674,1,348,2026-03-21 15:23:07,2026-03-25 02:47:33
0xf310d345262ea95620e70082f148d3bd2dd763b7,2026-03-22 02:18:17,0,3,0.49654100574003057,0,738,2026-03-21 15:23:07,2026-03-25 02:47:33
0x76399bdf758e019540a4384e8bb2826a80e428ff,2026-03-22 02:18:49,0,3,0.4733281331200738,0,962,2026-03-21 15:23:07,2026-03-25 02:47:33
0xdb22d842437302206d0671e26fbf47caba897474,2026-03-22 02:18:51,0,3,0.5076461283612042,1,629,2026-03-21 15:23:07,2026-03-25 02:47:33
0x407903ae7de57a63ab5758117aeffb4eefd8e7ba,2026-03-22 02:19:03,0,3,0.5075956120773787,1,632,2026-03-21 15:23:07,2026-03-25 02:47:33
0x5a808136d47d040926018d54a728beaabeaa13e4,2026-03-22 02:19:03,0,3,0.47039935795702825,0,995,2026-03-21 15:23:07,2026-03-25 02:47:33
0x62267057315343ab2ea18c199998e06deb457839,2026-03-22 02:19:03,0,3,0.5076039416524826,1,631,2026-03-21 15:23:07,2026-03-25 02:47:33
0xd2e00d2dd592bd9b3959f1044f309aa71d060e08,2026-03-22 02:19:15,0,3,0.48304760471672975,0,871,2026-03-21 15:23:07,2026-03-25 02:47:33
0x3ce39773029d615c08d4b3dc246d4f0ce88f885d,2026-03-22 02:19:17,0,3,0.47343830630488337,0,961,2026-03-21 15:23:07,2026-03-25 02:47:33
0x7df9e9fa14e2996b817b682bc70486a149483a84,2026-03-22 02:19:19,0,3,0.6009732997299674,1,161,2026-03-21 15:23:07,2026-03-25 02:47:33
0x10a194855da341f9f4bcdebedd60b679b9e1578a,2026-03-22 02:19:21,1,3,0.45403882751831504,0,1100,2026-03-21 15:23:07,2026-03-25 02:47:33
0x26767d97f2be0c7d92432e2eb81141822c2a1a9c,2026-03-22 02:19:21,0,3,0.5009718938808899,1,680,2026-03-21 15:23:07,2026-03-25 02:47:33
0xcd30786a7546807172050c6f4295f2ce292d943c,2026-03-22 02:19:53,0,3,0.48843614589221407,0,812,2026-03-21 15:23:07,2026-03-25 02:47:33
0x627f139322b80006924d1194d28a51b7ebe40bec,2026-03-22 02:19:55,0,3,0.4135660294055278,0,1224,2026-03-21 15:23:07,2026-03-25 02:47:33
0x0dee5f4a5f9850a9470d24e4cbe88376b37ef426,2026-03-22 02:19:57,0,3,0.4630945531403586,0,1045,2026-03-21 15:23:07,2026-03-25 02:47:33
0x0fdc386faf430d15a535dc8d3c022a047c8a7109,2026-03-22 02:19:57,0,3,0.4859369943217626,0,841,2026-03-21 15:23:07,2026-03-25 02:47:33
0xa3bac9ce2d9ee47ff652c409d5d3e9e75558991e,2026-03-22 02:21:01,1,3,0.49616052032986874,0,744,2026-03-21 15:23:07,2026-03-25 02:47:33
0x5ebc7515455ab73ae6727add73ec47f5b39adb9b,2026-03-22 21:07:41,0,3,0.6035039729414248,1,150,2026-03-21 15:23:07,2026-03-25 02:47:33
0xd5d921c17032f569f91922a9c508f0f01ef9c06a,2026-03-22 21:07:41,0,3,0.6109180616026891,1,113,2026-03-21 15:23:07,2026-03-25 02:47:33
0x0ac5faecf8d623a4a074758aedfea9339b24f963,2026-03-22 21:08:05,1,3,0.5033575871759111,1,663,2026-03-21 15:23:07,2026-03-25 02:47:33
0x14068bf9753cc7f0f95f86f89521e08a3c101bba,2026-03-22 21:08:05,0,3,0.6132128956980778,1,78,2026-03-21 15:23:07,2026-03-25 02:47:33
0x2ed68d4279aa390fc1b600e7ab87383c1068c5a7,2026-03-22 21:08:05,1,3,0.6136122946446655,1,50,2026-03-21 15:23:07,2026-03-25 02:47:33
0x6d2dbaa85fb486f19a47ced5588c095f75b99735,2026-03-22 21:08:05,0,3,0.4940497187026294,0,758,2026-03-21 15:23:07,2026-03-25 02:47:33
0x8f22ea6025544f808e54e6fd8a34211d48f5ce7d,2026-03-22 21:08:05,0,3,0.5910978567972693,1,184,2026-03-21 15:23:07,2026-03-25 02:47:33
0xa3b1037bebe2a59cc2812d782f39ffc19623716d,2026-03-22 21:08:05,0,3,0.5647428570769385,1,269,2026-03-21 15:23:07,2026-03-25 02:47:33
0xa9ca512633f001c7258ddffab87c1244135f3060,2026-03-22 21:08:29,0,3,0.5114655873751183,1,600,2026-03-21 15:23:07,2026-03-25 02:47:33
0x9f9b03cbf7e07d9cc4da0ad476a4364ca00e038c,2026-03-22 21:08:31,0,3,0.4535090134579703,0,1106,2026-03-21 15:23:07,2026-03-25 02:47:33
0x464c73e7db5170af89fb1a4427823c51a0804632,2026-03-22 21:08:35,0,3,0.5592842654626319,1,293,2026-03-21 15:23:07,2026-03-25 02:47:33
0x927004ead77a013ec27325f367eb65aac9e5fad3,2026-03-22 21:08:35,0,3,0.553561556670975,1,317,2026-03-21 15:23:07,2026-03-25 02:47:33
0x212041ab7acdea334d23c1614ae2503d97faa5a7,2026-03-22 21:08:37,0,3,0.577604235529812,1,226,2026-03-21 15:23:07,2026-03-25 02:47:33
0x3802d50885dcd7624c1f093bb74d86eb7f994693,2026-03-22 21:08:37,0,3,0.531303385029898,1,455,2026-03-21 15:23:07,2026-03-25 02:47:33
0xaec717b6141c4ce9c6517318befebe2de0dfc222,2026-03-22 21:08:41,0,3,0.5066841307221539,1,638,2026-03-21 15:23:07,2026-03-25 02:47:33
0x49206705d0683488a601652b00e5ac57864e2ef4,2026-03-22 21:08:43,0,3,0.48153367009173786,0,887,2026-03-21 15:23:07,2026-03-25 02:47:33
0x696bf00c2c55f75c285f689e5fafad73e81d5577,2026-03-22 21:08:57,0,3,0.4975280661977173,0,707,2026-03-21 15:23:07,2026-03-25 02:47:33
0xd3cb711f533539c81133e76893d93536458a1dcd,2026-03-22 21:08:59,1,3,0.4929510360145921,0,770,2026-03-21 15:23:07,2026-03-25 02:47:33
0x83325f73d1dd92a4d053cd658c21a11aeea0bd51,2026-03-22 21:09:01,0,3,0.6134133880804485,1,66,2026-03-21 15:23:07,2026-03-25 02:47:33
0x0e9238cf57c1fc21851d47ee99a3e189a952572a,2026-03-22 21:09:43,0,3,0.5778870983934346,1,225,2026-03-21 15:23:07,2026-03-25 02:47:33
0x933a34f53488059656e72467de021b0ef9d53825,2026-03-22 21:09:43,0,3,0.542435303655934,1,377,2026-03-21 15:23:07,2026-03-25 02:47:33
0xef4012c64c2ab30c26e42ebb960814c21130b116,2026-03-22 21:09:43,1,3,0.3163144596193836,0,1294,2026-03-21 15:23:07,2026-03-25 02:47:33
0x96aa838c075a62bd0c9b750f110f31dc165ad42f,2026-03-22 21:09:45,1,3,0.5505198974178633,1,332,2026-03-21 15:23:07,2026-03-25 02:47:33
0x2854051a054c01b4dda0b0e1c874ee1577b8a873,2026-03-22 21:09:47,0,3,0.5502161030642563,1,335,2026-03-21 15:23:07,2026-03-25 02:47:33
0xd9f85a841594e58a7e70dc1c588312eb11fc2139,2026-03-22 21:09:47,0,3,0.4967219811638363,0,734,2026-03-21 15:23:07,2026-03-25 02:47:33
0x78f1343ac62858014d7b64baa42371b543adf8f9,2026-03-22 21:09:49,0,3,0.5246817159371435,1,503,2026-03-21 15:23:07,2026-03-25 02:47:33
0x1e306fb4955d783491ba6686e849d69cb38a6710,2026-03-22 21:10:07,0,3,0.46350541078478646,0,1042,2026-03-21 15:23:07,2026-03-25 02:47:33
0x337d9d2c89553f958cce482d42d23d7eca7a01b8,2026-03-22 21:10:07,1,3,0.5457130011800534,1,356,2026-03-21 15:23:07,2026-03-25 02:47:33
0x34c978efafc91a160874d3d40b5adb85c3c2ef4b,2026-03-22 21:10:09,1,3,0.5316762945315379,1,451,2026-03-21 15:23:07,2026-03-25 02:47:33
0x8fa1bf7bc6f421d962c646e795bf47923ffd3807,2026-03-22 21:10:13,1,3,0.4920288522918258,0,779,2026-03-21 15:23:07,2026-03-25 02:47:33
0x0ee52436cfd4c726385fec293d48d99d3b44e798,2026-03-22 21:10:15,0,3,0.538317070903809,1,401,2026-03-21 15:23:07,2026-03-25 02:47:33
0xdf7dcc1f760010951c86031c7b1f0d99d0508c85,2026-03-22 21:11:29,0,3,0.4349657502297622,0,1181,2026-03-21 15:23:07,2026-03-25 02:47:33
0x472ea86dff28f28bdb8b6ce7e95fd5c6ccdde4a7,2026-03-22 21:11:31,1,3,0.5076324640654986,1,630,2026-03-21 15:23:07,2026-03-25 02:47:33
0x4dec87b73025af8e7b82cd8fabb0df528650de48,2026-03-22 21:11:31,0,3,0.457957578654639,0,1083,2026-03-21 15:23:07,2026-03-25 02:47:33
0x93f19abedc4c0bacb102b3866cc117367888c1f8,2026-03-22 21:11:31,1,3,0.35482462923140506,0,1278,2026-03-21 15:23:07,2026-03-25 02:47:33
0x79139f6b8a44553cb70313e324bbc8048a288e93,2026-03-22 21:11:33,0,3,0.6066898170290853,1,134,2026-03-21 15:23:07,2026-03-25 02:47:33
0x91ff403bfaa638957c417b9981caca0524d4edfd,2026-03-22 21:11:33,1,3,0.4636348062307586,0,1040,2026-03-21 15:23:07,2026-03-25 02:47:33
0xa70778138716dc1b2ea94c9412a975f6092de554,2026-03-22 21:11:33,0,3,0.5385495652178867,1,399,2026-03-21 15:23:07,2026-03-25 02:47:33
0xd01358afcbb1de91bd134edbd90affcc054ec6d7,2026-03-22 21:11:37,0,3,0.4971674359089363,0,716,2026-03-21 15:23:07,2026-03-25 02:47:33
0x1549fb63d590150f2df5118fde42ce3777731e19,2026-03-22 21:11:43,0,3,0.5336719004017515,1,433,2026-03-21 15:23:07,2026-03-25 02:47:33
0x6a78061fad58a42fd482de723973a778bb8b3ed6,2026-03-22 21:11:43,0,3,0.5339968112424888,1,432,2026-03-21 15:23:07,2026-03-25 02:47:33
0xb54ff6cbdd6653061e24110ed72db00b8d071738,2026-03-22 21:11:43,1,3,0.524858515701152,1,499,2026-03-21 15:23:07,2026-03-25 02:47:33
0xe3b44d717be511deadf37a19250b29a5ca427730,2026-03-22 21:11:43,0,3,0.5176625803015078,1,557,2026-03-21 15:23:07,2026-03-25 02:47:33
0xe5764d141cc28914f7cf0bd63dcc6b8842cedc0b,2026-03-22 21:11:43,1,3,0.5343216934033209,1,430,2026-03-21 15:23:07,2026-03-25 02:47:33
0x02a40699b5893d160ac1ae719c0700fb95ca6854,2026-03-22 21:11:45,0,3,0.4811264303666121,0,893,2026-03-21 15:23:07,2026-03-25 02:47:33
0x41743af6dd023a75e34c0a851d67fbe3427818fa,2026-03-22 21:11:45,0,3,0.4993849651052475,0,691,2026-03-21 15:23:07,2026-03-25 02:47:33
0x58a95371522665788885e89e149c7ff18bbd8b15,2026-03-22 21:11:45,1,3,0.53111634445773,1,456,2026-03-21 15:23:07,2026-03-25 02:47:33
0x9c2c057649fa5658a83a492c5a84ec612535dc30,2026-03-22 21:11:45,0,3,0.5330043108504395,1,435,2026-03-21 15:23:07,2026-03-25 02:47:33
0xda2a778f34aa76ff3f02f342c0fc2a171cb2cf75,2026-03-22 21:11:45,0,3,0.592199466804012,1,181,2026-03-21 15:23:07,2026-03-25 02:47:33
0x888b8fce359bffae73c6ab8c46cb9e4282b81bb8,2026-03-22 21:13:05,0,3,0.38827844638834025,0,1256,2026-03-21 15:23:07,2026-03-25 02:47:33
0x06cb73531a43553e31a8ad031026d4b33f1af47f,2026-03-23 02:46:01,0,3,0.5678811715712765,1,254,2026-03-21 15:23:07,2026-03-25 02:47:33
0x4ece0bd472df38c33e75c9d857c9c70fe0656a5a,2026-03-23 02:46:01,0,3,0.5859206487454622,1,204,2026-03-21 15:23:07,2026-03-25 02:47:33
0x0109fd145a8bfc646ecc82194106fd9f7da67d9b,2026-03-23 02:46:15,0,3,0.26985923110582183,0,1305,2026-03-21 15:23:07,2026-03-25 02:47:33
0xe6e19d4f503e7c57d82b9e37dec73ec2ee9e6579,2026-03-23 02:47:07,0,3,0.47249584892765667,0,972,2026-03-21 15:23:07,2026-03-25 02:47:33
0xe6bd5847c168a0d6b182ff5be7a24742a2560f6d,2026-03-23 02:50:09,0,3,0.37536459471441236,0,1270,2026-03-21 15:23:07,2026-03-25 02:47:33
0xf4399c623a4b03c9ac4b4471f26648c339479830,2026-03-23 02:50:09,0,3,0.4690276674025271,0,1001,2026-03-21 15:23:07,2026-03-25 02:47:33
0xa20997b88ad598a5ccecd64f7a07fe798f23d90e,2026-03-23 02:50:11,1,3,0.4229110725875983,0,1208,2026-03-21 15:23:07,2026-03-25 02:47:33
0xe4d9be7f7b9c807e0e89036d1bbe7c61270e16d0,2026-03-23 02:50:11,0,3,0.3855219863188834,0,1258,2026-03-21 15:23:07,2026-03-25 02:47:33
0x4268a4f2a325f58b38bd2b64dffe37a87343651a,2026-03-23 02:50:13,0,3,0.4690047878744128,0,1002,2026-03-21 15:23:07,2026-03-25 02:47:33
0xaa90fbf711a00c5e65887f581bec93c4e1e9853a,2026-03-23 02:50:13,1,3,0.49628339969352214,0,742,2026-03-21 15:23:07,2026-03-25 02:47:33
0x19adbc23e2ec2b655a6b387d53445fc2c3c42dbb,2026-03-23 02:50:23,0,3,0.6062217701571486,1,142,2026-03-21 15:23:07,2026-03-25 02:47:33
0x00be7c4fffec45583a9e08f351480e6457f65aca,2026-03-23 02:50:35,1,3,0.5170707041786633,1,564,2026-03-21 15:23:07,2026-03-25 02:47:33
0x60387dfcd3d7b6342b6c823f306fbf01ed8059ba,2026-03-23 02:50:35,1,3,0.5157116519514134,1,575,2026-03-21 15:23:07,2026-03-25 02:47:33
0xaf6c06ebd0abc9d66f4c7ed3c0d34170d71aeff5,2026-03-23 02:50:35,0,3,0.5436589902385689,1,369,2026-03-21 15:23:07,2026-03-25 02:47:33
0xbe6ad9c95a7b979d9ce1e8ba4c01b46222334d6e,2026-03-23 02:50:35,1,3,0.5861930005602002,1,202,2026-03-21 15:23:07,2026-03-25 02:47:33
0xe5b1e72bb5085c64d6b725e679b2cd3d4b71e22e,2026-03-23 02:50:37,0,3,0.503991184741781,1,657,2026-03-21 15:23:07,2026-03-25 02:47:33
0x7bf5282cf5355cc5de13529645f02f951a8879a0,2026-03-23 02:50:41,0,3,0.2668193345309547,0,1307,2026-03-21 15:23:07,2026-03-25 02:47:33
0x8454e6318819f0cac255006c99c40a3fc68d3587,2026-03-23 02:50:43,0,3,0.6136184863020998,1,48,2026-03-21 15:23:07,2026-03-25 02:47:33
0x96d118dce38b2a540a2f71b16ae3664f534dec74,2026-03-23 02:50:43,0,3,0.5091349958544933,1,611,2026-03-21 15:23:07,2026-03-25 02:47:33
0x65fbf252b1e496caf7af49dfc7066516818bb6aa,2026-03-23 02:50:49,0,3,0.4704497974577804,0,993,2026-03-21 15:23:07,2026-03-25 02:47:33
0x576e2a2e2f2c2ed6dc7bfb10223d72f6af55188c,2026-03-23 02:51:29,0,3,0.4406942735347613,0,1162,2026-03-21 15:23:07,2026-03-25 02:47:33
0x161e4c2d155df3adbc69d0766c69353dfec014dd,2026-03-23 02:51:33,0,3,0.4692097080561368,0,1000,2026-03-21 15:23:07,2026-03-25 02:47:33
0x934009e651476b422dcc4ff86046e446576d1ee7,2026-03-23 02:51:35,0,3,0.45983386322132147,0,1068,2026-03-21 15:23:07,2026-03-25 02:47:33
0x0848bf4688260b00fa1a8c979c8711b33235503a,2026-03-23 02:53:33,1,3,0.6010271909959729,1,160,2026-03-21 15:23:07,2026-03-25 02:47:33
0x4b47aa839bb7e7851bfa9dc794710e60e894dc05,2026-03-23 02:53:33,1,3,0.5030518722127395,1,667,2026-03-21 15:23:07,2026-03-25 02:47:33
0x2b0b58b3bac3527ea721d4ff05e34ba380d994d1,2026-03-23 02:53:35,0,3,0.47912199880043904,0,914,2026-03-21 15:23:07,2026-03-25 02:47:33
0xdf6664d8eecde7bca8c4fc109c90bf164208066d,2026-03-23 02:53:37,0,3,0.3293499018076952,0,1289,2026-03-21 15:23:07,2026-03-25 02:47:33
0xc6b3f390264930204c9383f8a2e944708ac6688a,2026-03-23 02:53:57,0,3,0.48116789014240124,0,892,2026-03-21 15:23:07,2026-03-25 02:47:33
0xea813859c3bf1c34a7d6443f469d5273ed26ef51,2026-03-23 02:53:57,0,3,0.4715088721058434,0,982,2026-03-21 15:23:07,2026-03-25 02:47:33
0x1803cf8f2c0d06716e5052a9421215764872bbf7,2026-03-23 02:54:37,0,3,0.601662234615193,1,156,2026-03-21 15:23:07,2026-03-25 02:47:33
0x8748f4d5367ac15c0daf5f22f5e7a2af8e25e31e,2026-03-23 02:54:55,0,3,0.4827766073938435,0,875,2026-03-21 15:23:07,2026-03-25 02:47:33
0xdc9d65e0326d88c286027e508db966f19c8da98b,2026-03-23 02:54:55,0,3,0.5685304082991942,1,253,2026-03-21 15:23:07,2026-03-25 02:47:33
0x82affdc6ed90f1bb2f4f47ec7c45395b70832f6b,2026-03-23 02:54:57,0,3,0.4131161247357762,0,1226,2026-03-21 15:23:07,2026-03-25 02:47:33
0x9456a98e25e17752eb8c8a6f9f624ac1f988af0c,2026-03-23 02:54:57,0,3,0.5729469726423253,1,244,2026-03-21 15:23:07,2026-03-25 02:47:33
0xbc4a65b5ff152119540c92955be6e680c5567098,2026-03-23 02:54:57,0,3,0.48141450078865344,0,889,2026-03-21 15:23:07,2026-03-25 02:47:33
0xeda428e3350472c3af04f8765d267107cbf5f573,2026-03-23 02:54:57,0,3,0.47075238712581136,0,988,2026-03-21 15:23:07,2026-03-25 02:47:33
0x2599ff35d0c801967b3e4fa2bcb086a4a493747e,2026-03-23 02:55:05,0,3,0.6132121210554943,1,82,2026-03-21 15:23:07,2026-03-25 02:47:33
0x8e6b7a40ba402a0c23312514d9442a55f53e13e4,2026-03-23 02:55:05,0,3,0.474518784883624,0,951,2026-03-21 15:23:07,2026-03-25 02:47:33
0x99ed7fad89ab72b9a0eb62c46ea41d24089eba07,2026-03-23 02:55:05,0,3,0.43140641295496446,0,1192,2026-03-21 15:23:07,2026-03-25 02:47:33
0xc036816f6c89f8d08dfadd85e48251a4987e7df5,2026-03-23 02:55:05,0,3,0.45264117913816876,0,1110,2026-03-21 15:23:07,2026-03-25 02:47:33
0xd4b6a860570bcd0beaaf15bf54a40fefa0a6573a,2026-03-23 02:55:05,1,3,0.5535569343438699,1,318,2026-03-21 15:23:07,2026-03-25 02:47:33
0xd84252e7f3a966a571b415061cd51af6f823c76d,2026-03-23 02:55:05,0,3,0.5167028022567909,1,569,2026-03-21 15:23:07,2026-03-25 02:47:33
0x08d632d2debdc4a9e50c4ea3a58e0597c185add2,2026-03-23 02:55:07,0,3,0.37562433174414445,0,1269,2026-03-21 15:23:07,2026-03-25 02:47:33
0x5676e1580a93be9f5224a27280c97acd20b47da7,2026-03-23 02:55:07,0,3,0.4467551308900923,0,1143,2026-03-21 15:23:07,2026-03-25 02:47:33
0xa62ee8c04dd0c527f02f06e4bf6125f5af0ea638,2026-03-23 02:55:07,1,3,0.4190736366557673,0,1218,2026-03-21 15:23:07,2026-03-25 02:47:33
0xc6160bbbd3d797cd9843c5a49eec8660d3393eed,2026-03-23 02:55:07,0,3,0.4513222275889675,0,1121,2026-03-21 15:23:07,2026-03-25 02:47:33
0x55690d08838b87dc25532f21012b01b6445fc927,2026-03-23 03:56:27,0,3,0.4970903339143069,0,719,2026-03-21 15:23:07,2026-03-25 02:47:33
0x7770520fe2281bbf32f187522a17a3a42b3f6779,2026-03-23 03:56:27,0,3,0.6124376571921112,1,97,2026-03-21 15:23:07,2026-03-25 02:47:33
0xad6588ef75dffd586a956fb0d2cd269f7acfb49e,2026-03-23 03:56:29,0,3,0.4679700059129123,0,1014,2026-03-21 15:23:07,2026-03-25 02:47:33
0x6f5d01a22ce0f5c8c28ae67a38bbf30b6c1339fb,2026-03-23 03:56:31,0,3,0.4978285292136887,0,704,2026-03-21 15:23:07,2026-03-25 02:47:33
0x351f60182a6978a9f8d1530058d82a48120fa826,2026-03-23 03:57:09,0,3,0.6139141640023031,1,2,2026-03-21 15:23:07,2026-03-25 02:47:33
0x7ea5c23cf3c6e77f6477b43d8188fe54d73f6eba,2026-03-23 03:57:09,0,3,0.45353506763155904,0,1105,2026-03-21 15:23:07,2026-03-25 02:47:33
0xb6ad16ddb66800104a30865edf6f17c78060df15,2026-03-23 03:57:09,0,3,0.4796910218467553,0,910,2026-03-21 15:23:07,2026-03-25 02:47:33
0x23c46463c281deb26a041fdcc24ae9c5d7629c42,2026-03-23 04:00:25,0,3,0.47290414482307036,0,964,2026-03-21 15:23:07,2026-03-25 02:47:33
0x27a3bb81f78cd87cc82e10a1ea3aa2cedd8fba31,2026-03-23 04:00:25,0,3,0.6132128951561533,1,79,2026-03-21 15:23:07,2026-03-25 02:47:33
0x931651c958016cc772f18729f349ee81441d541e,2026-03-23 04:00:25,0,3,0.6138397911578841,1,21,2026-03-21 15:23:07,2026-03-25 02:47:33
0xa839da67e259140280cfb54334814608359b9eed,2026-03-23 04:00:37,0,3,0.5370069486337682,1,410,2026-03-21 15:23:07,2026-03-25 02:47:33
0x20f76dd97be31f9e117ffd830c89c4fb1296c54f,2026-03-23 04:01:09,1,3,0.546061259747501,1,353,2026-03-21 15:23:07,2026-03-25 02:47:33
0x880f3a069ccad498a18573d388bd536d7f333cf5,2026-03-23 04:01:09,1,3,0.6075676160733278,1,130,2026-03-21 15:23:07,2026-03-25 02:47:33
0xc289c5fe05eed02d8b2a54994ccce104d72469ae,2026-03-23 04:01:09,1,3,0.5445137535798736,1,364,2026-03-21 15:23:07,2026-03-25 02:47:33
0xcf06d37d0d114a126833a9de9265d3aa39362417,2026-03-23 04:01:11,1,3,0.5450488320682939,1,359,2026-03-21 15:23:07,2026-03-25 02:47:33
0x76b8356b60b9bcac7458022c5f3c0337eeab4c9c,2026-03-23 04:01:23,0,3,0.6087442511539665,1,126,2026-03-21 15:23:07,2026-03-25 02:47:33
0xd69401216c06a6a7c74cd6a561c9518ff9dc54eb,2026-03-23 04:01:23,0,3,0.4683396131028103,0,1006,2026-03-21 15:23:07,2026-03-25 02:47:33
0x2cbab01f5b02769a1c5ffce5a71c4782db5fcc42,2026-03-23 04:01:25,0,3,0.46516941380130694,0,1030,2026-03-21 15:23:07,2026-03-25 02:47:33
0x929d43cfd988e7950d0983d307102636cb25162c,2026-03-23 04:01:25,0,3,0.579959341316565,1,221,2026-03-21 15:23:07,2026-03-25 02:47:33
0x1707d3f5ef614b219c17e90c952b36f699a14b9d,2026-03-23 04:01:29,1,3,0.5664560941381243,1,260,2026-03-21 15:23:07,2026-03-25 02:47:33
0x3e7aee510d0628e7eac4b3c4cbc19af4d566e0f3,2026-03-23 04:01:29,0,3,0.4522673112431261,0,1113,2026-03-21 15:23:07,2026-03-25 02:47:33
0x8b75f237e6c807c7b89d4c256029195c8a65ed49,2026-03-23 04:01:37,0,3,0.5368197278081185,1,411,2026-03-21 15:23:07,2026-03-25 02:47:33
0xc1aaa9a9df42bcd56e40ef0e8ad14dc5e4e1eed9,2026-03-23 04:01:39,0,3,0.49446126582225763,0,754,2026-03-21 15:23:07,2026-03-25 02:47:33
0x6680be6f43db1f70213be6f07416c3a6f21e0535,2026-03-23 04:01:41,0,3,0.4588638472597323,0,1074,2026-03-21 15:23:07,2026-03-25 02:47:33
0x68841a763e8ccab766710364475d20ee771b2518,2026-03-23 04:01:41,1,3,0.5086291359047076,1,618,2026-03-21 15:23:07,2026-03-25 02:47:33
0xbc0e063d74a240af1b2d539a595dd4300dfdabd9,2026-03-23 04:01:43,0,3,0.5389370661676702,1,396,2026-03-21 15:23:07,2026-03-25 02:47:33
0x267422a51a519dbb86a9d47ee47fe6f6fca7a13f,2026-03-23 04:01:51,0,3,0.49268984417890915,0,773,2026-03-21 15:23:07,2026-03-25 02:47:33
0x4e36f114bd765aecab1249d2e0c9e35b93d24667,2026-03-23 04:01:51,0,3,0.5597166150275127,1,290,2026-03-21 15:23:07,2026-03-25 02:47:33
0xe8b1d4f119405ccf0c53666d16e5af2080595dc6,2026-03-23 04:01:51,0,3,0.6133578192011993,1,69,2026-03-21 15:23:07,2026-03-25 02:47:33
0xb8382c35dc442f310343447ade89f76d7167931c,2026-03-23 04:02:55,0,3,0.529671616520447,1,461,2026-03-21 15:23:07,2026-03-25 02:47:33
0xce66d9fdd194321168ab794ecf4b296707064e46,2026-03-23 04:02:57,0,3,0.4138415156071972,0,1223,2026-03-21 15:23:07,2026-03-25 02:47:33
0xc9c9dbdb1ec5a6b3cb8687b9ab5210d6ba5545f0,2026-03-23 04:03:03,1,3,0.5242346677564673,1,507,2026-03-21 15:23:07,2026-03-25 02:47:33
0x5296879ef10bc66081a1b11cc42081cadd64711b,2026-03-23 04:03:05,1,3,0.4608849974710407,0,1062,2026-03-21 15:23:07,2026-03-25 02:47:33
0x05e172b931e5a210423e896e6bc280d082034c1e,2026-03-23 04:03:33,0,3,0.5364426940973945,1,415,2026-03-21 15:23:07,2026-03-25 02:47:33
0xa0f5c93456edfa257294e62ed2356902ae3c9bf0,2026-03-23 04:03:33,0,3,0.5127478148999638,1,590,2026-03-21 15:23:07,2026-03-25 02:47:33
0x0a93e98cfc19e547a42668f1b95a9c02c1efdd6c,2026-03-23 04:04:07,0,3,0.5391572808109883,1,394,2026-03-21 15:23:07,2026-03-25 02:47:33
0x4b77d66188a8f78ce5db0d01797d599b5e4593b0,2026-03-23 04:04:07,0,3,0.5196772945354657,1,539,2026-03-21 15:23:07,2026-03-25 02:47:33
0x98f8566884be2801bfdbfd38e9f6c4fb248265a4,2026-03-23 04:04:07,0,3,0.49566896838742047,0,749,2026-03-21 15:23:07,2026-03-25 02:47:33
0xa23632e9f89e5620ed8a2576cbe7438340ae9438,2026-03-23 04:04:07,0,3,0.4932403427322507,0,765,2026-03-21 15:23:07,2026-03-25 02:47:33
0xe3b9f008e6d900954372ca217e2fc788e303f627,2026-03-23 04:04:07,0,3,0.49602239358568745,0,745,2026-03-21 15:23:07,2026-03-25 02:47:33
0x4fdf6884f7d9905ceea5ccaf0c1b64d4b434e238,2026-03-23 04:04:37,0,3,0.5218376699125804,1,522,2026-03-21 15:23:07,2026-03-25 02:47:33
0x53de6c44b29a7db0ddbca61b9cc5b0d9bcaa6a44,2026-03-23 04:04:37,0,3,0.4263375356736818,0,1202,2026-03-21 15:23:07,2026-03-25 02:47:33
0x05a5741a0221a2ece7c92669b5856196c60a40ae,2026-03-23 05:17:09,0,3,0.5192566665099848,1,542,2026-03-21 15:23:07,2026-03-25 02:47:33
0x3784e243d933f3a1938918c5368a48a9879aa4ba,2026-03-23 05:17:09,1,3,0.6110457052248387,1,111,2026-03-21 15:23:07,2026-03-25 02:47:33
0xc1b4a308ff094b9d866834db230cc9aa8d8a1241,2026-03-23 05:17:09,0,3,0.5852671929575061,1,207,2026-03-21 15:23:07,2026-03-25 02:47:33
0xc8e4e7fa8b95a726c612f2a9f31c54fa798bce17,2026-03-23 05:18:45,0,3,0.4491794328882601,0,1131,2026-03-21 15:23:07,2026-03-25 02:47:33
0x84a5b8231ba94bbbdda91ce2df883a33e1afa891,2026-03-23 05:18:47,0,3,0.5292638097378626,1,463,2026-03-21 15:23:07,2026-03-25 02:47:33
0x21c6a246c61bfd419ef2fdca23c025d36721a95b,2026-03-23 05:19:03,0,3,0.5367218014435094,1,412,2026-03-21 15:23:07,2026-03-25 02:47:33
0xb1295d5ef9b7cffe934687ebea1ed9a1a65dc058,2026-03-23 05:19:03,0,3,0.40034606263839523,0,1244,2026-03-21 15:23:07,2026-03-25 02:47:33
0xb311c6993b1fe704132e86dae7a176b91a0552d6,2026-03-23 05:19:03,0,3,0.5364872375040172,1,414,2026-03-21 15:23:07,2026-03-25 02:47:33
0x0686a124d50de5e8dd3f09234c839338d33181b9,2026-03-23 05:19:05,0,3,0.5354412293530871,1,419,2026-03-21 15:23:07,2026-03-25 02:47:33
0xa685df32d64365bc81b10a66976e83a4981cd7bd,2026-03-23 05:19:05,0,3,0.46249830361329275,0,1053,2026-03-21 15:23:07,2026-03-25 02:47:33
0x1fded5b4429594727be74bce6f770de726f9c066,2026-03-23 05:19:07,0,3,0.43421681208817614,0,1183,2026-03-21 15:23:07,2026-03-25 02:47:33
0x454055f23ca3b194d29166c554c3a1d224267c30,2026-03-23 05:19:09,0,3,0.5669847400263551,1,257,2026-03-21 15:23:07,2026-03-25 02:47:33
0x354a7fc2cdfa932834419438eb17770bd5816d46,2026-03-23 05:19:11,1,3,0.4864601277584239,0,834,2026-03-21 15:23:07,2026-03-25 02:47:33
0x7c156e2e3c5cbea63c70f411522c5a4ef93f9667,2026-03-23 05:19:11,0,3,0.5344221126035468,1,427,2026-03-21 15:23:07,2026-03-25 02:47:33
0x79722bcd5866b0f174b2665749b8ca898bcf3055,2026-03-23 05:19:55,0,3,0.43681590864866965,0,1175,2026-03-21 15:23:07,2026-03-25 02:47:33
0xa3862f5a9a2db2c9e8bd97f4727c07cb634ec5b5,2026-03-23 05:19:55,0,3,0.502739786646788,1,671,2026-03-21 15:23:07,2026-03-25 02:47:33
0xe54d5f1eac0b5590cb3a659d3780c56dcaaf4639,2026-03-23 05:20:17,1,3,0.5234965699647102,1,513,2026-03-21 15:23:07,2026-03-25 02:47:33
0x4de50414d675d1e3b4c128f119457ee090b5616e,2026-03-23 05:20:19,0,3,0.5432737494828872,1,371,2026-03-21 15:23:07,2026-03-25 02:47:33
0x61faa7b73071accbc4bb71a343e3bed3939f7f62,2026-03-23 05:20:19,0,3,0.5264795500004028,1,481,2026-03-21 15:23:07,2026-03-25 02:47:33
0x08fae53222c9e442b35d63582829387810fbfd16,2026-03-23 05:20:41,0,3,0.542702750631847,1,375,2026-03-21 15:23:07,2026-03-25 02:47:33
0xde7af44a94e209824eb5e07360078bb1fdd1fa97,2026-03-23 05:21:11,0,3,0.6130797436011003,1,90,2026-03-21 15:23:07,2026-03-25 02:47:33
0x88906147a72d6e22a916f9bd17351a01e045cefb,2026-03-23 05:21:15,0,3,0.47871648995226657,0,919,2026-03-21 15:23:07,2026-03-25 02:47:33
0xce7557c8f75e32c0a618dd08b9fd86f199e7938c,2026-03-23 05:22:35,0,3,0.4692643701143536,0,999,2026-03-21 15:23:07,2026-03-25 02:47:33
0x938a209f7a2405f22ab9b7fa327a85df7a94448b,2026-03-23 06:19:47,0,3,0.5285654079389432,1,468,2026-03-21 15:23:07,2026-03-25 02:47:33
0xb971ed4ba37efc0341138e650bfe71fa1d5902f4,2026-03-23 06:19:47,0,3,0.5795161500632,1,222,2026-03-21 15:23:07,2026-03-25 02:47:33
0xd3ce28fad55e02e54680c1d414d4b921f1c7618d,2026-03-23 06:19:47,0,3,0.6132593447935721,1,74,2026-03-21 15:23:07,2026-03-25 02:47:33
0xfc436dafe2e24e0db786f538dfa528dbc9aa1c86,2026-03-23 06:19:47,0,3,0.5096468955738388,1,608,2026-03-21 15:23:07,2026-03-25 02:47:33
0x05ddbe2edc2fcb293eb149028f45e93cec14305c,2026-03-23 06:19:51,0,3,0.459908964576347,0,1067,2026-03-21 15:23:07,2026-03-25 02:47:33
0x1ef5bc369ae4a6ef98bcd443f2281c96ef2c9293,2026-03-23 06:19:51,0,3,0.5040448627613721,1,656,2026-03-21 15:23:07,2026-03-25 02:47:33
0xabd03fd16fea0644eb2e1baeeb8e36b1f13f22e1,2026-03-23 06:19:51,0,3,0.49664194327265554,0,735,2026-03-21 15:23:07,2026-03-25 02:47:33
0xb02c80f8492dcee0bf2f0aa47c30ce946da0b012,2026-03-23 06:19:51,0,3,0.5629516256168785,1,277,2026-03-21 15:23:07,2026-03-25 02:47:33
0xe846a6b10f2faec89a2b862a8a4a27a6da681c82,2026-03-23 06:20:11,1,3,0.4991958501859348,0,693,2026-03-21 15:23:07,2026-03-25 02:47:33
0xa2809a3d16024174b40774ac343086b466513343,2026-03-23 06:20:13,0,3,0.28830146228702747,0,1299,2026-03-21 15:23:07,2026-03-25 02:47:33
0xc5ab63b1fd351e7008236ae8919807208a1244b9,2026-03-23 06:20:13,1,3,0.462108859956033,0,1056,2026-03-21 15:23:07,2026-03-25 02:47:33
0xd72e8d6883eed5f716f9a88950c50a9ba4e715aa,2026-03-23 06:20:13,1,3,0.5328085698915229,1,437,2026-03-21 15:23:07,2026-03-25 02:47:33
0x1fea4066d9d8b199f806a28eab1803159d0f5685,2026-03-23 06:20:15,0,3,0.6063087783165183,1,136,2026-03-21 15:23:07,2026-03-25 02:47:33
0xb35e8e34f9cc769d9ab20f640b707b7129237d72,2026-03-23 06:20:15,1,3,0.5352769698324513,1,423,2026-03-21 15:23:07,2026-03-25 02:47:33
0xd87dce23c4d48ef1b5532804778686924414026b,2026-03-23 06:21:15,0,3,0.45904083807248236,0,1073,2026-03-21 15:23:07,2026-03-25 02:47:33
0xa1c32ee930121aac72dc0b65b88f5aa1679f8c57,2026-03-23 06:21:17,0,3,0.5836572879841938,1,210,2026-03-21 15:23:07,2026-03-25 02:47:33
0x9950e1506fcdd2eb5c3b9c695b130d0c3c13d55f,2026-03-23 06:22:03,0,3,0.49067243590969306,0,790,2026-03-21 15:23:07,2026-03-25 02:47:33
0x01ced860d8dca5d7987579d2a2635df8520d27a2,2026-03-23 06:22:05,0,3,0.48922599792131566,0,800,2026-03-21 15:23:07,2026-03-25 02:47:33
0x01d49b1b277f68b432a815c56decbfc59a67d272,2026-03-23 06:22:05,0,3,0.5446327612994556,1,363,2026-03-21 15:23:07,2026-03-25 02:47:33
0x0fb295958b15cbe1d9502db569b427564d800ef6,2026-03-23 06:22:05,0,3,0.5576261891840509,1,297,2026-03-21 15:23:07,2026-03-25 02:47:33
0x589c9f75b2d9c8e16c5170e9c981ae645a5812c1,2026-03-23 06:22:07,0,3,0.5051240743610956,1,646,2026-03-21 15:23:07,2026-03-25 02:47:33
0xd0f063189c0470ea33b38f5149ec52db03719986,2026-03-23 06:22:07,0,3,0.5641104416657106,1,271,2026-03-21 15:23:07,2026-03-25 02:47:33
0xc9027e128c318551de3d6eac9fa299e7ef03ec67,2026-03-23 06:22:09,0,3,0.519017009235245,1,545,2026-03-21 15:23:07,2026-03-25 02:47:33
0xe0fd4a1a0ade208b59d74905d84e6f13950102b3,2026-03-23 06:22:09,1,3,0.48839339296174944,0,813,2026-03-21 15:23:07,2026-03-25 02:47:33
0x9e1aaa38a926b13ced0644fea9fe77238aa9a960,2026-03-23 06:22:31,0,3,0.6139141640023031,1,3,2026-03-21 15:23:07,2026-03-25 02:47:33
0xf4793eeb2d17c33230921a93ee67f6f7e6d70fe3,2026-03-23 06:24:01,1,3,0.5184822099364356,1,551,2026-03-21 15:23:07,2026-03-25 02:47:33
0x112073302d5f1b556398d100eb1b6eb38627fcfa,2026-03-23 06:25:03,0,3,0.49065484147023636,0,791,2026-03-21 15:23:07,2026-03-25 02:47:33
0x2ca71a3b5c45449308e2fc8980226f32b38c1b3e,2026-03-23 06:25:03,0,3,0.49705156599942135,0,720,2026-03-21 15:23:07,2026-03-25 02:47:33
0x3a855ba8cdce3fce20ddf6c2867c4889cfa1e543,2026-03-23 06:25:05,0,3,0.5577976534284013,1,296,2026-03-21 15:23:07,2026-03-25 02:47:33
0xa5d5482c7e3d9350f9561dcdfc35ecba9a1a2d18,2026-03-23 06:25:05,0,3,0.42700689699857497,0,1199,2026-03-21 15:23:07,2026-03-25 02:47:33
0x1c01abb1a117229973d0d5b6875c79e20e761a8d,2026-03-23 06:25:13,0,3,0.5262088793864189,1,484,2026-03-21 15:23:07,2026-03-25 02:47:33
0x9fc43b05c7ef52acef5af5600ec8206da26ac2b4,2026-03-23 06:25:13,0,3,0.4472061783253952,0,1141,2026-03-21 15:23:07,2026-03-25 02:47:33
0xb84616229cfb55393208b0f4e8267ba67fc7eb61,2026-03-23 06:25:13,0,3,0.4924428840459037,0,775,2026-03-21 15:23:07,2026-03-25 02:47:33
0xf63d8d45708bc87e73fa0bd8766e140157e515d7,2026-03-23 06:25:13,0,3,0.5184033868189067,1,552,2026-03-21 15:23:07,2026-03-25 02:47:33
0x3f3099815c14a40db582a36c4ac7fd08a54b9ea0,2026-03-23 06:25:19,1,3,0.43363953337686806,0,1186,2026-03-21 15:23:07,2026-03-25 02:47:33
0x608283cff25deec074abf949eb6a1ddd4520d251,2026-03-23 06:25:19,1,3,0.5156485087615674,1,576,2026-03-21 15:23:07,2026-03-25 02:47:33
0x170b53a2b92fdb48c05393562f59d6d973064737,2026-03-23 06:26:39,0,3,0.48993040909359525,0,796,2026-03-21 15:23:07,2026-03-25 02:47:33
0x997e2b8e66cf1cf4d26b8adcd736a02301316dfc,2026-03-23 07:21:07,0,3,0.5525451461026047,1,324,2026-03-21 15:23:07,2026-03-25 02:47:33
0xcbf9b8d505679a57cdd12412b7fc420c53e8072c,2026-03-23 07:21:07,1,3,0.5265145769600376,1,480,2026-03-21 15:23:07,2026-03-25 02:47:33
0x69b24757ec1116aa65879b00503a0709463de50a,2026-03-23 07:21:09,1,3,0.4404107428322594,0,1164,2026-03-21 15:23:07,2026-03-25 02:47:33
0xdd333610a0d4c69975a7cc6167e110f1cc315452,2026-03-23 07:21:09,0,3,0.5444457685801106,1,365,2026-03-21 15:23:07,2026-03-25 02:47:33
0x33c9101c64b9ba0ffcc200408afa2e91891f5124,2026-03-23 07:21:11,0,3,0.6097225784426791,1,122,2026-03-21 15:23:07,2026-03-25 02:47:33
0xd44c5c69bc59d94084958d7127a86145f6f1d5a6,2026-03-23 07:21:11,0,3,0.4875385081430338,0,821,2026-03-21 15:23:07,2026-03-25 02:47:33
0xbc3fd19f3db2085a6df3456b01e302d630c77bc7,2026-03-23 07:21:21,0,3,0.4969764956611596,0,726,2026-03-21 15:23:07,2026-03-25 02:47:33
0xc7449c2740f53b350289106af9b6980a73b16ce3,2026-03-23 07:21:21,1,3,0.6101885086562989,1,116,2026-03-21 15:23:07,2026-03-25 02:47:33
0xc5d5b7a91373696942e73a1b900edc0cac21918d,2026-03-23 07:22:11,0,3,0.43522262851732113,0,1179,2026-03-21 15:23:07,2026-03-25 02:47:33
0x4b4a0a9d023504cc73705a9ba09bb7cca7e5efa3,2026-03-23 07:22:17,0,3,0.4205725900906314,0,1215,2026-03-21 15:23:07,2026-03-25 02:47:33
0xe7123a5454f9be0a197d5909d2720a4d473c9a10,2026-03-23 07:22:17,0,3,0.6133286283398789,1,70,2026-03-21 15:23:07,2026-03-25 02:47:33
0x3453461fc2f442362188ddd081558bebbe5d7ae4,2026-03-23 07:22:47,1,3,0.5376987775021501,1,403,2026-03-21 15:23:07,2026-03-25 02:47:33
0x06e08200898009ce5e2a9863289cb83eb813d887,2026-03-23 07:22:49,1,3,0.5895553149993165,1,188,2026-03-21 15:23:07,2026-03-25 02:47:33
0x8ff2bbaace2cd050b7f7fce29bb95a058d9454b8,2026-03-23 07:22:51,0,3,0.4878195503858654,0,817,2026-03-21 15:23:07,2026-03-25 02:47:33
0x6792264ad05571d1c8612ab0ea593e009da21565,2026-03-23 07:22:53,0,3,0.5572598469107721,1,298,2026-03-21 15:23:07,2026-03-25 02:47:33
0x488152f356e95a3b76a25c2defde5df861a813b5,2026-03-23 07:23:13,1,3,0.6099555687493885,1,120,2026-03-21 15:23:07,2026-03-25 02:47:33
0x1a50cb72a51bc56e2a2dc0507a3e3537058fa80b,2026-03-23 07:23:15,0,3,0.4555231529586562,0,1094,2026-03-21 15:23:07,2026-03-25 02:47:33
0x46b438221cea053fc6092af597da395aa5ba72e9,2026-03-23 07:23:15,0,3,0.5438899229650838,1,368,2026-03-21 15:23:07,2026-03-25 02:47:33
0x7a22d12c185b4cb6944716d04cf0e6f40ee97629,2026-03-23 07:23:35,0,3,0.4859041825872081,0,842,2026-03-21 15:23:07,2026-03-25 02:47:33
0x250b627971b4563df91fdb1e4905d2ef13166d49,2026-03-23 07:23:37,0,3,0.4943664532222923,0,755,2026-03-21 15:23:07,2026-03-25 02:47:33
0x41c2fd175c212aec5fc2610580935c8d3f77391e,2026-03-23 07:25:19,1,3,0.5072715249740051,1,633,2026-03-21 15:23:07,2026-03-25 02:47:33
0xf399ad401d75b4ba8ed9843cb6e208edfbbd7340,2026-03-23 07:25:19,0,3,0.6057173546236956,1,145,2026-03-21 15:23:07,2026-03-25 02:47:33
0x1dd63a243da7c85c56fd88dd81a77fc144378577,2026-03-23 07:25:21,0,3,0.6047612228477377,1,149,2026-03-21 15:23:07,2026-03-25 02:47:33
0xd1e174596912e8f96207babbc57d936966a2d314,2026-03-23 07:25:21,0,3,0.48817596998760293,0,815,2026-03-21 15:23:07,2026-03-25 02:47:33
0x114c9fa24a65c18aedafca4f0c3c296346eb4603,2026-03-23 07:25:43,0,3,0.5371558460275846,1,408,2026-03-21 15:23:07,2026-03-25 02:47:33
0x7a35047aa4e764c58e4c6fb3afcfa92e6136bfa2,2026-03-23 07:25:45,0,3,0.5865452386517246,1,198,2026-03-21 15:23:07,2026-03-25 02:47:33
0xc8d27d1946f7f4511d1ef5f9144db21f67bca0e2,2026-03-23 07:25:49,0,3,0.5167183596180098,1,568,2026-03-21 15:23:07,2026-03-25 02:47:33
0x688efc5400be32017978bfa11288bd696379b122,2026-03-23 07:26:01,0,3,0.6131919921472576,1,86,2026-03-21 15:23:07,2026-03-25 02:47:33
0xd6fdbc98211f9229815d30f1348d5d478afa052d,2026-03-23 07:26:55,0,3,0.5325229441898806,1,440,2026-03-21 15:23:07,2026-03-25 02:47:33
0xdbb5a2e5b2e8b9f275b8cfb88a05ab535649421d,2026-03-23 07:26:57,0,3,0.5168158721391091,1,567,2026-03-21 15:23:07,2026-03-25 02:47:33
0xe617861a96631d7cefdb1ad43e95c33b5946f251,2026-03-23 07:26:57,0,3,0.23350437616533942,0,1313,2026-03-21 15:23:07,2026-03-25 02:47:33
0xcae4a5349b50123281f685fe8943df0776c93df5,2026-03-23 07:27:19,0,3,0.5138327396526668,1,585,2026-03-21 15:23:07,2026-03-25 02:47:33
0x2c663a8910473f02e25bd12cd81311dd322cf4d3,2026-03-23 07:27:51,0,3,0.4885493511778214,0,809,2026-03-21 15:23:07,2026-03-25 02:47:33
0x488037b4a579db6eff6b43730a73c13b47127a20,2026-03-23 16:28:31,0,3,0.4781582912153697,0,925,2026-03-21 15:23:07,2026-03-25 02:47:33
0x563d225f21fb11d69273694ad8daaddb3f820f60,2026-03-23 16:28:31,0,3,0.4781582912153697,0,926,2026-03-21 15:23:07,2026-03-25 02:47:33
0x5ce6f6cc500bc449f247da4cc9be830853ad15e7,2026-03-23 16:28:31,1,3,0.5082409861090713,1,624,2026-03-21 15:23:07,2026-03-25 02:47:33
0x610bd8208f2533adadad5b137f495a083fcee158,2026-03-23 16:28:31,1,3,0.47183110044824506,0,979,2026-03-21 15:23:07,2026-03-25 02:47:33
0x07a5e7e6deee5e32e922db0ab107b0a4361d9c81,2026-03-23 16:28:35,0,3,0.5272427895558426,1,472,2026-03-21 15:23:07,2026-03-25 02:47:33
0x32b484581fc5606de9c1e43af4636b6be9bc8b21,2026-03-23 16:28:35,0,3,0.14973814559214252,0,1318,2026-03-21 15:23:07,2026-03-25 02:47:33
0x4521430c161e6c1642cf15195e7bc2c6c6cd4e6c,2026-03-23 16:28:35,0,3,0.5099566504665838,1,606,2026-03-21 15:23:07,2026-03-25 02:47:33
0x8f155824f9799608e42221b0e64b6775f602f295,2026-03-23 16:28:35,0,3,0.4835461184223102,0,866,2026-03-21 15:23:07,2026-03-25 02:47:33
0x4993b913f2827da2356aac1ceea1a33cbfe32511,2026-03-23 16:28:37,0,3,0.504163631539353,1,654,2026-03-21 15:23:07,2026-03-25 02:47:33
0x0b95f6139e1c0c475f74ccf7483d539cc23807e5,2026-03-23 16:29:17,0,3,0.5816988163309947,1,216,2026-03-21 15:23:07,2026-03-25 02:47:33
0xcb12331290a2995c88eafa1b0252f40ba114cf72,2026-03-23 16:29:17,0,3,0.47185379802315947,0,978,2026-03-21 15:23:07,2026-03-25 02:47:33
0xbc5e01faa70f7ad3a6bcac69bedd206b1b58168f,2026-03-23 16:29:23,0,3,0.6062398826296792,1,137,2026-03-21 15:23:07,2026-03-25 02:47:33
0x9019dbb882d6823c4c292a3bdbb4f0193c06a5d8,2026-03-23 16:29:25,1,3,0.4772686741788772,0,934,2026-03-21 15:23:07,2026-03-25 02:47:33
0x09a805fb5adcc63007cce8a81f3aca4bca37a3ea,2026-03-23 16:29:27,1,3,0.6124376571921112,1,98,2026-03-21 15:23:07,2026-03-25 02:47:33
0x735102873ca6eb7b6c383982d27036b8acd1b857,2026-03-23 16:29:27,0,3,0.6082684242562654,1,127,2026-03-21 15:23:07,2026-03-25 02:47:33
0xc45b2f47edd5be8d4803b94328113de71b6ebd79,2026-03-23 16:29:27,1,3,0.44171035320385604,0,1158,2026-03-21 15:23:07,2026-03-25 02:47:33
0x720c7e5bae94674b136bf8ce733ef12b49495d74,2026-03-23 16:31:01,0,3,0.2749018797137183,0,1301,2026-03-21 15:23:07,2026-03-25 02:47:33
0xfdd4b3f7b2ea58596932d7dd994efa8b075a4cff,2026-03-23 16:31:01,1,3,0.515381524604796,1,579,2026-03-21 15:23:07,2026-03-25 02:47:33
0x0a7f968b23e98f8144e362e3416670ebe251d002,2026-03-23 16:31:03,0,3,0.5524317177595693,1,325,2026-03-21 15:23:07,2026-03-25 02:47:33
0x0ab6813de9daddb946b8e2b6c034d08f6e664880,2026-03-23 16:31:03,0,3,0.5291756815707933,1,465,2026-03-21 15:23:07,2026-03-25 02:47:33
0x2dce9352bccd9da049e2e281277b6588c8c35493,2026-03-23 16:31:03,1,3,0.5570925106008057,1,299,2026-03-21 15:23:07,2026-03-25 02:47:33
0xada1075ed917874063d2a8f3c5eaaba9ff1f5c72,2026-03-23 16:31:03,0,3,0.6138003310374746,1,31,2026-03-21 15:23:07,2026-03-25 02:47:33
0xbf71accecd63ca441eea4827bdc724b9dc0597eb,2026-03-23 16:31:03,1,3,0.4597751342392243,0,1069,2026-03-21 15:23:07,2026-03-25 02:47:33
0xd19483ad82039528e9c390059413c8f7433cf651,2026-03-23 16:31:03,0,3,0.4582814663880378,0,1081,2026-03-21 15:23:07,2026-03-25 02:47:33
0xd45becf4e89508abf5f60fe1610049fe86b6c145,2026-03-23 16:31:03,0,3,0.6139086494315319,1,7,2026-03-21 15:23:07,2026-03-25 02:47:33
0xae100770375e1fa9058168ceb199b8e45257d0d9,2026-03-23 16:31:09,0,3,0.5911661182481639,1,183,2026-03-21 15:23:07,2026-03-25 02:47:33
0x20313449c44c3cefaca846ca2db195ebcbe9cfd7,2026-03-23 16:31:11,0,3,0.5366149322501766,1,413,2026-03-21 15:23:07,2026-03-25 02:47:33
0x811252b5fe1b98addf6390b4c50f31d0eabd0ffb,2026-03-23 16:31:11,1,3,0.5264331698283355,1,483,2026-03-21 15:23:07,2026-03-25 02:47:33
0xdeb64ac37e6a0e9376d5ede611e096916e79be3e,2026-03-23 16:31:11,0,3,0.4746418466745462,0,949,2026-03-21 15:23:07,2026-03-25 02:47:33
0x994cda96d5f2a081c0ffd3da332534fac5207d0a,2026-03-23 16:31:13,1,3,0.48488439971226677,0,853,2026-03-21 15:23:07,2026-03-25 02:47:33
0xe08708ff38006cc3193decf5bbefbc087821ad15,2026-03-23 16:31:13,1,3,0.4480167286135044,0,1135,2026-03-21 15:23:07,2026-03-25 02:47:33
0x4020dea00e3246ab6079dc773dc2852f41fa4857,2026-03-23 16:31:49,1,3,0.5501130382099417,1,337,2026-03-21 15:23:07,2026-03-25 02:47:33
0x20bae509245385789fb8af1e79bcba81d2766c27,2026-03-23 16:32:01,1,3,0.5951045976288352,1,174,2026-03-21 15:23:07,2026-03-25 02:47:33
0x284925224a61809c0859668f6242fc79ba9d63f8,2026-03-23 16:32:01,1,3,0.4848292467987088,0,855,2026-03-21 15:23:07,2026-03-25 02:47:33
0x140570139dbc097f7ab7f15e65e9c99a2427d36f,2026-03-23 16:32:03,1,3,0.44803297997574437,0,1134,2026-03-21 15:23:07,2026-03-25 02:47:33
0x5a3fb273929e74682f2dcf0176c32f079209963b,2026-03-23 16:32:03,0,3,0.4741657817684587,0,957,2026-03-21 15:23:07,2026-03-25 02:47:33
0x93feb3e481708993ea4602e2ca7c6123a05c42db,2026-03-23 16:32:05,0,3,0.5126670021760121,1,591,2026-03-21 15:23:07,2026-03-25 02:47:33
0xc1990f52b15a905e4b900299df9072326f48c67c,2026-03-23 16:32:05,0,3,0.4793619743279172,0,913,2026-03-21 15:23:07,2026-03-25 02:47:33
0xede5bfbb0871ecebf2142206311155db8ef87e8e,2026-03-23 16:32:09,0,3,0.5241593565198395,1,508,2026-03-21 15:23:07,2026-03-25 02:47:33
0x0dcf5b49627c5194805bd1af846fd0bd3388c556,2026-03-23 16:32:11,0,3,0.39718785556136155,0,1248,2026-03-21 15:23:07,2026-03-25 02:47:33
0x2996cd9f472d6a44dd1cc3312e6288a1c14cfd9d,2026-03-23 16:32:29,0,3,0.5153502899135846,1,580,2026-03-21 15:23:07,2026-03-25 02:47:33
0x582ae5519f7ee6d6b127085df01a0581c9e7a781,2026-03-23 16:32:29,0,3,0.36835827980899144,0,1272,2026-03-21 15:23:07,2026-03-25 02:47:33
0xe266cdd2f473b6d2837e37ba878bba9414a4ffc9,2026-03-23 16:32:45,1,3,0.4984492776018575,0,698,2026-03-21 15:23:07,2026-03-25 02:47:33
0x802f3e34d0e1fdfd09eefc74e4e0f4998e4554d2,2026-03-23 16:33:07,1,3,0.5100830716636439,1,604,2026-03-21 15:23:07,2026-03-25 02:47:33
0x9621aafc7a9178d403d945718aaeed5fa5a22fa9,2026-03-23 16:33:07,1,3,0.47751797931316253,0,931,2026-03-21 15:23:07,2026-03-25 02:47:33
0x9b3fd4c90c3ff5629b4296edd80c9c8db42ad7ed,2026-03-23 16:33:07,1,3,0.5212415493127257,1,529,2026-03-21 15:23:07,2026-03-25 02:47:33
0xaf51ea6431e3bd57e4cc1928380d445f72b108c8,2026-03-23 16:33:07,0,3,0.4630282219316041,0,1047,2026-03-21 15:23:07,2026-03-25 02:47:33
0xe7f28970846a3ff1dfa0754422722fb5ba3cc94e,2026-03-23 16:33:07,0,3,0.5195346653718619,1,541,2026-03-21 15:23:07,2026-03-25 02:47:33
0x2c1f45b9934b8b825aac5cd763ee8bca56ed298a,2026-03-23 16:33:35,0,3,0.4866175515641584,0,831,2026-03-21 15:23:07,2026-03-25 02:47:33
0x3e6b718b3db8c5b3f27ecf48f3c2d5b2cccae429,2026-03-23 16:33:35,0,3,0.4857689878349754,0,843,2026-03-21 15:23:07,2026-03-25 02:47:33
0x667f5a7bd62f2eeb2f23fd854b9b35a7b61730ec,2026-03-23 16:33:35,0,3,0.5320138206757596,1,448,2026-03-21 15:23:07,2026-03-25 02:47:33
0x88bcb9f0006a93655e640002b566c9968efafc0d,2026-03-23 16:34:27,0,3,0.4972539306692674,0,713,2026-03-21 15:23:07,2026-03-25 02:47:33
0x2c308c5e0a8511e60476c6b6424736c8baee2420,2026-03-23 17:32:07,0,3,0.35118791253952647,0,1285,2026-03-21 15:23:07,2026-03-25 02:47:33
0xf90fe437fb734108945d6e4719a2a19e3aca2624,2026-03-23 17:32:11,0,3,0.5222322246131605,1,521,2026-03-21 15:23:07,2026-03-25 02:47:33
0xad100f879648d428ee6ee7b2be94c9df2dd2c850,2026-03-23 17:32:13,0,3,0.5866346988197705,1,197,2026-03-21 15:23:07,2026-03-25 02:47:33
0x6a7d5b08a730affcbc8b017f7510a9faedb6388f,2026-03-23 17:32:31,0,3,0.5830939481416554,1,212,2026-03-21 15:23:07,2026-03-25 02:47:33
0xaab4099bf0948a2ed72c7db6cea077ebde9cc996,2026-03-23 17:33:49,0,3,0.49875862628014167,0,696,2026-03-21 15:23:07,2026-03-25 02:47:33
0x81c007e6d200b9a1f4af727f8c958c1cad158b96,2026-03-23 17:34:37,0,3,0.6136958705619994,1,44,2026-03-21 15:23:07,2026-03-25 02:47:33
0x9d4cb445406eeb809832afe9c695235a256b2042,2026-03-23 17:34:39,0,3,0.44971301175093226,0,1126,2026-03-21 15:23:07,2026-03-25 02:47:33
0xa56a70b053afb38452b8c724466093dd9e9c2d0c,2026-03-23 17:34:39,0,3,0.5233546148850596,1,514,2026-03-21 15:23:07,2026-03-25 02:47:33
0xd5fc9c014298e1c403becc1bf72d691afdda28ab,2026-03-23 17:34:41,0,3,0.6138771608342186,1,14,2026-03-21 15:23:07,2026-03-25 02:47:33
0xa81d518e75001a9ff80e14bcb850663d30587447,2026-03-23 17:34:47,0,3,0.4408503950413201,0,1161,2026-03-21 15:23:07,2026-03-25 02:47:33
0x70f968816adc8dab24e09fd72c9269224cb8f25b,2026-03-23 17:34:49,0,3,0.6138622285986074,1,15,2026-03-21 15:23:07,2026-03-25 02:47:33
0xdbda3d4ef7c0ae676d10ed107e4736f1823b8bd5,2026-03-23 17:34:49,0,3,0.5945672025037115,1,175,2026-03-21 15:23:07,2026-03-25 02:47:33
0x0771d4d8d7b7f71d4839b7650225c554c3120a91,2026-03-23 17:35:23,0,3,0.5781285581270811,1,224,2026-03-21 15:23:07,2026-03-25 02:47:33
0x2e155931c64d3ba4e65a24acf6416046ec25c968,2026-03-23 17:35:23,0,3,0.5370494619934421,1,409,2026-03-21 15:23:07,2026-03-25 02:47:33
0x555119a86a3b997d855ef25543da7bdcf77b937a,2026-03-23 17:35:25,0,3,0.4879105194228343,0,816,2026-03-21 15:23:07,2026-03-25 02:47:33
0xa97e43db0a4a6007899abf75817c452d5a7224ff,2026-03-23 17:36:49,0,3,0.5176362071759056,1,558,2026-03-21 15:23:07,2026-03-25 02:47:33
0xbab98d33a77663b5b99602fe220debad630bc8dd,2026-03-23 17:36:49,0,3,0.2733691422988845,0,1302,2026-03-21 15:23:07,2026-03-25 02:47:33
0x478184ec8bdb7395ca7025d19a61d9af9c72336d,2026-03-23 17:36:51,1,3,0.5353669065247979,1,421,2026-03-21 15:23:07,2026-03-25 02:47:33
0xa34db0fd81b0cdb2a03ad94e67e94c0d69f028c6,2026-03-23 17:36:53,0,3,0.5462018622939543,1,352,2026-03-21 15:23:07,2026-03-25 02:47:33
0xcccbe07cc013b6a3bd29963b143bec68f648a73a,2026-03-23 17:36:53,0,3,0.5320318176819973,1,447,2026-03-21 15:23:07,2026-03-25 02:47:33
0x13d36d8384802905cad475f5c15784bd3ca985d2,2026-03-23 17:37:11,0,3,0.5387730158651873,1,397,2026-03-21 15:23:07,2026-03-25 02:47:33
0x6dab49e3d18865a817223be1109e091201c92d63,2026-03-23 17:37:11,0,3,0.45831728735418636,0,1079,2026-03-21 15:23:07,2026-03-25 02:47:33
0xb5ce8463d47f167ccaeda795f5a7761dc39be2af,2026-03-23 17:37:11,0,3,0.48543802880578957,0,845,2026-03-21 15:23:07,2026-03-25 02:47:33
0x4e38103056ba3ebdd34cba595a3accd9deae1582,2026-03-23 17:37:13,0,3,0.5391667640786604,1,393,2026-03-21 15:23:07,2026-03-25 02:47:33
0x0da3a92c9375ac1f606d2210fad8ab37ce451b45,2026-03-23 17:37:15,0,3,0.6124376571921112,1,99,2026-03-21 15:23:07,2026-03-25 02:47:33
0x4d44e39fc4a875138703470054649affc80f3bc0,2026-03-23 17:37:15,0,3,0.49786996655587157,0,702,2026-03-21 15:23:07,2026-03-25 02:47:33
0xc79dacfd2667420d414302804652574b249197af,2026-03-23 17:37:15,0,3,0.3414092430355399,0,1288,2026-03-21 15:23:07,2026-03-25 02:47:33
0x763397a9e0690d3c6c9f87fed80b6af1050f7dcf,2026-03-23 17:37:17,0,3,0.49220862556559913,0,778,2026-03-21 15:23:07,2026-03-25 02:47:33
0xf553882ee5bd612f6769589a083f98371a351748,2026-03-23 17:37:17,0,3,0.5449054516724544,1,361,2026-03-21 15:23:07,2026-03-25 02:47:33
0xd979109fb93f3b1305b36ca6b3c9304706684a18,2026-03-23 17:37:27,0,3,0.5508626137928395,1,328,2026-03-21 15:23:07,2026-03-25 02:47:33
0xed2fda39f6b774db7f8a586ae823ecf85788e02f,2026-03-23 17:37:27,0,3,0.49289121380705503,0,772,2026-03-21 15:23:07,2026-03-25 02:47:33
0x4c67d8ccb4abf7d718af87277fdfcc6ca56e9896,2026-03-23 17:37:29,0,3,0.3512213763285469,0,1284,2026-03-21 15:23:07,2026-03-25 02:47:33
0x70422a3270ed56bb2c06e0b5d9e3c15ba4e59c88,2026-03-23 17:37:29,1,3,0.529004452369099,1,466,2026-03-21 15:23:07,2026-03-25 02:47:33
0xc344ac9e398762af9490287b65d7c1eef95bb6c6,2026-03-23 17:37:31,0,3,0.5152386072927801,1,581,2026-03-21 15:23:07,2026-03-25 02:47:33
0x1c6e4581f988ecb46d7d7ee2944f215e99e793df,2026-03-23 17:37:37,0,3,0.5268159612530725,1,477,2026-03-21 15:23:07,2026-03-25 02:47:33
0x0a7c46489299331559598ab0412f46bda8ce8964,2026-03-23 17:37:39,0,3,0.5286734879197141,1,467,2026-03-21 15:23:07,2026-03-25 02:47:33
0xb2862aa42a8d13900a809b5f64fa2082a943c9aa,2026-03-23 17:38:25,0,3,0.45831169476214106,0,1080,2026-03-21 15:23:07,2026-03-25 02:47:33
0x5995599dd20758ed71258168049f936ebc5cb0a4,2026-03-23 17:38:33,0,3,0.5222520829958267,1,520,2026-03-21 15:23:07,2026-03-25 02:47:33
0x6c9e3d4444dd16b88e7ca3f3967820609b77750b,2026-03-23 17:38:33,0,3,0.4843357991718018,0,863,2026-03-21 15:23:07,2026-03-25 02:47:33
0x5326b452225c2a7c63caa8acc13fada0411ac002,2026-03-23 17:38:35,0,3,0.6132121210554943,1,83,2026-03-21 15:23:07,2026-03-25 02:47:33
0xcbc913a7866570854c1748f87c9ddb9283c658fb,2026-03-23 17:38:35,0,3,0.44175115433310275,0,1157,2026-03-21 15:23:07,2026-03-25 02:47:33
0xec213b95474bcc183aa23a3187b7a969e423a77d,2026-03-23 17:38:35,0,3,0.529562588143325,1,462,2026-03-21 15:23:07,2026-03-25 02:47:33
0x1660a05d0c377045115b4c2ac00fefce49b770ef,2026-03-23 17:39:15,0,3,0.44979533883994677,0,1125,2026-03-21 15:23:07,2026-03-25 02:47:33
0x45289ff7fa167a681a5831e072710548e2cac882,2026-03-23 17:39:15,1,3,0.4330222140975326,0,1187,2026-03-21 15:23:07,2026-03-25 02:47:33
0xaa36bad84a150757e7c281e1b0126e58dfb1bd96,2026-03-23 17:39:15,0,3,0.4000551907897939,0,1245,2026-03-21 15:23:07,2026-03-25 02:47:33
0xd4c84c83ded845c137aae27865e742233dc5a66d,2026-03-23 17:39:15,0,3,0.5049615305754648,1,648,2026-03-21 15:23:07,2026-03-25 02:47:33
0x7a04a0cf59e71164f6865d7b321ce7a42b0de4f2,2026-03-23 17:39:17,1,3,0.4775148117836373,0,932,2026-03-21 15:23:07,2026-03-25 02:47:33
0xf7cfd543e026d07cee1d119dd7bcbc8c2af7894c,2026-03-23 17:39:19,0,3,0.48504908774290223,0,848,2026-03-21 15:23:07,2026-03-25 02:47:33
0x112903e423c459731a22b84f1fd5799c77249633,2026-03-23 17:40:05,0,3,0.589669788436618,1,187,2026-03-21 15:23:07,2026-03-25 02:47:33
0x4aa472bd8bbbfd98caad5306ad19a911e4d74aca,2026-03-23 17:40:05,1,3,0.4889788615950325,0,803,2026-03-21 15:23:07,2026-03-25 02:47:33
0x6c83e9bd90c67fdb623ff6e46f6ef8c4ec5a1cba,2026-03-23 17:40:05,0,3,0.44708596951833524,0,1142,2026-03-21 15:23:07,2026-03-25 02:47:33
0x7394979f63329473d9684294ab55beafcb666caa,2026-03-23 17:40:05,1,3,0.5705175378907702,1,250,2026-03-21 15:23:07,2026-03-25 02:47:33
0x29bb33627c9df55b5be1bb3ebd57e79dbb0f6d18,2026-03-23 18:38:33,0,3,0.45381962002225545,0,1103,2026-03-21 15:23:07,2026-03-25 02:47:33
0x498bdc98e26ca304c6058cf28fe93873cf9e644e,2026-03-23 18:38:37,0,3,0.46288276308160886,0,1049,2026-03-21 15:23:07,2026-03-25 02:47:33
0xacda1fe5ca2ccd9ed5d7cd67d2d007705912bd31,2026-03-23 18:38:37,0,3,0.5506255316469002,1,330,2026-03-21 15:23:07,2026-03-25 02:47:33
0xd06c49e1c86f970bc5c48f91169a607e9b03cdaf,2026-03-23 18:38:37,0,3,0.6131966372963887,1,85,2026-03-21 15:23:07,2026-03-25 02:47:33
0x1d7832098fb6a36b29f9a4ce5b8943f6f596491c,2026-03-23 18:38:41,0,3,0.46704593396558786,0,1020,2026-03-21 15:23:07,2026-03-25 02:47:33
0x2c0e0126666c443840039ba7c3f5481bf5fbda3f,2026-03-23 18:38:41,0,3,0.4766936111756051,0,938,2026-03-21 15:23:07,2026-03-25 02:47:33
0x42722cbb51c3cf996acfa17ea65a9202299910c2,2026-03-23 18:38:41,0,3,0.5744856376722495,1,239,2026-03-21 15:23:07,2026-03-25 02:47:33
0x6b2dd37ea1aa26bb0d41e10d4549fab2c5cbcb6b,2026-03-23 18:39:03,0,3,0.5730749351043825,1,242,2026-03-21 15:23:07,2026-03-25 02:47:33
0x6d6d2557c0fdb64442b804266732ccc69c718a94,2026-03-23 18:39:05,1,3,0.6136571789175959,1,46,2026-03-21 15:23:07,2026-03-25 02:47:33
0x417d501b8bb742e6fdce541e1d0b408bfd03ddf7,2026-03-23 18:39:37,0,3,0.4824625821659812,0,879,2026-03-21 15:23:07,2026-03-25 02:47:33
0x6116378d53b5c3e636ab9eca50dba10b10694c21,2026-03-23 18:39:37,1,3,0.5408742191084044,1,386,2026-03-21 15:23:07,2026-03-25 02:47:33
0x877a03ae1f98755cef2ad4a47b36c967b1ebfb2f,2026-03-23 18:39:37,0,3,0.4719521408384218,0,976,2026-03-21 15:23:07,2026-03-25 02:47:33
0xbe784482ba18786e9be659c3c967e39f8f47bab3,2026-03-23 18:39:39,0,3,0.5299984413864322,1,460,2026-03-21 15:23:07,2026-03-25 02:47:33
0x085ef9b9746271b2a920e915b5a93f1a03c38b78,2026-03-23 18:39:41,1,3,0.461160223924674,0,1060,2026-03-21 15:23:07,2026-03-25 02:47:33
0x0cccc2771240bba22c25feb0afb66fc79cda4eb7,2026-03-23 18:39:41,1,3,0.5635853325745308,1,273,2026-03-21 15:23:07,2026-03-25 02:47:33
0x1e3552396058b1d6eeb2c0714541a87bdf1c5909,2026-03-23 18:39:53,0,3,0.32860783434113744,0,1292,2026-03-21 15:23:07,2026-03-25 02:47:33
0x28407224ec6911041e0f007d9591da0d9aa78f66,2026-03-23 18:39:53,0,3,0.4300231716978443,0,1193,2026-03-21 15:23:07,2026-03-25 02:47:33
0xb48f013e051f0f27725d62f7d3fd36d3d1c96fe8,2026-03-23 18:39:53,0,3,0.6132353460714755,1,75,2026-03-21 15:23:07,2026-03-25 02:47:33
0xdd0fdec290977405bc37cb1d9452a7aaab545f55,2026-03-23 18:39:53,0,3,0.5279481947880136,1,471,2026-03-21 15:23:07,2026-03-25 02:47:33
0x1100dd3de3908da4cafdd9067a733d75353e78b2,2026-03-23 18:40:05,1,3,0.47739903955682905,0,933,2026-03-21 15:23:07,2026-03-25 02:47:33
0x4923d19c4bc3f59bd31fcf16de8e1ec224231800,2026-03-23 18:40:05,0,3,0.5494028756926808,1,340,2026-03-21 15:23:07,2026-03-25 02:47:33
0x0b3cfc72573579d2f1f5b98b875323f4bbeca34a,2026-03-23 18:41:07,1,3,0.5327061303631214,1,439,2026-03-21 15:23:07,2026-03-25 02:47:33
0x27cd7490dbbf3ef7b99c74259ce939b7a4e8c7ad,2026-03-23 18:41:07,0,3,0.48615301817366763,0,839,2026-03-21 15:23:07,2026-03-25 02:47:33
0x7eb3a118180abca558b34d2e338419736eb5bb4f,2026-03-23 18:41:07,0,3,0.4391273691678736,0,1168,2026-03-21 15:23:07,2026-03-25 02:47:33
0x314e8896c8c82ea0d514c3d42851ae0e8fb1af4e,2026-03-23 18:41:13,0,3,0.5002012897400578,1,685,2026-03-21 15:23:07,2026-03-25 02:47:33
0x4cd7353ae9499e146159a6c55f8f6726d2ac5629,2026-03-23 18:41:13,1,3,0.5148220498128461,1,583,2026-03-21 15:23:07,2026-03-25 02:47:33
0x6ef2651dda157757ff1946d3e7f425f0cac89155,2026-03-23 18:41:15,0,3,0.5523997904871236,1,326,2026-03-21 15:23:07,2026-03-25 02:47:33
0x80f54af4bb60e5a9e923c05058eeb09e055f2b27,2026-03-23 18:41:15,0,3,0.468825651176022,0,1005,2026-03-21 15:23:07,2026-03-25 02:47:33
0xd36e4614f86e18949ae582087414f11202d30b6e,2026-03-23 18:41:25,0,3,0.5468361709979989,1,350,2026-03-21 15:23:07,2026-03-25 02:47:33
0xed781d53e27ae24727fcfdf231b6763e5729d74f,2026-03-23 18:42:23,1,3,0.4015888991926562,0,1242,2026-03-21 15:23:07,2026-03-25 02:47:33
0x020142b18e0837cbc071cb73de81067ab8cdb0ab,2026-03-23 18:42:31,0,3,0.6342367465542832,1,1,2026-03-21 15:23:07,2026-03-25 02:47:33
0x95074f700f93bdf6e62fc965e0832064c0877b04,2026-03-23 18:43:01,0,3,0.27028829290803785,0,1304,2026-03-21 15:23:07,2026-03-25 02:47:33
0xaa5d247981dc16725ec91605ea4635d88983d8a8,2026-03-23 18:43:11,0,3,0.4643699295936106,0,1037,2026-03-21 15:23:07,2026-03-25 02:47:33
0xbe1ed41b370c75246bef854e6a94ee42046e2795,2026-03-23 18:43:15,0,3,0.4384423191676381,0,1172,2026-03-21 15:23:07,2026-03-25 02:47:33
0x6b02fca45efb4b64f94ceab72ea2f0776e09c640,2026-03-23 18:43:23,0,3,0.4809933368443859,0,895,2026-03-21 15:23:07,2026-03-25 02:47:33
0xdf51f79f3180d7bf67ca9bef247724e5035f6b4b,2026-03-23 18:43:23,1,3,0.5083223803075099,1,623,2026-03-21 15:23:07,2026-03-25 02:47:33
0xe42650f85a8e17cecad6b8ee3d9e20c417794397,2026-03-23 18:43:23,0,3,0.48231955313954866,0,881,2026-03-21 15:23:07,2026-03-25 02:47:33
0x6d6fe44eea77ecbad29909900873194e212e7135,2026-03-23 18:43:25,1,3,0.49694385591155016,0,728,2026-03-21 15:23:07,2026-03-25 02:47:33
0xaa2cf90111d0d5b7fa48e13d0273f8be0868c3b0,2026-03-23 18:43:35,0,3,0.5032411251565961,1,665,2026-03-21 15:23:07,2026-03-25 02:47:33
0x49075b428540b8f9a33fcccc3ced9d13c38d321d,2026-03-23 18:44:37,0,3,0.46223416096114417,0,1054,2026-03-21 15:23:07,2026-03-25 02:47:33
0x68c4f4b7cd78f41825d3ae1879e78860bfdeab43,2026-03-23 18:44:37,0,3,0.4452945982221376,0,1147,2026-03-21 15:23:07,2026-03-25 02:47:33
0x14fff1c47a915221d2f1b0cf1bee8eda2b51b4da,2026-03-23 18:45:05,0,3,0.613767833345093,1,35,2026-03-21 15:23:07,2026-03-25 02:47:33
0x4aca724a04d87c7391085df168bf9ff89745face,2026-03-23 18:45:05,0,3,0.4256504215091068,0,1203,2026-03-21 15:23:07,2026-03-25 02:47:33
0xbdb093050d68edf3791255ee07875bc3d30364f3,2026-03-23 18:45:05,1,3,0.6137925935836299,1,32,2026-03-21 15:23:07,2026-03-25 02:47:33
0xc04f1d1227b749a613b821ae200d4dd565dc0b0c,2026-03-23 18:45:07,1,3,0.4681092506064358,0,1010,2026-03-21 15:23:07,2026-03-25 02:47:33
0xd064251efc30a38c3323e42113656144d4b8c4d1,2026-03-23 18:45:07,0,3,0.5132320960911387,1,589,2026-03-21 15:23:07,2026-03-25 02:47:33
0xe07da5c30e6b8ec6c9a25bcc6d59865f0c05895f,2026-03-23 18:45:07,1,3,0.5185489434730427,1,550,2026-03-21 15:23:07,2026-03-25 02:47:33
0xb82eccc43f26a27deb59ce4507806b4bbe74ce41,2026-03-23 19:43:47,0,3,0.5344086725058286,1,428,2026-03-21 15:23:07,2026-03-25 02:47:33
0xcebe40c06745388700380bccab63bb6442b50720,2026-03-23 19:43:47,0,3,0.44365516317143605,0,1153,2026-03-21 15:23:07,2026-03-25 02:47:33
0x0950ad20a0651236d1d9456e73d20f456bd31ca4,2026-03-23 19:43:49,0,3,0.5862228439584801,1,201,2026-03-21 15:23:07,2026-03-25 02:47:33
0x14d3a00d06740e08a25867b9a7377f9499dd9939,2026-03-23 19:45:03,1,3,0.5404150492614528,1,388,2026-03-21 15:23:07,2026-03-25 02:47:33
0x85444c21a1aa44f9839b814273d37fddf4c6bd34,2026-03-23 19:45:03,0,3,0.60161674043532,1,157,2026-03-21 15:23:07,2026-03-25 02:47:33
0xe33ab5c23faca5c4c40a4fd6d88388cb4d4cc415,2026-03-23 19:45:15,0,3,0.594319644653871,1,177,2026-03-21 15:23:07,2026-03-25 02:47:33
0xd2634579b7093eddf63bf69c03a74a7faaea44e7,2026-03-23 19:45:19,0,3,0.5189086896769632,1,547,2026-03-21 15:23:07,2026-03-25 02:47:33
0xee8e94d8b84de63f311773941e2e00e1700b991e,2026-03-23 19:45:19,1,3,0.5033476338144991,1,664,2026-03-21 15:23:07,2026-03-25 02:47:33
0x7cd62c83565513f8fb79f82f6fb417b1069aff34,2026-03-23 19:46:49,0,3,0.48498583374324084,0,851,2026-03-21 15:23:07,2026-03-25 02:47:33
0xeba3328497809895faa4afe48a937937960171cc,2026-03-23 19:47:09,1,3,0.5493996192619464,1,341,2026-03-21 15:23:07,2026-03-25 02:47:33
0x3d2d79eeb7f76493b5c2a5576f882cd691bdd7cb,2026-03-23 19:49:07,0,3,0.5249228184438959,1,497,2026-03-21 15:23:07,2026-03-25 02:47:33
0x29066ade649bf671cbc6ab7996cbd7242b56711a,2026-03-23 19:49:19,1,3,0.4971364283943589,0,718,2026-03-21 15:23:07,2026-03-25 02:47:33
0x01af2b6c558b87eee3f13090257773cada2a7073,2026-03-23 19:49:21,0,3,0.4415994044216366,0,1159,2026-03-21 15:23:07,2026-03-25 02:47:33
0x2e292a00b958a1ec46914c78f2eec84a058c4a2e,2026-03-23 19:49:21,0,3,0.4847667054461234,0,857,2026-03-21 15:23:07,2026-03-25 02:47:33
0x504b813a3b5194e814d7117dc885b4952bc8110a,2026-03-23 19:49:23,0,3,0.4396827809627551,0,1166,2026-03-21 15:23:07,2026-03-25 02:47:33
0xe17ef3382ddd7ff38f7862e86827b71a8da86887,2026-03-23 19:49:27,0,3,0.48333588749204903,0,868,2026-03-21 15:23:07,2026-03-25 02:47:33
0x6d2bb3f4aecd8c0afa189570b2a452ab39c7129b,2026-03-23 19:49:33,1,3,0.6027301523767983,1,152,2026-03-21 15:23:07,2026-03-25 02:47:33
0xda70ea5e9d1acb5810de146941fdd41610e30466,2026-03-23 19:49:33,0,3,0.4225419749616841,0,1209,2026-03-21 15:23:07,2026-03-25 02:47:33
0x207754cf8c4c55793bc5246c295874d873e1b9ea,2026-03-23 19:49:35,1,3,0.3778391834265879,0,1268,2026-03-21 15:23:07,2026-03-25 02:47:33
0x33976da6b07b30d36be89198786d5baf3550c21a,2026-03-23 19:49:35,0,3,0.5085997709506874,1,619,2026-03-21 15:23:07,2026-03-25 02:47:33
0xfd71e07be3ce95601b3bf6d0701c189aab67722e,2026-03-23 19:49:55,0,3,0.5058867384718159,1,642,2026-03-21 15:23:07,2026-03-25 02:47:33
0x33a60ccc1070382fbaa60cf709c027090ec3f8d4,2026-03-23 19:49:57,0,3,0.44733610807598395,0,1139,2026-03-21 15:23:07,2026-03-25 02:47:33
0xb372ed135af5318e725e8283197b78793838690c,2026-03-23 19:49:57,0,3,0.4850101266727425,0,849,2026-03-21 15:23:07,2026-03-25 02:47:33
0x18054d5ff8f66f8e7fadfba3741b4dbdad6bbc7c,2026-03-23 19:50:21,1,3,0.45372995392947685,0,1104,2026-03-21 15:23:07,2026-03-25 02:47:33
0x94178d030d5b781c80a1a8a4371fe05556021e53,2026-03-23 19:50:23,0,3,0.5191482628123828,1,543,2026-03-21 15:23:07,2026-03-25 02:47:33
0xa442bbbd1447d684a7caa952b54c1ba3ba2cdca3,2026-03-23 19:50:23,1,3,0.48480234381002973,0,856,2026-03-21 15:23:07,2026-03-25 02:47:33
0x669dfb108dc768bb1cb80dd36f521d6537a66b77,2026-03-23 20:47:09,0,3,0.5029283079190908,1,669,2026-03-21 15:23:07,2026-03-25 02:47:33
0x2055b6a642839e86644d381c619aabc0afec1d9d,2026-03-23 20:47:35,0,3,0.5827493358317958,1,215,2026-03-21 15:23:07,2026-03-25 02:47:33
0x287f3c27158796a783cf76e3aafafc0c45535ec5,2026-03-23 20:47:37,1,3,0.6135917943067971,1,61,2026-03-21 15:23:07,2026-03-25 02:47:33
0xe341844e563a01ef3be2b784c4480f88e206792a,2026-03-23 20:49:33,1,3,0.4291364216829024,0,1195,2026-03-21 15:23:07,2026-03-25 02:47:33
0x9748f3482458066b81093af9aabf3721ecf3be85,2026-03-23 20:49:35,0,3,0.43188034840119416,0,1189,2026-03-21 15:23:07,2026-03-25 02:47:33
0xf75a33d32790cc7adc4a15195de066997df4cd16,2026-03-23 20:49:35,0,3,0.5926322430173586,1,180,2026-03-21 15:23:07,2026-03-25 02:47:33
0xcf43e8a91b898364f31b0656c6a84aa4adae1b1f,2026-03-23 20:49:37,0,3,0.46491836282379434,0,1033,2026-03-21 15:23:07,2026-03-25 02:47:33
0xfbf82be9cf773cd2dbc596bb5526fb2948e099f4,2026-03-23 20:49:37,0,3,0.6137306918839608,1,38,2026-03-21 15:23:07,2026-03-25 02:47:33
0xda25452547d537e7196e2655b31773c5fc3babaf,2026-03-23 20:49:39,0,3,0.5995189283948085,1,163,2026-03-21 15:23:07,2026-03-25 02:47:33
0x44154fd9735d5490a5d1b1265612dec6ec61b335,2026-03-23 20:49:43,0,3,0.4106079029773815,0,1231,2026-03-21 15:23:07,2026-03-25 02:47:33
0xa3b9236172e3af00517884f329abc09c57306f9b,2026-03-23 20:49:43,0,3,0.516580265534956,1,571,2026-03-21 15:23:07,2026-03-25 02:47:33
0xc99ca5426793a0dd3af430bae8fe048b36315c6b,2026-03-23 20:49:43,0,3,0.5103865824598572,1,603,2026-03-21 15:23:07,2026-03-25 02:47:33
0x869d9bbc073c1de2e44132ef0922176e76bb2cbc,2026-03-23 20:49:51,0,3,0.4727946771989035,0,966,2026-03-21 15:23:07,2026-03-25 02:47:33
0xda92f9334ca3bba2538d969df8a1eb2c43ed8570,2026-03-23 20:49:53,0,3,0.3804690833055711,0,1262,2026-03-21 15:23:07,2026-03-25 02:47:33
0xe2877c2743da7fadd9c29ef015eff06136f9b1b4,2026-03-23 20:49:53,1,3,0.5030362067728684,1,668,2026-03-21 15:23:07,2026-03-25 02:47:33
0x39e44d62152ce9312036021234c5929e2b80f089,2026-03-23 20:50:03,0,3,0.6016115796972195,1,158,2026-03-21 15:23:07,2026-03-25 02:47:33
0x05a5241d5a0ba9b27fc1b1fdc27548535062b29f,2026-03-23 20:50:05,0,3,0.4452760390502592,0,1148,2026-03-21 15:23:07,2026-03-25 02:47:33
0x368f3b9355da21511c4038b97e9b681ac0be7086,2026-03-23 20:50:07,1,3,0.6029712580052252,1,151,2026-03-21 15:23:07,2026-03-25 02:47:33
0x688e0d1130363ed30accbefa1d0cb95655eec4e7,2026-03-23 20:50:07,0,3,0.5420932416745606,1,380,2026-03-21 15:23:07,2026-03-25 02:47:33
0xb08346612a5d515a87d53f1c21054abbef83ba6c,2026-03-23 20:50:07,0,3,0.5579430352121967,1,295,2026-03-21 15:23:07,2026-03-25 02:47:33
0x3bfd3e0435e1fceff63c5c43f5ca1ba51ad51610,2026-03-23 20:51:01,1,3,0.534222218895054,1,431,2026-03-21 15:23:07,2026-03-25 02:47:33
0x75efdc9a00d90123f904430208866c5c08c745f6,2026-03-23 20:51:03,0,3,0.5229833076859761,1,517,2026-03-21 15:23:07,2026-03-25 02:47:33
0xd4242fcd0881afa6d04bb84c66b7a5960fb70fd3,2026-03-23 20:51:15,0,3,0.4849000984731597,0,852,2026-03-21 15:23:07,2026-03-25 02:47:33
0x64eaabbe2dd24fe3fde94aa1a719910747bf6777,2026-03-23 20:51:25,1,3,0.5725728249431681,1,246,2026-03-21 15:23:07,2026-03-25 02:47:33
0x1f789eb1a5ff2da596241d43e1d40b41f8e6bbe8,2026-03-23 20:51:59,0,3,0.21505674631739338,0,1315,2026-03-21 15:23:07,2026-03-25 02:47:33
0xed5b7c39266559b27e554e639c982be93d3ba76a,2026-03-23 20:54:09,0,3,0.5536654140495169,1,316,2026-03-21 15:23:07,2026-03-25 02:47:33
0x3761d5b043813862d8378c8f321a11e92fb0c482,2026-03-23 20:55:05,0,3,0.4947375750532726,0,753,2026-03-21 15:23:07,2026-03-25 02:47:33
0xc465196a542a004831613d67c1cba946533168ae,2026-03-23 20:55:05,0,3,0.4736290548550305,0,960,2026-03-21 15:23:07,2026-03-25 02:47:33
0x494eae45d863fc07a71094f094c392633fa43611,2026-03-23 21:52:35,1,3,0.5039647466595772,1,658,2026-03-21 15:23:07,2026-03-25 02:47:33
0x6c0bdadde94d4bbdb0d850083095e3f6f6727195,2026-03-23 21:52:35,0,3,0.4705669255203575,0,989,2026-03-21 15:23:07,2026-03-25 02:47:33
0x7c140be14d54293fd0cdda9aebde230a56d335b8,2026-03-23 21:52:37,0,3,0.6139141640023031,1,4,2026-03-21 15:23:07,2026-03-25 02:47:33
0x4a5a14cd6b86f8c02d2acb3d79882f247ee45cc2,2026-03-23 21:53:03,0,3,0.6093341500941729,1,125,2026-03-21 15:23:07,2026-03-25 02:47:33
0xd68bd885914dc35bda7ba40065187a8908cfc239,2026-03-23 21:53:03,1,3,0.5532908745197349,1,320,2026-03-21 15:23:07,2026-03-25 02:47:33
0xac49324307fad2da01719bd30b583b7df2cdd708,2026-03-23 21:53:09,0,3,0.5385892341987848,1,398,2026-03-21 15:23:07,2026-03-25 02:47:33
0x1b47e9b128e6b671edebfb2cac23dd3efc40d814,2026-03-23 21:53:13,0,3,0.37397486936532504,0,1271,2026-03-21 15:23:07,2026-03-25 02:47:33
0x3fe13c5685aad40a67427bfd8511c9b0a66045d9,2026-03-23 21:53:29,0,3,0.4698194880901311,0,996,2026-03-21 15:23:07,2026-03-25 02:47:33
0x87bd18d34c9de3610e42e8ffb642e319d3394dfc,2026-03-23 21:53:29,0,3,0.408603764328479,0,1235,2026-03-21 15:23:07,2026-03-25 02:47:33
0x66fbe4344c1a9f6029a4e40ffd5ca7848e189f72,2026-03-23 21:53:31,1,3,0.5343689814087634,1,429,2026-03-21 15:23:07,2026-03-25 02:47:33
0xbd6cbe1b94e0ae80b272124bf26b9694edae1e6d,2026-03-23 21:53:31,0,3,0.6139141640023031,1,5,2026-03-21 15:23:07,2026-03-25 02:47:33
0x485bfcfb3ac2151f842e8ecc4ccc5970afe8fc40,2026-03-23 21:53:33,1,3,0.6057569588911902,1,144,2026-03-21 15:23:07,2026-03-25 02:47:33
0x1f631d8a0be1cfe45fd38102d41a1b7fb26877fa,2026-03-23 21:53:51,0,3,0.49097538092558063,0,788,2026-03-21 15:23:07,2026-03-25 02:47:33
0x25c5f36b0b016ec83a14965fea1bc5c3ec398581,2026-03-23 21:54:05,1,3,0.5376797593086593,1,404,2026-03-21 15:23:07,2026-03-25 02:47:33
0xcd63a0c06d52d261c8cff9e0dcd823b61a33a7d5,2026-03-23 21:54:05,0,3,0.5212376821666641,1,530,2026-03-21 15:23:07,2026-03-25 02:47:33
0xa2bf3b2ced564ce53d9fb2690b210d3ae61295d3,2026-03-23 21:54:07,0,3,0.47256753381521927,0,971,2026-03-21 15:23:07,2026-03-25 02:47:33
0x53d31c08706d8dc0c2b2fedf70cfd03bc7ffa7ae,2026-03-23 21:54:09,0,3,0.6051935563773089,1,147,2026-03-21 15:23:07,2026-03-25 02:47:33
0x0c1d1c980ec00fdaa6309ca9061c7d62563ff219,2026-03-23 21:54:33,0,3,0.4493970075575872,0,1128,2026-03-21 15:23:07,2026-03-25 02:47:33
0x616812c1f7395ce18f9c1604f5ff5f551dcac00b,2026-03-23 21:54:33,0,3,0.5248894202241206,1,498,2026-03-21 15:23:07,2026-03-25 02:47:33
0xfcf300b5aa302cdec0fdd1deb7f52312f623f535,2026-03-23 21:54:33,0,3,0.5202795794292747,1,536,2026-03-21 15:23:07,2026-03-25 02:47:33
0x9dce8d4a8a2e212d0930360da206da04f0f4b663,2026-03-23 21:54:39,0,3,0.46012027610080086,0,1065,2026-03-21 15:23:07,2026-03-25 02:47:33
0xd975c7384c6d35b830b9b6eadfd6f6147b3291f5,2026-03-23 21:54:39,0,3,0.35163418879906505,0,1283,2026-03-21 15:23:07,2026-03-25 02:47:33
0x44b04b5703d72ddbc92721c91876321f0f49f38e,2026-03-23 21:55:19,0,3,0.562092973150351,1,283,2026-03-21 15:23:07,2026-03-25 02:47:33
0x6036e1b4a63f92f56850a127e7b40d701eb8cc41,2026-03-23 21:55:35,1,3,0.5579829839449284,1,294,2026-03-21 15:23:07,2026-03-25 02:47:33
0xa0cb1fa3a2a09187fd77c05067ef46a44717a8ba,2026-03-23 21:55:37,0,3,0.4539790097211413,0,1102,2026-03-21 15:23:07,2026-03-25 02:47:33
0x08fcbe42f1528355dd75f6cd435af19c6e1c3c2d,2026-03-23 21:55:51,0,3,0.5212850467126541,1,527,2026-03-21 15:23:07,2026-03-25 02:47:33
0x6fcda5c9592e5de479ee80e54167be2b4b2d42f2,2026-03-23 21:55:53,0,3,0.6111973335602647,1,109,2026-03-21 15:23:07,2026-03-25 02:47:33
0x78614222a072eec1cfacf055d5fcf41a04823d27,2026-03-23 21:55:53,0,3,0.5540569054336237,1,313,2026-03-21 15:23:07,2026-03-25 02:47:33
0x14a056c698f46d181d1e650e7a7a0f7d1d8a22bb,2026-03-23 21:55:55,1,3,0.4769879473485258,0,936,2026-03-21 15:23:07,2026-03-25 02:47:33
0x8035af529f24226b1e21d1bde5b25243e980f36d,2026-03-23 21:55:59,0,3,0.4743398676343419,0,955,2026-03-21 15:23:07,2026-03-25 02:47:33
0xc9c36d3afb757d75fd54feafab1b1f04419d079f,2026-03-23 21:56:07,1,3,0.6108870269654725,1,114,2026-03-21 15:23:07,2026-03-25 02:47:33
0xd28a3f0e8d6c3d5c6f0c75b73451fe266d35fc48,2026-03-23 21:56:09,0,3,0.5765928208936392,1,233,2026-03-21 15:23:07,2026-03-25 02:47:33
0xf4b4116ffe43edce05bba07c13ee76e96dd15e16,2026-03-23 21:56:11,0,3,0.53902989476677,1,395,2026-03-21 15:23:07,2026-03-25 02:47:33
0x699cd34ae4d9bfd9d93d5b45d0f34e26bdf25dc1,2026-03-23 21:57:23,1,3,0.4093647971811921,0,1232,2026-03-21 15:23:07,2026-03-25 02:47:33
0x258feba9ec67ffa0e590d332f1788638a7304493,2026-03-23 21:58:33,0,3,0.4930195791556406,0,769,2026-03-21 15:23:07,2026-03-25 02:47:33
0x862484c9b152234a5509443c328d9b16ccfcbdc0,2026-03-23 21:58:47,0,3,0.5538458739303003,1,314,2026-03-21 15:23:07,2026-03-25 02:47:33
0xa479d3770ec9e0f78a217f33eb283ac8a254d351,2026-03-23 21:58:47,1,3,0.4815598521542519,0,885,2026-03-21 15:23:07,2026-03-25 02:47:33
0x570681ffbb3a5229cc16cfe96d35d7176736514f,2026-03-23 22:57:39,0,3,0.44959842443805204,0,1127,2026-03-21 15:23:07,2026-03-25 02:47:33
0xd61c4927dd53ceb879d2ba160adbf87d322e3652,2026-03-23 22:58:31,0,3,0.5503147501446252,1,334,2026-03-21 15:23:07,2026-03-25 02:47:33
0xec7c88a7784f4da85eec56eaece3fd96b500c550,2026-03-23 22:58:33,0,3,0.5753448311453118,1,235,2026-03-21 15:23:07,2026-03-25 02:47:33
0xafb59a5e5eacf09b40ae0c725361661915a26d0c,2026-03-23 22:58:41,0,3,0.535424359788388,1,420,2026-03-21 15:23:07,2026-03-25 02:47:33
0xb35e923ffa579455ad05dd0affe948986e7f9da0,2026-03-23 22:58:43,1,3,0.45023941347890417,0,1123,2026-03-21 15:23:07,2026-03-25 02:47:33
0x1b087a8b42e542c8f726b23e10d298f899d22752,2026-03-23 22:59:03,0,3,0.4425367524013949,0,1155,2026-03-21 15:23:07,2026-03-25 02:47:33
0xab96f880ee244b2feac16ba38bbfcd8976da1b1a,2026-03-23 22:59:03,0,3,0.48165255514874644,0,884,2026-03-21 15:23:07,2026-03-25 02:47:33
0xd4212bd3d3446e1c3e89747812d390032b7b191c,2026-03-23 22:59:03,0,3,0.5353134307825869,1,422,2026-03-21 15:23:07,2026-03-25 02:47:33
0xd7cb02e90b37878cb124b718ad8a6493e5144088,2026-03-23 22:59:03,1,3,0.4585160384170833,0,1076,2026-03-21 15:23:07,2026-03-25 02:47:33
0xb7014815c8f7b2c8bfd978ebda0be8e1a6bc8c1b,2026-03-23 22:59:09,0,3,0.6137268229830113,1,39,2026-03-21 15:23:07,2026-03-25 02:47:33
0xe02c28a0061fc2817ff7d5a7683519521a237579,2026-03-23 22:59:09,0,3,0.5319766021073639,1,449,2026-03-21 15:23:07,2026-03-25 02:47:33
0x06e3bd0d34cfc7eb19d3ed500fb03a43ed208a8c,2026-03-23 22:59:15,0,3,0.5360009005110989,1,418,2026-03-21 15:23:07,2026-03-25 02:47:33
0x7b9381d56eced07902543ac816e17754228801d1,2026-03-23 22:59:21,0,3,0.4625568185764308,0,1052,2026-03-21 15:23:07,2026-03-25 02:47:33
0x216eaf72c3005e2470d78e342267064a6b09367f,2026-03-23 22:59:23,0,3,0.5191302968851002,1,544,2026-03-21 15:23:07,2026-03-25 02:47:33
0x672d18d18ab606476ec82a1696f7ee583124b570,2026-03-23 22:59:23,0,3,0.5166684810931031,1,570,2026-03-21 15:23:07,2026-03-25 02:47:33
0x9a7b33da0d7533b320c35cdaf885fd87757799ec,2026-03-23 22:59:39,1,3,0.5186069603421164,1,549,2026-03-21 15:23:07,2026-03-25 02:47:33
0x3f13ca64428537b27423864c4858b3f1d2bac096,2026-03-23 22:59:53,0,3,0.49187712362629304,0,780,2026-03-21 15:23:07,2026-03-25 02:47:33
0xf7683755d582eae16d15c892cb3c7e66908827f1,2026-03-23 23:00:07,1,3,0.611690672392484,1,104,2026-03-21 15:23:07,2026-03-25 02:47:33
0x15f50d171e696c2ca702457db91c6d35709eda3d,2026-03-23 23:00:09,1,3,0.47265371932375233,0,969,2026-03-21 15:23:07,2026-03-25 02:47:33
0x04c98333f0f7b652a0a80253c25650e8f7bc573c,2026-03-23 23:00:33,1,3,0.49289715225191627,0,771,2026-03-21 15:23:07,2026-03-25 02:47:33
0x21a896a18023cf1551491d03e721e2db163b1aec,2026-03-23 23:00:47,0,3,0.6095159518114459,1,123,2026-03-21 15:23:07,2026-03-25 02:47:33
0x2d840eb9f11f5842866db593939279ffcbf44ff1,2026-03-23 23:00:51,1,3,0.6138235430541056,1,26,2026-03-21 15:23:07,2026-03-25 02:47:33
0xb4c05ebc0d242534f587730c5fa4baae152192d8,2026-03-23 23:00:51,0,3,0.6101108676265238,1,119,2026-03-21 15:23:07,2026-03-25 02:47:33
0x10c500d0c45ee30506cd8bc361cd74b4111b6858,2026-03-23 23:00:55,0,3,0.6139086494315319,1,8,2026-03-21 15:23:07,2026-03-25 02:47:33
0x4985b6f6cc27134ea9c2d469c07cdf6f4528dce4,2026-03-23 23:00:55,1,3,0.46170625000813753,0,1058,2026-03-21 15:23:07,2026-03-25 02:47:33
0xaacf24a7c9a2025fc49ee6539608edd6d0ef5f84,2026-03-23 23:01:05,1,3,0.5830437009635525,1,213,2026-03-21 15:23:07,2026-03-25 02:47:33
0x5bc5dd40ad4364caa7852adb57299bf75f3de8f2,2026-03-23 23:01:07,0,3,0.4727117854684226,0,968,2026-03-21 15:23:07,2026-03-25 02:47:33
0xe2dbdce0a596d66ae6003f5639f85aa24850be15,2026-03-23 23:01:07,0,3,0.48937282994030246,0,799,2026-03-21 15:23:07,2026-03-25 02:47:33
0xf3ceebc38c1e2a9636a8cc42f2584ab1c6f5135a,2026-03-23 23:01:09,0,3,0.39670248450347934,0,1249,2026-03-21 15:23:07,2026-03-25 02:47:33
0x126fefb41050ae2bef82dda2e7eb10892a659d7e,2026-03-23 23:01:55,1,3,0.5118992326453567,1,597,2026-03-21 15:23:07,2026-03-25 02:47:33
0xe9c77e91e086e71c3de2d546d499a5e6db5164eb,2026-03-23 23:01:55,0,3,0.4520966837276897,0,1115,2026-03-21 15:23:07,2026-03-25 02:47:33
0x3660bc66fb099024fe303f2696de1d4271d1089e,2026-03-23 23:02:05,0,3,0.5270241303666141,1,474,2026-03-21 15:23:07,2026-03-25 02:47:33
0xf2492c8066d688d4635ba517cdbb402b2ac7faf4,2026-03-23 23:02:07,0,3,0.5247654848194523,1,502,2026-03-21 15:23:07,2026-03-25 02:47:33
0xfcd80c1b2ac9188bcdbc150b7069a8a35a179908,2026-03-23 23:02:27,0,3,0.607426520776985,1,132,2026-03-21 15:23:07,2026-03-25 02:47:33
0xd279c7f3c1b57583a01493a503418ca44175524c,2026-03-23 23:03:05,0,3,0.4711706562811062,0,984,2026-03-21 15:23:07,2026-03-25 02:47:33
0xf90bd282cba24709428396cb93ca3c1c9f2361d3,2026-03-23 23:03:05,0,3,0.4970132145432756,0,722,2026-03-21 15:23:07,2026-03-25 02:47:33
0x93041472eed5d3dbb5571a9e34a1b939abaaf035,2026-03-23 23:03:25,0,3,0.4209446919052827,0,1213,2026-03-21 15:23:07,2026-03-25 02:47:33
0x99939249e9fa9e345d7483310ed30567f3ec251b,2026-03-23 23:03:25,0,3,0.469461548755834,0,998,2026-03-21 15:23:07,2026-03-25 02:47:33
0x436bc6bd9e00eb00f0e81515ee7571757ab84f72,2026-03-23 23:03:27,0,3,0.5182809200271472,1,553,2026-03-21 15:23:07,2026-03-25 02:47:33
0x45a0cc73df504a13e5efaf509680190710975963,2026-03-24 00:01:23,0,3,0.49758269326375654,0,706,2026-03-21 15:23:07,2026-03-25 02:47:33
0x7efe48ccfe2f157f54164823a6b94ac0cc68edab,2026-03-24 00:01:23,0,3,0.37831117905394124,0,1266,2026-03-21 15:23:07,2026-03-25 02:47:33
0x65225401658cf8689c2f6cfb429ee8d031fd2d89,2026-03-24 00:03:17,0,3,0.3247486048137446,0,1293,2026-03-21 15:23:07,2026-03-25 02:47:33
0xb154088a87403bf81e56c06fd67ebf5d71300f3a,2026-03-24 00:03:27,1,3,0.5649772487594243,1,266,2026-03-21 15:23:07,2026-03-25 02:47:33
0x2add01cc1eb5472d013f3816f2e3be8b77940cfd,2026-03-24 00:03:29,0,3,0.4896793961620799,0,798,2026-03-21 15:23:07,2026-03-25 02:47:33
0x7cad9b05195ea990057fe47a60954fb03f156ce4,2026-03-24 00:03:29,0,3,0.4798884458325467,0,907,2026-03-21 15:23:07,2026-03-25 02:47:33
0x90238f3419a1f4810094b02b5cf703886dfcee5e,2026-03-24 00:03:31,0,3,0.5247912178319392,1,501,2026-03-21 15:23:07,2026-03-25 02:47:33
0x9394f84ee97906d8cf109c278e3af7d3e4b84a25,2026-03-24 00:03:33,0,3,0.5232598116499318,1,515,2026-03-21 15:23:07,2026-03-25 02:47:33
0xcff8872d439fc37fda3bbd8ec21d9c155f1c8a2c,2026-03-24 00:03:33,1,3,0.5648641887141133,1,268,2026-03-21 15:23:07,2026-03-25 02:47:33
0x2773125a5b25e5b539335349acf12dee993d9e45,2026-03-24 00:05:13,1,3,0.5800312635033409,1,220,2026-03-21 15:23:07,2026-03-25 02:47:33
0x0b8d3a120b4f3a500653269353b8be49cd8d44b1,2026-03-24 00:05:17,0,3,0.49237286459921026,0,776,2026-03-21 15:23:07,2026-03-25 02:47:33
0xd2546e1d1abd3656d4889d989e34428332dff453,2026-03-24 00:05:17,0,3,0.42740779384311656,0,1198,2026-03-21 15:23:07,2026-03-25 02:47:33
0x26ec193b2e063978f9697906dc8f633428bd16d1,2026-03-24 00:05:41,0,3,0.5257686092954276,1,490,2026-03-21 15:23:07,2026-03-25 02:47:33
0xd6bfcaa146b4075859e25f4e6f15abd69f4dae06,2026-03-24 00:05:41,0,3,0.4705580753850866,0,990,2026-03-21 15:23:07,2026-03-25 02:47:33
0x6ac2810de6b8273f09b948de37ed88310fb9ddb3,2026-03-24 00:05:43,1,3,0.6135996725514792,1,55,2026-03-21 15:23:07,2026-03-25 02:47:33
0x595c25890da7fef5a359f672856df3222c4b3b03,2026-03-24 00:06:23,0,3,0.48907867698257507,0,801,2026-03-21 15:23:07,2026-03-25 02:47:33
0x7129e9a867a7d54607a9071b7515729bae264517,2026-03-24 00:06:23,0,3,0.6133174039425938,1,72,2026-03-21 15:23:07,2026-03-25 02:47:33
0x3a97753a08d9c690b25f91f6f4f8ee6d417180e9,2026-03-24 00:06:27,0,3,0.5036120624411251,1,660,2026-03-21 15:23:07,2026-03-25 02:47:33
0x88ffccf390ed88b0211582104271dc9b3b8f78ae,2026-03-24 00:06:27,0,3,0.6124376571921112,1,100,2026-03-21 15:23:07,2026-03-25 02:47:33
0x3100eab16340e55f9316461d894b74071c8d9bc9,2026-03-24 00:06:39,0,3,0.6135424804065517,1,63,2026-03-21 15:23:07,2026-03-25 02:47:33
0x86b14772a4da70f3e6d5eee06933ebef143efc87,2026-03-24 00:06:45,0,3,0.4942461685565546,0,756,2026-03-21 15:23:07,2026-03-25 02:47:33
0x1aa2b00fe9b381370a533f98cb26d9501533bd57,2026-03-24 00:07:19,1,3,0.44424731210979274,0,1152,2026-03-21 15:23:07,2026-03-25 02:47:33
0x2f46bdbbe97cecbc08186297c56b7cc121151097,2026-03-24 00:07:19,0,3,0.506711315687395,1,637,2026-03-21 15:23:07,2026-03-25 02:47:33
0xef929c96b5cf9bc041a7b68a1c4c635de999f133,2026-03-24 00:07:21,0,3,0.4386148683780579,0,1170,2026-03-21 15:23:07,2026-03-25 02:47:33
0x17865b967ae2b63eeeb5fefb74250cfc569fa7eb,2026-03-24 00:07:25,0,3,0.46039089348788387,0,1063,2026-03-21 15:23:07,2026-03-25 02:47:33
0x85fdb51b4f8bb9173d1b000b2691febb6993c634,2026-03-24 00:07:25,1,3,0.4746283048883648,0,950,2026-03-21 15:23:07,2026-03-25 02:47:33
0x0386e599cee6f3a10f0a5a0ee7b7d2ec0a810f18,2026-03-24 00:07:27,0,3,0.512319010409546,1,595,2026-03-21 15:23:07,2026-03-25 02:47:33
0x65df075c14c09a3de17ace901e47bf4dacd26144,2026-03-24 00:07:29,0,3,0.47045548051829117,0,992,2026-03-21 15:23:07,2026-03-25 02:47:33
0xc68603e0fa68857282c1119c6cbcfc20fa2d5a55,2026-03-24 01:06:41,0,3,0.5829378201854605,1,214,2026-03-21 15:23:07,2026-03-25 02:47:33
0x0460c3e409e2f1aafeb60842bbfac121166561e5,2026-03-24 01:06:43,1,3,0.3865880175230263,0,1257,2026-03-21 15:23:07,2026-03-25 02:47:33
0x9de30ae317f5410e895cfe02fddf381e2bd75671,2026-03-24 01:06:43,0,3,0.517149449124202,1,562,2026-03-21 15:23:07,2026-03-25 02:47:33
0x687acf488844717898ca4c50c3ef900103e04c16,2026-03-24 01:07:33,0,3,0.5726006745065926,1,245,2026-03-21 15:23:07,2026-03-25 02:47:33
0x8a9777a7d3079e208afc08de2ccdf744de78593d,2026-03-24 01:07:33,0,3,0.3853552332888358,0,1259,2026-03-21 15:23:07,2026-03-25 02:47:33
0x9a7200e38f4a76ad78f272f640e1e0644b8988bf,2026-03-24 01:07:33,0,3,0.4877957921727461,0,818,2026-03-21 15:23:07,2026-03-25 02:47:33
0xf08d041f8d869065db77c4dd92aec68c16d8d45f,2026-03-24 01:07:33,0,3,0.6135999893825901,1,54,2026-03-21 15:23:07,2026-03-25 02:47:33
0xf185d258b68b8e96f7512bf2a025d19ea1d32645,2026-03-24 01:07:35,0,3,0.5258312022567843,1,488,2026-03-21 15:23:07,2026-03-25 02:47:33
0xbb817d5ce58ae017cdb7bb2bcb22a260db0f9b1b,2026-03-24 01:07:37,0,3,0.5535530042314853,1,319,2026-03-21 15:23:07,2026-03-25 02:47:33
0xd33014dc31473c3e13c023c2f30282aad501c12d,2026-03-24 01:08:19,0,3,0.5042126911792223,1,653,2026-03-21 15:23:07,2026-03-25 02:47:33
0x56ae635a71e3c42db867531564d24a24089c224c,2026-03-24 01:08:21,0,3,0.5206594797998174,1,534,2026-03-21 15:23:07,2026-03-25 02:47:33
0x958c2b47a1ba792711d5133d00d4824ff946d5b3,2026-03-24 01:09:45,0,3,0.41349049121685594,0,1225,2026-03-21 15:23:07,2026-03-25 02:47:33
0xe196f409e71330371e9b9b7a4e09596ac04a0ab5,2026-03-24 01:09:45,0,3,0.46000511235795727,0,1066,2026-03-21 15:23:07,2026-03-25 02:47:33
0x16fcea0167740cfb8ecd046d7b78329e87738336,2026-03-24 01:09:47,0,3,0.5120310112984222,1,596,2026-03-21 15:23:07,2026-03-25 02:47:33
0x1b77674732dcb01b3f694f6452968020032f417e,2026-03-24 01:09:47,0,3,0.48250953334877167,0,878,2026-03-21 15:23:07,2026-03-25 02:47:33
0x20d71b549cf58823ed6ff071dfc4cf2e195d9574,2026-03-24 01:09:47,0,3,0.43780266529801626,0,1173,2026-03-21 15:23:07,2026-03-25 02:47:33
0x769798ae694ff7d3026049eb5c880c5f4bc52231,2026-03-24 01:09:47,0,3,0.43614065725694323,0,1176,2026-03-21 15:23:07,2026-03-25 02:47:33
0xf46273257506e43397b9fd371aa3da54eef36c24,2026-03-24 01:09:47,0,3,0.5259015877626787,1,486,2026-03-21 15:23:07,2026-03-25 02:47:33
0x1e7ecce3b9b4acef21336c633a2b2e3c7fce2329,2026-03-24 01:09:49,0,3,0.4828840849811672,0,874,2026-03-21 15:23:07,2026-03-25 02:47:33
0x2a4483a226c3c4c5cbfdeea523d34de1c3c027b8,2026-03-24 01:09:49,0,3,0.43909644891028726,0,1169,2026-03-21 15:23:07,2026-03-25 02:47:33
0xae7c9df6f20f822f2c70f96f922b296e00d11970,2026-03-24 01:09:49,0,3,0.47378035727684126,0,959,2026-03-21 15:23:07,2026-03-25 02:47:33
0xb545160c5e260370fc1d2d9a040219fab79a9ed7,2026-03-24 01:09:49,0,3,0.4402316036551184,0,1165,2026-03-21 15:23:07,2026-03-25 02:47:33
0xe3c3c6d4e9104f5734aead1717718667a23cac62,2026-03-24 01:09:49,0,3,0.6075585202385397,1,131,2026-03-21 15:23:07,2026-03-25 02:47:33
0x36ef174f609dce3f7cface4e8b1713c8fcb3a492,2026-03-24 01:09:53,0,3,0.4476734456445881,0,1136,2026-03-21 15:23:07,2026-03-25 02:47:33
0xa1a84a33405d4895b9cbb5b6d47b79cdb04b6764,2026-03-24 01:09:53,0,3,0.5080475935584153,1,626,2026-03-21 15:23:07,2026-03-25 02:47:33
0xa97e22c0342c9d072f7a67a0b4fc5c205fe17e35,2026-03-24 01:09:53,0,3,0.43860707751534417,0,1171,2026-03-21 15:23:07,2026-03-25 02:47:33
0xd91e887a8999628d7dcb2053407da29ecb47baa1,2026-03-24 01:09:55,0,3,0.5083820827777878,1,621,2026-03-21 15:23:07,2026-03-25 02:47:33
0x8360d628cc1964e05ca9b319bd300d28c64e26ca,2026-03-24 01:09:59,0,3,0.4813766199393678,0,890,2026-03-21 15:23:07,2026-03-25 02:47:33
0x8636dc917e0817fa1ee33726627a60ab8a5d94d9,2026-03-24 01:09:59,0,3,0.5030786429258781,1,666,2026-03-21 15:23:07,2026-03-25 02:47:33
0x08de378e3f0b369433fb24f2dcc1d1824411aca1,2026-03-24 01:10:01,0,3,0.4950725204864901,0,752,2026-03-21 15:23:07,2026-03-25 02:47:33
0x453ab9b370aeb9968e4893b08492a82ad82bedb9,2026-03-24 01:10:01,0,3,0.5051894954816981,1,645,2026-03-21 15:23:07,2026-03-25 02:47:33
0x4aad6a9e3920a09fabc7e0f7ca169a7fa17f63ef,2026-03-24 01:10:01,0,3,0.4361283078678206,0,1177,2026-03-21 15:23:07,2026-03-25 02:47:33
0x9fb59ca60360d4a4663e5d8446c2617d736ad972,2026-03-24 01:10:17,0,3,0.4937224517643892,0,762,2026-03-21 15:23:07,2026-03-25 02:47:33
0xb3906ec9b5b935ced0d96a706bebcfc4ddc4642b,2026-03-24 01:10:17,1,3,0.4522510466032378,0,1114,2026-03-21 15:23:07,2026-03-25 02:47:33
0x7a5cf90c2d262a236212cc786a131aba10cb9eda,2026-03-24 01:10:27,0,3,0.49313731017809603,0,767,2026-03-21 15:23:07,2026-03-25 02:47:33
0x2e9714a3d172e72b9965f00dfcab149afd49fc25,2026-03-24 01:11:03,0,3,0.5661495222267209,1,262,2026-03-21 15:23:07,2026-03-25 02:47:33
0xef64386c509e597a85f06dea1be3553343b33840,2026-03-24 01:11:03,0,3,0.5661810059354756,1,261,2026-03-21 15:23:07,2026-03-25 02:47:33
0x0263a7698706b1144c17bcce5f3529f3bba45186,2026-03-24 01:11:05,1,3,0.4931112302763045,0,768,2026-03-21 15:23:07,2026-03-25 02:47:33
0x7847c6dc4e0596b33d83c4c407ed76d966970c9a,2026-03-24 01:11:05,0,3,0.3291497418880545,0,1290,2026-03-21 15:23:07,2026-03-25 02:47:33
0x0dd48e92c72f046ac7c1bd2bd69ac78e8170a533,2026-03-24 01:11:23,0,3,0.496976495334766,0,727,2026-03-21 15:23:07,2026-03-25 02:47:33
0x2ac893a6eb156044f4bb32e02ec89970a2539e67,2026-03-24 01:12:19,0,3,0.5907103871751824,1,185,2026-03-21 15:23:07,2026-03-25 02:47:33
0x958a17190a434da9fd4f1d20e0c51fbaf64b9f65,2026-03-24 01:12:19,0,3,0.4803402280364439,0,904,2026-03-21 15:23:07,2026-03-25 02:47:33
0x7c8a9bbbd65c5accb01627e7157495587202fcf6,2026-03-24 02:17:01,1,3,0.5769130809485988,1,232,2026-03-21 15:23:07,2026-03-25 02:47:33
0xdfead66f8a902d72e8ea311d390e78a25d478006,2026-03-24 02:17:01,0,3,0.47079655897665146,0,987,2026-03-21 15:23:07,2026-03-25 02:47:33
0xc660c38d2537b790e748e7312e273dccd42070c5,2026-03-24 02:17:47,1,3,0.6135991387984107,1,57,2026-03-21 15:23:07,2026-03-25 02:47:33
0xd04c3763878a23177c1a395130d1b301ea2fc640,2026-03-24 02:17:47,1,3,0.6116627796455065,1,106,2026-03-21 15:23:07,2026-03-25 02:47:33
0x65af0502c66b0d9d597b3024e777588b4a21df77,2026-03-24 02:18:47,0,3,0.5071195196354827,1,636,2026-03-21 15:23:07,2026-03-25 02:47:33
0xf8b044e1d6fc6c858d14520dfd5df5d81a45dcd6,2026-03-24 02:18:47,0,3,0.5300602696199604,1,458,2026-03-21 15:23:07,2026-03-25 02:47:33
0x62bd35c22495480a7ca6118e89cbe66582703dfb,2026-03-24 02:19:37,0,3,0.5723468253457296,1,247,2026-03-21 15:23:07,2026-03-25 02:47:33
0xad3834599d22206e8e259f1e40bb3578afe33bef,2026-03-24 02:19:51,0,3,0.5508509139299554,1,329,2026-03-21 15:23:07,2026-03-25 02:47:33
0x0fdbdfef931bad8e65ea63245228c2139dc78417,2026-03-24 02:20:01,0,3,0.4627205107646165,0,1050,2026-03-21 15:23:07,2026-03-25 02:47:33
0xa8bf0f3ccab026673b51814fdbdd8b1d60e0c874,2026-03-24 02:20:03,0,3,0.46661782820787523,0,1023,2026-03-21 15:23:07,2026-03-25 02:47:33
0x60af16217726cba7492f702f6d3aa9dee7c1e621,2026-03-24 02:20:29,0,3,0.5173319435833834,1,560,2026-03-21 15:23:07,2026-03-25 02:47:33
0xd05f07f689c32b43946265933f15cc0de6583125,2026-03-24 02:20:41,1,3,0.5678294688959135,1,255,2026-03-21 15:23:07,2026-03-25 02:47:33
0x66ca7fee3d820d801c319a7aede56a9d53c08078,2026-03-24 02:20:49,0,3,0.6097280155299347,1,121,2026-03-21 15:23:07,2026-03-25 02:47:33
0xaa09b27b39632c5708793c2f2ad4bfdef11ac94b,2026-03-24 02:20:51,1,3,0.5669942903372682,1,256,2026-03-21 15:23:07,2026-03-25 02:47:33
0xdd129804fe8d2cadf2876a7a9d092fc05a7c9deb,2026-03-24 02:22:03,1,3,0.499677414922896,0,687,2026-03-21 15:23:07,2026-03-25 02:47:33
0x0439cd4d089e2a6c75c425c86445e38bd01dc82b,2026-03-24 02:22:33,0,3,0.3823200413771905,0,1260,2026-03-21 15:23:07,2026-03-25 02:47:33
0x310bc2a40b484aa796841b458fa76072390a19cc,2026-03-24 02:22:33,0,3,0.5782984637610873,1,223,2026-03-21 15:23:07,2026-03-25 02:47:33
0x3a095c7c43079dbdb2ea5e06c1a0979bb56c19ab,2026-03-24 02:22:33,0,3,0.426525676648448,0,1200,2026-03-21 15:23:07,2026-03-25 02:47:33
0xcefff3c5bb0f5bd210b14030bb53d53770ec919c,2026-03-24 02:22:35,0,3,0.5022979096608405,1,673,2026-03-21 15:23:07,2026-03-25 02:47:33
0x0417316fc98040b0f760c48e2455742f6061ff02,2026-03-24 02:22:37,0,3,0.3891683565943292,0,1255,2026-03-21 15:23:07,2026-03-25 02:47:33
0xccfaa4e64a8e48a6b50f2874b9419d789be36be3,2026-03-24 02:22:37,0,3,0.5328633419881194,1,436,2026-03-21 15:23:07,2026-03-25 02:47:33
0x77bdeb3f229bf6d826d20dbd5f0c7972c32ae48f,2026-03-24 02:22:39,0,3,0.48609923666189375,0,840,2026-03-21 15:23:07,2026-03-25 02:47:33
0xa30956549cc068dc275096fe15898c24d943e943,2026-03-24 02:22:39,1,3,0.48155344105281095,0,886,2026-03-21 15:23:07,2026-03-25 02:47:33
0x3707959b22764ab6b91648e87700773c7b6c3e80,2026-03-24 02:22:41,1,3,0.4574600667334217,0,1088,2026-03-21 15:23:07,2026-03-25 02:47:33
0xfc53dc8c3327c7a32040b1bc66d978e0cddd6bd3,2026-03-24 02:22:41,0,3,0.6124376571921112,1,101,2026-03-21 15:23:07,2026-03-25 02:47:33
0x97a28bc5bf244a47ab315856872cb2c7a75e3711,2026-03-24 02:22:43,1,3,0.4811073883423909,0,894,2026-03-21 15:23:07,2026-03-25 02:47:33
0x6594a99bced201979438add55965d8ae611aea97,2026-03-24 02:22:47,0,3,0.4813756750529927,0,891,2026-03-21 15:23:07,2026-03-25 02:47:33
0x8ce47add92d375ddf819e174a3050329e7379c41,2026-03-24 03:37:19,1,3,0.5168781626382831,1,565,2026-03-21 15:23:07,2026-03-25 02:47:33
0x9bb9c8b42de56da8d623688183956c69798e6c85,2026-03-24 03:41:43,1,3,0.5208504009294592,1,532,2026-03-21 15:23:07,2026-03-25 02:47:33
0x3024712d12a75c911f8abf2a88ad44e3a4778ece,2026-03-24 03:41:45,0,3,0.4206745633223229,0,1214,2026-03-21 15:23:07,2026-03-25 02:47:33
0xff9c1df82ba51d0ecc0b680ab5356984e7b0c9d6,2026-03-24 03:41:45,1,3,0.49776336977592567,0,705,2026-03-21 15:23:07,2026-03-25 02:47:33
0xb50248d3cbd7184d398ecde55a1b6b6d3b3f145c,2026-03-24 03:41:47,0,3,0.4445431395230725,0,1151,2026-03-21 15:23:07,2026-03-25 02:47:33
0x422f396c259d6408c823322e603e3ed22b0bda1a,2026-03-24 03:41:49,0,3,0.4546626714524026,0,1096,2026-03-21 15:23:07,2026-03-25 02:47:33
0x56f12aa478c54efb61edc4b368df7d5e7add19fc,2026-03-24 03:41:49,0,3,0.5634782520594556,1,274,2026-03-21 15:23:07,2026-03-25 02:47:33
0xb33ef2632ed879948345365a2c20c2bf55a933b3,2026-03-24 03:42:45,1,3,0.49691814097010084,0,729,2026-03-21 15:23:07,2026-03-25 02:47:33
0xcce8c9139c05ed67356f566f134a763f10165267,2026-03-24 03:43:23,1,3,0.5135409662558014,1,587,2026-03-21 15:23:07,2026-03-25 02:47:33
0x6583973414c18a9db629494a19ba1410ba0b6039,2026-03-24 03:44:25,1,3,0.4931998555898019,0,766,2026-03-21 15:23:07,2026-03-25 02:47:33
0x6f8da448b56560c6f143fb628bb93f15bd28237e,2026-03-24 03:44:29,0,3,0.5454983480878911,1,357,2026-03-21 15:23:07,2026-03-25 02:47:33
0xa21e4efe11f0a56cd6dcff66e5901b88881d0946,2026-03-24 03:44:29,0,3,0.4753424310823007,0,947,2026-03-21 15:23:07,2026-03-25 02:47:33
0x025332784ab63e44851b8566b1ca233c1d947b2c,2026-03-24 03:45:15,1,3,0.48724197985797535,0,825,2026-03-21 15:23:07,2026-03-25 02:47:33
0x805a8bbd411324a1c121dd87fac96c2fb13012c8,2026-03-24 03:45:19,0,3,0.5081261414114473,1,625,2026-03-21 15:23:07,2026-03-25 02:47:33
0x0e2eed6b7e9f0f4974cff3ed829beadf0222c9cb,2026-03-24 03:45:21,0,3,0.4853726584581413,0,846,2026-03-21 15:23:07,2026-03-25 02:47:33
0x5dcf486ca515fc3ecfba622889cb74cab1dca027,2026-03-24 03:45:21,1,3,0.45252437486280256,0,1111,2026-03-21 15:23:07,2026-03-25 02:47:33
0x6cc8b34b8f4a07a05a3be0f58ee0386236cb6304,2026-03-24 03:45:21,0,3,0.45432296688537993,0,1097,2026-03-21 15:23:07,2026-03-25 02:47:33
0xae8d278d8e288ddcebb0c31fc44159871e3b210f,2026-03-24 03:45:21,1,3,0.47570685879110153,0,944,2026-03-21 15:23:07,2026-03-25 02:47:33
0x1c6944840d85337a82a14856b6f7a9406843eada,2026-03-24 03:45:25,1,3,0.45875390626014445,0,1075,2026-03-21 15:23:07,2026-03-25 02:47:33
0xad5057e6947081649c263a538d58899117e63122,2026-03-24 03:45:27,0,3,0.4958741175375308,0,747,2026-03-21 15:23:07,2026-03-25 02:47:33
0xd72b5ac53368e3ee13b9af927fd4efdb04258ea0,2026-03-24 04:42:41,0,3,0.6013132895313613,1,159,2026-03-21 15:23:07,2026-03-25 02:47:33
0xa9f81c89c7bc9452e2ab2da2ccc836b2903995a0,2026-03-24 04:42:43,0,3,0.5984802616457373,1,165,2026-03-21 15:23:07,2026-03-25 02:47:33
0xae185867eb159ee1119ae2b89210de46db8bc344,2026-03-24 04:42:49,0,3,0.5321033022112036,1,446,2026-03-21 15:23:07,2026-03-25 02:47:33
0x1975b6b50cd3eeeab503db35480dec950c9d1494,2026-03-24 04:42:51,0,3,0.5245412900409483,1,505,2026-03-21 15:23:07,2026-03-25 02:47:33
0xed82ce76be1380d88a5c62527ad353b21332fdaa,2026-03-24 04:42:51,1,3,0.5159395633936067,1,574,2026-03-21 15:23:07,2026-03-25 02:47:33
0x33e42bc982898229ed5a012af35df61d34e80618,2026-03-24 04:44:57,0,3,0.47900004767694077,0,918,2026-03-21 15:23:07,2026-03-25 02:47:33
0x02eec9d900075ea9cf63478914e855ee2ef5a212,2026-03-24 04:45:27,0,3,0.6132195375805375,1,77,2026-03-21 15:23:07,2026-03-25 02:47:33
0xe366b9fd0ca1537f9cc04b374a4cdfda2a1188c2,2026-03-24 04:45:29,1,3,0.47451182316721446,0,952,2026-03-21 15:23:07,2026-03-25 02:47:33
0x5e3dbb56a5c301330d7513b4d6a536acf6f2bd04,2026-03-24 04:45:35,0,3,0.4782926782054042,0,922,2026-03-21 15:23:07,2026-03-25 02:47:33
0x98b94b24ef8093fdedce3c5d9a97ebcce7979fb8,2026-03-24 04:45:35,0,3,0.49925312990912757,0,692,2026-03-21 15:23:07,2026-03-25 02:47:33
0x9ae3a6dc12175a84120ecdd488eb9abf4cc2b713,2026-03-24 04:45:35,1,3,0.517115828385228,1,563,2026-03-21 15:23:07,2026-03-25 02:47:33
0xaa73ec84807c68b87752ca1ca71d11806f01c2c4,2026-03-24 04:45:35,0,3,0.5526199233077124,1,323,2026-03-21 15:23:07,2026-03-25 02:47:33
0xfa5f62ab0be3dca43d7531b299e5e50570b608d5,2026-03-24 04:45:35,0,3,0.4869520999404085,0,827,2026-03-21 15:23:07,2026-03-25 02:47:33
0x479e125012fbb587480d1953ca05e306bf0d56ca,2026-03-24 04:45:43,0,3,0.5058290165268857,1,643,2026-03-21 15:23:07,2026-03-25 02:47:33
0x7eafed6b71af072f9fcf9de23fe3bfda4af4ffcd,2026-03-24 04:47:23,0,3,0.5011070205868643,1,679,2026-03-21 15:23:07,2026-03-25 02:47:33
0xa16a1b09f6b4cf7d48e5e9d06164f2661c876059,2026-03-24 04:48:27,0,3,0.5770130696033747,1,229,2026-03-21 15:23:07,2026-03-25 02:47:33
0xd0840838ed7f029c063c82fcba1af8334202bf65,2026-03-24 04:48:27,0,3,0.4808343529327587,0,897,2026-03-21 15:23:07,2026-03-25 02:47:33
0xa3e0985f2d0b3209a52f171660287863690d095d,2026-03-24 05:47:55,0,3,0.3626632886274837,0,1277,2026-03-21 15:23:07,2026-03-25 02:47:33
0xba636698626bae94ee0deba69565c51b81086e4d,2026-03-24 05:47:55,0,3,0.5374448228502091,1,406,2026-03-21 15:23:07,2026-03-25 02:47:33
0x97b31e59f7cf4bdd0b2cabc30b6cc89cb22c0d4a,2026-03-24 05:47:57,0,3,0.49730289020394497,0,710,2026-03-21 15:23:07,2026-03-25 02:47:33
0x05e8f2a449cf92e1c380e23df33683beca697624,2026-03-24 05:48:27,1,3,0.4675129480680867,0,1017,2026-03-21 15:23:07,2026-03-25 02:47:33
0xde13ab41885874d82abc90992aa529dc528ac547,2026-03-24 05:48:41,0,3,0.613322048690203,1,71,2026-03-21 15:23:07,2026-03-25 02:47:33
0x605788bff6e2b329b5544e68583f37c9e12af091,2026-03-24 05:49:19,0,3,0.5962721759750141,1,168,2026-03-21 15:23:07,2026-03-25 02:47:33
0x6565b28a6c3a203e14f2e03907342793bd097281,2026-03-24 05:49:19,0,3,0.6054756718737447,1,146,2026-03-21 15:23:07,2026-03-25 02:47:33
0x2815decf18a49a73da17f82f8d5c2d2dbfcf10fd,2026-03-24 05:50:15,1,3,0.6063147912898625,1,135,2026-03-21 15:23:07,2026-03-25 02:47:33
0x5911787d79ff491ab966c6aff03ff18b2a7eafe8,2026-03-24 05:50:15,0,3,0.566915622567738,1,258,2026-03-21 15:23:07,2026-03-25 02:47:33
0x4b9fb9dfebcb1fac8356efee760b45edc73e424a,2026-03-24 05:51:27,1,3,0.5100473735645857,1,605,2026-03-21 15:23:07,2026-03-25 02:47:33
0x46dd0b87baf97cc57aeafa90b51d609470f6151e,2026-03-24 05:52:23,0,3,0.49938645816197846,0,690,2026-03-21 15:23:07,2026-03-25 02:47:33
0xf0a704fce42da3c3473943e2fbcfba8b95f48f12,2026-03-24 05:52:23,0,3,0.4913296099539815,0,784,2026-03-21 15:23:07,2026-03-25 02:47:33
0x3f1f26b96e042126b3517ed6470edb7a00ce2afc,2026-03-24 05:52:25,1,3,0.6138312957523938,1,24,2026-03-21 15:23:07,2026-03-25 02:47:33
0x58fcf1ebc9e29ca6746d3bef3116b171d8cd77ed,2026-03-24 05:52:27,1,3,0.478096474216476,0,927,2026-03-21 15:23:07,2026-03-25 02:47:33
0xd51ac0b225b8c68a590bb9f9480e4b4525d00c2c,2026-03-24 05:52:27,0,3,0.4794439365595262,0,912,2026-03-21 15:23:07,2026-03-25 02:47:33
0x30e7ee8c541f92807a0a740b1bdc68bd6b27ac4f,2026-03-24 06:51:49,0,3,0.605110329435048,1,148,2026-03-21 15:23:07,2026-03-25 02:47:33
0x8dedc4a0ccf8e9e20e54b410fb0d46e529194c0c,2026-03-24 06:51:51,0,3,0.4476399908456485,0,1137,2026-03-21 15:23:07,2026-03-25 02:47:33
0xf662527ef6cebfd8d1b359f0fe78629736bf3e84,2026-03-24 06:51:57,0,3,0.57696886313833,1,230,2026-03-21 15:23:07,2026-03-25 02:47:33
0x7bdaf32de453b62d68308b4d941103a5650c30f7,2026-03-24 06:52:21,0,3,0.5854843803768517,1,206,2026-03-21 15:23:07,2026-03-25 02:47:33
0x4fc9459f8dc0e47ef2dfa0b4dcecaa0c6dede444,2026-03-24 06:53:03,0,3,0.6116626245823781,1,107,2026-03-21 15:23:07,2026-03-25 02:47:33
0x0aa0e769931bcf820c88f845109e8fe074b8e6fd,2026-03-24 06:53:07,0,3,0.4370585549331961,0,1174,2026-03-21 15:23:07,2026-03-25 02:47:33
0x52e9ddafda7ae033b1dd4553c7acdb9b3effb5cd,2026-03-24 06:53:11,0,3,0.5546126407926949,1,310,2026-03-21 15:23:07,2026-03-25 02:47:33
0x740cd3d1ff22bdca1973c05c91fb7e93dad5d013,2026-03-24 06:53:11,0,3,0.5181840516646098,1,554,2026-03-21 15:23:07,2026-03-25 02:47:33
0x2e940054c8e5b364ac4ede0af550051b06550811,2026-03-24 06:53:13,1,3,0.49835432733494744,0,699,2026-03-21 15:23:07,2026-03-25 02:47:33
0x718365f847d6fc0b60e3451cb9580cf4598a941f,2026-03-24 06:53:43,1,3,0.5400209028264829,1,391,2026-03-21 15:23:07,2026-03-25 02:47:33
0x68b378243a5191ff452a56ca0285cea81ccb233d,2026-03-24 06:53:45,0,3,0.5332282182094457,1,434,2026-03-21 15:23:07,2026-03-25 02:47:33
0x7b864d0a8445ce7be400e822429de97c664a2107,2026-03-24 06:53:45,1,3,0.43274028219934496,0,1188,2026-03-21 15:23:07,2026-03-25 02:47:33
0x6a015f754c9fc6f459a1a38401cd8791af2b77a6,2026-03-24 06:53:57,0,3,0.47040080278551344,0,994,2026-03-21 15:23:07,2026-03-25 02:47:33
0x11ec0cf7739f70f43c920101f857b9aa04d2f98c,2026-03-24 06:54:55,0,3,0.5087556667158971,1,616,2026-03-21 15:23:07,2026-03-25 02:47:33
0x9a44903288e9c1effef876381daf04dae0217fbf,2026-03-24 06:54:55,0,3,0.4887955691099354,0,806,2026-03-21 15:23:07,2026-03-25 02:47:33
0x1c28c3edfc4c6a4289fc6635e51df2123a4a2343,2026-03-24 06:55:09,0,3,0.41133840153205886,0,1230,2026-03-21 15:23:07,2026-03-25 02:47:33
0x48c33d8e9e0989fe23c0bc4dc7e805da752d0701,2026-03-24 06:55:37,0,3,0.4958206771443738,0,748,2026-03-21 15:23:07,2026-03-25 02:47:33
0x88b507ec963f77cb5c19611d4cfbd5c2182fc31b,2026-03-24 06:55:39,0,3,0.45584986501260033,0,1092,2026-03-21 15:23:07,2026-03-25 02:47:33
0x53f92c7805c679b5644d828e3d2bda1681ad6e59,2026-03-24 06:55:43,0,3,0.4561907929289625,0,1090,2026-03-21 15:23:07,2026-03-25 02:47:33
0xe4ad4bc9e7742d1c08636e886dc631c6bb93795c,2026-03-24 06:55:43,1,3,0.5615892191895998,1,284,2026-03-21 15:23:07,2026-03-25 02:47:33
0x315fc902932e190325de385dbe5f30f114ea5593,2026-03-24 07:53:21,1,3,0.6128382810452601,1,92,2026-03-21 15:23:07,2026-03-25 02:47:33
0x588ff5786dbf6df7ba76ad65b5e06ada9ce2645d,2026-03-24 07:53:23,0,3,0.5254885577419623,1,492,2026-03-21 15:23:07,2026-03-25 02:47:33
0xefcd307d3dd363130bbccaa46a88276076aca4c2,2026-03-24 07:53:23,0,3,0.5697461367559593,1,251,2026-03-21 15:23:07,2026-03-25 02:47:33
0x66cae4b2b481c033d7e5b961eb25eaf144fabcd4,2026-03-24 07:55:07,0,3,0.5489382324887686,1,342,2026-03-21 15:23:07,2026-03-25 02:47:33
0x845b8f275f5592cdd546818de25d66acd43b802d,2026-03-24 07:55:07,0,3,0.5812172725908554,1,218,2026-03-21 15:23:07,2026-03-25 02:47:33
0xa702732af24a7b90a956d5546e5465ad2617024b,2026-03-24 07:55:29,1,3,0.4526712794798572,0,1109,2026-03-21 15:23:07,2026-03-25 02:47:33
0x2c1d1ec08fbbf1e6d86ea69c9992512d7d78efc0,2026-03-24 07:55:31,0,3,0.5747412682161445,1,237,2026-03-21 15:23:07,2026-03-25 02:47:33
0x38e1e95461fe2b5b44398ea7b1edb919f994ab0f,2026-03-24 07:55:31,1,3,0.5845726231096302,1,209,2026-03-21 15:23:07,2026-03-25 02:47:33
0x34c6acd875398175fed6679fc2c3efb06e29be53,2026-03-24 07:55:33,0,3,0.4664858017613308,0,1025,2026-03-21 15:23:07,2026-03-25 02:47:33
0x2619bdf80cad947c11ff14fb11e551036ff734ef,2026-03-24 07:55:35,0,3,0.5375362658960781,1,405,2026-03-21 15:23:07,2026-03-25 02:47:33
0xe1d44bb4ed4d8558e5b1328d8d70298a93046069,2026-03-24 07:56:11,0,3,0.5546026923319258,1,311,2026-03-21 15:23:07,2026-03-25 02:47:33
0x8df81ca242609a8264d46e32a051230591130db0,2026-03-24 07:56:13,0,3,0.4805776299550017,0,902,2026-03-21 15:23:07,2026-03-25 02:47:33
0x91d5d75e70276fc623154e5e598504fa6aa08a03,2026-03-24 07:56:15,0,3,0.5181705031213918,1,555,2026-03-21 15:23:07,2026-03-25 02:47:33
0x70488a2e4635e21bff01fa084f8854e3d5e12fbc,2026-03-24 07:56:21,0,3,0.5328007304832526,1,438,2026-03-21 15:23:07,2026-03-25 02:47:33
0x784fe7d3a7ed7eb5de194e8e9b158cd8f0f38b05,2026-03-24 07:56:27,0,3,0.4655679661387506,0,1028,2026-03-21 15:23:07,2026-03-25 02:47:33
0xb57113c5e05e7853a96401d415ffb445a59debc7,2026-03-24 07:56:27,0,3,0.454100710585502,0,1099,2026-03-21 15:23:07,2026-03-25 02:47:33
0xd5551c8e1eaa28b2be4defaf25c20e00e8441679,2026-03-24 07:56:27,0,3,0.44934264880238006,0,1129,2026-03-21 15:23:07,2026-03-25 02:47:33
0xcce70b94fb78d68e7c529fe8593d87176ac509bd,2026-03-24 07:56:29,0,3,0.5224926744961857,1,518,2026-03-21 15:23:07,2026-03-25 02:47:33
0x88eb42016ef429c5a153b55d600678a8910e1584,2026-03-24 07:57:15,0,3,0.5137859458708216,1,586,2026-03-21 15:23:07,2026-03-25 02:47:33
0x71ceb517fdc7f38b7df1d37ab5039d6878bcc234,2026-03-24 07:57:17,0,3,0.5196327598506694,1,540,2026-03-21 15:23:07,2026-03-25 02:47:33
0x87cf4ca56d59ed77d95e80001665354a97e7eeeb,2026-03-24 07:57:17,0,3,0.5214385845488863,1,525,2026-03-21 15:23:07,2026-03-25 02:47:33
0x82c9f9c8723cf9dd49338c6819507b9ba899461e,2026-03-24 07:57:31,0,3,0.5048122489374959,1,649,2026-03-21 15:23:07,2026-03-25 02:47:33
0x44114b01724bc80eafc404e89d1680dac5a1985e,2026-03-24 07:57:49,0,3,0.452863099327627,0,1107,2026-03-21 15:23:07,2026-03-25 02:47:33
0x7dfed6dae1177033ae82cbc104fbb959d49bba7e,2026-03-24 07:57:49,1,3,0.5537097340200033,1,315,2026-03-21 15:23:07,2026-03-25 02:47:33
0x8c901f67b036b5eebab4e1f2f904b8676743a904,2026-03-24 07:57:49,0,3,0.4923649132429157,0,777,2026-03-21 15:23:07,2026-03-25 02:47:33
0xdb732d17fcd10b0ca177a997c80c0ebfe0f3155f,2026-03-24 07:57:49,0,3,0.4762897646593792,0,941,2026-03-21 15:23:07,2026-03-25 02:47:33
0xf01a119cac528f4d14498255a82ade24cee7f29b,2026-03-24 07:58:15,0,3,0.5988134047598601,1,164,2026-03-21 15:23:07,2026-03-25 02:47:33
0x4857fc6a088f10cfd438939260b2ffa75164600e,2026-03-24 08:00:21,0,3,0.6124376571921112,1,102,2026-03-21 15:23:07,2026-03-25 02:47:33
0xb7f4100bca05c896aa85aa12fd22e09aa9307453,2026-03-24 08:00:21,0,3,0.48827768114962633,0,814,2026-03-21 15:23:07,2026-03-25 02:47:33
0xba3d754480ebd115f42d02437dc256faec0f5079,2026-03-24 08:00:23,0,3,0.48652365188151525,0,833,2026-03-21 15:23:07,2026-03-25 02:47:33
0xdda0719501cafe8468d349bf89aed31940f7edaa,2026-03-24 08:00:27,0,3,0.5810629973166849,1,219,2026-03-21 15:23:07,2026-03-25 02:47:33
0x074603352b5629c17eadc5fdeae1c5f8db215e31,2026-03-24 08:00:29,1,3,0.6135913996191042,1,62,2026-03-21 15:23:07,2026-03-25 02:47:33
0xf2a00d59881a06a3b0645f4e679f80ad33b61f3d,2026-03-24 10:33:01,0,3,0.6081680352693448,1,128,2026-03-21 15:23:07,2026-03-25 02:47:33
0x25403b96ca76087b9d0192ef6a5e27b53f20d68f,2026-03-24 10:33:03,0,3,0.47571536588937524,0,943,2026-03-21 15:23:07,2026-03-25 02:47:33
0x4f85633d279663307c0e8de9a072fdc7cc581169,2026-03-24 10:33:03,0,3,0.5313939625176777,1,454,2026-03-21 15:23:07,2026-03-25 02:47:33
0xc281ad222df6d91ba397fb3b086130998fd6e079,2026-03-24 10:33:03,0,3,0.6062217713259264,1,139,2026-03-21 15:23:07,2026-03-25 02:47:33
0x91e42dde40873a925e43c667c2f7a36cc264fc45,2026-03-24 10:33:57,0,3,0.48776258379532705,0,819,2026-03-21 15:23:07,2026-03-25 02:47:33
0xa43958e85e4a64977a9d3d2c6a053808aa5a9ed6,2026-03-24 10:33:57,0,3,0.5764557743840079,1,234,2026-03-21 15:23:07,2026-03-25 02:47:33
0xab41fe77ba33726739c520a1e18dea4811fb4b58,2026-03-24 10:33:57,0,3,0.4485376600336737,0,1133,2026-03-21 15:23:07,2026-03-25 02:47:33
0xbddec5bcbc8f6e3194f1158e273ed3aac599af48,2026-03-24 10:34:01,0,3,0.4342095544601759,0,1184,2026-03-21 15:23:07,2026-03-25 02:47:33
0x3c1348a939222060ebd72bc50821b62ea5539c97,2026-03-24 10:34:03,0,3,0.4275777856304208,0,1197,2026-03-21 15:23:07,2026-03-25 02:47:33
0x6e447d4b8e20a091a2ffaea88095ea5c3fca1953,2026-03-24 10:34:03,0,3,0.510646527444271,1,602,2026-03-21 15:23:07,2026-03-25 02:47:33
0x879d999541ea4b50b7c237092cfc2b5f8a1fb501,2026-03-24 10:34:03,0,3,0.6134809307294126,1,65,2026-03-21 15:23:07,2026-03-25 02:47:33
0x2a6b10bf30340a23b189d9a8b5593af1a513505f,2026-03-24 10:34:05,0,3,0.5178882778694278,1,556,2026-03-21 15:23:07,2026-03-25 02:47:33
0x3538d481185da25256651343271cfb60e93e7b80,2026-03-24 10:34:05,0,3,0.5418084643961678,1,381,2026-03-21 15:23:07,2026-03-25 02:47:33
0x9b7a8eab18e7d5c7ecb380b13e8f6709d8e21f12,2026-03-24 10:34:05,0,3,0.5050005760938808,1,647,2026-03-21 15:23:07,2026-03-25 02:47:33
0xe45c86a67c392e93d01556050cad14a2bfbdfb69,2026-03-24 10:34:05,0,3,0.4806869182664654,0,899,2026-03-21 15:23:07,2026-03-25 02:47:33
0x36ca28acc4e7d0c90b626036ff6f005504972598,2026-03-24 10:34:37,0,3,0.5421155012829614,1,379,2026-03-21 15:23:07,2026-03-25 02:47:33
0x5686404945ed1f64afbbbc0354defff4e7df690a,2026-03-24 10:34:37,0,3,0.5258366479349872,1,487,2026-03-21 15:23:07,2026-03-25 02:47:33
0xd8ab37f9d06af372451b61605bec9b36abe67e87,2026-03-24 10:34:37,0,3,0.4662115778689171,0,1026,2026-03-21 15:23:07,2026-03-25 02:47:33
0x2bf296578b09daa7d9a478ce486ff32966a4c7ab,2026-03-24 10:34:45,0,3,0.5552815024810621,1,307,2026-03-21 15:23:07,2026-03-25 02:47:33
0xf7387b19e2524cb10c16ecf99ebba42fa708a5df,2026-03-24 10:34:53,1,3,0.4669677755004714,0,1021,2026-03-21 15:23:07,2026-03-25 02:47:33
0x94440940b19228f5fa87b7be949d32b385d723cf,2026-03-24 10:34:55,0,3,0.46708528641069247,0,1019,2026-03-21 15:23:07,2026-03-25 02:47:33
0x8c8daffaeee6b31467d19e9bbee7da3639ec56cb,2026-03-24 10:35:07,0,3,0.5439970112450083,1,367,2026-03-21 15:23:07,2026-03-25 02:47:33
0x8e458bf4c436071e46937774fc6055f6db1275eb,2026-03-24 10:35:09,1,3,0.5054672700320123,1,644,2026-03-21 15:23:07,2026-03-25 02:47:33
0x35b1d587e270c81b8cc076526ee9a8c2351cdc2a,2026-03-24 10:35:19,0,3,0.27047622177485625,0,1303,2026-03-21 15:23:07,2026-03-25 02:47:33
0x3b8cf6f61b70f5526b92b7fcb28803a5f55be802,2026-03-24 10:35:23,0,3,0.5505594232805728,1,331,2026-03-21 15:23:07,2026-03-25 02:47:33
0x0d32562cb3635dfada38bad5bf8935c6c3123aa2,2026-03-24 10:35:25,0,3,0.5097191218386466,1,607,2026-03-21 15:23:07,2026-03-25 02:47:33
0x007ea4cbbdf4d230e12e3913d706b796ede9c290,2026-03-24 10:35:41,0,3,0.6133057932219503,1,73,2026-03-21 15:23:07,2026-03-25 02:47:33
0xd51eb0de93b3e51912fd9d63ca7e744551036465,2026-03-24 10:35:41,1,3,0.42952762262940336,0,1194,2026-03-21 15:23:07,2026-03-25 02:47:33
0xf85d1e4d411bdbda719b0020b1732b491a185331,2026-03-24 10:35:41,0,3,0.37961780002008066,0,1264,2026-03-21 15:23:07,2026-03-25 02:47:33
0x0c71760aeb49fdd84d71226d972987874ecebdf7,2026-03-24 10:35:55,0,3,0.4769495789890937,0,937,2026-03-21 15:23:07,2026-03-25 02:47:33
0xcd7f7d33c376f3136243ad425506562525c5ad20,2026-03-24 10:35:55,0,3,0.5403966811094177,1,389,2026-03-21 15:23:07,2026-03-25 02:47:33
0xeb0c9f49892e81e7fcdc0888df820a6c81e0ced7,2026-03-24 10:35:55,1,3,0.521072330530172,1,531,2026-03-21 15:23:07,2026-03-25 02:47:33
0xf3e01a662a4b2914c40f62ca26e1ae1af44aa0a0,2026-03-24 10:35:55,0,3,0.528182682493189,1,469,2026-03-21 15:23:07,2026-03-25 02:47:33
0x5d8c88c5df78cd300761de88003b2c64676135b0,2026-03-24 10:36:09,0,3,0.5568905856249562,1,300,2026-03-21 15:23:07,2026-03-25 02:47:33
0x1b9c5763a2e5910eef27b384ea850bd2110e68d3,2026-03-24 10:36:25,0,3,0.5317397068731258,1,450,2026-03-21 15:23:07,2026-03-25 02:47:33
0x409367ef0150830a411b4731d8ed8a3324075749,2026-03-24 10:36:27,1,3,0.4597671830169068,0,1070,2026-03-21 15:23:07,2026-03-25 02:47:33
0xe44c86abeb3a5c7644795a07ff6c2faeb05ef15c,2026-03-24 10:36:27,0,3,0.49386844977913286,0,760,2026-03-21 15:23:07,2026-03-25 02:47:33
0x4d113f2d4fc3c9a7fb766826717851ee9c4b03ae,2026-03-24 10:36:53,0,3,0.4631038292833169,0,1044,2026-03-21 15:23:07,2026-03-25 02:47:33
0x0e49b0bc75f40e777e4e58532c1c0b284c51f7fb,2026-03-24 10:36:55,0,3,0.4194672768270815,0,1216,2026-03-21 15:23:07,2026-03-25 02:47:33
0x54f02831add4f11387b0f7dcccdc355460016a27,2026-03-24 10:36:55,0,3,0.5522793513781281,1,327,2026-03-21 15:23:07,2026-03-25 02:47:33
0xd35d9a312449e40b581099cd250725f6ac7abfb7,2026-03-24 10:36:55,1,3,0.5086698527874643,1,617,2026-03-21 15:23:07,2026-03-25 02:47:33
0x66864257c45a390795fef2086a7129dc69cc0b30,2026-03-24 10:36:57,0,3,0.39729992650765245,0,1247,2026-03-21 15:23:07,2026-03-25 02:47:33
0xcce49e24aee7f208ececfa300ad164339b1a5385,2026-03-24 10:37:05,0,3,0.6133961270031094,1,67,2026-03-21 15:23:07,2026-03-25 02:47:33
0x5db231fe37f6244a8c5ff7e49e2d8e8f0ed9defe,2026-03-24 10:37:09,0,3,0.49799052842016484,0,700,2026-03-21 15:23:07,2026-03-25 02:47:33
0x72eca7ba7388156ec8be46303b4299df4436b7b5,2026-03-24 10:37:09,1,3,0.497277609489289,0,712,2026-03-21 15:23:07,2026-03-25 02:47:33
0xad0f70711a7684f55318722703d57d2668cfa6a6,2026-03-24 10:37:13,1,3,0.4718057484398737,0,980,2026-03-21 15:23:07,2026-03-25 02:47:33
0xbc546941a1702cf8f163b57f2c0e0e9397ac2a3c,2026-03-24 10:37:15,0,3,0.4579402111223971,0,1084,2026-03-21 15:23:07,2026-03-25 02:47:33
0x11468227fa51dd84ac94b5130c0f637c4a8af1ee,2026-03-24 11:34:17,0,3,0.4747613772091761,0,948,2026-03-21 15:23:07,2026-03-25 02:47:33
0xfe66a092ff8be47fa9fe224b00e5b243dc912e62,2026-03-24 11:34:17,0,3,0.5927303169242142,1,179,2026-03-21 15:23:07,2026-03-25 02:47:33
0x6e7153806c150c8d69432104d07664bf67ed5436,2026-03-24 11:34:19,0,3,0.6139079538317931,1,12,2026-03-21 15:23:07,2026-03-25 02:47:33
0x7508094b3f2e918090dac1e6572a8f3eef64fdbb,2026-03-24 11:34:19,0,3,0.5022910251770762,1,674,2026-03-21 15:23:07,2026-03-25 02:47:33
0x78c55b5859a5e660ce6a8c75cc1d447013fb32f2,2026-03-24 11:34:19,0,3,0.4652951361527068,0,1029,2026-03-21 15:23:07,2026-03-25 02:47:33
0xaff2e4c09454894262372b5546d280de63189070,2026-03-24 11:34:19,0,3,0.4978952133551579,0,701,2026-03-21 15:23:07,2026-03-25 02:47:33
0x058e5b4d384b3e5294847566c4ef8c1f51fda2ac,2026-03-24 11:34:23,0,3,0.6062217701571486,1,143,2026-03-21 15:23:07,2026-03-25 02:47:33
0xf24719e53c04125d3cc6d380f8222b45654a6384,2026-03-24 11:38:15,0,3,0.5269712428060899,1,475,2026-03-21 15:23:07,2026-03-25 02:47:33
0xe61d887fd2e737ec14cf7e4b0c40b3f9088a5f97,2026-03-24 11:38:59,0,3,0.37956219992078294,0,1265,2026-03-21 15:23:07,2026-03-25 02:47:33
0xd535415f529f41db9232d96bdd71a9c9f4e59fae,2026-03-24 11:39:05,0,3,0.520735859619678,1,533,2026-03-21 15:23:07,2026-03-25 02:47:33
0xdf0d2ccfe3d7c2ef120395534e43afe283509f79,2026-03-24 11:39:05,0,3,0.26760028449479195,0,1306,2026-03-21 15:23:07,2026-03-25 02:47:33
0x409add9d9fcf7cd12a975f7fbccb156e4ecdb58d,2026-03-24 11:39:07,0,3,0.5563012345616265,1,303,2026-03-21 15:23:07,2026-03-25 02:47:33
0xbb0823629729373f0391e92725e3fa6d18e97765,2026-03-24 11:39:07,0,3,0.4914508369228567,0,781,2026-03-21 15:23:07,2026-03-25 02:47:33
0xc2e010544c47ed9cc1b56afb78f3858114be129b,2026-03-24 11:39:07,0,3,0.5903163709983447,1,186,2026-03-21 15:23:07,2026-03-25 02:47:33
0x46b855c3aca75fb1ab0442b9b0530b46be02dcec,2026-03-24 11:39:11,0,3,0.5212796263121264,1,528,2026-03-21 15:23:07,2026-03-25 02:47:33
0x7429b14471dee8a70cfcdb414af2e8155cbc8e88,2026-03-24 11:39:11,0,3,0.6139086494315319,1,9,2026-03-21 15:23:07,2026-03-25 02:47:33
0x7b7d699a3abe0ee30f3e8522e2a89afcc1045e40,2026-03-24 11:39:11,1,3,0.5071567749617903,1,634,2026-03-21 15:23:07,2026-03-25 02:47:33
0x8a65ee20472dfc269fe58b8206062538b3870e41,2026-03-24 11:39:11,1,3,0.5124103175132338,1,594,2026-03-21 15:23:07,2026-03-25 02:47:33
0x460a20d648c4601abfcd0c71ec37eb6dfd26d738,2026-03-24 11:39:45,0,3,0.6137152158844732,1,42,2026-03-21 15:23:07,2026-03-25 02:47:33
0x134431cf415d317160369638cf85df3e49f89735,2026-03-24 11:39:47,0,3,0.42416901718757855,0,1204,2026-03-21 15:23:07,2026-03-25 02:47:33
0x725104ee9ab3af7be92c3f490e817b34960e1285,2026-03-24 11:39:47,1,3,0.5568139013670255,1,302,2026-03-21 15:23:07,2026-03-25 02:47:33
0x7a0e3bc5a6d3210ba76d30fb4374d531307a10b2,2026-03-24 11:39:47,0,3,0.4038853491867374,0,1239,2026-03-21 15:23:07,2026-03-25 02:47:33
0x36d21f7aefaa717e0729eec4c23f1462f2c2b22e,2026-03-24 11:39:49,0,3,0.46395575083003066,0,1039,2026-03-21 15:23:07,2026-03-25 02:47:33
0x4767850ba9f2c965728357f754bf444563747c3f,2026-03-24 11:39:49,1,3,0.3802111107295154,0,1263,2026-03-21 15:23:07,2026-03-25 02:47:33
0x38c065b3dcd7a5f4db2835563857ff685cce6a8a,2026-03-24 11:39:53,0,3,0.42205802097729367,0,1212,2026-03-21 15:23:07,2026-03-25 02:47:33
0xb20666a4b1d82701982306daec486bc828f3ffa2,2026-03-24 11:39:53,0,3,0.515486756224483,1,577,2026-03-21 15:23:07,2026-03-25 02:47:33
0xe33d463a443e63dd81c82f9ac0ddf2c746389512,2026-03-24 11:39:55,0,3,0.6124957617510781,1,95,2026-03-21 15:23:07,2026-03-25 02:47:33
0x545e8d7d38dd5b5ea96c1e5cca1d132e39b4b931,2026-03-24 11:42:07,1,3,0.5264467606193054,1,482,2026-03-21 15:23:07,2026-03-25 02:47:33
0x682dbb961b8b4c4c99d9d56557d5ad68847e4cd6,2026-03-24 11:42:31,0,3,0.5400638691233758,1,390,2026-03-21 15:23:07,2026-03-25 02:47:33
0xc41a99a34c0931a7aab0fff57471fea7084fa483,2026-03-24 11:42:55,0,3,0.5006124054955144,1,682,2026-03-21 15:23:07,2026-03-25 02:47:33
0xc7db9ca3e6df1001309ef74a71269c18b0bd7395,2026-03-24 11:42:55,0,3,0.48672916382838727,0,830,2026-03-21 15:23:07,2026-03-25 02:47:33
0x1d9a322eb5a32c6f2e8339b567a5873ce4604c52,2026-03-24 13:12:21,1,3,0.4630479616935489,0,1046,2026-03-21 15:23:07,2026-03-25 02:47:33
0x22ac2e89be967fe1611f26393769211de7157954,2026-03-24 13:12:21,1,3,0.4345053725829481,0,1182,2026-03-21 15:23:07,2026-03-25 02:47:33
0x52069c27c784b4ac1fbb6e4a6ed5e5ab5ab8212e,2026-03-24 13:12:21,0,3,0.34612289042047495,0,1287,2026-03-21 15:23:07,2026-03-25 02:47:33
0x5bbd2d639b4655c4af758a4ab4aea3c5a9fd268e,2026-03-24 13:12:31,0,3,0.5952289499454798,1,172,2026-03-21 15:23:07,2026-03-25 02:47:33
0xba4b108d4723ee96e45818fcc19ff578790a315c,2026-03-24 13:12:31,0,3,0.40053703280303543,0,1243,2026-03-21 15:23:07,2026-03-25 02:47:33
0x866e4a7a780d2c7e46414933694bed88de926308,2026-03-24 13:12:33,0,3,0.4681022504034161,0,1011,2026-03-21 15:23:07,2026-03-25 02:47:33
0x31393e2f8333d4a6e2e31ca6424defe8b6cb9e2e,2026-03-24 13:13:03,0,3,0.1265136180569941,0,1323,2026-03-21 15:23:07,2026-03-25 02:47:33
0x371af318693da82998133d8743984ed8f4ab2c72,2026-03-24 13:13:03,0,3,0.3532121608877512,0,1280,2026-03-21 15:23:07,2026-03-25 02:47:33
0x52fefabb5bae7830dbdecbf0ede5698d0cbdeffd,2026-03-24 13:13:05,0,3,0.44723841383117174,0,1140,2026-03-21 15:23:07,2026-03-25 02:47:33
0xd0c7f160ee70d142d963356cd7a4f58d3fd835f4,2026-03-24 13:13:05,0,3,0.5729616422803491,1,243,2026-03-21 15:23:07,2026-03-25 02:47:33
0xf406d04b3939349390fb359004b7e2c28b7a2a52,2026-03-24 13:13:05,0,3,0.4889471255667736,0,804,2026-03-21 15:23:07,2026-03-25 02:47:33
0xcbf2e68abacb863039a9c9f857d455634c1638d0,2026-03-24 13:14:01,0,3,0.50842816150615,1,620,2026-03-21 15:23:07,2026-03-25 02:47:33
0x01f6ec5e28964c8787faf87882b705f05ac6b41f,2026-03-24 13:14:09,0,3,0.5090523816795346,1,613,2026-03-21 15:23:07,2026-03-25 02:47:33
0x43aefed7ce47c9c9b70a7024128c8a65b2eead63,2026-03-24 13:14:09,0,3,0.5114047759688235,1,601,2026-03-21 15:23:07,2026-03-25 02:47:33
0x7d6297d0c46245b5311f036ce9b3b2b9ee083960,2026-03-24 13:14:09,0,3,0.42634173330728536,0,1201,2026-03-21 15:23:07,2026-03-25 02:47:33
0x6bf7d2b36cb1b7a0bc1f54f8fbba5516f526e88a,2026-03-24 13:14:11,0,3,0.524957940827618,1,495,2026-03-21 15:23:07,2026-03-25 02:47:33
0xc8e0a9d02004ceacb0a9da086bd0b7c828f8203a,2026-03-24 13:14:11,0,3,0.46763307970518886,0,1016,2026-03-21 15:23:07,2026-03-25 02:47:33
0x8b0133736765584c87f4fc2b70afc53dedc6e204,2026-03-24 13:14:23,0,3,0.5478175385250311,1,346,2026-03-21 15:23:07,2026-03-25 02:47:33
0x15e8ae6ad3d228518367b465244ddb518a077b55,2026-03-24 13:14:25,0,3,0.41148711970760987,0,1229,2026-03-21 15:23:07,2026-03-25 02:47:33
0x57dec8fbcee28136910a5cebb54dac89902b20cb,2026-03-24 13:14:25,0,3,0.45941372261749863,0,1071,2026-03-21 15:23:07,2026-03-25 02:47:33
0x884b994d88b88e2ab6f40d2de9828f1a1ff19e61,2026-03-24 13:14:25,0,3,0.4630016693007049,0,1048,2026-03-21 15:23:07,2026-03-25 02:47:33
0xc0e0111b3f2b7fe57180958db3939d95fd7219cc,2026-03-24 13:14:33,0,3,0.5595074571331982,1,292,2026-03-21 15:23:07,2026-03-25 02:47:33
0xec8f31976d2a3260a42944cd5498c577162f8df8,2026-03-24 13:14:33,0,3,0.5162607895900886,1,573,2026-03-21 15:23:07,2026-03-25 02:47:33
0x7968b18229971f569a4a9e1528e740f2f6315047,2026-03-24 13:14:41,0,3,0.40278089360286545,0,1241,2026-03-21 15:23:07,2026-03-25 02:47:33
0x56c2d71e06b07443209d575a4c8a530ee90754dc,2026-03-24 13:14:43,0,3,0.5501560932923212,1,336,2026-03-21 15:23:07,2026-03-25 02:47:33
0x857bb4eee7e22d6e77339573c3ee4e63db49f2fc,2026-03-24 13:14:43,0,3,0.46892261692589904,0,1004,2026-03-21 15:23:07,2026-03-25 02:47:33
0x1404d5f2ff3be8a1fbd2aff6681ca99bb37ede47,2026-03-24 13:15:17,0,3,0.3288986995111927,0,1291,2026-03-21 15:23:07,2026-03-25 02:47:33
0xc1737e2db2d19e0b73a958ecd5d0f279d0e726ee,2026-03-24 13:15:17,0,3,0.12957130576777853,0,1321,2026-03-21 15:23:07,2026-03-25 02:47:33
0x73fbf92ae765d15178aa5c755c0b08b9fa809728,2026-03-24 13:15:55,1,3,0.4554804222423476,0,1095,2026-03-21 15:23:07,2026-03-25 02:47:33
0x8b5239494dd65eed682f0d9f0481ddeae4ff568e,2026-03-24 13:15:55,0,3,0.44472287310494496,0,1149,2026-03-21 15:23:07,2026-03-25 02:47:33
0x99c4fb1f78881601075bc25b13c9af76bc5918e7,2026-03-24 13:15:55,0,3,0.161582965918131,0,1317,2026-03-21 15:23:07,2026-03-25 02:47:33
0xb18a96490904f60e99e70401554cb30ec7b81c89,2026-03-24 13:15:55,1,3,0.5268662504897692,1,476,2026-03-21 15:23:07,2026-03-25 02:47:33
0xc6838c12cd68e6160a3ba081a9df400aaf16010b,2026-03-24 13:15:55,0,3,0.47046954727836654,0,991,2026-03-21 15:23:07,2026-03-25 02:47:33
0x61e0cb043c88e34d1502139a682c75d286284b62,2026-03-24 13:15:57,0,3,0.48066165744054407,0,900,2026-03-21 15:23:07,2026-03-25 02:47:33
0x9836ac2c4ea001b21e5ace5d687d267266d136fb,2026-03-24 13:15:57,1,3,0.5253104231843813,1,493,2026-03-21 15:23:07,2026-03-25 02:47:33
0x1ffd29783273101b106ce96bfe1bd78405e9d27c,2026-03-24 13:16:09,0,3,0.6127959795061275,1,93,2026-03-21 15:23:07,2026-03-25 02:47:33
0x6046b995f63e1dde0b07f9291d20bcdd225444e2,2026-03-24 13:16:21,0,3,0.5063859270600267,1,640,2026-03-21 15:23:07,2026-03-25 02:47:33
0xc4b2930b0feb1c0fab13c0b75c9fef34fea09a9b,2026-03-24 13:16:37,1,3,0.4912324085647729,0,787,2026-03-21 15:23:07,2026-03-25 02:47:33
0x9c4e58f1435a98c949d568d0c57dd566f12f92c5,2026-03-25 00:27:19,0,3,0.5013002155823502,1,676,2026-03-21 15:23:07,2026-03-25 02:47:33
0x3a847382ad6fff9be1db4e073fd9b869f6884d44,2026-03-25 00:27:21,0,3,0.13068613941816523,0,1320,2026-03-21 15:23:07,2026-03-25 02:47:33
0xf7af0da8232911b80659cccbf550be709a384a86,2026-03-25 00:27:21,0,3,0.3025907038634506,0,1296,2026-03-21 15:23:07,2026-03-25 02:47:33
0x14cbd3136f25ead5fc41325cb5e11a27ac013466,2026-03-25 00:27:31,1,3,0.43607394628784985,0,1178,2026-03-21 15:23:07,2026-03-25 02:47:33
0x5b7f6908f4a1f930c5d3ba66701e6b1d44137e25,2026-03-25 00:27:31,0,3,0.5324851689354447,1,441,2026-03-21 15:23:07,2026-03-25 02:47:33
0x8de4ea36b743c5052d7a62fa345135d66dac67a8,2026-03-25 00:27:31,0,3,0.5660703146051984,1,263,2026-03-21 15:23:07,2026-03-25 02:47:33
0x3b1e1f3c639f6e3285af60b17de6713c3684c4c3,2026-03-25 00:27:33,0,3,0.47901176935282386,0,917,2026-03-21 15:23:07,2026-03-25 02:47:33
0x9c214c94bace1199f430b91659f7a443a645a807,2026-03-25 00:27:35,0,3,0.4492250186686509,0,1130,2026-03-21 15:23:07,2026-03-25 02:47:33
0x3c0077ed91ea7234f0ce245bbdd024630680ba3c,2026-03-25 00:27:37,0,3,0.42250853153931267,0,1210,2026-03-21 15:23:07,2026-03-25 02:47:33
0x26dd8dd873a26eb19d3c55d2afe4b7a939c90249,2026-03-25 00:28:15,0,3,0.5146075322466956,1,584,2026-03-21 15:23:07,2026-03-25 02:47:33
0x810ddf52bb3cdeb2f794b9d4cccc3b73eca36080,2026-03-25 00:28:15,0,3,0.5413780713884443,1,382,2026-03-21 15:23:07,2026-03-25 02:47:33
0x82def84cdf9312e6627f7b8906f97b79c53b1337,2026-03-25 00:28:15,0,3,0.5094705923017404,1,610,2026-03-21 15:23:07,2026-03-25 02:47:33
0x04283f2fef49d70d8c55ab240450d17a65bf85b1,2026-03-25 00:28:21,0,3,0.12857626302987338,0,1322,2026-03-21 15:23:07,2026-03-25 02:47:33
0x372d7e9bc64353d93ab0d1f7417953201c75a119,2026-03-25 00:28:23,0,3,0.4711247797249352,0,985,2026-03-21 15:23:07,2026-03-25 02:47:33
0x44ac33bac4cd70f5022d1103122dd3e73427dc9e,2026-03-25 00:29:25,0,3,0.5649399529437454,1,267,2026-03-21 15:23:07,2026-03-25 02:47:33
0xaa6d1ef7adf0d0e8b5dd5fc4d6bc209474d6718d,2026-03-25 00:29:25,0,3,0.48692764926783305,0,828,2026-03-21 15:23:07,2026-03-25 02:47:33
0x044ef6c3ae5068ba4ae83cf786fe3ec3b614295a,2026-03-25 00:29:27,1,3,0.5047591711924583,1,650,2026-03-21 15:23:07,2026-03-25 02:47:33
0x110c38ae754688738bc857369262e5cc68700d8a,2026-03-25 00:29:29,0,3,0.4459443192259106,0,1144,2026-03-21 15:23:07,2026-03-25 02:47:33
0xe1d6b51521bd4365769199f392f9818661bd907c,2026-03-25 00:29:29,0,3,0.13600476024762834,0,1319,2026-03-21 15:23:07,2026-03-25 02:47:33
0xf865b4d86a71685378ef6f33502135b2249d2967,2026-03-25 00:29:29,0,3,0.5623879758362292,1,281,2026-03-21 15:23:07,2026-03-25 02:47:33
0x427ae01ea1e61c167bd97fb72049a7a5d06640a4,2026-03-25 00:29:31,0,3,0.486448383539262,0,835,2026-03-21 15:23:07,2026-03-25 02:47:33
0x28c304e4ac023073462fe99e11e98199371868e6,2026-03-25 00:29:39,0,3,0.46489512897726315,0,1034,2026-03-21 15:23:07,2026-03-25 02:47:33
0x57169c875485b2eae4895119bde41bff12dcbbf6,2026-03-25 00:29:39,0,3,0.6138005167356604,1,30,2026-03-21 15:23:07,2026-03-25 02:47:33
0xa50f8b143d44fff89cc3442b25863ec9bfbd80b3,2026-03-25 00:29:43,0,3,0.4656221805459138,0,1027,2026-03-21 15:23:07,2026-03-25 02:47:33
0xdd98d21881de577e7385934b65430df097e41211,2026-03-25 00:29:43,0,3,0.5224588522851651,1,519,2026-03-21 15:23:07,2026-03-25 02:47:33
0x3dbac7a813b8317b1e8fec6e863ba4fdd5853862,2026-03-25 00:29:45,0,3,0.5504127910252794,1,333,2026-03-21 15:23:07,2026-03-25 02:47:33
0x557c72fc8b896058d3a5b22bb699104fa4d2c61b,2026-03-25 00:29:45,0,3,0.4574394419672903,0,1089,2026-03-21 15:23:07,2026-03-25 02:47:33
0x7b53027545cc268a9fd822beed3e048f1a2f124e,2026-03-25 00:30:01,0,3,0.4743658849557718,0,954,2026-03-21 15:23:07,2026-03-25 02:47:33
0x9f6a59809fac0c1c16ad10636a4d32fd3c39ff40,2026-03-25 00:30:01,1,3,0.41194701820453433,0,1227,2026-03-21 15:23:07,2026-03-25 02:47:33
0xa6178bdfda09b5d4e9fccf52ed97fdb6262b36c1,2026-03-25 00:30:01,1,3,0.5687513104058521,1,252,2026-03-21 15:23:07,2026-03-25 02:47:33
0xe8d0e6f73b49ef07078562db4b12974eef365542,2026-03-25 00:30:01,0,3,0.49657431633769694,0,736,2026-03-21 15:23:07,2026-03-25 02:47:33
0x324f8456c2e6c2d577f736101785aa9d042aa49d,2026-03-25 00:30:05,0,3,0.5645208710753121,1,270,2026-03-21 15:23:07,2026-03-25 02:47:33
0x73c4a0fc5a97ae42644cd3e7dd1e2704aca04611,2026-03-25 00:30:05,1,3,0.5651436683077969,1,264,2026-03-21 15:23:07,2026-03-25 02:47:33
0x6d569e3e2c1e02c20743f11d6e3a2c32da944667,2026-03-25 00:30:41,0,3,0.5621320023960312,1,282,2026-03-21 15:23:07,2026-03-25 02:47:33
0xcb6b754dcc293934e5998c6539c5b2ee6ff6c7f7,2026-03-25 00:30:41,0,3,0.4779461555432041,0,928,2026-03-21 15:23:07,2026-03-25 02:47:33
0xf70f2ba870efc32d07b366c2d685804dfa683c97,2026-03-25 00:30:41,0,3,0.3525711418746552,0,1282,2026-03-21 15:23:07,2026-03-25 02:47:33
0x22dd665243ebfaa7c883b6834e038bdb15ad3f95,2026-03-25 00:30:47,0,3,0.4829810519595962,0,873,2026-03-21 15:23:07,2026-03-25 02:47:33
0x8ce1d0107afd1fe95095ecf603b0ae1fb1b2319b,2026-03-25 00:30:47,1,3,0.5398829701947714,1,392,2026-03-21 15:23:07,2026-03-25 02:47:33
0x3897d81e2e358bd0f09a09f9fa411e8f876a7168,2026-03-25 00:30:57,0,3,0.5665728649759587,1,259,2026-03-21 15:23:07,2026-03-25 02:47:33
0xd373f11446df049fcc8938073d16159a76731ce8,2026-03-25 00:30:57,1,3,0.5427958638082477,1,373,2026-03-21 15:23:07,2026-03-25 02:47:33
0xde153db664e699df3a5c047d710823882d42b1c5,2026-03-25 00:30:57,1,3,0.47444771349702947,0,953,2026-03-21 15:23:07,2026-03-25 02:47:33
0xe29c038d6eacea4c98d7c39cd2583e940b28a31d,2026-03-25 00:30:57,0,3,0.6137693808772428,1,34,2026-03-21 15:23:07,2026-03-25 02:47:33
0x47e653c83ef04eebbf4614a4493c8d246dc1c039,2026-03-25 00:30:59,0,3,0.6139086494315319,1,10,2026-03-21 15:23:07,2026-03-25 02:47:33
0x6bebf5b528c087b1453e795f6e69fac61fc40453,2026-03-25 00:30:59,0,3,0.4889163370329599,0,805,2026-03-21 15:23:07,2026-03-25 02:47:33
0xb7f65f35eeb93ea74b5ded1e058dabb5b70a8359,2026-03-25 00:30:59,1,3,0.47128924457310023,0,983,2026-03-21 15:23:07,2026-03-25 02:47:33
0xe4457c62edc355f5ea01d1e05d969d75e59e68aa,2026-03-25 00:30:59,0,3,0.46456254663035307,0,1036,2026-03-21 15:23:07,2026-03-25 02:47:33
0xe6bcb38e26b6a79f0eea34f475cc7d9bb2a26b09,2026-03-25 00:30:59,0,3,0.49140936416569075,0,782,2026-03-21 15:23:07,2026-03-25 02:47:33
0xf6b8dbafbbdb0062258c55ba0deb77bedc543a37,2026-03-25 00:30:59,0,3,0.5944039580119775,1,176,2026-03-21 15:23:07,2026-03-25 02:47:33
0xfa4d29d1d357b4360541cfe27c5c1eaa50da57b9,2026-03-25 00:30:59,0,3,0.4727612978491091,0,967,2026-03-21 15:23:07,2026-03-25 02:47:33
0x4979955b2e25349b33563ab87daa4b1d237ebd15,2026-03-25 00:31:59,0,3,0.4988837323999069,0,694,2026-03-21 15:23:07,2026-03-25 02:47:33
0x5fd9f9d710e3b48f27c479f4a03c4b098618585a,2026-03-25 00:32:23,0,3,0.5090265348334299,1,614,2026-03-21 15:23:07,2026-03-25 02:47:33
0x309d2534fee0473cc022c20d1e67078a0aa491d2,2026-03-25 00:32:37,0,3,0.5623912047918561,1,280,2026-03-21 15:23:07,2026-03-25 02:47:33
0x121e3181ab6edf97ee1c7701e382e5f5abe55a07,2026-03-25 00:32:41,0,3,0.4728137305911926,0,965,2026-03-21 15:23:07,2026-03-25 02:47:33
0x2aa93722c3cc895ea4589b9a4a9115efa8165da8,2026-03-25 00:32:51,0,3,0.4680774898296628,0,1013,2026-03-21 15:23:07,2026-03-25 02:47:33
0xf42511ed2259aa0fd423513057f42634a9906d4f,2026-03-25 00:32:51,0,3,0.5083621530409388,1,622,2026-03-21 15:23:07,2026-03-25 02:47:33
0xd2422fcab65a724f052b141e2ea4b1d62c5cd2b7,2026-03-25 01:31:39,0,3,0.5968198568300151,1,166,2026-03-21 15:23:07,2026-03-25 02:47:33
0xfd51fe946f44511e4776c3e8cc14abe16652ce69,2026-03-25 01:31:39,0,3,0.5322484103218212,1,443,2026-03-21 15:23:07,2026-03-25 02:47:33
0x23732d68936043e3f9e5ca12bcaee45adfdea1f3,2026-03-25 01:31:47,0,3,0.4619433273227181,0,1057,2026-03-21 15:23:07,2026-03-25 02:47:33
0x3e9f9cb2919789ed5e90efc116807531e7e15403,2026-03-25 01:32:03,0,3,0.4175883331183422,0,1221,2026-03-21 15:23:07,2026-03-25 02:47:33
0xff723990c9e3d48c69b551de8033d865ee4b512b,2026-03-25 01:32:07,0,3,0.48352115347629404,0,867,2026-03-21 15:23:07,2026-03-25 02:47:33
0x842b7f3f22903bbfc9eea0c41e32c78ec12563d4,2026-03-25 01:32:35,1,3,0.504074255031901,1,655,2026-03-21 15:23:07,2026-03-25 02:47:33
0x03e8a544e97eeff5753bc1e90d46e5ef22af1697,2026-03-25 01:32:37,0,3,0.5952181041584026,1,173,2026-03-21 15:23:07,2026-03-25 02:47:33
0x0ac2388df59c8c56c9c8b0a1466511b5ac1bf120,2026-03-25 01:32:37,1,3,0.5238386332875569,1,511,2026-03-21 15:23:07,2026-03-25 02:47:33
0x4e608e633426d8a85491165e0ffd52631fb6051c,2026-03-25 01:32:43,0,3,0.4579743330839725,0,1082,2026-03-21 15:23:07,2026-03-25 02:47:33
0xc7127f6441777f303b2f45587f04791a5fd8aaa7,2026-03-25 01:32:47,0,3,0.47723626586558343,0,935,2026-03-21 15:23:07,2026-03-25 02:47:33
0x516d2e150f065c5014f4755b76f83337f91260c6,2026-03-25 01:32:49,0,3,0.49722292317610695,0,714,2026-03-21 15:23:07,2026-03-25 02:47:33
0x711a8f263fdef0a48f822c2c0d7b9bcb7b459240,2026-03-25 01:32:49,0,3,0.46793425599296157,0,1015,2026-03-21 15:23:07,2026-03-25 02:47:33
0x9862454f0a9d2cf01c432c57a5fe0b915884c2cf,2026-03-25 01:33:23,1,3,0.47823097980289064,0,924,2026-03-21 15:23:07,2026-03-25 02:47:33
0xc393844529370b7fcad4b3470de78cc77d0466f9,2026-03-25 01:33:23,0,3,0.48024172573191976,0,905,2026-03-21 15:23:07,2026-03-25 02:47:33
0xcce664a253e36c83cd3ec25477a5c26fdd414996,2026-03-25 01:34:25,0,3,0.5560598494375464,1,305,2026-03-21 15:23:07,2026-03-25 02:47:33
0xf4af3325f3ee69ed0ec6c067f08c1a06bbe2b144,2026-03-25 01:34:27,0,3,0.4681227568004781,0,1009,2026-03-21 15:23:07,2026-03-25 02:47:33
0x1e294b009d97e9cb5f63586c7cb2e0f426fe9e66,2026-03-25 01:35:03,0,3,0.4393380395437573,0,1167,2026-03-21 15:23:07,2026-03-25 02:47:33
0x2a59f6c20cb7a720e6a08973152c0efdcb9c9a2f,2026-03-25 01:35:03,1,3,0.22961098961213633,0,1314,2026-03-21 15:23:07,2026-03-25 02:47:33
0x80bd584e20f1ae0cca1670d3328203233e98a8cd,2026-03-25 01:35:03,0,3,0.6127142681284824,1,94,2026-03-21 15:23:07,2026-03-25 02:47:33
0xab89da354ffb820c15d23d69c3a62e30a083f1d0,2026-03-25 01:35:03,0,3,0.5199033856202158,1,537,2026-03-21 15:23:07,2026-03-25 02:47:33
0x89687c25a41012b265a6856e1574fbfb1a94c3c1,2026-03-25 01:35:13,0,3,0.48852841004332026,0,810,2026-03-21 15:23:07,2026-03-25 02:47:33
0x07d126ea6f8542a58ee2c4c7c31535dd9b3e8ffa,2026-03-25 01:35:17,0,3,0.6139086494315319,1,11,2026-03-21 15:23:07,2026-03-25 02:47:33
0xda2e87687326d05765f370b2c140ef4ef080b231,2026-03-25 01:35:17,0,3,0.5891210756522698,1,189,2026-03-21 15:23:07,2026-03-25 02:47:33
0x8ea8fb997d424bb82e616fddde9998704e99077d,2026-03-25 01:35:27,0,3,0.4978542575511873,0,703,2026-03-21 15:23:07,2026-03-25 02:47:33
0x47933b711414095e596a10a2abfcc6bf63b9e853,2026-03-25 01:35:29,1,3,0.4886185703360596,0,808,2026-03-21 15:23:07,2026-03-25 02:47:33
0x526eac82c8297c31437da697d9f312220b1c41a0,2026-03-25 01:35:29,1,3,0.5154748228492348,1,578,2026-03-21 15:23:07,2026-03-25 02:47:33
0x1b0026de09fb7cc324551da217960628dd72ba8c,2026-03-25 01:36:23,1,3,0.4941917529919479,0,757,2026-03-21 15:23:07,2026-03-25 02:47:33
0x5919aad0478c7b3c95e2bee1f0b0c8a22cb895ac,2026-03-25 02:43:01,1,3,0.27999086388722294,0,1300,2026-03-21 15:23:07,2026-03-25 02:47:33
0x2fc515b1cd959828c5573ea5cb569e38e2e4c934,2026-03-25 02:43:03,0,3,0.5482923567857639,1,345,2026-03-21 15:23:07,2026-03-25 02:47:33
0x4c457d73aeae7e3b9689663f5a08bc7924aed5b2,2026-03-25 02:43:03,0,3,0.6135991385662432,1,59,2026-03-21 15:23:07,2026-03-25 02:47:33
0x9291e232648ebd8e904866a1c502e4294d4b6232,2026-03-25 02:43:03,0,3,0.4764179608931252,0,939,2026-03-21 15:23:07,2026-03-25 02:47:33
0xd40ad5bff1f4ebaa11c2a888b75d0562a94b82e8,2026-03-25 02:43:03,0,3,0.6105899492224177,1,115,2026-03-21 15:23:07,2026-03-25 02:47:33
0x97ea96142206e403be8518fbe2899e6305a5fafe,2026-03-25 02:43:05,1,3,0.5240338992551045,1,510,2026-03-21 15:23:07,2026-03-25 02:47:33
0x7cca85ff0590185644ef1459ff1356c800fad452,2026-03-25 02:44:55,0,3,0.5321429283345059,1,445,2026-03-21 15:23:07,2026-03-25 02:47:33
0x2b178411163b18f7a0c7054bee3e974115876fab,2026-03-25 02:44:57,0,3,0.5125326305647212,1,592,2026-03-21 15:23:07,2026-03-25 02:47:33
0x6f8fe6736ef20d53e72142cf953ea3e7c7ed6e8e,2026-03-25 02:44:57,0,3,0.5266079199675835,1,479,2026-03-21 15:23:07,2026-03-25 02:47:33
0xb0774ddb6b11b4bd402598c007bdf7d4609874d3,2026-03-25 02:44:57,0,3,0.6135991772608347,1,56,2026-03-21 15:23:07,2026-03-25 02:47:33
0x28b976aa1ca37a46bb5be373bac7677d3dda531f,2026-03-25 02:44:59,0,3,0.5007593447244898,1,681,2026-03-21 15:23:07,2026-03-25 02:47:33
0x477a9ed0f130990efe58317aacd3cee83c83f775,2026-03-25 02:44:59,0,3,0.5189470906232776,1,546,2026-03-21 15:23:07,2026-03-25 02:47:33
0xa41e494de4f9c6a25ab0d83c331e6f7aa080e39b,2026-03-25 02:44:59,1,3,0.5610459791185576,1,285,2026-03-21 15:23:07,2026-03-25 02:47:33
0x056d5a9ef162d6393306f17a24180d8a54fa0179,2026-03-25 02:45:01,0,3,0.5364267927991465,1,416,2026-03-21 15:23:07,2026-03-25 02:47:33
0x0a916b3cc35751d14cfcd91baec9669043680776,2026-03-25 02:45:01,0,3,0.4995295112158367,0,689,2026-03-21 15:23:07,2026-03-25 02:47:33
0x127b6d0f45cc9089975c357da7f9dce8df3ee213,2026-03-25 02:45:01,0,3,0.5175156632187579,1,559,2026-03-21 15:23:07,2026-03-25 02:47:33
0x38e2f5d6d1693a365e22b7ca0c715f8d92da2909,2026-03-25 02:45:01,0,3,0.5090534278920493,1,612,2026-03-21 15:23:07,2026-03-25 02:47:33
0x40a2ff141e763c8d6f02eea158e0e85b8e39844f,2026-03-25 02:45:01,0,3,0.49682962544027254,0,732,2026-03-21 15:23:07,2026-03-25 02:47:33
0x413b1e2fd3b0111b9b46ab373625f311233443f4,2026-03-25 02:45:01,0,3,0.4845255743011841,0,859,2026-03-21 15:23:07,2026-03-25 02:47:33
0x85decb609cc9c3e35f3aefbb77d0f6b6c17708d8,2026-03-25 02:45:01,0,3,0.4890393276389395,0,802,2026-03-21 15:23:07,2026-03-25 02:47:33
0x92226ddae311320c57353085d17b01119a0424b5,2026-03-25 02:45:01,0,3,0.5168701446110658,1,566,2026-03-21 15:23:07,2026-03-25 02:47:33
0xfc6ff41a7870172ea9f9db63c7fffd51e993a55c,2026-03-25 02:45:01,0,3,0.46894675061397145,0,1003,2026-03-21 15:23:07,2026-03-25 02:47:33
0x9e9b318c915b289ea516fc1f46899ccf5e749e90,2026-03-25 02:45:03,0,3,0.5450093927015344,1,360,2026-03-21 15:23:07,2026-03-25 02:47:33
0xf0e1faa83c31608971f4f647cefec26d9d476fe5,2026-03-25 02:45:05,1,3,0.602287904517625,1,154,2026-03-21 15:23:07,2026-03-25 02:47:33
0x15369a9c4478b59a3519ff89df5d791c3feef4e7,2026-03-25 02:45:11,0,3,0.5124938187329232,1,593,2026-03-21 15:23:07,2026-03-25 02:47:33
0x34d95fbc74322dedb64e501039d4c17a56ebba9c,2026-03-25 02:45:11,0,3,0.5095181748275318,1,609,2026-03-21 15:23:07,2026-03-25 02:47:33
0xd9d65d9b4d41c9bbd77b332009a6d849b886b245,2026-03-25 02:45:13,0,3,0.472595212450361,0,970,2026-03-21 15:23:07,2026-03-25 02:47:33
0xe9534625c1a08d4d8a5bf3db682885c37665a4f9,2026-03-25 02:45:13,0,3,0.5709446026236336,1,249,2026-03-21 15:23:07,2026-03-25 02:47:33
0x97123e2f7c97d85b32026de503bd3bb6fb610c47,2026-03-25 02:45:15,0,3,0.588841291679587,1,191,2026-03-21 15:23:07,2026-03-25 02:47:33
0x0151f140895f130d5922dee7bcd4cff2f440847b,2026-03-25 02:45:17,1,3,0.5769525789815438,1,231,2026-03-21 15:23:07,2026-03-25 02:47:33
0x77a9367b8b4b79f97628cc5d70895c7a0c6b3429,2026-03-25 02:45:17,1,3,0.6080292369252889,1,129,2026-03-21 15:23:07,2026-03-25 02:47:33
0x0c3b68d945e64284412a9b32deedb75607d84592,2026-03-25 02:45:41,0,3,0.498653531251076,0,697,2026-03-21 15:23:07,2026-03-25 02:47:33
0x7d4ed386d4c32a012739cfff96d0a8426eaeb700,2026-03-25 02:45:41,0,3,0.47212355828357977,0,975,2026-03-21 15:23:07,2026-03-25 02:47:33
0x3a154b29014fa4c65df57e4e63f62c16e92b52d6,2026-03-25 02:45:43,0,3,0.6139141640023031,1,6,2026-03-21 15:23:07,2026-03-25 02:47:33
0x3c949f5baa4c840f6bd4dd28ab3348b4222ac305,2026-03-25 02:46:13,0,3,0.4512385485968314,0,1122,2026-03-21 15:23:07,2026-03-25 02:47:33
0x59b933037106544f0a45519de48efcdd8a082595,2026-03-25 02:46:13,1,3,0.5775733250490181,1,227,2026-03-21 15:23:07,2026-03-25 02:47:33
0x0f658826eff4fee17a7c57eb2325eccaae931658,2026-03-25 02:47:03,0,3,0.44552748025202477,0,1146,2026-03-21 15:23:07,2026-03-25 02:47:33
0xab705a651cbf935b196fc367427965c90af74ace,2026-03-25 02:47:29,0,3,0.46501851974537156,0,1031,2026-03-21 15:23:07,2026-03-25 02:47:33
0xedf1c2756d93349275a1eb9a4fdf122f7b755776,2026-03-25 02:47:33,0,3,0.5435129769850555,1,370,2026-03-21 15:23:07,2026-03-25 02:47:33
0xf5bedda7721e1af21c087668fd707a0c11dc8ce1,2026-03-25 02:48:13,0,4,0.5192794088222562,1,521,2026-03-25 02:48:13,2026-03-29 10:24:44
0xf9cf6f286701e3bdbb53369430c61174444f2546,2026-03-25 02:48:37,0,4,0.5100861371632208,1,614,2026-03-25 02:48:13,2026-03-29 10:24:44
0x20e0de0fdd5b523867d469a493304b33d38d83a6,2026-03-25 02:48:51,0,4,0.5841143703352653,1,139,2026-03-25 02:48:13,2026-03-29 10:24:44
0x4bcd131a9392723539f4ec9dc4c64baa6c7519c2,2026-03-25 02:48:53,0,4,0.49886494505090784,0,747,2026-03-25 02:48:13,2026-03-29 10:24:44
0x0528d63f85d2364474d0090b91918535d686ca3f,2026-03-25 02:48:55,0,4,0.5805537095627111,1,147,2026-03-25 02:48:13,2026-03-29 10:24:44
0xf766522fa1beecf1fe8b9189d89f85eece37c644,2026-03-25 02:48:55,0,4,0.4325347177579657,0,1214,2026-03-25 02:48:13,2026-03-29 10:24:44
0x349d1c32159a42058010e711871353a8b6c00ad1,2026-03-25 02:49:03,0,4,0.47937054418878267,0,950,2026-03-25 02:48:13,2026-03-29 10:24:44
0x282b424296f6bdfe654d68212cfbed9a14e8ad69,2026-03-25 02:49:13,0,4,0.4949146282578995,0,792,2026-03-25 02:48:13,2026-03-29 10:24:44
0xd1f995c69920ca3dce151a144743e5f2cdb9d566,2026-03-25 02:49:13,0,4,0.4949287066746121,0,791,2026-03-25 02:48:13,2026-03-29 10:24:44
0x49c7d369ec1ad1022deaee6fbb278b87266a2a32,2026-03-25 03:57:53,0,4,0.26567752819106316,0,1315,2026-03-25 02:48:13,2026-03-29 10:24:44
0x8ea009db9add8755c167e59a4d747d51d087b107,2026-03-25 03:57:55,0,4,0.4474282529617302,0,1163,2026-03-25 02:48:13,2026-03-29 10:24:44
0xb92fe4683aadf0cb7fde2b0302ecf6d23f623ee3,2026-03-25 03:58:11,1,4,0.5047245113355898,1,675,2026-03-25 02:48:13,2026-03-29 10:24:44
0x12b06b2061ff104d29e2efd6240a6cc36d255b6e,2026-03-25 03:58:23,0,4,0.596423947452883,1,77,2026-03-25 02:48:13,2026-03-29 10:24:44
0x0b450a6b5b5ddc278e8717ec9628f1abdbd5ac9f,2026-03-25 03:58:27,0,4,0.47007566823023145,0,1035,2026-03-25 02:48:13,2026-03-29 10:24:44
0x0919e73018a30307131796611b745d2a49eea292,2026-03-25 03:58:29,1,4,0.4527830894556515,0,1136,2026-03-25 02:48:13,2026-03-29 10:24:44
0x84e581a3802f9b500eea4c89b33e4302b90e4a77,2026-03-25 03:58:31,0,4,0.5720430329883162,1,179,2026-03-25 02:48:13,2026-03-29 10:24:44
0x99ddb04e62a8362d4606dd44508be6ec584b2add,2026-03-25 03:58:33,0,4,0.5416810987808324,1,336,2026-03-25 02:48:13,2026-03-29 10:24:44
0x4647658a6e6558cf228498a85bc67a7b3adb5787,2026-03-25 03:58:35,0,4,0.5698537372131253,1,193,2026-03-25 02:48:13,2026-03-29 10:24:44
0x1b40a106b8f1b36ababe0be31115049f4788d16c,2026-03-25 03:58:37,0,4,0.45094960660974875,0,1149,2026-03-25 02:48:13,2026-03-29 10:24:44
0xb0aad58ca1e00ed69b6c1c683ec173d576894b27,2026-03-25 03:58:37,1,4,0.5699039966337702,1,191,2026-03-25 02:48:13,2026-03-29 10:24:44
0xbfeecdfc5ac973bab6435296908f9c88e988a551,2026-03-25 03:58:37,0,4,0.50509194237968,1,671,2026-03-25 02:48:13,2026-03-29 10:24:44
0x211313dd0a39672c1b67d65f23e581d6b6c2a532,2026-03-25 03:58:57,0,4,0.5540018925896538,1,260,2026-03-25 02:48:13,2026-03-29 10:24:44
0xbb367a2efe42af3d9cb9839ddadb43de100f9575,2026-03-25 03:58:57,0,4,0.5684683693309402,1,204,2026-03-25 02:48:13,2026-03-29 10:24:44
0x76abf9bdc60197e82516e929f3de3b5315bba870,2026-03-25 03:59:03,1,4,0.5462445208352233,1,314,2026-03-25 02:48:13,2026-03-29 10:24:44
0xf3e86abcb11122139a5b87e1758de3d3ea9b0e5c,2026-03-25 03:59:45,0,4,0.48290772026304035,0,920,2026-03-25 02:48:13,2026-03-29 10:24:44
0xb08c4954badcab765491312b52fa1daba962ff44,2026-03-25 04:00:31,0,4,0.512049331047246,1,598,2026-03-25 02:48:13,2026-03-29 10:24:44
0x96fac5247fb2c4230fb65ab1e56ded5c0b0401f5,2026-03-25 04:00:33,1,4,0.5393539235700019,1,355,2026-03-25 02:48:13,2026-03-29 10:24:44
0x234b69763b6bf2ddf6c5d6de6f774d67417ff36d,2026-03-25 04:00:35,0,4,0.5979260838866114,1,17,2026-03-25 02:48:13,2026-03-29 10:24:44
0xf34ab78a604f5acaf45359fa61014173b1ec20e8,2026-03-25 04:00:37,0,4,0.495572837476361,0,783,2026-03-25 02:48:13,2026-03-29 10:24:44
0xae8542fafdd5ccf20abe8345d25bb4e4c885c96a,2026-03-25 04:01:57,0,4,0.5133318779079118,1,581,2026-03-25 02:48:13,2026-03-29 10:24:44
0x93a8619e57d17b64c5bffde0cc5bf0f62ff91e41,2026-03-25 04:02:15,0,4,0.5047404442618939,1,674,2026-03-25 02:48:13,2026-03-29 10:24:44
0x3097add3bdc9806f0cff0303d511ef55527fff47,2026-03-25 04:02:29,0,4,0.5137089643213225,1,579,2026-03-25 02:48:13,2026-03-29 10:24:44
0xd28021317c1be36239e8d930dee7d6c3a40082b3,2026-03-25 04:02:29,0,4,0.3926713573421203,0,1261,2026-03-25 02:48:13,2026-03-29 10:24:44
0x33acd6893c9b84b3000e1d1f37cb75754b185d30,2026-03-25 05:13:41,1,4,0.3374924955611978,0,1290,2026-03-25 02:48:13,2026-03-29 10:24:44
0x943e885c516b441e3c91d5d80f67499fcb527fc8,2026-03-25 05:15:51,1,4,0.5504699989698786,1,280,2026-03-25 02:48:13,2026-03-29 10:24:44
0x2de4d69681819f3797024a22aaa53be7b407c8e6,2026-03-25 05:15:53,0,4,0.4732111771074991,0,1006,2026-03-25 02:48:13,2026-03-29 10:24:44
0x0f526dafd75d5abd8e5cc8860cfdf36141dccbcf,2026-03-25 05:17:11,0,4,0.49387902868622086,0,808,2026-03-25 02:48:13,2026-03-29 10:24:44
0x2448eede7f128b6ab60635b4d88f499e1f7e6228,2026-03-25 05:17:13,0,4,0.48345885538124145,0,912,2026-03-25 02:48:13,2026-03-29 10:24:44
0x252b2bb279cc154dc1bc140055aba744b1497347,2026-03-25 05:17:33,0,4,0.47542379162058607,0,988,2026-03-25 02:48:13,2026-03-29 10:24:44
0x6f1e7cb33fd418c257623e97ed8d022a26d68181,2026-03-25 05:17:49,0,4,0.5348181180399098,1,382,2026-03-25 02:48:13,2026-03-29 10:24:44
0x2869efa18cb55b1d8e9a5a607b90f33044bb527d,2026-03-25 05:18:03,1,4,0.5974363133073727,1,57,2026-03-25 02:48:13,2026-03-29 10:24:44
0xcf456898cb75569ac3a822b986fa82a2507d86b4,2026-03-25 05:18:03,0,4,0.5955593126873993,1,91,2026-03-25 02:48:13,2026-03-29 10:24:44
0x5f5a0c0c3c4c27ebb0f776f4b9483612940d182e,2026-03-25 05:18:05,0,4,0.47190958563058816,0,1017,2026-03-25 02:48:13,2026-03-29 10:24:44
0x71ebf9ee9f173b02e3ee5db7ee4047d1079bb6f1,2026-03-25 05:18:05,0,4,0.5355571392940591,1,377,2026-03-25 02:48:13,2026-03-29 10:24:44
0xccb3ea9a3b5fa35420d780306637a2371b302ead,2026-03-25 05:18:05,0,4,0.47948503761056216,0,948,2026-03-25 02:48:13,2026-03-29 10:24:44
0x6c6c8fa95c7ab8c1ad6670456e4ce4515877316b,2026-03-25 05:18:07,0,4,0.4410622191910065,0,1185,2026-03-25 02:48:13,2026-03-29 10:24:44
0xa23bd35fa5dc6f92e9d5a1ab13c30d0706c5e320,2026-03-25 05:18:15,0,4,0.5218984591559723,1,489,2026-03-25 02:48:13,2026-03-29 10:24:44
0xb36650cd0ba3b0ef6d482009decbed8cc151664e,2026-03-25 05:18:15,0,4,0.5287938621358127,1,428,2026-03-25 02:48:13,2026-03-29 10:24:44
0x56c915831a7cd68b1c332b4d08cd3173b113aecf,2026-03-25 05:18:33,0,4,0.490412113437522,0,846,2026-03-25 02:48:13,2026-03-29 10:24:44
0xced6599445a7d2686bae2d37b3a3b044c22479ab,2026-03-25 05:18:47,0,4,0.4909316561205605,0,843,2026-03-25 02:48:13,2026-03-29 10:24:44
0x4b107ef75bce2cb113a377e89a76af9dd2231398,2026-03-25 05:18:53,0,4,0.5111101878542403,1,606,2026-03-25 02:48:13,2026-03-29 10:24:44
0xf435329d64be6c8e85acb556ad600e13cbc17e64,2026-03-25 05:19:07,0,4,0.5979990385092355,1,8,2026-03-25 02:48:13,2026-03-29 10:24:44
0x97bd5c2cf2641d7c7bb9c3550bcec2b35e22cdd2,2026-03-25 05:19:13,0,4,0.4547264852225341,0,1132,2026-03-25 02:48:13,2026-03-29 10:24:44
0x570e23448aa09bc1f7b1f25000726e39ae51e071,2026-03-25 05:19:15,1,4,0.4984683227731983,0,753,2026-03-25 02:48:13,2026-03-29 10:24:44
0xce0720cd878dadecf9b6a7ef7a0e70e54f4e1e3a,2026-03-25 05:19:15,0,4,0.5114124223929112,1,602,2026-03-25 02:48:13,2026-03-29 10:24:44
0xcdfbcb0566e263b42118940fffd88d89a847f641,2026-03-25 05:20:25,1,4,0.5974238201916958,1,59,2026-03-25 02:48:13,2026-03-29 10:24:44
0x39f95d20295df857cfbe4f7e05092acfacee790e,2026-03-25 05:20:39,0,4,0.5156357829363525,1,560,2026-03-25 02:48:13,2026-03-29 10:24:44
0x9515d28693ddd70ee4bf85be79236bf2fe105d63,2026-03-25 07:38:07,0,4,0.37997375071509387,0,1269,2026-03-25 02:48:13,2026-03-29 10:24:44
0x7e654e559ba0880074a0d592707236d7cd7f694f,2026-03-25 07:39:01,0,4,0.5612804665386041,1,228,2026-03-25 02:48:13,2026-03-29 10:24:44
0xeebde7a0e019a63e6b476eb425505b7b3e6eba30,2026-03-25 07:39:01,0,4,0.15940463772564825,0,1323,2026-03-25 02:48:13,2026-03-29 10:24:44
0x059ab2c9b53670f0e715d13ddd73de3be166ba91,2026-03-25 07:39:03,0,4,0.5233886297036684,1,475,2026-03-25 02:48:13,2026-03-29 10:24:44
0x617928ca0c3ea6460cb1a793b16f494e96ae6341,2026-03-25 07:39:03,0,4,0.517683046627635,1,542,2026-03-25 02:48:13,2026-03-29 10:24:44
0x0066d3af40cbfb819557b1d12182c07addb85bb9,2026-03-25 07:39:05,0,4,0.49128763220406135,0,836,2026-03-25 02:48:13,2026-03-29 10:24:44
0x9ed4cb478bcb623b60931707b4d65ed44d03a9f7,2026-03-25 07:39:05,0,4,0.5120889771462774,1,597,2026-03-25 02:48:13,2026-03-29 10:24:44
0xea35f2f05379e6f9d0442c21708fd2684f82e42f,2026-03-25 07:39:15,0,4,0.46718137004079757,0,1062,2026-03-25 02:48:13,2026-03-29 10:24:44
0x943193983552bce2efbbc6b34e12b687df71cc10,2026-03-25 07:39:17,0,4,0.525607931230843,1,447,2026-03-25 02:48:13,2026-03-29 10:24:44
0xa606fad3e8a78bf79ad251b3a4434479398c7faa,2026-03-25 07:39:17,1,4,0.38546947575692997,0,1264,2026-03-25 02:48:13,2026-03-29 10:24:44
0x1398f4be924917115a27ad1313e79a10c02b70c2,2026-03-25 07:39:19,0,4,0.4699982054301556,0,1036,2026-03-25 02:48:13,2026-03-29 10:24:44
0x3a3a29e687ce4d268d4952e4069b88c0f5874006,2026-03-25 07:39:21,0,4,0.4864808428833273,0,882,2026-03-25 02:48:13,2026-03-29 10:24:44
0x4e36ef2980097bad97e06297ddd2df455201caac,2026-03-25 07:39:21,0,4,0.5063986409254092,1,654,2026-03-25 02:48:13,2026-03-29 10:24:44
0x15a21b574fc85baec70e43626a8c7f9b3c7c3715,2026-03-25 07:39:23,1,4,0.4338586972628336,0,1207,2026-03-25 02:48:13,2026-03-29 10:24:44
0x3c7851a6ad34b0c09442b55911c5b13881ae8ebf,2026-03-25 07:39:25,0,4,0.4881688575131378,0,866,2026-03-25 02:48:13,2026-03-29 10:24:44
0xba63d3a0105a3c01bfa561015c36911c8d1536dc,2026-03-25 07:40:45,0,4,0.40639279754731583,0,1247,2026-03-25 02:48:13,2026-03-29 10:24:44
0xc224a40b4189db5b9d0686d60a39b399b00d5f98,2026-03-25 07:40:45,0,4,0.47258720851127495,0,1010,2026-03-25 02:48:13,2026-03-29 10:24:44
0xe974aee1cd3af9151cefdee886a6134f0ec5e575,2026-03-25 07:40:47,0,4,0.5738175899449208,1,172,2026-03-25 02:48:13,2026-03-29 10:24:44
0x4f36c8d8ac23526f97d0d814de6973af4e5495b6,2026-03-25 07:40:51,0,4,0.5845197542285848,1,138,2026-03-25 02:48:13,2026-03-29 10:24:44
0xf97fd359384ba7e97e742e5b5cd5c69b76f6244c,2026-03-25 07:40:53,0,4,0.5756846314349481,1,162,2026-03-25 02:48:13,2026-03-29 10:24:44
0xccd1f3df8469c4d161370e2aa251a92a4a2bc7b6,2026-03-25 07:41:09,0,4,0.39360334178898065,0,1258,2026-03-25 02:48:13,2026-03-29 10:24:44
0xd959cec2b9c3f5d9743dafc48e7d35c540f36381,2026-03-25 07:41:25,0,4,0.507562245042637,1,647,2026-03-25 02:48:13,2026-03-29 10:24:44
0xe93e244939fdd0a88c8eaaed92f5b9d993272b29,2026-03-25 07:41:25,0,4,0.557020686110952,1,248,2026-03-25 02:48:13,2026-03-29 10:24:44
0x70ef643adacccb4ba97b255d436ca61c67fc09de,2026-03-25 07:41:27,0,4,0.45933338448545147,0,1101,2026-03-25 02:48:13,2026-03-29 10:24:44
0x00ec7aee88070acea12b5be3c78008013299687f,2026-03-25 07:41:29,0,4,0.547394510335216,1,304,2026-03-25 02:48:13,2026-03-29 10:24:44
0xbf2093f74d9a24f7b53b0b3c9e08931198e24fb8,2026-03-25 07:41:35,0,4,0.47117009375262214,0,1029,2026-03-25 02:48:13,2026-03-29 10:24:44
0xfa091382ac65dacf39f15ddc63ca8adf82aaef0a,2026-03-25 07:41:43,0,4,0.508061812143842,1,641,2026-03-25 02:48:13,2026-03-29 10:24:44
0xb44d5f4a988a1884954be58df10789fc7a0dba3a,2026-03-25 07:41:45,0,4,0.5120444775573888,1,599,2026-03-25 02:48:13,2026-03-29 10:24:44
0xe3774ae281bc367531c4b8ca612c7a38f2d77520,2026-03-25 07:41:51,0,4,0.5035315358170165,1,686,2026-03-25 02:48:13,2026-03-29 10:24:44
0x07f35fd0dd84ae0c3734b73117c425c4ca42093e,2026-03-25 07:41:53,1,4,0.597870212945347,1,28,2026-03-25 02:48:13,2026-03-29 10:24:44
0xc74474e75ad4cbe5b42110bd84e0e447456a955c,2026-03-25 07:41:53,1,4,0.5397120488014956,1,352,2026-03-25 02:48:13,2026-03-29 10:24:44
0x6a9bab0e17d3f838d847b3ce1bc4a3d4e433f11c,2026-03-25 07:43:09,0,4,0.4518536273508799,0,1143,2026-03-25 02:48:13,2026-03-29 10:24:44
0xdaf3f62354e13e38644b31dc60b9caa7e639bc59,2026-03-25 07:43:11,0,4,0.46585200220128986,0,1070,2026-03-25 02:48:13,2026-03-29 10:24:44
0x11286ef8ccd5d0526be325691305136177def7ed,2026-03-25 07:43:33,0,4,0.5969627941634068,1,71,2026-03-25 02:48:13,2026-03-29 10:24:44
0x2dcf1ab82ded25a5d84da18f43a26dfb84cd68bb,2026-03-25 07:43:33,0,4,0.5050335113590236,1,672,2026-03-25 02:48:13,2026-03-29 10:24:44
0xc1b2f581d9888cf3fdf5d93bbc046e588419dcc5,2026-03-25 07:43:33,0,4,0.4905787084323771,0,845,2026-03-25 02:48:13,2026-03-29 10:24:44
0x42861b2fa5afb1934375d8aeea9991750e816dba,2026-03-25 07:43:35,0,4,0.5578395274585548,1,240,2026-03-25 02:48:13,2026-03-29 10:24:44
0x4bbfbfbc5ab05dd48a6b74a9aab57c4b86f0517e,2026-03-25 07:43:45,1,4,0.5568847598499724,1,249,2026-03-25 02:48:13,2026-03-29 10:24:44
0x61f621ed129a8b64f0d2abbef50d23cd52d1e497,2026-03-25 08:47:51,0,4,0.5769957702809683,1,159,2026-03-25 02:48:13,2026-03-29 10:24:44
0x0ed8ba0edb2489f02bcb7eebca056f4dd6bb30b7,2026-03-25 08:48:15,0,4,0.588456221506575,1,122,2026-03-25 02:48:13,2026-03-29 10:24:44
0x4b86548c6e94398f17aa0782267339c451c036eb,2026-03-25 08:48:15,0,4,0.5885204440276715,1,121,2026-03-25 02:48:13,2026-03-29 10:24:44
0x8967931611501c9ba5ffb6cf9a85681297f29e55,2026-03-25 08:48:15,0,4,0.588456221506575,1,123,2026-03-25 02:48:13,2026-03-29 10:24:44
0xa7dff04c63ad7be27c1118b7b3da4d5caa1f0347,2026-03-25 08:49:31,0,4,0.507933501144917,1,645,2026-03-25 02:48:13,2026-03-29 10:24:44
0x55cdbf5e39caa0c7aeba53e6c9a61c9da5878fc1,2026-03-25 08:49:35,0,4,0.5089883709990909,1,630,2026-03-25 02:48:13,2026-03-29 10:24:44
0x25a7fcfe11abd6ae873148584fa3e1b6aa98a4c8,2026-03-25 08:49:49,0,4,0.4880391279374365,0,869,2026-03-25 02:48:13,2026-03-29 10:24:44
0x1a538a683738d94a2a9ba99693582f09075e3ec4,2026-03-25 08:49:53,0,4,0.5613636478129324,1,227,2026-03-25 02:48:13,2026-03-29 10:24:44
0x1dfe03c01cc2445cb5e1963a2940e0ebb9ae7f43,2026-03-25 08:50:05,0,4,0.5476160041043685,1,302,2026-03-25 02:48:13,2026-03-29 10:24:44
0x2efc11e77156cf770fbf950e4a2c462e3ffa59ac,2026-03-25 08:50:05,0,4,0.523913862415151,1,468,2026-03-25 02:48:13,2026-03-29 10:24:44
0xb373610901a6c3f22d1141bb6b828b0ed2cfc693,2026-03-25 08:50:05,0,4,0.5070934959645768,1,649,2026-03-25 02:48:13,2026-03-29 10:24:44
0x65bae399722320914259cbb28c720ffc41fb0228,2026-03-25 08:50:47,0,4,0.496113510268392,0,779,2026-03-25 02:48:13,2026-03-29 10:24:44
0x0c6e8b995bab7ec72f20bdf3c39994c42f923f10,2026-03-25 08:51:05,1,4,0.4818073905182751,0,928,2026-03-25 02:48:13,2026-03-29 10:24:44
0xe8a188a1fa2abd27e1b4557c0824c8c29df71d37,2026-03-25 08:51:05,0,4,0.5316452818455929,1,409,2026-03-25 02:48:13,2026-03-29 10:24:44
0x58a4b85f32503d7c44413338ca2bb31e98b92b32,2026-03-25 08:51:07,0,4,0.5222894097662436,1,484,2026-03-25 02:48:13,2026-03-29 10:24:44
0xa08b7d0d3bedfc14f7d27d276819b4f0b128735e,2026-03-25 08:51:07,1,4,0.4884218799565571,0,863,2026-03-25 02:48:13,2026-03-29 10:24:44
0xe5974f43df2de5aa923ec4a314439676d4dab878,2026-03-25 08:51:07,1,4,0.5392871627519347,1,356,2026-03-25 02:48:13,2026-03-29 10:24:44
0x110dee317c4c997a5f14d2c0102de1f4857b32cc,2026-03-25 08:51:17,1,4,0.5379120276948206,1,367,2026-03-25 02:48:13,2026-03-29 10:24:44
0x0dd8933a7b6f43a5532e79f813e0d9051d5c2b6c,2026-03-25 08:51:23,0,4,0.5331822029426431,1,398,2026-03-25 02:48:13,2026-03-29 10:24:44
0xe6fc9c48ffa2aafabdb47b1fbb346dea1f8238d5,2026-03-25 08:51:51,0,4,0.5318980690589241,1,408,2026-03-25 02:48:13,2026-03-29 10:24:44
0xe19d79b9dbde804a40358819aa5b401873061313,2026-03-25 08:52:03,0,4,0.4557634467121172,0,1127,2026-03-25 02:48:13,2026-03-29 10:24:44
0x9d61657eef3f345be647aaaf34cda1b95ab4eb8e,2026-03-25 08:52:05,0,4,0.492075502331575,0,826,2026-03-25 02:48:13,2026-03-29 10:24:44
0x2cf739443561d62013981b731ac534d9cb39cdb1,2026-03-25 08:52:13,0,4,0.5395431265233122,1,354,2026-03-25 02:48:13,2026-03-29 10:24:44
0x8258eaa03b49a8cbd85b0b898149f4e156e8ea47,2026-03-25 08:52:13,1,4,0.4588442999125652,0,1106,2026-03-25 02:48:13,2026-03-29 10:24:44
0x8001a5dba36806e7c79b782c802b8004a732c76f,2026-03-25 08:52:15,0,4,0.5235252579043184,1,474,2026-03-25 02:48:13,2026-03-29 10:24:44
0x8dd10e3a2570d3d62440f0e7f988aff7223f5a9b,2026-03-25 08:52:15,1,4,0.45877612613457674,0,1108,2026-03-25 02:48:13,2026-03-29 10:24:44
0x247f5e0ac581f842b3b8300d83ba1192ce4a1aa9,2026-03-25 08:52:19,0,4,0.5222303217562707,1,485,2026-03-25 02:48:13,2026-03-29 10:24:44
0x788cc3117a0a7ef3e8faff19216baec08c487b48,2026-03-25 08:52:25,0,4,0.5583171603788902,1,236,2026-03-25 02:48:13,2026-03-29 10:24:44
0x118dae65ada5e0d5d54c530c0f172d50d1d90d42,2026-03-25 08:52:35,0,4,0.4881099666360106,0,868,2026-03-25 02:48:13,2026-03-29 10:24:44
0x883aa989ab0b8ee4b0742035187f850d12bc73b0,2026-03-25 08:52:35,0,4,0.5972476376089517,1,66,2026-03-25 02:48:13,2026-03-29 10:24:44
0x0fd571f504124b467098465aedd32296630db329,2026-03-25 08:52:43,1,4,0.5230585300456455,1,476,2026-03-25 02:48:13,2026-03-29 10:24:44
0xd48bd49e484c81a372daf9bf0c516f396849b395,2026-03-25 08:53:35,0,4,0.42837685866108616,0,1220,2026-03-25 02:48:13,2026-03-29 10:24:44
0xd025bb139485c3a1a26b403a04e6dc3cdb1647d4,2026-03-25 08:53:53,0,4,0.47729997970494537,0,965,2026-03-25 02:48:13,2026-03-29 10:24:44
0xd06417465da4f0d8ad65a3f1093dc87fad6b2704,2026-03-25 08:54:05,0,4,0.4725746563863223,0,1011,2026-03-25 02:48:13,2026-03-29 10:24:44
0xd5e1865a8f90cf220fddde3ae4545a70b6d38518,2026-03-25 08:54:05,1,4,0.5090757030219931,1,629,2026-03-25 02:48:13,2026-03-29 10:24:44
0x39a844621ddb82fbc83ea0d576a6264f703947db,2026-03-25 08:54:17,0,4,0.46972710020689146,0,1042,2026-03-25 02:48:13,2026-03-29 10:24:44
0xece87ccb32744e7bbc1630fdca509fe977e8b886,2026-03-25 10:00:07,0,4,0.5130434519009833,1,586,2026-03-25 02:48:13,2026-03-29 10:24:44
0x69cd46ed6dfd966dc35efe08036cc15d1d2a1736,2026-03-25 10:00:25,0,4,0.29606784974074496,0,1304,2026-03-25 02:48:13,2026-03-29 10:24:44
0x6db5aa373d786bad1b559aeed486d68f3df84b85,2026-03-25 10:00:27,1,4,0.5634980726794384,1,222,2026-03-25 02:48:13,2026-03-29 10:24:44
0x9a74782f992b2d8b357d0703a65bac770be7d3b5,2026-03-25 10:00:43,0,4,0.3678895786168103,0,1275,2026-03-25 02:48:13,2026-03-29 10:24:44
0xbff9c0b601da15dac33d51ca8d41a3ff9e88f0e6,2026-03-25 10:00:45,0,4,0.49883967514580574,0,748,2026-03-25 02:48:13,2026-03-29 10:24:44
0x48546bfe3694fa5e7953527ad8a8636c9afb1c93,2026-03-25 10:01:03,1,4,0.5460568760949969,1,316,2026-03-25 02:48:13,2026-03-29 10:24:44
0xc8a56ca98decaabca0c3081b5ee80a775764c866,2026-03-25 10:01:03,0,4,0.5287363760563231,1,430,2026-03-25 02:48:13,2026-03-29 10:24:44
0x14906e5f401bcfa0fd4bc21f16a18ac5bf7d3bed,2026-03-25 10:02:03,0,4,0.5520671031593044,1,272,2026-03-25 02:48:13,2026-03-29 10:24:44
0xbb25a076ecbd6966c2f0c0966757f59b28d54722,2026-03-25 10:02:05,0,4,0.533271425432558,1,396,2026-03-25 02:48:13,2026-03-29 10:24:44
0xd5a0210dd2da9ce04674b185ee15051b5a5cfd6b,2026-03-25 10:02:09,1,4,0.5066674750918617,1,651,2026-03-25 02:48:13,2026-03-29 10:24:44
0x9df4657b697960baca4da9faa653b2ba0c924adc,2026-03-25 10:02:31,0,4,0.46671999372486966,0,1066,2026-03-25 02:48:13,2026-03-29 10:24:44
0x5c1f3f0e70ece9cfbefb7d47a0fb269145265452,2026-03-25 10:02:55,0,4,0.479701344567679,0,947,2026-03-25 02:48:13,2026-03-29 10:24:44
0x84b8d84a9e595c0f5362b0faa88c02358786e966,2026-03-25 10:02:55,1,4,0.4673362844525767,0,1060,2026-03-25 02:48:13,2026-03-29 10:24:44
0xfe61fb8f6d23d20cbcbcd0035604a887ea8fe9c2,2026-03-25 10:03:09,1,4,0.5012913067095434,1,704,2026-03-25 02:48:13,2026-03-29 10:24:44
0xe1c0f7f8031cfcb26f0b19f7cb7d653cb8853eb0,2026-03-25 10:03:11,0,4,0.4910452591646524,0,839,2026-03-25 02:48:13,2026-03-29 10:24:44
0xbf3b5d6d64c1281759d9cb3cca88a3aebca20ee0,2026-03-25 10:03:13,0,4,0.5970160742318921,1,69,2026-03-25 02:48:13,2026-03-29 10:24:44
0x5bc9a1d1ca6ed6d5d6a831a184b58a8e2078b2ee,2026-03-25 10:03:15,1,4,0.4685979375674922,0,1051,2026-03-25 02:48:13,2026-03-29 10:24:44
0x7a73ad9ed02ad0fbaafc64561e1c6c755815a9c8,2026-03-25 10:03:15,0,4,0.5159265455668038,1,557,2026-03-25 02:48:13,2026-03-29 10:24:44
0x44cbdbe61c98fd4b09cb40c30a13287be4abba48,2026-03-25 10:03:23,0,4,0.4166965180948145,0,1237,2026-03-25 02:48:13,2026-03-29 10:24:44
0x58ae69756d6af5a09cf4fc7230e2e344421a29e4,2026-03-25 10:03:23,0,4,0.4886408132638238,0,859,2026-03-25 02:48:13,2026-03-29 10:24:44
0x6a811f92b16a3753c9dfec509a989ecded248043,2026-03-25 10:03:25,1,4,0.42852992669894824,0,1219,2026-03-25 02:48:13,2026-03-29 10:24:44
0xa9f235c644ca1dc452db761256ad173ee410a591,2026-03-25 10:04:03,0,4,0.4672204065535669,0,1061,2026-03-25 02:48:13,2026-03-29 10:24:44
0x024d8c2367ac262f0bba913ca37f0740894faaa2,2026-03-25 10:04:31,0,4,0.4811574433459642,0,936,2026-03-25 02:48:13,2026-03-29 10:24:44
0x0a487bce4fef8da519e27cd16cfb3fdb51064167,2026-03-25 10:04:33,0,4,0.4768768521338142,0,969,2026-03-25 02:48:13,2026-03-29 10:24:44
0x2493a2061f0db0a7c8a1f0c8f3695705b43ee9ff,2026-03-25 10:04:49,0,4,0.47180118495722395,0,1020,2026-03-25 02:48:13,2026-03-29 10:24:44
0x2449ae060df1fc451c6ec82e80a8600c26ed26e8,2026-03-25 10:05:05,0,4,0.5380442376676947,1,366,2026-03-25 02:48:13,2026-03-29 10:24:44
0x8482d0675bed4c04a04217e34449fa0dece48384,2026-03-25 10:05:05,1,4,0.5536043396595316,1,264,2026-03-25 02:48:13,2026-03-29 10:24:44
0x9d0162eded7655a36ca7bbdaa472c5b09247ebfb,2026-03-25 10:05:05,1,4,0.525045902593711,1,454,2026-03-25 02:48:13,2026-03-29 10:24:44
0xf3706503f6032d4f9fc82ca2efa62916700e4f88,2026-03-25 10:05:07,0,4,0.5708514158171578,1,185,2026-03-25 02:48:13,2026-03-29 10:24:44
0x07aeaa86b36f095bfc5b6f7d0c6d106d39bd5253,2026-03-25 10:06:23,0,4,0.5315047099604104,1,410,2026-03-25 02:48:13,2026-03-29 10:24:44
0x1abbae46dba5dd215313af63f53ceb74299a493a,2026-03-25 11:04:59,0,4,0.5691492773383423,1,198,2026-03-25 02:48:13,2026-03-29 10:24:44
0xf20bcea9e431c469bffcc12181148d32e5194566,2026-03-25 11:04:59,0,4,0.49038036168807103,0,847,2026-03-25 02:48:13,2026-03-29 10:24:44
0x4b831f19dd271d4fbada5788a758e0e7b817bdc0,2026-03-25 11:05:05,0,4,0.5550721489062133,1,254,2026-03-25 02:48:13,2026-03-29 10:24:44
0x16d2090ab4f4328e3b78852740c4f69f59bad007,2026-03-25 11:05:11,0,4,0.5575346752856423,1,242,2026-03-25 02:48:13,2026-03-29 10:24:44
0x35656666b18b810ce1538942d1b4facadab86046,2026-03-25 11:05:37,0,4,0.47611450860270726,0,977,2026-03-25 02:48:13,2026-03-29 10:24:44
0x91ef968e3ff6802dc03462db149e6bcb82b603ef,2026-03-25 11:05:37,1,4,0.5400389939078649,1,349,2026-03-25 02:48:13,2026-03-29 10:24:44
0x33a52df77cf6a8dff8893ef3792166d84c254031,2026-03-25 11:07:31,1,4,0.4900960667931959,0,850,2026-03-25 02:48:13,2026-03-29 10:24:44
0x523ee1515ab11dc7e05475badd8a4e4a9f893128,2026-03-25 11:07:31,0,4,0.5975749344964456,1,52,2026-03-25 02:48:13,2026-03-29 10:24:44
0x114b8ec0e94bb15312582f775e64a8592068732a,2026-03-25 11:07:35,1,4,0.5665182769856139,1,210,2026-03-25 02:48:13,2026-03-29 10:24:44
0xf6f579708846f3ac17d5c9a9292d38ccdfca3ae6,2026-03-25 11:07:35,0,4,0.5443288247489035,1,323,2026-03-25 02:48:13,2026-03-29 10:24:44
0x65f700612f89853c6c36684d3d3da5ee3de3ff15,2026-03-25 11:07:37,1,4,0.5979203973025481,1,19,2026-03-25 02:48:13,2026-03-29 10:24:44
0x7776af1c96bad7bf4a4b77841ee685b3236e043f,2026-03-25 11:07:39,0,4,0.5418400028282891,1,335,2026-03-25 02:48:13,2026-03-29 10:24:44
0xceb538833ac789766903736f5a0559ce72714438,2026-03-25 11:07:39,1,4,0.5213111991709786,1,500,2026-03-25 02:48:13,2026-03-29 10:24:44
0xeed68dd61efa7635b9be09f80f612161f2faec56,2026-03-25 11:08:11,0,4,0.4855063778565005,0,889,2026-03-25 02:48:13,2026-03-29 10:24:44
0x162379cadb2c229c4c49cfec99071d152d26048e,2026-03-25 11:08:37,0,4,0.5237432268315707,1,471,2026-03-25 02:48:13,2026-03-29 10:24:44
0xba3a00ef09e4d03b1f81f4c04ee73e8fa250e041,2026-03-25 11:08:37,0,4,0.5142664082187063,1,572,2026-03-25 02:48:13,2026-03-29 10:24:44
0x8928ea0df91e2a6dd1ee57318846c27f0524bfe4,2026-03-25 11:08:39,0,4,0.5093675670999294,1,627,2026-03-25 02:48:13,2026-03-29 10:24:44
0xcb578d83eec2b0c429d6fd4a21564e0a8d721a20,2026-03-25 11:08:39,0,4,0.5243058929214699,1,463,2026-03-25 02:48:13,2026-03-29 10:24:44
0x4190a8d0038f5e375e7e94f1f54f466c35d67209,2026-03-25 11:08:45,0,4,0.5218763109564399,1,490,2026-03-25 02:48:13,2026-03-29 10:24:44
0x8ee76a6351f44d2d936082d7d56597337bb59c56,2026-03-25 11:08:45,1,4,0.4375692806561,0,1197,2026-03-25 02:48:13,2026-03-29 10:24:44
0xb3ad55cc2bcb0d6ee3af5fdd34086ea841717e0d,2026-03-25 11:08:55,0,4,0.5183474132235131,1,532,2026-03-25 02:48:13,2026-03-29 10:24:44
0x5a5b7e8fbaeddef274120e892b804dccf4f62eab,2026-03-25 11:09:07,0,4,0.5082031524052429,1,639,2026-03-25 02:48:13,2026-03-29 10:24:44
0x83809f52e14b3b5678a0daf9c59c7883c142f5c0,2026-03-25 11:09:07,0,4,0.5145201108965172,1,571,2026-03-25 02:48:13,2026-03-29 10:24:44
0xaa59eaf5191632f4ffac0a05b5566375bde575ec,2026-03-25 11:09:15,0,4,0.5172960548962008,1,546,2026-03-25 02:48:13,2026-03-29 10:24:44
0x39c0a48cd6e536dc5d655f7ae326632e2402cc4a,2026-03-25 11:12:55,1,4,0.5736067368598875,1,173,2026-03-25 02:48:13,2026-03-29 10:24:44
0x8dc171f6bbf81c639d2cab8ce43525e156b70646,2026-03-25 11:12:55,0,4,0.49828269572771183,0,755,2026-03-25 02:48:13,2026-03-29 10:24:44
0x6c73a0f5f07ed47c6c50efcdd5cb8d09cb08d87f,2026-03-25 11:12:59,1,4,0.4573543583885112,0,1119,2026-03-25 02:48:13,2026-03-29 10:24:44
0x9a00ef093cadb270dd06e8d5d1e5d6bb999a589b,2026-03-25 11:13:01,0,4,0.5036651861467241,1,683,2026-03-25 02:48:13,2026-03-29 10:24:44
0x0b57f116dbc5f538d3e661b88dfa6d9bedbf52c4,2026-03-25 11:13:37,1,4,0.5035370866168144,1,685,2026-03-25 02:48:13,2026-03-29 10:24:44
0x95783b7cbdc19f4f009150358322acc289fa8ee8,2026-03-25 11:13:39,0,4,0.4915812994050604,0,830,2026-03-25 02:48:13,2026-03-29 10:24:44
0xbf242a4994a780c0f5bdde7757aa08de52b29beb,2026-03-25 11:13:39,0,4,0.4915812994050604,0,831,2026-03-25 02:48:13,2026-03-29 10:24:44
0x3dd7b4d1d265f9f5125ded0579db7ed063c49305,2026-03-25 12:09:07,0,4,0.502372946786277,1,696,2026-03-25 02:48:13,2026-03-29 10:24:44
0x34a081f7cec89b2a202abf3c27845923bcdaafc6,2026-03-25 12:10:25,1,4,0.5500244106974516,1,283,2026-03-25 02:48:13,2026-03-29 10:24:44
0x71200ff742dde7f1ada753d2e9b0a8b50c717c4e,2026-03-25 12:10:25,0,4,0.48855461330831473,0,860,2026-03-25 02:48:13,2026-03-29 10:24:44
0x00764a31e270915b4ac65d0f7ca0f045a722e942,2026-03-25 12:10:27,1,4,0.5155909519706328,1,561,2026-03-25 02:48:13,2026-03-29 10:24:44
0xa91f200ee18e0798aba93aa8dedae5b7604e8528,2026-03-25 12:10:29,1,4,0.5730695258646756,1,176,2026-03-25 02:48:13,2026-03-29 10:24:44
0x3513124b2662657636da3bd18bb996450e5f31de,2026-03-25 12:10:57,0,4,0.4828094336585087,0,921,2026-03-25 02:48:13,2026-03-29 10:24:44
0xbf224034adf0f576a5edf0d79210fabc27fe96ff,2026-03-25 12:10:57,1,4,0.5788926158613298,1,152,2026-03-25 02:48:13,2026-03-29 10:24:44
0x12bc9557c6c0826a794539447c8604ba9011bf2f,2026-03-25 12:12:05,0,4,0.4669410186282511,0,1065,2026-03-25 02:48:13,2026-03-29 10:24:44
0xdad8c74fa7577320b78cb9787411dd1a409cd128,2026-03-25 12:13:29,0,4,0.4425081335528693,0,1181,2026-03-25 02:48:13,2026-03-29 10:24:44
0xf05d2a9cd067cf801fd85517e710615a80932253,2026-03-25 12:13:33,1,4,0.48572843772770513,0,887,2026-03-25 02:48:13,2026-03-29 10:24:44
0x51cabda66c57fe07a5dcd710fab4b035763d42c6,2026-03-25 12:13:39,0,4,0.4878226837008574,0,873,2026-03-25 02:48:13,2026-03-29 10:24:44
0x8adf0798feeea5dc27c7d08307db5f53a47648cd,2026-03-25 12:13:39,0,4,0.4546985220963815,0,1133,2026-03-25 02:48:13,2026-03-29 10:24:44
0x2064226f0f8aefde7c73c83bb7a814c89d317ee8,2026-03-25 12:13:45,1,4,0.598001667395834,1,6,2026-03-25 02:48:13,2026-03-29 10:24:44
0xc0ba7beec70c9e0ca51ed403b583313f3730ec92,2026-03-25 12:13:45,0,4,0.47321024088994934,0,1007,2026-03-25 02:48:13,2026-03-29 10:24:44
0x7482e11b439701ad3479330352eb62ce59e99d53,2026-03-25 12:13:47,0,4,0.4165030461204467,0,1238,2026-03-25 02:48:13,2026-03-29 10:24:44
0xb844e9f58fb8a6d023752b51cf2c753d9b7d2a2a,2026-03-25 12:13:49,0,4,0.5106004607007311,1,610,2026-03-25 02:48:13,2026-03-29 10:24:44
0x0516bdb225fd2e64f632165e19e574f1e767e2a9,2026-03-25 12:14:11,0,4,0.48827178474335364,0,865,2026-03-25 02:48:13,2026-03-29 10:24:44
0xc3bfb40c189489fe58fb35aaa64ca5767c5544cc,2026-03-25 12:14:11,0,4,0.5044331492242943,1,679,2026-03-25 02:48:13,2026-03-29 10:24:44
0x40bda4adc3c384f5853611a19b27849d28547413,2026-03-25 12:14:33,0,4,0.46590557676157823,0,1069,2026-03-25 02:48:13,2026-03-29 10:24:44
0xf1b9afa7c9db014dc86b8d59d4f7fe63f55fc6de,2026-03-25 12:15:35,0,4,0.5216756192194444,1,492,2026-03-25 02:48:13,2026-03-29 10:24:44
0xf7406e47f25151a5fb43dbf786c2e694e698cf50,2026-03-25 12:15:35,0,4,0.48780972535982703,0,874,2026-03-25 02:48:13,2026-03-29 10:24:44
0x99808415fc35e564d4d32c50aedeffcf22caf463,2026-03-25 12:16:47,0,4,0.5586112969123395,1,233,2026-03-25 02:48:13,2026-03-29 10:24:44
0xce88965e853460edffe22154dd6be0fcf022ef03,2026-03-25 12:16:47,1,4,0.45320369208741307,0,1135,2026-03-25 02:48:13,2026-03-29 10:24:44
0x5618533fd3fde0f97a0539f1a5512f2eec36f84b,2026-03-25 13:15:11,0,4,0.4778932500523408,0,960,2026-03-25 02:48:13,2026-03-29 10:24:44
0x5784554282cbedea9f02729e509cb33ee2b8f20b,2026-03-25 13:15:11,1,4,0.5675185623236494,1,206,2026-03-25 02:48:13,2026-03-29 10:24:44
0x667643ff09ac80318605d22d978c9609ebf1cddc,2026-03-25 13:15:11,0,4,0.5319123265128453,1,407,2026-03-25 02:48:13,2026-03-29 10:24:44
0x3eb3acfabb3efb4a68cc5d61e495e1c9d3f24d75,2026-03-25 13:15:15,0,4,0.4853922546031039,0,892,2026-03-25 02:48:13,2026-03-29 10:24:44
0x08e23ca002bcca581ff4118918e22033b0e6c65c,2026-03-25 13:15:43,1,4,0.4362273322596855,0,1199,2026-03-25 02:48:13,2026-03-29 10:24:44
0xc732be7d0a4848fb524f12de4c34144dfded913d,2026-03-25 13:15:43,0,4,0.5289172251120468,1,426,2026-03-25 02:48:13,2026-03-29 10:24:44
0xd48e4a20de8a4a7b25d8f73df6e82fc5649ff168,2026-03-25 13:15:43,0,4,0.5159493092876087,1,556,2026-03-25 02:48:13,2026-03-29 10:24:44
0xdca97bb941244584687c04928703b319b2bc0898,2026-03-25 13:15:43,1,4,0.5462203835821594,1,315,2026-03-25 02:48:13,2026-03-29 10:24:44
0x1802ef295870bfecdfdf78c25f9757358e0d9b20,2026-03-25 13:16:23,0,4,0.4958802521899324,0,782,2026-03-25 02:48:13,2026-03-29 10:24:44
0x5dcf5c8769979526f94f0cc875c84532ed4287b8,2026-03-25 13:16:29,0,4,0.5253602617501367,1,450,2026-03-25 02:48:13,2026-03-29 10:24:44
0x43d20d9b2b701ec2a01d53a1d675a10cc860d3fa,2026-03-25 13:16:39,0,4,0.25876737647753917,0,1319,2026-03-25 02:48:13,2026-03-29 10:24:44
0xccbe333f1be78b3fa5939e12b6dfb65a7c8bb19b,2026-03-25 13:16:39,0,4,0.5570767543146552,1,246,2026-03-25 02:48:13,2026-03-29 10:24:44
0x1dcca5359ff0f23f8bca13fc0002734bc838c9a8,2026-03-25 13:17:09,0,4,0.5876920599067648,1,125,2026-03-25 02:48:13,2026-03-29 10:24:44
0x66c1a6fe836ff555ca32848646acedbbe93bfa3f,2026-03-25 13:17:09,1,4,0.5516908974396844,1,275,2026-03-25 02:48:13,2026-03-29 10:24:44
0xea72f54c9a6343a98ed08adba78c0fd222fbe2cb,2026-03-25 13:17:09,0,4,0.4962045536939324,0,777,2026-03-25 02:48:13,2026-03-29 10:24:44
0x4582c77130a649d807fac08fd455615f851a8fa2,2026-03-25 13:17:25,0,4,0.19264565007021925,0,1321,2026-03-25 02:48:13,2026-03-29 10:24:44
0x88ad3166c6cce6a1bf732050749089273252a1f3,2026-03-25 13:17:27,0,4,0.4910218376768428,0,841,2026-03-25 02:48:13,2026-03-29 10:24:44
0xf58a5a7e0db1823ed4bcad0abbe679ae1d21c258,2026-03-25 13:17:27,1,4,0.5058321131939525,1,663,2026-03-25 02:48:13,2026-03-29 10:24:44
0xaa64466dd8df2632bfd9ad64055b11389fc2a0ec,2026-03-25 13:17:33,0,4,0.5181956334601362,1,537,2026-03-25 02:48:13,2026-03-29 10:24:44
0xf3fd1287ff29b7b67f5da89ef747ef04a25d9e61,2026-03-25 13:17:33,0,4,0.4845393003402612,0,899,2026-03-25 02:48:13,2026-03-29 10:24:44
0x440d03ded03b7519105382c4482c1b6d4bc1351f,2026-03-25 13:18:41,0,4,0.5203391795298421,1,510,2026-03-25 02:48:13,2026-03-29 10:24:44
0xdb982759bcc4d9323af30a26950e787daf5d013e,2026-03-25 13:18:53,0,4,0.5229341763444971,1,477,2026-03-25 02:48:13,2026-03-29 10:24:44
0x492d4e7e97b93865b3dbf0f5d36b0cf8b8779487,2026-03-25 13:19:13,0,4,0.4797325517961794,0,946,2026-03-25 02:48:13,2026-03-29 10:24:44
0xb7d1cbe288a8ae304f8de91511df9a01fedf4cb7,2026-03-25 13:19:15,0,4,0.5407713554000729,1,345,2026-03-25 02:48:13,2026-03-29 10:24:44
0x4804d79592ebb4b4c6501953ee0c76e6c38dfcbf,2026-03-25 13:19:19,1,4,0.5442739143078438,1,324,2026-03-25 02:48:13,2026-03-29 10:24:44
0xda724dda4f6094e7931bbf1b87499e87b8464b52,2026-03-25 13:19:19,0,4,0.5137366360358304,1,578,2026-03-25 02:48:13,2026-03-29 10:24:44
0x2cabae0947fb47489557e4270fa6a8e03152a2d9,2026-03-25 13:19:23,0,4,0.512147925552174,1,596,2026-03-25 02:48:13,2026-03-29 10:24:44
0x5f86fafa2c1d70afa690af08f7f068f25334dff1,2026-03-25 13:19:53,0,4,0.49623544025263444,0,776,2026-03-25 02:48:13,2026-03-29 10:24:44
0x09514505a4ab4a137f61aed2a7c0ed39c58837b5,2026-03-25 13:19:55,0,4,0.4745379832436449,0,994,2026-03-25 02:48:13,2026-03-29 10:24:44
0x97246af110fb1cbaa3cc6af793500dc292b0b939,2026-03-25 13:19:55,0,4,0.4446974809226453,0,1175,2026-03-25 02:48:13,2026-03-29 10:24:44
0x9f1cbd9cc154be430d2eaf5f46c2b236e544449a,2026-03-25 13:20:05,0,4,0.46713716269513017,0,1063,2026-03-25 02:48:13,2026-03-29 10:24:44
0x7e374944f4b2df349663fe3dcac38d64bce455e9,2026-03-25 13:20:07,0,4,0.5509844885511828,1,278,2026-03-25 02:48:13,2026-03-29 10:24:44
0x074c0f657c3aeaa0b7e1cd2c38f1f8e8cf9b96cd,2026-03-25 13:20:09,0,4,0.5290127473677928,1,425,2026-03-25 02:48:13,2026-03-29 10:24:44
0x123431dfba9512a9073db4eaf176d2326a08c1bb,2026-03-25 13:20:09,0,4,0.5974727798411591,1,56,2026-03-25 02:48:13,2026-03-29 10:24:44
0x91ad99e75f87394dd56bd30d3560300d092c9384,2026-03-25 13:20:09,1,4,0.531068164083149,1,415,2026-03-25 02:48:13,2026-03-29 10:24:44
0xfe95f379a91d4b00eaa64cf612d2cb39c1182803,2026-03-25 13:20:11,0,4,0.5327235590825936,1,401,2026-03-25 02:48:13,2026-03-29 10:24:44
0x199377b3ac4408e6f64f3dc78657703aaccb7dc0,2026-03-25 13:20:23,0,4,0.5262539053869122,1,442,2026-03-25 02:48:13,2026-03-29 10:24:44
0xc3f9daa3163674ad0d2814ff7010d3c4deadcfe4,2026-03-25 14:19:39,1,4,0.5918037871229561,1,109,2026-03-25 02:48:13,2026-03-29 10:24:44
0xb02188c268290bb758d6c261bdf4e552c6e1ebd9,2026-03-25 14:19:41,0,4,0.2679741385521582,0,1313,2026-03-25 02:48:13,2026-03-29 10:24:44
0x22b81124dc1534681ac5b8916c363fb681638b13,2026-03-25 14:19:57,0,4,0.5237459702209105,1,470,2026-03-25 02:48:13,2026-03-29 10:24:44
0x362204e778e60a0050f9a4dac9979756c0721cc3,2026-03-25 14:19:57,1,4,0.5691745362712837,1,197,2026-03-25 02:48:13,2026-03-29 10:24:44
0xb9e4d60ba14b7129106f18ae5c32799470e1e41a,2026-03-25 14:19:57,1,4,0.5213858977506708,1,497,2026-03-25 02:48:13,2026-03-29 10:24:44
0xb51110e6ab174e30d13dde3d5a421e0468ebece7,2026-03-25 14:20:05,1,4,0.5671901406812169,1,207,2026-03-25 02:48:13,2026-03-29 10:24:44
0xe7a5a4a30168020a284c9bcb0f58c1c34026f64a,2026-03-25 14:20:05,0,4,0.5628945326831226,1,225,2026-03-25 02:48:13,2026-03-29 10:24:44
0x6dc4bf9d9be9b28e303c3ff1c403fc04e3bc6770,2026-03-25 14:20:11,0,4,0.5499205318190514,1,284,2026-03-25 02:48:13,2026-03-29 10:24:44
0x0028743b98d2f97eb7f05451fc153e3039005cf9,2026-03-25 14:20:23,0,4,0.5435107233682355,1,327,2026-03-25 02:48:13,2026-03-29 10:24:44
0x4fb4128f922af6fc78c2940f4165b9799b69695f,2026-03-25 14:20:23,0,4,0.5977387447532139,1,34,2026-03-25 02:48:13,2026-03-29 10:24:44
0x21fba7a743155a9cbe0e04b2c815bc954459842c,2026-03-25 14:20:25,0,4,0.45506756743042037,0,1129,2026-03-25 02:48:13,2026-03-29 10:24:44
0xce9d204439cfcc2affaf0ce4de449e5750c23c05,2026-03-25 14:20:47,1,4,0.5706856496638265,1,186,2026-03-25 02:48:13,2026-03-29 10:24:44
0x792220481eca2d2777192d846cc90ae789e32df6,2026-03-25 14:20:49,0,4,0.5155559766239172,1,562,2026-03-25 02:48:13,2026-03-29 10:24:44
0x90cbf052a45752fa0914e39dfafd0adaa83c5188,2026-03-25 14:21:05,0,4,0.5201868492288444,1,513,2026-03-25 02:48:13,2026-03-29 10:24:44
0x9ce3a15fdb31a3e807ecc6f333d5c17385dfd60b,2026-03-25 14:21:05,1,4,0.5321851653750054,1,403,2026-03-25 02:48:13,2026-03-29 10:24:44
0x5a6ad76ea0d10df4a104fff0dc34e042f9819c4c,2026-03-25 14:23:33,0,4,0.5037515883027923,1,682,2026-03-25 02:48:13,2026-03-29 10:24:44
0x75b57d190787614aa29f868b66f4245dd4968e32,2026-03-25 14:23:33,0,4,0.5093749019702041,1,626,2026-03-25 02:48:13,2026-03-29 10:24:44
0x894381f05b7133c66b6b35f60db29d4d33096c65,2026-03-25 14:23:35,0,4,0.468574179662213,0,1053,2026-03-25 02:48:13,2026-03-29 10:24:44
0x29b7982d92e4cd63e3779c093b7fdb7917405565,2026-03-25 14:23:37,1,4,0.5268380949541243,1,436,2026-03-25 02:48:13,2026-03-29 10:24:44
0x9ba4e164e99637e28a84ac368974519e7fa0f91d,2026-03-25 14:25:47,0,4,0.5080391778712068,1,643,2026-03-25 02:48:13,2026-03-29 10:24:44
0xb43ef637494b0e5a111af108b67025e8eae8ef83,2026-03-25 14:25:59,1,4,0.3931544233299475,0,1259,2026-03-25 02:48:13,2026-03-29 10:24:44
0x16bc7faccdb6dedd07d47333a6f06fef635dd23a,2026-03-25 14:27:01,0,4,0.5213500083101015,1,498,2026-03-25 02:48:13,2026-03-29 10:24:44
0xa7ccdf4fee269ba6d0e5b6c0a4cef57954f4949e,2026-03-25 14:27:01,0,4,0.481574249852161,0,931,2026-03-25 02:48:13,2026-03-29 10:24:44
0xdf7abac101e2133df9dad10cde3343c69700c268,2026-03-25 14:27:01,0,4,0.5020395886328087,1,699,2026-03-25 02:48:13,2026-03-29 10:24:44
0x939f7be217b1baa87e75bcc5fc3f4ee56ece1558,2026-03-25 14:27:13,1,4,0.5120196109214193,1,600,2026-03-25 02:48:13,2026-03-29 10:24:44
0x2a4d9b43f8d1e3d9dd7ed635b8a3dd56d64a7ade,2026-03-25 14:27:23,0,4,0.4973797810647371,0,763,2026-03-25 02:48:13,2026-03-29 10:24:44
0x01b739b360d3c2f6cc8ec84cda900d48650e2eca,2026-03-25 15:22:51,0,4,0.5245186923991365,1,459,2026-03-25 02:48:13,2026-03-29 10:24:44
0x0eb1d6096c775c393e6a7a1e8f500accf0e25a16,2026-03-25 15:22:51,0,4,0.5914781137851406,1,113,2026-03-25 02:48:13,2026-03-29 10:24:44
0x9f3f6e18f9d5cf6b22d21d45d4c6315359a864a2,2026-03-25 15:22:51,0,4,0.5308398936759493,1,417,2026-03-25 02:48:13,2026-03-29 10:24:44
0x04b6d7e930cf9e493c5e6ef24b496294f95594c8,2026-03-25 15:22:53,0,4,0.17991571716737959,0,1322,2026-03-25 02:48:13,2026-03-29 10:24:44
0x18b3b1b927a92ab23af002d0c135be99bf8b6193,2026-03-25 15:22:53,0,4,0.43351929577588594,0,1210,2026-03-25 02:48:13,2026-03-29 10:24:44
0x476639d9845d7a0261cb005dae6473f089ff5a03,2026-03-25 15:26:17,0,4,0.29841336414141933,0,1303,2026-03-25 02:48:13,2026-03-29 10:24:44
0x965659485992e51f04f532e964e56ca2c6aee340,2026-03-25 15:26:19,0,4,0.48444585262654216,0,901,2026-03-25 02:48:13,2026-03-29 10:24:44
0xd286b6c35efc7fada932e4b0d6ce9ffc2bcf2322,2026-03-25 15:26:19,0,4,0.5541508619832133,1,259,2026-03-25 02:48:13,2026-03-29 10:24:44
0xd323446b559e3f005824a1aec9854d7879e1b3d2,2026-03-25 15:27:49,1,4,0.41380273392798106,0,1241,2026-03-25 02:48:13,2026-03-29 10:24:44
0x658eac5883a7622d0895a6ef93dc8135f33b26f0,2026-03-25 15:28:29,0,4,0.49145347982086834,0,833,2026-03-25 02:48:13,2026-03-29 10:24:44
0xe7edb5ae9cdb1a489764d01995da29fef3678382,2026-03-25 15:28:29,0,4,0.48214207814087884,0,926,2026-03-25 02:48:13,2026-03-29 10:24:44
0x13c314857c54cb40a00071dbf3d94f640ae3d690,2026-03-25 15:28:37,0,4,0.5976730047945625,1,43,2026-03-25 02:48:13,2026-03-29 10:24:44
0xf5e0a8e52effba44692d585ad056abd80431457f,2026-03-25 15:28:37,1,4,0.5698596445019473,1,192,2026-03-25 02:48:13,2026-03-29 10:24:44
0x86c8487a1bdaa1576beda2bffd3a63c9f17afc02,2026-03-25 15:29:15,1,4,0.4718402555223468,0,1018,2026-03-25 02:48:13,2026-03-29 10:24:44
0xf82ba874b4287d6776b13b398f561f9784ce9efd,2026-03-25 15:29:19,0,4,0.3329451403577951,0,1291,2026-03-25 02:48:13,2026-03-29 10:24:44
0x170c73920aa2e5124a4a7aa1106e28eb75047fe3,2026-03-25 15:29:29,1,4,0.5970022610031362,1,70,2026-03-25 02:48:13,2026-03-29 10:24:44
0x9d31ffce17502ef6f8614cc257baa7e03cc7b55c,2026-03-25 15:29:29,0,4,0.5382995046342345,1,363,2026-03-25 02:48:13,2026-03-29 10:24:44
0x10a0b36630413612e0c2b0da9cccba5b9cf3e54d,2026-03-25 15:29:33,0,4,0.5413037860293451,1,342,2026-03-25 02:48:13,2026-03-29 10:24:44
0x5f1bdc6c7d3140e557444faf4962886b30674492,2026-03-25 15:29:55,0,4,0.49625907038640726,0,775,2026-03-25 02:48:13,2026-03-29 10:24:44
0x111afafef6b9bf67eada106a99c12749854a8778,2026-03-25 15:30:13,1,4,0.5507564879273524,1,279,2026-03-25 02:48:13,2026-03-29 10:24:44
0x17cb4eef03539eb808942ec575d80075d3e4c7ac,2026-03-25 15:30:13,0,4,0.4188170669787034,0,1231,2026-03-25 02:48:13,2026-03-29 10:24:44
0xab64da092cb974f23c97014f65fd89d02e87a24a,2026-03-25 15:30:15,0,4,0.4589516681869776,0,1105,2026-03-25 02:48:13,2026-03-29 10:24:44
0xe7345ea13a24dbb04ed9b7876274821409ebc535,2026-03-25 15:30:23,0,4,0.5600285107615373,1,231,2026-03-25 02:48:13,2026-03-29 10:24:44
0xede5ceeb71f38889b8ffc88810df873850292554,2026-03-25 15:30:23,1,4,0.483411808221262,0,913,2026-03-25 02:48:13,2026-03-29 10:24:44
0x3185afcf477838be6e1fcdfc0df1c6f4bcb7fdbb,2026-03-25 15:30:27,0,4,0.4987320470405309,0,749,2026-03-25 02:48:13,2026-03-29 10:24:44
0xca1d4ff95d20b2c6f2fb3d6bfc0e0e4380d72e6a,2026-03-25 15:30:29,0,4,0.5976845094060775,1,41,2026-03-25 02:48:13,2026-03-29 10:24:44
0x85046af6453b429f670ede90fb1105e64b44ea7d,2026-03-25 15:30:55,0,4,0.331536079762274,0,1292,2026-03-25 02:48:13,2026-03-29 10:24:44
0x27980d5bc5637089de5a0a3ad55ec327da5fa9c7,2026-03-25 16:28:11,0,4,0.3155651838327116,0,1297,2026-03-25 02:48:13,2026-03-29 10:24:44
0xba4ac793e68eacb93b41566137f25757656a9fa6,2026-03-25 16:28:11,1,4,0.46571348117681094,0,1074,2026-03-25 02:48:13,2026-03-29 10:24:44
0xe81427e1bbf868daa144cdcbcbdce4e856e6ab37,2026-03-25 16:28:11,0,4,0.5696325106192693,1,195,2026-03-25 02:48:13,2026-03-29 10:24:44
0xf17e7de388500d4f7ca96e3766b5fa2d81584d82,2026-03-25 16:28:11,0,4,0.4817089917504808,0,929,2026-03-25 02:48:13,2026-03-29 10:24:44
0xee1a50db0fa5dccf6d38af1165dcaebd8cbff499,2026-03-25 16:28:15,1,4,0.5928315460294732,1,106,2026-03-25 02:48:13,2026-03-29 10:24:44
0xefc84a51f07abce7076105b380f2eae05c684676,2026-03-25 16:28:21,0,4,0.5979359419633331,1,14,2026-03-25 02:48:13,2026-03-29 10:24:44
0x456b9a5a43515747add1a859520fcb204de538d3,2026-03-25 16:31:09,0,4,0.5404976005811136,1,346,2026-03-25 02:48:13,2026-03-29 10:24:44
0x45b1539eb0e3384704041ff564738f253c729452,2026-03-25 16:31:09,0,4,0.5152344999675397,1,564,2026-03-25 02:48:13,2026-03-29 10:24:44
0xe1e7a9195bd148eb638e5f48648bed1773998a71,2026-03-25 16:31:17,0,4,0.5173689681642216,1,545,2026-03-25 02:48:13,2026-03-29 10:24:44
0x3555890d9c89c6a5f9a814ca16052f0d41d2c4d1,2026-03-25 16:31:25,1,4,0.5481703196172054,1,298,2026-03-25 02:48:13,2026-03-29 10:24:44
0x704ca7bea1114b3ce5f0a3127c891121140e19af,2026-03-25 16:31:33,0,4,0.5947770221955322,1,96,2026-03-25 02:48:13,2026-03-29 10:24:44
0x030702ced52846089c85a4b3585c3fb42d0ce13c,2026-03-25 16:31:35,1,4,0.5264542976703865,1,440,2026-03-25 02:48:13,2026-03-29 10:24:44
0x94fd1f456d7623536b7783cb5387d64e098e7fef,2026-03-25 16:31:35,0,4,0.4740260103387772,0,1003,2026-03-25 02:48:13,2026-03-29 10:24:44
0x506721b8d3f5dcaea1ae16780be8d56abba46961,2026-03-25 16:35:45,0,4,0.4995966661291849,0,723,2026-03-25 02:48:13,2026-03-29 10:24:44
0x912edf0fa9e907caabc77c7ea6bb7e9549bc0eae,2026-03-25 16:35:47,1,4,0.4776601858579605,0,962,2026-03-25 02:48:13,2026-03-29 10:24:44
0x2e32c34232bc0ada66b6dda628dda8b8e46cc99a,2026-03-25 16:36:17,1,4,0.4955584243333338,0,784,2026-03-25 02:48:13,2026-03-29 10:24:44
0xc1355f88441c00dde5c6be5254d101d2d624a01a,2026-03-25 16:36:19,0,4,0.3422245129210073,0,1288,2026-03-25 02:48:13,2026-03-29 10:24:44
0x4571ae423069cacc53cc56d4a0dad82b1a54fa05,2026-03-25 16:36:23,0,4,0.49641476127970313,0,773,2026-03-25 02:48:13,2026-03-29 10:24:44
0x05028a91fbb5ec508013be697b375476a668513b,2026-03-25 16:36:25,0,4,0.4473186509736634,0,1164,2026-03-25 02:48:13,2026-03-29 10:24:44
0xf6bc5fa2f2f0efafe627d20ec1d9c225b153472f,2026-03-25 16:36:25,0,4,0.4853752484502811,0,893,2026-03-25 02:48:13,2026-03-29 10:24:44
0x18ba4ebc94b3c155a85e9ab65a3517d70767cd44,2026-03-25 17:31:19,0,4,0.5195891068934737,1,516,2026-03-25 02:48:13,2026-03-29 10:24:44
0x8b01c3be3d159b7ea5b28b903b6c4d586d2d7844,2026-03-25 17:31:19,0,4,0.5260734556462447,1,445,2026-03-25 02:48:13,2026-03-29 10:24:44
0x20d2309cd92b797ae7ca175ed828ed8a27fbe29d,2026-03-25 17:31:21,0,4,0.43608192302402377,0,1200,2026-03-25 02:48:13,2026-03-29 10:24:44
0x4924c0469af7dbea9889f4d10ad6353ee9475f99,2026-03-25 17:31:21,0,4,0.38684831354657206,0,1263,2026-03-25 02:48:13,2026-03-29 10:24:44
0x0e2f6406d1f02e0c7d4f20c883423ceb05bd44a2,2026-03-25 17:31:29,0,4,0.3936736689431031,0,1257,2026-03-25 02:48:13,2026-03-29 10:24:44
0xf4371f0cb9b25f07354600b745110a5c0f4d53a4,2026-03-25 17:31:29,1,4,0.5933570731221228,1,103,2026-03-25 02:48:13,2026-03-29 10:24:44
0x134c7eba4991d1416e2d4a2a96845b08b4b3eeef,2026-03-25 17:31:31,0,4,0.5956267626982479,1,89,2026-03-25 02:48:13,2026-03-29 10:24:44
0xc7e53ac4a7c76d6df8b794de2e7d0794265d2d3a,2026-03-25 17:36:43,0,4,0.48236323518437796,0,924,2026-03-25 02:48:13,2026-03-29 10:24:44
0x5a39ac1737d1a9578e444df95c94e6ded19a8380,2026-03-25 17:36:45,1,4,0.47603874371143345,0,979,2026-03-25 02:48:13,2026-03-29 10:24:44
0xd5a141510dc828411eb4f87b0154021c612b929c,2026-03-25 17:36:47,0,4,0.5062506981917032,1,658,2026-03-25 02:48:13,2026-03-29 10:24:44
0x2a841c959b6d923563cf37a794f4065e98f760fa,2026-03-25 17:36:49,0,4,0.5059070473384282,1,662,2026-03-25 02:48:13,2026-03-29 10:24:44
0x409b2cb48d9b673a09af52f35bb9fb6ada4021e8,2026-03-25 17:36:49,0,4,0.5058297325374049,1,664,2026-03-25 02:48:13,2026-03-29 10:24:44
0xa028f53c553df916d8161f4d18e9fc2457ce0031,2026-03-25 17:36:49,0,4,0.507300607423689,1,648,2026-03-25 02:48:13,2026-03-29 10:24:44
0xa3cae6be61808f18983eacbc0c4543461f9ed665,2026-03-25 17:36:51,0,4,0.5977387446217383,1,36,2026-03-25 02:48:13,2026-03-29 10:24:44
0x068c22a10775da259fa85824e228aeadbd5f582e,2026-03-25 17:37:01,0,4,0.5777926628663894,1,155,2026-03-25 02:48:13,2026-03-29 10:24:44
0x54a51bfc0cde247b2148b420ad9efeafa95fd72b,2026-03-25 17:37:03,1,4,0.5261800629616225,1,444,2026-03-25 02:48:13,2026-03-29 10:24:44
0x7e99f7224fafc4e859a34511d81e75c858187c98,2026-03-25 17:37:05,0,4,0.5916280717856565,1,110,2026-03-25 02:48:13,2026-03-29 10:24:44
0x35f7838412e57c8ef39aa469b260f3bc1149e63e,2026-03-25 17:37:07,0,4,0.3752486728318319,0,1270,2026-03-25 02:48:13,2026-03-29 10:24:44
0x29036ea24f5ecb8c9548cc08c9faf334842aaa41,2026-03-25 17:37:09,0,4,0.5690331863348012,1,201,2026-03-25 02:48:13,2026-03-29 10:24:44
0x541dcc425825e1cc8c0aea46ebd3f006ca892b13,2026-03-25 17:37:09,0,4,0.4062335545093114,0,1248,2026-03-25 02:48:13,2026-03-29 10:24:44
0xa2c0df63090257363d40bf1fbec3d67bac2169d0,2026-03-25 17:37:09,0,4,0.4761149964299275,0,976,2026-03-25 02:48:13,2026-03-29 10:24:44
0x7bae36d273a08d6630e037a7424936ab067a61b8,2026-03-25 17:37:11,0,4,0.47615701481079686,0,975,2026-03-25 02:48:13,2026-03-29 10:24:44
0x42a2d7fdfedfc0ad1343a18921f22c6d59b5e9e8,2026-03-25 17:37:13,1,4,0.4698712831169806,0,1038,2026-03-25 02:48:13,2026-03-29 10:24:44
0x5c49f426986d0ae1a88dd717bfd45d719d16c6c2,2026-03-25 17:37:13,0,4,0.4941740853395441,0,806,2026-03-25 02:48:13,2026-03-29 10:24:44
0x59083e7e9e1c80ed6dd39ecb3e21486f2d64889b,2026-03-25 17:37:15,0,4,0.4961601204646054,0,778,2026-03-25 02:48:13,2026-03-29 10:24:44
0x970354633bef61ce03fa8c30f03d0b2a6be297ae,2026-03-25 17:37:25,0,4,0.46577988625856703,0,1071,2026-03-25 02:48:13,2026-03-29 10:24:44
0x177bf230515abcdff9a855490d600ac9ca36cb59,2026-03-25 17:37:27,0,4,0.4943892717909255,0,802,2026-03-25 02:48:13,2026-03-29 10:24:44
0xc8e3421e8546f74f7ecfdab961b8903cc8ddb4b0,2026-03-25 17:37:31,0,4,0.5579394879721483,1,239,2026-03-25 02:48:13,2026-03-29 10:24:44
0x19702a8fb8332c8358dfd00ef0215d973ddfae4b,2026-03-25 17:37:33,0,4,0.4689559564961101,0,1046,2026-03-25 02:48:13,2026-03-29 10:24:44
0x42c99f38d2b951b0dc8e8bd5371fa80c9dd19623,2026-03-25 17:37:33,0,4,0.597590273072295,1,50,2026-03-25 02:48:13,2026-03-29 10:24:44
0xbe546253dc3a6ce0d022528a34df3bd6e3f5d649,2026-03-25 17:38:45,0,4,0.4854210410401177,0,891,2026-03-25 02:48:13,2026-03-29 10:24:44
0x1b4f5b4e8e7eb909f7f52f88721b81f5ea4354df,2026-03-25 17:38:47,0,4,0.39275946912731624,0,1260,2026-03-25 02:48:13,2026-03-29 10:24:44
0x9736f559e7c44388390c3a172c1f136664c27202,2026-03-25 17:40:59,0,4,0.5960942068794949,1,81,2026-03-25 02:48:13,2026-03-29 10:24:44
0x1d429af174882be224dbfd69cbbc8105afddf1e6,2026-03-25 17:41:01,1,4,0.4352903885347251,0,1203,2026-03-25 02:48:13,2026-03-29 10:24:44
0xa8773169a59633579088933859de3bea41de2e20,2026-03-25 18:37:01,1,4,0.4614429885727261,0,1096,2026-03-25 02:48:13,2026-03-29 10:24:44
0x4133887a1553a18a5c4ded7fcc243e601bc5165b,2026-03-25 18:37:03,0,4,0.4835017456504471,0,911,2026-03-25 02:48:13,2026-03-29 10:24:44
0xe4e31a9b41a213a05de57d5e75b288031016ee11,2026-03-25 18:37:03,0,4,0.5688244093613725,1,202,2026-03-25 02:48:13,2026-03-29 10:24:44
0xf3a42748f204f13e8bddc25eeda913647c0de3aa,2026-03-25 18:37:19,0,4,0.5883827134168752,1,124,2026-03-25 02:48:13,2026-03-29 10:24:44
0xbfe53f09377e5834bedd6d692fb81d037c53bd4c,2026-03-25 18:37:21,0,4,0.5473957059559023,1,303,2026-03-25 02:48:13,2026-03-29 10:24:44
0x4ea6486d5e1390359a0aaff1f20eaa08d7d4b3d5,2026-03-25 18:37:23,1,4,0.5389967090423274,1,359,2026-03-25 02:48:13,2026-03-29 10:24:44
0x505c59d7d2dd82f7d996cc3747d4b8f7a9fef785,2026-03-25 18:37:23,0,4,0.5400868621772438,1,348,2026-03-25 02:48:13,2026-03-29 10:24:44
0xf163625aa894e79b73629926992e142b740eca34,2026-03-25 18:37:23,0,4,0.5915441715666351,1,111,2026-03-25 02:48:13,2026-03-29 10:24:44
0x49abe35ebe6b47880e26608534128eff1e5723d4,2026-03-25 18:37:27,1,4,0.48192061928040797,0,927,2026-03-25 02:48:13,2026-03-29 10:24:44
0x9993350a09f5e1671c8c269276683a3be35ad5bb,2026-03-25 18:37:31,1,4,0.4993813652968712,0,733,2026-03-25 02:48:13,2026-03-29 10:24:44
0x03012e5c2418731e5d0cd0a8bdba6de33df6c0ca,2026-03-25 18:37:51,0,4,0.5229320542589998,1,479,2026-03-25 02:48:13,2026-03-29 10:24:44
0x7446da6f5c6e6d0f3da19da1076681ad9a1f8368,2026-03-25 18:37:51,0,4,0.53731920301119,1,370,2026-03-25 02:48:13,2026-03-29 10:24:44
0x0f48494343e2c621c9bb69ada97424dc1aa80b0d,2026-03-25 18:37:53,0,4,0.5151933361817174,1,565,2026-03-25 02:48:13,2026-03-29 10:24:44
0x200e9eb918a20e6baf5a60af14c65c9e4384e21d,2026-03-25 18:37:53,1,4,0.5823487127709084,1,143,2026-03-25 02:48:13,2026-03-29 10:24:44
0x9a3421705f0bca10a02ea76091245b3c0755b695,2026-03-25 18:37:53,0,4,0.5735123152552513,1,174,2026-03-25 02:48:13,2026-03-29 10:24:44
0xd630e306d00140adbb173cfd518b93ddef0736a2,2026-03-25 18:37:53,0,4,0.5735123152552513,1,175,2026-03-25 02:48:13,2026-03-29 10:24:44
0xc8a5bf7a35ab4e2402c1fcc59c8c7f8e5cf60bfd,2026-03-25 18:38:45,0,4,0.48404009001429305,0,905,2026-03-25 02:48:13,2026-03-29 10:24:44
0xea81c4db662bc70d87f87f3b6fc2c052e5507000,2026-03-25 18:41:45,0,4,0.524610714730796,1,457,2026-03-25 02:48:13,2026-03-29 10:24:44
0xba637756d14547a1831e3b998b999b0ad9d16271,2026-03-25 18:41:57,0,4,0.5687032524387202,1,203,2026-03-25 02:48:13,2026-03-29 10:24:44
0x07d30d313a01405c66436619d01606752ccd0a0d,2026-03-25 18:42:09,1,4,0.46150639894463114,0,1095,2026-03-25 02:48:13,2026-03-29 10:24:44
0x13affdc6b45650167f677aa697f7b04e2936b19f,2026-03-25 18:42:09,0,4,0.5956076662760621,1,90,2026-03-25 02:48:13,2026-03-29 10:24:44
0x6c9659de9fe85d22ac6d0a5f4ddca1f52b0c4b66,2026-03-25 18:42:09,0,4,0.5292178125269404,1,423,2026-03-25 02:48:13,2026-03-29 10:24:44
0xe82c83206fd449146f20ba66606e3e0856924d90,2026-03-25 18:42:09,1,4,0.48878031694407176,0,857,2026-03-25 02:48:13,2026-03-29 10:24:44
0xe7bab01b9f27238202dc1fc2d7926ce586ec269e,2026-03-25 18:42:19,1,4,0.4704330454137119,0,1032,2026-03-25 02:48:13,2026-03-29 10:24:44
0x651be5749faba56002b19b7528934d46bf259cb5,2026-03-25 18:42:35,0,4,0.45948538556758184,0,1100,2026-03-25 02:48:13,2026-03-29 10:24:44
0xeff961295381a364409435d8e12fa885fe8c5f34,2026-03-25 18:42:37,0,4,0.5024085991531064,1,694,2026-03-25 02:48:13,2026-03-29 10:24:44
0x2fe4a6d6940d778a357d407b8f6844380a2c8d3d,2026-03-25 18:42:51,0,4,0.4965820039752025,0,770,2026-03-25 02:48:13,2026-03-29 10:24:44
0x5ba3557cf9986222847f601268e04a3d5c78601a,2026-03-25 19:42:49,0,4,0.39531823702061814,0,1256,2026-03-25 02:48:13,2026-03-29 10:24:44
0x72b1ac196d3dfbaa92e55b7d504aed0242772d82,2026-03-25 19:42:49,0,4,0.505354550419658,1,668,2026-03-25 02:48:13,2026-03-29 10:24:44
0xb597129bdda0e0a750d3e49c682a740b89216833,2026-03-25 19:42:57,0,4,0.37416771636185414,0,1272,2026-03-25 02:48:13,2026-03-29 10:24:44
0x1b362962d2194969c23e75353e129ae8661eb82e,2026-03-25 19:43:01,0,4,0.26006426314576864,0,1317,2026-03-25 02:48:13,2026-03-29 10:24:44
0xbf85dbe78ca0c2dcbc8ee62c6df95f414f3b45a7,2026-03-25 19:43:01,0,4,0.5441362058267765,1,325,2026-03-25 02:48:13,2026-03-29 10:24:44
0x1fa2a817ddbf112777db7f7b4f60e4ef1b5c8d3e,2026-03-25 19:43:15,0,4,0.5287372177081753,1,429,2026-03-25 02:48:13,2026-03-29 10:24:44
0x805bb64c5487fff7d44b3bcc8911c46bfca4ee0c,2026-03-25 19:43:27,0,4,0.5369498127812353,1,373,2026-03-25 02:48:13,2026-03-29 10:24:44
0x5f88afc958520fdf7a447f0d148f82b8ca48c382,2026-03-25 19:43:45,0,4,0.5267511916445315,1,437,2026-03-25 02:48:13,2026-03-29 10:24:44
0x9a3b1884f19c6760ab3d326f9d9b0b3df0c2b968,2026-03-25 19:43:45,1,4,0.5914781116711668,1,114,2026-03-25 02:48:13,2026-03-29 10:24:44
0x15ba46680d4b416df2ce3d94caadcc5dd32584cc,2026-03-25 19:43:47,0,4,0.49341793145618895,0,812,2026-03-25 02:48:13,2026-03-29 10:24:44
0xddf2e94f25ddefad2c3b9aacc07f7585b4c71436,2026-03-25 19:44:25,0,4,0.5205741509977263,1,506,2026-03-25 02:48:13,2026-03-29 10:24:44
0xfb1422c8f7acb49f422190533a4258bded310da7,2026-03-25 19:44:25,0,4,0.5960231929027473,1,82,2026-03-25 02:48:13,2026-03-29 10:24:44
0xb85310f44026c09e92c27ee36f890b6b07684ae0,2026-03-25 19:46:33,0,4,0.3111306808579837,0,1299,2026-03-25 02:48:13,2026-03-29 10:24:44
0x6baca2e64c3de38691d346616a76744046ce4e7e,2026-03-25 19:47:29,0,4,0.513380505614205,1,580,2026-03-25 02:48:13,2026-03-29 10:24:44
0xeff1a802da3ba500e051686ce10c354e7338a25c,2026-03-25 19:47:29,0,4,0.36681949861599455,0,1276,2026-03-25 02:48:13,2026-03-29 10:24:44
0xd04b85d14ab7f201bf938988a899e4fe6522ef0d,2026-03-25 19:48:03,1,4,0.5029831283538121,1,691,2026-03-25 02:48:13,2026-03-29 10:24:44
0xf16582372445eab54351576f67d9cd45351fe87b,2026-03-25 19:48:05,0,4,0.2598081642100041,0,1318,2026-03-25 02:48:13,2026-03-29 10:24:44
0x243d1e9d932e2a7f2250318acd06f123fcff4275,2026-03-25 19:48:07,0,4,0.5716071254053263,1,183,2026-03-25 02:48:13,2026-03-29 10:24:44
0x33ab02523163fc3e88ddaa381ca1fa05284606d9,2026-03-25 19:48:11,0,4,0.46853422289718744,0,1054,2026-03-25 02:48:13,2026-03-29 10:24:44
0xfbddb0d357876b2503bcef38b06513f33f8d9ba3,2026-03-25 19:48:11,1,4,0.49442562649587213,0,801,2026-03-25 02:48:13,2026-03-29 10:24:44
0xcc264f3743b7950a59802907b622b7d410192f27,2026-03-25 20:47:29,0,4,0.4937749390523299,0,809,2026-03-25 02:48:13,2026-03-29 10:24:44
0x014844ca81f807afe2389f3532988797a527b61c,2026-03-25 20:47:33,0,4,0.5970827694611226,1,68,2026-03-25 02:48:13,2026-03-29 10:24:44
0x410d2faa635fbfede53aa4d871863d85a397d831,2026-03-25 20:48:27,0,4,0.5971680080091676,1,67,2026-03-25 02:48:13,2026-03-29 10:24:44
0x72e2bc5836d4d272a77f538118db26226312750e,2026-03-25 20:48:31,0,4,0.5030098168960012,1,690,2026-03-25 02:48:13,2026-03-29 10:24:44
0x484f8c31e4ef6f82a33e44672ee2e26ae854f592,2026-03-25 20:48:37,1,4,0.5045306932317035,1,678,2026-03-25 02:48:13,2026-03-29 10:24:44
0x5611474308d0dab1bca21d486da945d8512e051d,2026-03-25 20:48:37,0,4,0.3085392939069271,0,1300,2026-03-25 02:48:13,2026-03-29 10:24:44
0x64eda8cc34977baad58c15bede9090f5ec4211bb,2026-03-25 20:48:43,0,4,0.4773989745866181,0,964,2026-03-25 02:48:13,2026-03-29 10:24:44
0x21d0a97aac03917e752857a551bbe5103a00e8d7,2026-03-25 20:48:45,0,4,0.5947770189008476,1,97,2026-03-25 02:48:13,2026-03-29 10:24:44
0xec6f6e07c536a84980be17070a615aec5f00b34f,2026-03-25 20:48:45,0,4,0.45044949307991,0,1152,2026-03-25 02:48:13,2026-03-29 10:24:44
0x3e9f36ce3e720ac4c48639256953c910488fecf1,2026-03-25 20:48:49,0,4,0.5526020842284809,1,268,2026-03-25 02:48:13,2026-03-29 10:24:44
0xb5b93c429350dc56340ffb6de729fb64d926f0b2,2026-03-25 20:48:49,1,4,0.4878890118381136,0,872,2026-03-25 02:48:13,2026-03-29 10:24:44
0xf7bf7962fa62487f9eeaece86637a459433a95cd,2026-03-25 20:48:51,1,4,0.5009827300393886,1,706,2026-03-25 02:48:13,2026-03-29 10:24:44
0xaacbba594f0477406a3fe03522a87fa57b0a03b7,2026-03-25 20:48:59,0,4,0.4386855112014641,0,1194,2026-03-25 02:48:13,2026-03-29 10:24:44
0xc8781145447ae25e00c83669aece80306f1c6648,2026-03-25 20:49:37,0,4,0.4850510311575962,0,894,2026-03-25 02:48:13,2026-03-29 10:24:44
0x4dd38bc48ed7e341febb4c21672e79a4444e72d8,2026-03-25 20:49:43,1,4,0.47421898362403103,0,999,2026-03-25 02:48:13,2026-03-29 10:24:44
0xe36c3664570dda6d4df91fd5058dc22b08d4f66a,2026-03-25 20:53:39,0,4,0.4398589067475764,0,1190,2026-03-25 02:48:13,2026-03-29 10:24:44
0x5ce589c3b54fd809fd9ff2ef13ae54d02c0faf2e,2026-03-25 21:49:15,0,4,0.4798760046077805,0,941,2026-03-25 02:48:13,2026-03-29 10:24:44
0xee2c1377ebc696f548f3bb8611563a66099b98c0,2026-03-25 21:49:15,0,4,0.4947513824674788,0,796,2026-03-25 02:48:13,2026-03-29 10:24:44
0x2977a92b98ac2713b952dd51c0e031e6adab4eb0,2026-03-25 21:49:23,0,4,0.41266258151965474,0,1242,2026-03-25 02:48:13,2026-03-29 10:24:44
0x9bd0c44d900405ce2c32a7c791dc91e0add78e1f,2026-03-25 21:49:23,0,4,0.435403588413299,0,1202,2026-03-25 02:48:13,2026-03-29 10:24:44
0xf18c1b46e4f9c9b4a383e02f5f530531b1b7847e,2026-03-25 21:49:23,0,4,0.4939778954676657,0,807,2026-03-25 02:48:13,2026-03-29 10:24:44
0xa938e7fa35b014cd43e4cdd16072f10d026f6331,2026-03-25 21:50:07,0,4,0.5299382940206719,1,420,2026-03-25 02:48:13,2026-03-29 10:24:44
0x08e69967a64714671980b3e1c41fd22e6bbfcb5a,2026-03-25 21:50:13,1,4,0.5909201978978562,1,116,2026-03-25 02:48:13,2026-03-29 10:24:44
0xe6b900d39b70ee68fc943b9da0dc72ca36ebe9cb,2026-03-25 21:50:13,0,4,0.5905401289511195,1,117,2026-03-25 02:48:13,2026-03-29 10:24:44
0xff4c9ebd5c9ffc4052efbeebbd8161c16b10b251,2026-03-25 21:50:13,0,4,0.3545236493293734,0,1284,2026-03-25 02:48:13,2026-03-29 10:24:44
0x1445ff58614a97df9cdb0fde7b009435b65d614a,2026-03-25 21:52:31,1,4,0.3667277574842104,0,1277,2026-03-25 02:48:13,2026-03-29 10:24:44
0x94ae03b187edfd453410b59fc45ecfaf7d2eda61,2026-03-25 21:52:31,0,4,0.26214308473435366,0,1316,2026-03-25 02:48:13,2026-03-29 10:24:44
0xcb6ffcd138ea263162d731c3daedf9e194d4f414,2026-03-25 21:52:31,0,4,0.5449501540890047,1,321,2026-03-25 02:48:13,2026-03-29 10:24:44
0x764424e7325f7288b60da2c2e0f290ae5cc113d7,2026-03-25 21:52:49,0,4,0.45162213688932135,0,1146,2026-03-25 02:48:13,2026-03-29 10:24:44
0x1c1a29e8ba6e1ef8970fe5905327562109deef21,2026-03-25 21:52:57,1,4,0.5275979934707842,1,432,2026-03-25 02:48:13,2026-03-29 10:24:44
0xb2cfe335526920672618e952172175dd54c8cd1f,2026-03-25 21:53:35,0,4,0.5096247264461289,1,622,2026-03-25 02:48:13,2026-03-29 10:24:44
0x0b0227620cb58a00ff12bc8670beca32f609454f,2026-03-25 21:53:41,0,4,0.5099723937671048,1,618,2026-03-25 02:48:13,2026-03-29 10:24:44
0x907d938a588e004c5b693035989edc97f9d22c9b,2026-03-25 21:53:57,0,4,0.5154679266054167,1,563,2026-03-25 02:48:13,2026-03-29 10:24:44
0x3008b38494e3783a55a9764a2b4bcc9a565c5cb6,2026-03-25 21:53:59,1,4,0.5346418459630454,1,384,2026-03-25 02:48:13,2026-03-29 10:24:44
0x9ab297d8f84a0628f070e42816cd236d79d7c9ab,2026-03-25 21:53:59,0,4,0.5174579114416294,1,544,2026-03-25 02:48:13,2026-03-29 10:24:44
0xbb2ca194bc8ebc0aafa3526812a2e41ed225b0e0,2026-03-25 21:54:03,1,4,0.44985070036844266,0,1155,2026-03-25 02:48:13,2026-03-29 10:24:44
0xbf77b9946e1ed3e5bf51bc1368217ee466c8d66d,2026-03-25 21:54:03,0,4,0.36493736676992283,0,1278,2026-03-25 02:48:13,2026-03-29 10:24:44
0x276339f9d6178307006ff5ecb6c3aa9d3a08ab53,2026-03-25 21:54:21,0,4,0.48120569475353603,0,934,2026-03-25 02:48:13,2026-03-29 10:24:44
0xf9a1a70c295e8ab57e50fa4e65bcd13f6fb6fe90,2026-03-25 21:54:23,0,4,0.49965187808197314,0,720,2026-03-25 02:48:13,2026-03-29 10:24:44
0xadb0de3b5efb5861bac9cf93ee49a5dee5180f62,2026-03-25 21:54:25,0,4,0.4582705339749667,0,1111,2026-03-25 02:48:13,2026-03-29 10:24:44
0x70a19814a474a2df81ca65f01523e289cff6978a,2026-03-25 21:54:27,0,4,0.49945847833497853,0,728,2026-03-25 02:48:13,2026-03-29 10:24:44
0xa53444f4641a9251499247be28885072c1538bc6,2026-03-25 21:54:29,0,4,0.43253027005483,0,1215,2026-03-25 02:48:13,2026-03-29 10:24:44
0x8633c1c6844c5928b284a71e211584739474a08d,2026-03-25 21:54:31,1,4,0.5861270844047284,1,131,2026-03-25 02:48:13,2026-03-29 10:24:44
0x08ee626f2db33df38f55ff4146a2db315e7f724c,2026-03-25 21:54:33,0,4,0.40594799126281056,0,1249,2026-03-25 02:48:13,2026-03-29 10:24:44
0x86d94418934071a90c06ddc98cf06594af6cc40e,2026-03-25 22:54:01,1,4,0.5383165762250308,1,362,2026-03-25 02:48:13,2026-03-29 10:24:44
0x1d2cfa8e40ecaca424daccffdc59281b0dd05691,2026-03-25 22:54:05,0,4,0.5341788532176391,1,388,2026-03-25 02:48:13,2026-03-29 10:24:44
0x1f161a3b867bca509d8f61739238407f2ea9b5b9,2026-03-25 22:54:21,1,4,0.49666113013943586,0,769,2026-03-25 02:48:13,2026-03-29 10:24:44
0xaed4032adbc1ef6fac7ee25db9e6054beeea4cc9,2026-03-25 22:54:21,0,4,0.46210035865919014,0,1088,2026-03-25 02:48:13,2026-03-29 10:24:44
0xf2590222984f2ffe7fc6c4499d1aaa7ec4cffa76,2026-03-25 22:54:31,0,4,0.549581806027466,1,290,2026-03-25 02:48:13,2026-03-29 10:24:44
0xccae4b259d99cc7c883e5ae7281690f0b0b9d37a,2026-03-25 22:54:33,0,4,0.5980063521749046,1,1,2026-03-25 02:48:13,2026-03-29 10:24:44
0x462e4730a327f3304bcbed8eb9a2983b1b2897c4,2026-03-25 22:54:39,0,4,0.5002931456264382,1,711,2026-03-25 02:48:13,2026-03-29 10:24:44
0xa9dbbaec44a51c3b621cb5402bb377aa89a7de81,2026-03-25 22:54:39,0,4,0.5062638340199893,1,656,2026-03-25 02:48:13,2026-03-29 10:24:44
0xa094a57f33f0c880a2fa169b3b1e0537a4ae2163,2026-03-25 22:54:49,0,4,0.49713647571895603,0,765,2026-03-25 02:48:13,2026-03-29 10:24:44
0xdb4962d4300baf274b93cefbd24698048bb221b1,2026-03-25 22:54:53,0,4,0.5975835932873371,1,51,2026-03-25 02:48:13,2026-03-29 10:24:44
0x54072821f1f7a43d82c3a36a4a9549ca4850dbc0,2026-03-25 22:54:57,0,4,0.4990526048130721,0,742,2026-03-25 02:48:13,2026-03-29 10:24:44
0x2c524b70f013b73ec1159fa6678078c9cf1acdad,2026-03-25 22:54:59,1,4,0.48576208231639384,0,886,2026-03-25 02:48:13,2026-03-29 10:24:44
0x316284f284daa7ebf56a8f723d593d49fdbeda1a,2026-03-25 22:54:59,0,4,0.5415282160103952,1,339,2026-03-25 02:48:13,2026-03-29 10:24:44
0xc9b97c079ebb8d45bde58c730e964029c9b89b6e,2026-03-25 22:55:09,0,4,0.5162588296472501,1,553,2026-03-25 02:48:13,2026-03-29 10:24:44
0x17ea4143411e46687eb730936408b80791b60ca0,2026-03-25 22:59:05,0,4,0.5145615292000817,1,569,2026-03-25 02:48:13,2026-03-29 10:24:44
0x2de9a90790d8eae4b6061e2d80c54404587a5289,2026-03-25 23:00:09,0,4,0.44823330084415747,0,1161,2026-03-25 02:48:13,2026-03-29 10:24:44
0xa66790e2b0075e73c3781ddaf1d0b875a3aaceb3,2026-03-25 23:00:25,0,4,0.38856383557060425,0,1262,2026-03-25 02:48:13,2026-03-29 10:24:44
0x766ce63d2f04d0b6ff79ab6cba211fb0d6a7bbb8,2026-03-25 23:00:27,0,4,0.4947806065455821,0,794,2026-03-25 02:48:13,2026-03-29 10:24:44
0x6c5d9beaeacdde39157bfa272cf93eed6256ce76,2026-03-25 23:00:37,0,4,0.4997610526084888,0,717,2026-03-25 02:48:13,2026-03-29 10:24:44
0x6ff38deffe6dd28250aab2a81df1489c58810ec5,2026-03-25 23:02:13,0,4,0.4903132076447984,0,848,2026-03-25 02:48:13,2026-03-29 10:24:44
0xfabc32ee8f2f16e5ed45a4efc71f00cece497178,2026-03-25 23:02:15,0,4,0.4990423524871773,0,743,2026-03-25 02:48:13,2026-03-29 10:24:44
0x45638567e27fc19261347b2681b4640e2610156a,2026-03-26 00:00:17,0,4,0.44460063196984695,0,1176,2026-03-25 02:48:13,2026-03-29 10:24:44
0x5ec4ef662d99e3d7e6399048410dec6d8253bfe9,2026-03-26 00:00:17,0,4,0.4043334269964518,0,1251,2026-03-25 02:48:13,2026-03-29 10:24:44
0x35b2b7c05b3f026e296701aebfa2458f3784f329,2026-03-26 00:01:03,1,4,0.4723312422329961,0,1014,2026-03-25 02:48:13,2026-03-29 10:24:44
0x670aabb852e75f93d12fa0987085cd5518a0a860,2026-03-26 00:01:05,1,4,0.5026326993323098,1,693,2026-03-25 02:48:13,2026-03-29 10:24:44
0x2cc769c0d23e843ddb040c1e6a67a3bdd9dd54ab,2026-03-26 00:01:09,0,4,0.5083516259665676,1,638,2026-03-25 02:48:13,2026-03-29 10:24:44
0x0dece92052acdae1575bdfdfa82ccbced1833302,2026-03-26 00:02:31,1,4,0.4840026759011638,0,906,2026-03-25 02:48:13,2026-03-29 10:24:44
0x32ccd9015a900fde62040162a04bedf093c668b3,2026-03-26 00:03:25,0,4,0.317796418468563,0,1296,2026-03-25 02:48:13,2026-03-29 10:24:44
0x97f76eaabd7dec7dc7b9a5fd7abdca1cbdbcada9,2026-03-26 00:03:27,0,4,0.4701518661397645,0,1034,2026-03-25 02:48:13,2026-03-29 10:24:44
0x57f1ef6af099a1b8aab0c694492fdef8b2165b0f,2026-03-26 00:03:29,1,4,0.5977866524169788,1,30,2026-03-25 02:48:13,2026-03-29 10:24:44
0x775c5ad160681cd28afce723b779e12477d34151,2026-03-26 00:04:45,0,4,0.427557916630331,0,1222,2026-03-25 02:48:13,2026-03-29 10:24:44
0xe4d38496a46e4bfd2036d4e9389a955595d6c2f0,2026-03-26 00:04:45,0,4,0.5708788762791525,1,184,2026-03-25 02:48:13,2026-03-29 10:24:44
0x2a9c77ed09d86c2ad2ced0a60c8b5b2a23acc8cf,2026-03-26 00:04:47,0,4,0.42780935637035167,0,1221,2026-03-25 02:48:13,2026-03-29 10:24:44
0x0785597788ac91bcea5a837e6088dd3a7fd88f61,2026-03-26 00:04:51,0,4,0.4494389324454446,0,1157,2026-03-25 02:48:13,2026-03-29 10:24:44
0x6fcb236ecbdab7f7fd6eaa42ab41254b2eef13ab,2026-03-26 00:04:51,0,4,0.4494389324454446,0,1158,2026-03-25 02:48:13,2026-03-29 10:24:44
0xd6a39cef30c927c4d57b5cc519f3a2d0332a9738,2026-03-26 00:04:51,1,4,0.4838983992710901,0,907,2026-03-25 02:48:13,2026-03-29 10:24:44
0x671a326088dea34b79c51947e4a92c83545a2f1e,2026-03-26 00:04:53,0,4,0.5089132375576882,1,632,2026-03-25 02:48:13,2026-03-29 10:24:44
0x969fd3c664f80f32b827ba55efce87970c55cbdc,2026-03-26 01:05:33,0,4,0.49214674242649953,0,825,2026-03-25 02:48:13,2026-03-29 10:24:44
0x556c3765be79820a829f4ba2924711b0c94193ce,2026-03-26 01:05:35,1,4,0.48644788892582197,0,883,2026-03-25 02:48:13,2026-03-29 10:24:44
0x703a02cac52ff4470d2a1c17170b41fc0fa212fb,2026-03-26 01:05:35,1,4,0.5979582890277557,1,11,2026-03-25 02:48:13,2026-03-29 10:24:44
0xc21d23bc9e216bf273c04385fa1e19b01d96e3c6,2026-03-26 01:05:35,1,4,0.442238933456461,0,1182,2026-03-25 02:48:13,2026-03-29 10:24:44
0xd3daf0b630913ce0b92a4176705b839f0f5dc91f,2026-03-26 01:05:35,0,4,0.5046535746082358,1,677,2026-03-25 02:48:13,2026-03-29 10:24:44
0x927f7694de44d19a72bce76254e628d1c141d215,2026-03-26 01:06:07,0,4,0.4689518137908339,0,1047,2026-03-25 02:48:13,2026-03-29 10:24:44
0x6136ed802191e0500ee60846840148b0b41996cb,2026-03-26 01:06:09,1,4,0.5273716495138192,1,434,2026-03-25 02:48:13,2026-03-29 10:24:44
0x3d4962713c28b459875d46c95c400afb4430cda7,2026-03-26 01:06:13,0,4,0.3748379065322085,0,1271,2026-03-25 02:48:13,2026-03-29 10:24:44
0xaa695ccbc4395df33794febf1092d33facb57263,2026-03-26 01:06:13,0,4,0.5370516644857144,1,372,2026-03-25 02:48:13,2026-03-29 10:24:44
0x4c305f07eb3c911e446cb09aa382b94957bc070e,2026-03-26 01:06:23,0,4,0.5313644078059395,1,411,2026-03-25 02:48:13,2026-03-29 10:24:44
0xdbd9fe62bf7bcbd7dd009a7631a50d734b2cb0b8,2026-03-26 01:06:27,0,4,0.47026251186328716,0,1033,2026-03-25 02:48:13,2026-03-29 10:24:44
0x39e231224db0369580e297e0bc258bb2a7dc040d,2026-03-26 01:06:53,0,4,0.569658203323748,1,194,2026-03-25 02:48:13,2026-03-29 10:24:44
0x5116769d61a54822a74c58c157da6e69060b4991,2026-03-26 01:06:55,0,4,0.5691119096019855,1,199,2026-03-25 02:48:13,2026-03-29 10:24:44
0x69a2021f66e00f5230ed003f54b7ce43c4623bee,2026-03-26 01:06:55,0,4,0.4771725656414017,0,967,2026-03-25 02:48:13,2026-03-29 10:24:44
0x46c1f91626ab43179dadc832a02358bd6f442ba9,2026-03-26 01:08:37,0,4,0.47131553413716143,0,1025,2026-03-25 02:48:13,2026-03-29 10:24:44
0xd68eba02e662023b16e4d134c1fcd8875c1e8048,2026-03-26 01:08:41,0,4,0.5963166755320832,1,79,2026-03-25 02:48:13,2026-03-29 10:24:44
0x7275a06edc1e37654b4664473267181b9c058b45,2026-03-26 01:08:43,1,4,0.575248644176382,1,164,2026-03-25 02:48:13,2026-03-29 10:24:44
0x56d109fd0b7dd8a9fa3dfe751589fa975c4bc6ce,2026-03-26 01:10:45,0,4,0.5337436432317175,1,391,2026-03-25 02:48:13,2026-03-29 10:24:44
0x78c2560d3c84836106a17ae72f9a80905f1ba336,2026-03-26 01:10:51,0,4,0.5241197338944618,1,465,2026-03-25 02:48:13,2026-03-29 10:24:44
0x21a0e9b25393786fcf805717ddb45166eaf0f412,2026-03-26 01:10:55,0,4,0.5338393006905475,1,389,2026-03-25 02:48:13,2026-03-29 10:24:44
0x9a9beeb9849f4c3b7498a9506a5b06acd1d90285,2026-03-26 01:10:55,0,4,0.521647392775186,1,493,2026-03-25 02:48:13,2026-03-29 10:24:44
0x78bcdfc8df4923b89a914b547e57d1d0a5f95616,2026-03-26 01:10:57,0,4,0.47130029737199236,0,1026,2026-03-25 02:48:13,2026-03-29 10:24:44
0x957f0f337bc175a8113defe2a1f60b12fdd2aee0,2026-03-26 01:10:57,0,4,0.4794675825076519,0,949,2026-03-25 02:48:13,2026-03-29 10:24:44
0x17d7fd0cf5de95406784c97042193d4c00659e1e,2026-03-26 01:12:49,0,4,0.5949912410058368,1,95,2026-03-25 02:48:13,2026-03-29 10:24:44
0xbd02e77562c3d7bee56d18079d4548575bf75e41,2026-03-26 02:21:25,0,4,0.5848447945988978,1,137,2026-03-25 02:48:13,2026-03-29 10:24:44
0x88335d2d601fbbf411e3832407e7665facab07ec,2026-03-26 02:21:27,0,4,0.5979898371974575,1,9,2026-03-25 02:48:13,2026-03-29 10:24:44
0x5b3b2e6d998616b4f891780500467828a7730353,2026-03-26 02:21:37,0,4,0.4759818598538925,0,981,2026-03-25 02:48:13,2026-03-29 10:24:44
0xcf1dba91496eed7106f2375c1eda82dac029ff33,2026-03-26 02:21:39,1,4,0.4973115775563522,0,764,2026-03-25 02:48:13,2026-03-29 10:24:44
0xf19d469a20ba924f71005b8f445592ee300d9afa,2026-03-26 02:21:43,0,4,0.42040536464440664,0,1228,2026-03-25 02:48:13,2026-03-29 10:24:44
0x2adb1d92eee1b6cefd0fc493ee7f3050d1f1ab06,2026-03-26 02:21:53,0,4,0.537107401642687,1,371,2026-03-25 02:48:13,2026-03-29 10:24:44
0x073a610edf45854784fb0c2e015b09e00e565e45,2026-03-26 02:21:55,0,4,0.5789058790862902,1,151,2026-03-25 02:48:13,2026-03-29 10:24:44
0x1d596ed03d38b9e512e772ffde8f862303a42b49,2026-03-26 02:22:03,1,4,0.4816220879006818,0,930,2026-03-25 02:48:13,2026-03-29 10:24:44
0x92104855cd1d4c0d106b9788eff96b1305afb709,2026-03-26 02:22:03,0,4,0.5979030778941743,1,22,2026-03-25 02:48:13,2026-03-29 10:24:44
0x94955b2455cfc1c5cda2d038dba35d7ce71a4906,2026-03-26 02:22:03,0,4,0.5161954456760798,1,554,2026-03-25 02:48:13,2026-03-29 10:24:44
0x65426d36219f8a67db04ffd477f6143a08fb32df,2026-03-26 02:22:09,0,4,0.5049261421595961,1,673,2026-03-25 02:48:13,2026-03-29 10:24:44
0xa09da8a5e4e6bef52052fce6b4d255823ddeb7fd,2026-03-26 02:23:13,0,4,0.5517030656419991,1,274,2026-03-25 02:48:13,2026-03-29 10:24:44
0xfa21179f2cef2f61cb78e8340ae62b17f9271438,2026-03-26 02:24:11,0,4,0.2675550631545166,0,1314,2026-03-25 02:48:13,2026-03-29 10:24:44
0x11c365927b0ac738e1bf349e626c4315f32d8132,2026-03-26 02:26:05,0,4,0.28145977857279575,0,1308,2026-03-25 02:48:13,2026-03-29 10:24:44
0x5ac944137095af33542938f1a845bd9ac25cf71a,2026-03-26 02:26:05,0,4,0.4694144173343695,0,1044,2026-03-25 02:48:13,2026-03-29 10:24:44
0x3893bfa1e6ca4faf3dc1df9f65a069f13f528afb,2026-03-26 02:26:09,1,4,0.5085275760784123,1,635,2026-03-25 02:48:13,2026-03-29 10:24:44
0x413bb36919973a1d291b2ed7d9a96383f033dc9c,2026-03-26 02:26:31,0,4,0.5021574730809197,1,698,2026-03-25 02:48:13,2026-03-29 10:24:44
0xcf6b1b6d0673754e820c6f84b688a6a6a369a179,2026-03-26 03:24:15,0,4,0.5976467079199107,1,47,2026-03-25 02:48:13,2026-03-29 10:24:44
0x382dc4d98dc1a52d250222665b75d3c459a8d4f3,2026-03-26 03:27:09,0,4,0.5400289298261485,1,350,2026-03-25 02:48:13,2026-03-29 10:24:44
0xbabd9272fa242f63dbc5e3ee206ec0d596583335,2026-03-26 03:27:11,1,4,0.5979063642749509,1,21,2026-03-25 02:48:13,2026-03-29 10:24:44
0x1dad5ac6b4fd373248d37cc44257d64d99806ee8,2026-03-26 03:27:15,0,4,0.5853406406922865,1,136,2026-03-25 02:48:13,2026-03-29 10:24:44
0x6bd1cc46f5019174c869d989d1428027b6323f34,2026-03-26 03:27:15,1,4,0.5388451847503155,1,360,2026-03-25 02:48:13,2026-03-29 10:24:44
0xd64774b13f3b259472f82b90cdbbbea72927909a,2026-03-26 03:27:15,0,4,0.49272047470123126,0,819,2026-03-25 02:48:13,2026-03-29 10:24:44
0x4b8cf80092c60b9b23d22133eb63eb4508fe4d31,2026-03-26 03:27:19,0,4,0.48572579385238335,0,888,2026-03-25 02:48:13,2026-03-29 10:24:44
0x477b051a8bf0cffb9bf1adc45ce5efce0f337b63,2026-03-26 03:27:25,1,4,0.46984974453403355,0,1039,2026-03-25 02:48:13,2026-03-29 10:24:44
0x88a3955e9aa69bdc34f563d59815bb693fc08362,2026-03-26 03:27:27,1,4,0.48652355623690646,0,881,2026-03-25 02:48:13,2026-03-29 10:24:44
0x054dc5c55e4abbd8f71a8bd4909b9ab9ff5d6f42,2026-03-26 03:27:31,0,4,0.5748498062923084,1,168,2026-03-25 02:48:13,2026-03-29 10:24:44
0x46745788e678a6f8ceebcd8bc7e37462b74703ca,2026-03-26 03:27:31,0,4,0.5648596096467844,1,215,2026-03-25 02:48:13,2026-03-29 10:24:44
0x583b7031518eda0c5473c3aeb019112a4ff8c78a,2026-03-26 03:27:39,0,4,0.5632694357420442,1,223,2026-03-25 02:48:13,2026-03-29 10:24:44
0xc18ec25f0d11938128f592299835a404e38e44e3,2026-03-26 03:27:39,0,4,0.5979153888118096,1,20,2026-03-25 02:48:13,2026-03-29 10:24:44
0x116abb05435f1d2a0dd7072307210cb84b7902a8,2026-03-26 03:27:45,0,4,0.5390748770761846,1,358,2026-03-25 02:48:13,2026-03-29 10:24:44
0x2049ae9bd226aa1b41175d995f795a24cc3921fb,2026-03-26 03:28:03,1,4,0.5538376565820529,1,262,2026-03-25 02:48:13,2026-03-29 10:24:44
0x5b9e5d94eba11ca212e83c1f7f97742aca34187a,2026-03-26 03:28:03,0,4,0.5977394026570199,1,33,2026-03-25 02:48:13,2026-03-29 10:24:44
0xa0f311ff37c5126c11b7c5b16ab09691d3b78faa,2026-03-26 03:28:03,0,4,0.5542057452931581,1,258,2026-03-25 02:48:13,2026-03-29 10:24:44
0x0b5a00447054adaf796346dfff193b369680966a,2026-03-26 03:28:13,0,4,0.5466357508855295,1,311,2026-03-25 02:48:13,2026-03-29 10:24:44
0x680d79396bf9dee75d1f47fa697e8f85f5e905ea,2026-03-26 03:28:15,1,4,0.5462865839728671,1,312,2026-03-25 02:48:13,2026-03-29 10:24:44
0xac00986a8701375dce281068310049800f21aac7,2026-03-26 03:29:31,1,4,0.49594784257895963,0,780,2026-03-25 02:48:13,2026-03-29 10:24:44
0x09fc180e7c94cf795d671a4fd34acd8b3927459a,2026-03-26 11:47:57,0,4,0.3458414083629888,0,1287,2026-03-25 02:48:13,2026-03-29 10:24:44
0x536be02af900fe046fa708c8059c04f737a2cee3,2026-03-26 11:47:57,0,4,0.44066031541215733,0,1187,2026-03-25 02:48:13,2026-03-29 10:24:44
0xa2fac6cf9aed18d13270241dd4f477b9fa6d81a7,2026-03-26 11:47:57,0,4,0.3217400920378913,0,1295,2026-03-25 02:48:13,2026-03-29 10:24:44
0x5ca61ea8fb27b9bae2982d6c0f77c4658d1e73f9,2026-03-26 11:47:59,0,4,0.4336851707343203,0,1209,2026-03-25 02:48:13,2026-03-29 10:24:44
0xc775ccdeb6212c02d815094384619317d133c180,2026-03-26 11:51:33,0,4,0.5857900571280115,1,133,2026-03-25 02:48:13,2026-03-29 10:24:44
0xb4d02aa695752c88be20038de8491277df4d7379,2026-03-26 11:51:35,0,4,0.48865262541724735,0,858,2026-03-25 02:48:13,2026-03-29 10:24:44
0xce5fba6392bde62b6ce174d6ab4fccc7409f9077,2026-03-26 11:51:35,0,4,0.3393568847087585,0,1289,2026-03-25 02:48:13,2026-03-29 10:24:44
0xd5547e35f34647b043034fc8a18fa64de07406e6,2026-03-26 11:51:35,1,4,0.5929814750769681,1,104,2026-03-25 02:48:13,2026-03-29 10:24:44
0x0cf94abc9c763b7a7d1fab1b99b4144d59bddbb9,2026-03-26 11:52:03,1,4,0.5755571405416527,1,163,2026-03-25 02:48:13,2026-03-29 10:24:44
0x2d8e21bf359b3c6d47d59dbb85b06e63095e5d6a,2026-03-26 11:52:07,0,4,0.5456054888266081,1,318,2026-03-25 02:48:13,2026-03-29 10:24:44
0xec3ab7f7b240e61434b66e18c004353976dfa709,2026-03-26 11:52:35,0,4,0.4881195968460797,0,867,2026-03-25 02:48:13,2026-03-29 10:24:44
0x68e93f39b2e418aeb51536f4fd6ea3d0c85e6380,2026-03-26 11:52:37,1,4,0.5646173346529096,1,218,2026-03-25 02:48:13,2026-03-29 10:24:44
0x879e6258a457198c989f1e58628678a847e8e339,2026-03-26 11:52:39,0,4,0.5979333128044513,1,15,2026-03-25 02:48:13,2026-03-29 10:24:44
0x25d262d2e69847bc4c16db0f58dcdf58e25b0593,2026-03-26 11:52:41,1,4,0.4273862269881782,0,1223,2026-03-25 02:48:13,2026-03-29 10:24:44
0xa56be840c655689e5a0b3aa432de97e95fdfa268,2026-03-26 11:52:43,1,4,0.540020371838838,1,351,2026-03-25 02:48:13,2026-03-29 10:24:44
0x6c4bfe9a927edb286a66a2f3bae95466957a4fe3,2026-03-26 11:52:51,0,4,0.506398251370495,1,655,2026-03-25 02:48:13,2026-03-29 10:24:44
0x9eb5cc59f60496c27b4315f3040fe375d50821aa,2026-03-26 11:52:51,0,4,0.4929653695584442,0,814,2026-03-25 02:48:13,2026-03-29 10:24:44
0xd2988af1f6526a7823c5819f26d048e3b4b3ab65,2026-03-26 11:53:35,1,4,0.5453888106764845,1,320,2026-03-25 02:48:13,2026-03-29 10:24:44
0x62ec3ff9e00eadb95e97f34a9407a5f5a8ab5f25,2026-03-26 11:53:37,0,4,0.4517482880983099,0,1145,2026-03-25 02:48:13,2026-03-29 10:24:44
0xa1095f30821ba662a6d618c3e9e6c2a371e77e42,2026-03-26 11:53:37,1,4,0.5571736195984549,1,245,2026-03-25 02:48:13,2026-03-29 10:24:44
0xe9110342d70826a762c3a074ba36b677452a3947,2026-03-26 11:53:37,0,4,0.5976905739712324,1,39,2026-03-25 02:48:13,2026-03-29 10:24:44
0x72be831ee988aea5b443968daa25aa41f3fca86b,2026-03-26 11:53:39,1,4,0.5428232980831726,1,331,2026-03-25 02:48:13,2026-03-29 10:24:44
0x3c96a7a806d2c7295ecfc803b1b8f45a6af935c0,2026-03-26 11:54:41,0,4,0.4578365603781667,0,1115,2026-03-25 02:48:13,2026-03-29 10:24:44
0x6b2078502d44efea063d66950d0a719026350e8b,2026-03-26 11:54:41,1,4,0.5933944971009195,1,101,2026-03-25 02:48:13,2026-03-29 10:24:44
0x221bf66ea6bd1ff98a3fb0d103c627586346a136,2026-03-26 11:54:49,0,4,0.5252930285417041,1,452,2026-03-25 02:48:13,2026-03-29 10:24:44
0x4dfb9cabc459040a7a66d1563699c321445c7a8b,2026-03-26 11:54:49,0,4,0.505740600851115,1,665,2026-03-25 02:48:13,2026-03-29 10:24:44
0xfb85a1ed7149e8599a4ef0d66273dd6a0591eda7,2026-03-26 11:54:53,1,4,0.5914985905011061,1,112,2026-03-25 02:48:13,2026-03-29 10:24:44
0x6e46084b446c2216cf19950b312ca641d7d20545,2026-03-26 11:54:55,0,4,0.5790973183586944,1,150,2026-03-25 02:48:13,2026-03-29 10:24:44
0x0d16879780c9a5b58d53effa65fa126e4c1c064f,2026-03-26 11:55:21,0,4,0.45739894248283675,0,1118,2026-03-25 02:48:13,2026-03-29 10:24:44
0x4391e51a8442122cc11682b11377ba7654250a92,2026-03-26 11:55:21,0,4,0.47799769336618325,0,959,2026-03-25 02:48:13,2026-03-29 10:24:44
0xac1433a95d75837e18a3b9659cab3e656f8a415a,2026-03-26 11:56:27,0,4,0.5468684664201925,1,310,2026-03-25 02:48:13,2026-03-29 10:24:44
0x3322cd5becca0a9c7bfc6467cb4890141c58cadd,2026-03-27 07:41:31,1,4,0.47434231371588675,0,997,2026-03-25 02:48:13,2026-03-29 10:24:44
0xc913d660a6e5d1db2852c779787260e38a2eeaba,2026-03-27 07:41:31,0,4,0.4592979891689601,0,1102,2026-03-25 02:48:13,2026-03-29 10:24:44
0xddbbeaee0dd66dbea0842448788015b3c78cfc6b,2026-03-27 07:41:31,1,4,0.5456807588834478,1,317,2026-03-25 02:48:13,2026-03-29 10:24:44
0x41bd908664588bdaedc284c33f82993a366eafcf,2026-03-27 07:41:33,0,4,0.5978721849985397,1,26,2026-03-25 02:48:13,2026-03-29 10:24:44
0xcab185af2ca003d4046084e0ac18cb9148c74d00,2026-03-27 07:41:33,0,4,0.5978721849985397,1,27,2026-03-25 02:48:13,2026-03-29 10:24:44
0xdb4f9b9f2be6f2feac445535a6b0093b3070a0cb,2026-03-27 07:41:33,1,4,0.4890599291276703,0,855,2026-03-25 02:48:13,2026-03-29 10:24:44
0xe0229e10a858860218b6132f4234602c47bd6603,2026-03-27 07:41:33,0,4,0.24438607807640975,0,1320,2026-03-25 02:48:13,2026-03-29 10:24:44
0x1f3426a0283b25c59ef710d47957d3ca2fdf00f7,2026-03-27 07:42:01,0,4,0.4471633516864707,0,1165,2026-03-25 02:48:13,2026-03-29 10:24:44
0x674887d1ac838099a48b629dff53f25b7b87ee08,2026-03-27 07:42:01,0,4,0.2910594560142056,0,1305,2026-03-25 02:48:13,2026-03-29 10:24:44
0x7b8c5fba9a4f6dfc7e8c7d10f63080931ae831c3,2026-03-27 07:42:11,0,4,0.5964232884553797,1,78,2026-03-25 02:48:13,2026-03-29 10:24:44
0x9102de80c5b9b59c99e824de4ce33c58c3f1b38b,2026-03-27 07:42:57,0,4,0.40540618809110274,0,1250,2026-03-25 02:48:13,2026-03-29 10:24:44
0x9332506cf9094860d30047103bf7fe7f02a1a3db,2026-03-27 07:42:57,0,4,0.47604214647511,0,978,2026-03-25 02:48:13,2026-03-29 10:24:44
0xd2e5ca7353f3f4f0721195b0bd173521a9ba1dc9,2026-03-27 07:42:57,0,4,0.518092917134219,1,538,2026-03-25 02:48:13,2026-03-29 10:24:44
0xa39ac2f06d203f3d2a612c6de606a640d3ca980d,2026-03-27 07:42:59,0,4,0.47133836095333964,0,1023,2026-03-25 02:48:13,2026-03-29 10:24:44
0xad1d027a2feb414653f5ce4a568d98022e01e1b0,2026-03-27 07:43:09,1,4,0.5334747569872463,1,393,2026-03-25 02:48:13,2026-03-29 10:24:44
0xe833e01ddac23548ba6c03ff1704f3d3019169e1,2026-03-27 07:43:11,0,4,0.4631870528416025,0,1084,2026-03-25 02:48:13,2026-03-29 10:24:44
0xf89278d0ccc9e33eb52181b9754afbf8e23f72c8,2026-03-27 07:43:11,1,4,0.5236574623896416,1,472,2026-03-25 02:48:13,2026-03-29 10:24:44
0x378a9386802d3ad441c3e1f871da78c70707a773,2026-03-27 07:43:21,1,4,0.4188161892904975,0,1232,2026-03-25 02:48:13,2026-03-29 10:24:44
0x0f201df8dd06f345dbc7f9f4d295851dd6dd748e,2026-03-27 07:43:23,0,4,0.49918439415153787,0,736,2026-03-25 02:48:13,2026-03-29 10:24:44
0x5ef1667c72695f1cea9ebd4eac4d9c936302baac,2026-03-27 07:43:23,0,4,0.4248403977661093,0,1224,2026-03-25 02:48:13,2026-03-29 10:24:44
0x75d158c1249bc6763c1eeb991cfb0d3788ac90da,2026-03-27 07:43:23,0,4,0.5976769492017086,1,42,2026-03-25 02:48:13,2026-03-29 10:24:44
0x87db8c6f3930c6e1f81d5a5647e94366f307e21e,2026-03-27 07:43:23,0,4,0.4991248427320069,0,740,2026-03-25 02:48:13,2026-03-29 10:24:44
0xbad2453075090d70566c823dcdc42c336fc91d32,2026-03-27 07:43:23,0,4,0.4665714156217849,0,1067,2026-03-25 02:48:13,2026-03-29 10:24:44
0xbbf93c3d184f8a6c558c93be38ead60cf53e2584,2026-03-27 07:43:23,0,4,0.5972883580000591,1,65,2026-03-25 02:48:13,2026-03-29 10:24:44
0xd0b65bace44dfd18ee756c7c688517099e714464,2026-03-27 07:43:33,0,4,0.5182493937140467,1,535,2026-03-25 02:48:13,2026-03-29 10:24:44
0x3a7cf7bc430daaee1d54fd7467fb0042b9307c7c,2026-03-27 07:43:41,0,4,0.41906137062253485,0,1230,2026-03-25 02:48:13,2026-03-29 10:24:44
0xfdba4dcf3a71ae684630454550a382526835c038,2026-03-27 07:43:41,0,4,0.36964567546040317,0,1274,2026-03-25 02:48:13,2026-03-29 10:24:44
0x46a4e87809b8162e74115cedd91521d61a4be62f,2026-03-27 07:43:43,0,4,0.45795406084197005,0,1112,2026-03-25 02:48:13,2026-03-29 10:24:44
0xd73f389cd900f2ecf928d4318371482f7f90d335,2026-03-27 07:44:03,0,4,0.5020154322919352,1,700,2026-03-25 02:48:13,2026-03-29 10:24:44
0x0ae1e36d0efbe826be00be005f733a70aa1f7793,2026-03-27 07:44:05,0,4,0.500932638133711,1,707,2026-03-25 02:48:13,2026-03-29 10:24:44
0x6099404a1c1d2da2794999561997b9cf82c9b3ad,2026-03-27 07:44:05,0,4,0.500932638133711,1,708,2026-03-25 02:48:13,2026-03-29 10:24:44
0xa4cc6158020d1ab63fcd3f3bb9ef3ef988820699,2026-03-27 07:44:05,0,4,0.47520714862661917,0,989,2026-03-25 02:48:13,2026-03-29 10:24:44
0x2bab934c28df10f47cf8f23aefc15b4939c57367,2026-03-27 07:44:07,0,4,0.4847603838408256,0,897,2026-03-25 02:48:13,2026-03-29 10:24:44
0xb7990de9ec56670bc9221f84d023b6fb19d9f69c,2026-03-27 07:44:07,1,4,0.46182148661570316,0,1092,2026-03-25 02:48:13,2026-03-29 10:24:44
0x089b0ebc93f8d761eb796782ca602b2cd36cc619,2026-03-27 07:44:09,1,4,0.5240796247855196,1,466,2026-03-25 02:48:13,2026-03-29 10:24:44
0x50bc606e68bf22a8834aec5adf62a91fff25fdc6,2026-03-27 07:44:09,0,4,0.4990404302393437,0,744,2026-03-25 02:48:13,2026-03-29 10:24:44
0x56d48e453f2d4cabf6d437dde988c454f783746f,2026-03-27 07:44:09,0,4,0.4727673599049453,0,1009,2026-03-25 02:48:13,2026-03-29 10:24:44
0x96868d91932895ee674325f9b6e8dbc90ed2b997,2026-03-27 07:44:09,0,4,0.5131549722139108,1,585,2026-03-25 02:48:13,2026-03-29 10:24:44
0xf3efc8d3f0e8e8d9542fb480bee6184e7d041bfe,2026-03-27 07:44:11,0,4,0.491601907435927,0,828,2026-03-25 02:48:13,2026-03-29 10:24:44
0x1a4ee8be212db99a05290c18f1dbcf57fb86686c,2026-03-27 07:44:13,1,4,0.5432478117675215,1,329,2026-03-25 02:48:13,2026-03-29 10:24:44
0x72b2807a3c27c0f2a7033692d1d6b02e59e2f01a,2026-03-27 07:44:17,0,4,0.43266017396274925,0,1213,2026-03-25 02:48:13,2026-03-29 10:24:44
0x74c7fdc076663fc88d1ca9abda955fcb83dbe53b,2026-03-27 07:44:17,1,4,0.5006694443633286,1,709,2026-03-25 02:48:13,2026-03-29 10:24:44
0x80e0b419fd04428901c94ce186ab1fb9a554c3c4,2026-03-27 07:44:17,0,4,0.4927228057855289,0,818,2026-03-25 02:48:13,2026-03-29 10:24:44
0xfa91a9b980d25dc1511467e3c78bc3a5b7cc6afb,2026-03-27 07:44:21,0,4,0.3963098187233463,0,1255,2026-03-25 02:48:13,2026-03-29 10:24:44
0xc46f3e72536e74bebee24cfe5e2b939e94ab7b65,2026-03-27 07:44:31,0,4,0.42988201454097685,0,1218,2026-03-25 02:48:13,2026-03-29 10:24:44
0x5e575853b07114597f83d9e8c2d62188dad01d7b,2026-03-27 07:44:33,0,4,0.4977732613384547,0,759,2026-03-25 02:48:13,2026-03-29 10:24:44
0xa6d85bad106701e7f6f12270fbb5ea652bb1f8a5,2026-03-27 07:44:33,0,4,0.5378024656789846,1,368,2026-03-25 02:48:13,2026-03-29 10:24:44
0x0e152474546028cca27428cb6c94febb7feb32f5,2026-03-27 07:44:35,1,4,0.49915717927835884,0,738,2026-03-25 02:48:13,2026-03-29 10:24:44
0x2ac517c2edb82973d17c216c07ceee012120b17c,2026-03-27 07:44:35,0,4,0.45119137471788856,0,1148,2026-03-25 02:48:13,2026-03-29 10:24:44
0x5d634050ad89f172afb340437ed3170eaa2c9075,2026-03-27 07:45:05,1,4,0.5980063521749046,1,2,2026-03-25 02:48:13,2026-03-29 10:24:44
0x001a0b690e8fa6f9911ef62bda747f5224f32323,2026-03-27 07:45:07,0,4,0.5570675497348102,1,247,2026-03-25 02:48:13,2026-03-29 10:24:44
0xcd442af8b731911ed040c5709c1a60fda07c7a48,2026-03-27 07:45:07,0,4,0.5573023811392186,1,243,2026-03-25 02:48:13,2026-03-29 10:24:44
0x4a3da99b03f723bca238cfc6ed4d518ed4df3feb,2026-03-27 07:46:15,1,4,0.5868233453523043,1,129,2026-03-25 02:48:13,2026-03-29 10:24:44
0xb97d490b5f96a0962a3d77346c7deb2ee1a0dab0,2026-03-27 07:47:13,0,4,0.46885459472825036,0,1048,2026-03-25 02:48:13,2026-03-29 10:24:44
0xe7685052b4996c9a72d8966ad98a533520c610ef,2026-03-27 07:47:15,0,4,0.5767322373412698,1,160,2026-03-25 02:48:13,2026-03-29 10:24:44
0x532421bd5fc791b60fdeb2598c01f49563ca7302,2026-03-27 07:47:25,0,4,0.4468832149654546,0,1166,2026-03-25 02:48:13,2026-03-29 10:24:44
0x24d3a1edcba81ebb60505864309a66047490ec01,2026-03-27 07:47:27,1,4,0.5335893831628613,1,392,2026-03-25 02:48:13,2026-03-29 10:24:44
0xcf4669a00b04d72b9a8e487e3f7be872a4999c87,2026-03-27 07:48:23,0,4,0.48942842772591844,0,852,2026-03-25 02:48:13,2026-03-29 10:24:44
0x407e2907aedce36d9a4b41f5d95babfd76cd7039,2026-03-27 07:48:25,0,4,0.4771411473175319,0,968,2026-03-25 02:48:13,2026-03-29 10:24:44
0xbddd0cc50afc8f68395f4cb37f1f9aae970a7b8d,2026-03-27 07:48:25,1,4,0.49940428201496295,0,731,2026-03-25 02:48:13,2026-03-29 10:24:44
0x285d12bbfe4915ff996a0780e4cf141c07321216,2026-03-27 07:49:05,0,4,0.4872054506696046,0,878,2026-03-25 02:48:13,2026-03-29 10:24:44
0xa1038c9cf7b9230ca8da858974b241907bf3db38,2026-03-27 09:39:29,0,4,0.46977128456442513,0,1040,2026-03-25 02:48:13,2026-03-29 10:24:44
0x41ff016d8ac2281bbb852f4d5ac02fcd6569057c,2026-03-27 09:39:45,0,4,0.533389417428673,1,395,2026-03-25 02:48:13,2026-03-29 10:24:44
0xe89b2ad092a1a78789305423632b6e56c0eb701f,2026-03-27 09:39:45,0,4,0.4848663630210108,0,896,2026-03-25 02:48:13,2026-03-29 10:24:44
0xffb1a13480fee2e64ad418077811498ccd89fdbc,2026-03-27 09:39:45,0,4,0.541595875389596,1,338,2026-03-25 02:48:13,2026-03-29 10:24:44
0x152e123d831db8dc15b7f3c11150d1d38545b99d,2026-03-27 09:40:01,0,4,0.43335897645023325,0,1211,2026-03-25 02:48:13,2026-03-29 10:24:44
0xabe67a29fbab12c33a15890eb2f90c2ffdf947c9,2026-03-27 09:40:01,0,4,0.5837776684417392,1,140,2026-03-25 02:48:13,2026-03-29 10:24:44
0x07892649290190ecdfaf3694be5d39d07226751a,2026-03-27 09:40:03,0,4,0.598001667395834,1,7,2026-03-25 02:48:13,2026-03-29 10:24:44
0xb4c3ced72f0b37bb9d9cf358eab472cdcb190174,2026-03-27 09:40:03,0,4,0.4513342676658072,0,1147,2026-03-25 02:48:13,2026-03-29 10:24:44
0xb3b31dc3582c34b290cc40009e40db7be9691404,2026-03-27 09:40:19,0,4,0.5781663791808688,1,154,2026-03-25 02:48:13,2026-03-29 10:24:44
0xdfba9ccf8591f1eb69f3adfbbc3683c467c372fc,2026-03-27 09:40:19,0,4,0.5138661977013224,1,576,2026-03-25 02:48:13,2026-03-29 10:24:44
0x37b067d63ef7cafb283165611c11f6b766ca299c,2026-03-27 09:40:55,0,4,0.5974165869002298,1,61,2026-03-25 02:48:13,2026-03-29 10:24:44
0x8e7737f6d7d657fda09f8ed3514229aaf39c7f4a,2026-03-27 09:41:57,0,4,0.5468784456431017,1,309,2026-03-25 02:48:13,2026-03-29 10:24:44
0x13c7d5d2e0a5bc728906d6e92685af3267359c74,2026-03-27 09:42:17,0,4,0.5974303953723049,1,58,2026-03-25 02:48:13,2026-03-29 10:24:44
0xd86d368670bb00c29c21c5f46c188dc7c778bee7,2026-03-27 09:42:17,1,4,0.5403981649104569,1,347,2026-03-25 02:48:13,2026-03-29 10:24:44
0x83481969a18478a1185c8bccbcd6f82329217965,2026-03-27 09:42:23,0,4,0.4844418228822936,0,902,2026-03-25 02:48:13,2026-03-29 10:24:44
0xf97d1b9bdd21bd59f94e2c1e933f7e2e66450077,2026-03-27 09:42:43,0,4,0.4633922392194099,0,1083,2026-03-25 02:48:13,2026-03-29 10:24:44
0x5beb6bd9130d6e4b857e7e65848076ab5ecf2694,2026-03-27 09:43:09,0,4,0.5470783808537621,1,308,2026-03-25 02:48:13,2026-03-29 10:24:44
0xdeca25335d7408978be7b4c4ff10126ec2c3e66a,2026-03-27 09:43:09,0,4,0.49523358629860115,0,789,2026-03-25 02:48:13,2026-03-29 10:24:44
0x014cd09d4580d3736ec43164ba34f06d483639e7,2026-03-27 09:43:11,0,4,0.4181563211519159,0,1234,2026-03-25 02:48:13,2026-03-29 10:24:44
0x7b365f3a883cb558918847ace6d7dc062a455f5e,2026-03-27 09:43:17,0,4,0.5977387447532139,1,35,2026-03-25 02:48:13,2026-03-29 10:24:44
0x6c7e2de5b9d1565793f3757ab568b973413c6816,2026-03-27 09:43:29,0,4,0.5665911652531995,1,209,2026-03-25 02:48:13,2026-03-29 10:24:44
0x84301d9c4987a357916379f37cf1d8d904993961,2026-03-27 09:43:29,0,4,0.41922666101717565,0,1229,2026-03-25 02:48:13,2026-03-29 10:24:44
0x595d09f084308723634496df6885e33f48edbb60,2026-03-27 09:43:31,1,4,0.442586498091758,0,1180,2026-03-25 02:48:13,2026-03-29 10:24:44
0x66500cc8dc3cd1371c54ed4ae1811a9dc83bfe85,2026-03-27 09:43:31,1,4,0.4866795894132259,0,880,2026-03-25 02:48:13,2026-03-29 10:24:44
0x39e66e948d1bf545b6a178418b8f10fcb717a982,2026-03-27 09:43:43,0,4,0.5112214933764166,1,605,2026-03-25 02:48:13,2026-03-29 10:24:44
0x505aa993131081ec7a1af99260e102e6c6f1b6ad,2026-03-27 09:43:43,1,4,0.531993678781092,1,405,2026-03-25 02:48:13,2026-03-29 10:24:44
0xf0b0931fc5a5836a95fc607c2fb9fd35eaf4b91c,2026-03-27 09:43:43,0,4,0.5121969891234323,1,592,2026-03-25 02:48:13,2026-03-29 10:24:44
0xbf791cd1216ecbd10131290903a2ef219505a3b0,2026-03-27 09:44:33,0,4,0.44946921161797954,0,1156,2026-03-25 02:48:13,2026-03-29 10:24:44
0x9c102b06bc08cf3cad58f5d73bb34825b0a726ea,2026-03-27 09:45:01,1,4,0.5950508693514021,1,94,2026-03-25 02:48:13,2026-03-29 10:24:44
0xa56ca294eda13dac420bbeaa0cdffc0d16afb9b0,2026-03-27 09:45:01,1,4,0.4993471905806217,0,734,2026-03-25 02:48:13,2026-03-29 10:24:44
0xc95282ee7b49da0bb485e54a2f36ccd40662ef7c,2026-03-27 09:45:03,1,4,0.5938275602317674,1,100,2026-03-25 02:48:13,2026-03-29 10:24:44
0x139592d4bf0ec05f8b29ab83b873212b74a21700,2026-03-27 09:45:11,0,4,0.5975448024818649,1,53,2026-03-25 02:48:13,2026-03-29 10:24:44
0x5b5cfb311e3b5d68ce5567fb385fc22538f1a7ac,2026-03-27 09:45:11,1,4,0.5182496008676889,1,534,2026-03-25 02:48:13,2026-03-29 10:24:44
0x285a444203abed3adac22cd38bd15cb4f293646c,2026-03-27 09:45:17,1,4,0.5868801478637404,1,128,2026-03-25 02:48:13,2026-03-29 10:24:44
0x9197262c5911cf0c197532c018d0f5152d49afd7,2026-03-27 09:45:17,1,4,0.5857609797033688,1,134,2026-03-25 02:48:13,2026-03-29 10:24:44
0x5625e540d6b6e8636585d24b15772db227826c2a,2026-03-27 09:45:39,0,4,0.5980016674615578,1,4,2026-03-25 02:48:13,2026-03-29 10:24:44
0xbe622461b91908ce9a7e9c4a5c02beddd0efbfa5,2026-03-27 09:47:45,1,4,0.5462564047908729,1,313,2026-03-25 02:48:13,2026-03-29 10:24:44
0xe9010cf300384ce6b86ed9cd9436d515d3593139,2026-03-27 09:47:45,0,4,0.5979425146058538,1,13,2026-03-25 02:48:13,2026-03-29 10:24:44
0xdba681e515363630bdb8e30b85db04f695aac2fe,2026-03-27 09:47:47,0,4,0.49345968691091185,0,811,2026-03-25 02:48:13,2026-03-29 10:24:44
0xa6a2ccd66dccdd828cb2ad3632243f9a0c246dbd,2026-03-27 10:58:09,1,4,0.5159668848825368,1,555,2026-03-25 02:48:13,2026-03-29 10:24:44
0xfe9578c19615c806a871bb2dc377b5d267d339a7,2026-03-27 10:58:09,0,4,0.43877132701303184,0,1193,2026-03-25 02:48:13,2026-03-29 10:24:44
0xd904d6c3d70592966f68c20ffeb19df027e77dc9,2026-03-27 10:58:13,0,4,0.5979885227093226,1,10,2026-03-25 02:48:13,2026-03-29 10:24:44
0x44116b11989f94c5f097bc4a985e34de210c715d,2026-03-27 10:59:05,0,4,0.28412215591165346,0,1307,2026-03-25 02:48:13,2026-03-29 10:24:44
0x8765c3958f197348d7eeaf4067ab586a0e699cdb,2026-03-27 10:59:05,0,4,0.5169477112776649,1,549,2026-03-25 02:48:13,2026-03-29 10:24:44
0x43f1ee173a29d7497a3c8ebc3e5b2d19c71e60cb,2026-03-27 11:00:49,0,4,0.5832723742706294,1,141,2026-03-25 02:48:13,2026-03-29 10:24:44
0x6b5241c6b2e8d7445a4e0905be0a2230b96fa8a8,2026-03-27 11:00:49,0,4,0.34775112216694093,0,1286,2026-03-25 02:48:13,2026-03-29 10:24:44
0x7fb62b19ecc94823c8024f48f6dd3ab05c73f165,2026-03-27 11:00:49,0,4,0.40349586496442885,0,1253,2026-03-25 02:48:13,2026-03-29 10:24:44
0x87c0cc45a1d17c9289b57fbeb9cc430441f28be1,2026-03-27 11:00:51,1,4,0.43239009194730077,0,1216,2026-03-25 02:48:13,2026-03-29 10:24:44
0xab03f377164c3726d498e56f7a9398cd8eb74494,2026-03-27 11:00:51,0,4,0.49136246459308985,0,834,2026-03-25 02:48:13,2026-03-29 10:24:44
0x30c1a11a5b34682460dad3fd2976e925f18908ca,2026-03-27 11:00:57,1,4,0.5821963058621332,1,144,2026-03-25 02:48:13,2026-03-29 10:24:44
0x3888738985a33a1b48149f1c2420bf8b1e1c5a85,2026-03-27 11:00:57,0,4,0.5959265197489841,1,84,2026-03-25 02:48:13,2026-03-29 10:24:44
0x4d4e60750b6aba6407e4c7b5330031a95af91867,2026-03-27 11:00:57,0,4,0.4229651433704469,0,1225,2026-03-25 02:48:13,2026-03-29 10:24:44
0x5f877c1b166335e4cdfed499000e2e361ba74a86,2026-03-27 11:00:59,0,4,0.4345765889182152,0,1206,2026-03-25 02:48:13,2026-03-29 10:24:44
0x85c0b9ee5290c30cc4f8894a63170c1dc560d9cf,2026-03-27 11:00:59,0,4,0.5957090718319628,1,85,2026-03-25 02:48:13,2026-03-29 10:24:44
0x8f0711780a7e21c6e8879a9b45905ddade1a6293,2026-03-27 11:01:01,1,4,0.5978636397843141,1,29,2026-03-25 02:48:13,2026-03-29 10:24:44
0x8376a5b2ad517b33706c06c3507abac9c4b7ed08,2026-03-27 11:01:05,0,4,0.4746976694901031,0,991,2026-03-25 02:48:13,2026-03-29 10:24:44
0x1c0f3e4c90a48e4dd93d0abcdf719a5a5f1599d0,2026-03-27 11:01:15,1,4,0.5979522631819046,1,12,2026-03-25 02:48:13,2026-03-29 10:24:44
0x9b89781ec8fa139581440f8bd6c5318b251b03ff,2026-03-27 11:01:15,1,4,0.5887761275603444,1,120,2026-03-25 02:48:13,2026-03-29 10:24:44
0xd358efa382af82d9560cb847b2d6956d2bb8f16e,2026-03-27 11:01:15,0,4,0.5730297952453337,1,177,2026-03-25 02:48:13,2026-03-29 10:24:44
0xbf8d2192f319af779e87899b847017096bc7c93a,2026-03-27 11:01:27,0,4,0.4729905041205541,0,1008,2026-03-25 02:48:13,2026-03-29 10:24:44
0xd22c92099b4947ac70d8cb47e5c77ffc9f27efdf,2026-03-27 11:01:27,0,4,0.3010023459952468,0,1302,2026-03-25 02:48:13,2026-03-29 10:24:44
0x0da9b474abd76cafc029e2560772fe455b837a30,2026-03-27 11:01:29,0,4,0.5974972906291802,1,55,2026-03-25 02:48:13,2026-03-29 10:24:44
0x8adfa943a4277056a3b70ac6bbca7c4ddeb662c9,2026-03-27 11:01:29,0,4,0.32967832932718943,0,1293,2026-03-25 02:48:13,2026-03-29 10:24:44
0x4bd024b47bd47c7d32f916493029c4c5bffd4f98,2026-03-27 11:01:37,1,4,0.5976591991056642,1,45,2026-03-25 02:48:13,2026-03-29 10:24:44
0x45000a6dc38e9a6581f7925b213523445864a275,2026-03-27 11:01:45,1,4,0.49963630884079147,0,721,2026-03-25 02:48:13,2026-03-29 10:24:44
0x448e30d7429f168b55ead2d858f1b3d754918cf0,2026-03-27 11:01:59,0,4,0.5273107347042463,1,435,2026-03-25 02:48:13,2026-03-29 10:24:44
0x931fb2b09387d2bce99ea1e595302f2283ec2e44,2026-03-27 11:02:09,0,4,0.597738744358787,1,37,2026-03-25 02:48:13,2026-03-29 10:24:44
0x83f1dc713b10e712ccfc198a977fda0f56349693,2026-03-27 11:02:11,1,4,0.5471984497663291,1,306,2026-03-25 02:48:13,2026-03-29 10:24:44
0x45db67c58fb497421fcc68942c4f41b3c58868c5,2026-03-27 11:02:21,0,4,0.5977584654773351,1,31,2026-03-25 02:48:13,2026-03-29 10:24:44
0x4e0426448f67b72a70a0e32f58814e30ed5fd367,2026-03-27 11:03:17,0,4,0.5384897116400775,1,361,2026-03-25 02:48:13,2026-03-29 10:24:44
0xfb717ed2b10fd789659bbbddc0706ff28b0db5a0,2026-03-27 11:03:17,0,4,0.5060367324290828,1,661,2026-03-25 02:48:13,2026-03-29 10:24:44
0x72918dc63277b3b981f822637e630026cabdc048,2026-03-27 11:03:29,0,4,0.49915113734107425,0,739,2026-03-25 02:48:13,2026-03-29 10:24:44
0x973857bf94a89267edfab20287db7aa3874d736e,2026-03-27 11:03:29,0,4,0.49966922624654775,0,719,2026-03-25 02:48:13,2026-03-29 10:24:44
0xffacd701b7b6dc7f029cdf5264cce5a06ab8bbf5,2026-03-27 11:03:29,0,4,0.48298295186352436,0,919,2026-03-25 02:48:13,2026-03-29 10:24:44
0x4bf5c79771b72d2f5ebf2f8e2ea5333a5311a298,2026-03-27 11:03:47,0,4,0.4576355751651053,0,1117,2026-03-25 02:48:13,2026-03-29 10:24:44
0xac414600a964c057c9113c736bac6402a0b9cb3b,2026-03-27 11:03:49,0,4,0.5752020417156801,1,165,2026-03-25 02:48:13,2026-03-29 10:24:44
0x8a9ed6d8f161a267e66c79544966327337a5970a,2026-03-27 11:14:09,0,4,0.5211131532693035,1,503,2026-03-25 02:48:13,2026-03-29 10:24:44
0x0ed6560ae3bbe21191d7a93b70ca0b3900d45447,2026-03-27 11:15:01,0,4,0.5975250780067992,1,54,2026-03-25 02:48:13,2026-03-29 10:24:44
0x7291eee7678b108964292fb3408cc5c946ac3752,2026-03-27 11:15:01,1,4,0.5977101414402816,1,38,2026-03-25 02:48:13,2026-03-29 10:24:44
0xa739bf2c402c76a9e23d3dc756bb578c594ae31a,2026-03-27 11:15:01,0,4,0.5311701908730564,1,413,2026-03-25 02:48:13,2026-03-29 10:24:44
0xc1357499eceb9d5e037b01c052227b9527444bde,2026-03-27 11:15:03,0,4,0.558068484809093,1,237,2026-03-25 02:48:13,2026-03-29 10:24:44
0x2e92ef348794dfec532bc27445c22bdb26fffbb2,2026-03-27 11:15:05,1,4,0.5929669266639744,1,105,2026-03-25 02:48:13,2026-03-29 10:24:44
0x3063b8ce25d6906524897943c6d771b75d3cdcfb,2026-03-27 11:15:05,1,4,0.5941831470981119,1,98,2026-03-25 02:48:13,2026-03-29 10:24:44
0xe42fd7bebea1d36b02ccf743129a0b58cefe76e6,2026-03-27 11:15:05,0,4,0.5933786176766633,1,102,2026-03-25 02:48:13,2026-03-29 10:24:44
0xd97a8075fb6612972b54f316d7eb62a2e70b954e,2026-03-27 11:15:13,0,4,0.597623040311693,1,48,2026-03-25 02:48:13,2026-03-29 10:24:44
0x20d52250bf9b6b3322cb31b8f535fc22f728c810,2026-03-27 11:15:15,1,4,0.5941393072422325,1,99,2026-03-25 02:48:13,2026-03-29 10:24:44
0x47e773957655df12389bad5683e4c5afd4c39cc7,2026-03-27 11:15:15,1,4,0.5927638378387929,1,107,2026-03-25 02:48:13,2026-03-29 10:24:44
0xadd0ad81da3bd924ec58df56cd536e44c6d5d639,2026-03-27 11:15:15,1,4,0.5968262643874366,1,73,2026-03-25 02:48:13,2026-03-29 10:24:44
0xc847eb1a83ca0687a8ffc9fdd4896e6635a6dfc6,2026-03-27 11:15:33,0,4,0.4714809144938687,0,1021,2026-03-25 02:48:13,2026-03-29 10:24:44
0x395f29f0b82c703acb94fdb37fe8586cd83cda7f,2026-03-27 11:15:35,1,4,0.597899791373143,1,23,2026-03-25 02:48:13,2026-03-29 10:24:44
0xd560ebf6b055be91aac360098614524fd035e184,2026-03-27 11:15:35,0,4,0.5827454153993042,1,142,2026-03-25 02:48:13,2026-03-29 10:24:44
0x4639e22a84195c1830af49eb1cc319901a0a78b8,2026-03-27 11:15:55,0,4,0.5750206842368116,1,167,2026-03-25 02:48:13,2026-03-29 10:24:44
0xf1d1455967add6ad9c4e187edd643f513daf491d,2026-03-27 11:15:55,0,4,0.5978932184361494,1,24,2026-03-25 02:48:13,2026-03-29 10:24:44
0xfe79074f17fc5777759a2f113d3b11bba5a38955,2026-03-27 11:19:17,0,4,0.596752283816693,1,75,2026-03-25 02:48:13,2026-03-29 10:24:44
0xf2245f4c57a87090dc08f1c5413eebe17dbb29fc,2026-03-27 11:19:19,0,4,0.5261911437295295,1,443,2026-03-25 02:48:13,2026-03-29 10:24:44
0xae5ddcff1db532e4210ee3ddbace49411f1216e2,2026-03-27 11:20:47,0,4,0.4547563789564812,0,1131,2026-03-25 02:48:13,2026-03-29 10:24:44
0x2db3a695bd1088b3d40274a17103a6a36a19667a,2026-03-27 11:20:49,0,4,0.48457588179045574,0,898,2026-03-25 02:48:13,2026-03-29 10:24:44
0x33d70f3b1f7ffa110f9f087b97d7957b1ea6c7a4,2026-03-27 11:20:49,1,4,0.45223674808467995,0,1140,2026-03-25 02:48:13,2026-03-29 10:24:44
0x9c1498d573e51fbaec978630760d1ea8412b7b77,2026-03-27 11:20:49,1,4,0.4994736370587128,0,726,2026-03-25 02:48:13,2026-03-29 10:24:44
0xbe9cf108c8b2e74ee0a8a112c0fff74227f41700,2026-03-28 07:42:31,0,4,0.5023037655768133,1,697,2026-03-25 02:48:13,2026-03-29 10:24:44
0xf7b6b54d7103f96497d7b96720b1e94073c79206,2026-03-28 07:42:33,0,4,0.566111543243432,1,211,2026-03-25 02:48:13,2026-03-29 10:24:44
0xd1916491d722c24a966c4123e24b22b71823e9b7,2026-03-28 07:44:07,0,4,0.5429977986880276,1,330,2026-03-25 02:48:13,2026-03-29 10:24:44
0x997cda7b31612e3c394bfb55440619f3f689251e,2026-03-28 07:44:09,0,4,0.3029693927361463,0,1301,2026-03-25 02:48:13,2026-03-29 10:24:44
0xac0cc0c6db41c113ba33e25f0930a48b523c3b13,2026-03-28 07:44:09,0,4,0.48412827417649523,0,904,2026-03-25 02:48:13,2026-03-29 10:24:44
0xbc3117838ea8c33464203f946c50a6bd0aa69109,2026-03-28 07:44:09,0,4,0.48948033254606077,0,851,2026-03-25 02:48:13,2026-03-29 10:24:44
0xd426ce3f1e512b5c34a0e83b39c3210542a23982,2026-03-28 07:44:09,0,4,0.4419968883018524,0,1183,2026-03-25 02:48:13,2026-03-29 10:24:44
0x61eab745c19509a04098f5c2b0859241b894f58d,2026-03-28 07:46:07,0,4,0.44943848251576723,0,1159,2026-03-25 02:48:13,2026-03-29 10:24:44
0x8e17f10cd572dfffdd1816fafe47bed7d05bf189,2026-03-28 07:46:07,1,4,0.5514318153882011,1,276,2026-03-25 02:48:13,2026-03-29 10:24:44
0x5cd09ee9843d8900edd42cdbc255887ad9645a58,2026-03-28 07:46:09,0,4,0.4797741973349379,0,945,2026-03-25 02:48:13,2026-03-29 10:24:44
0x5df17109118a102560172c87587128a184fc982e,2026-03-28 07:46:09,0,4,0.5976210744333978,1,49,2026-03-25 02:48:13,2026-03-29 10:24:44
0x5e5206db8a4ca7b527071700918445f0ecb955e6,2026-03-28 07:47:01,0,4,0.4758808870942118,0,984,2026-03-25 02:48:13,2026-03-29 10:24:44
0xaf2e2e031b0e4575cd1cac8a77650051127f4ca5,2026-03-28 07:47:01,0,4,0.5650635299933722,1,214,2026-03-25 02:48:13,2026-03-29 10:24:44
0xe3c065de927f2d667adb067d1c435d4779026651,2026-03-28 07:47:01,0,4,0.5047135833482422,1,676,2026-03-25 02:48:13,2026-03-29 10:24:44
0x28c447764386a873dc1563783914e1483e41adfb,2026-03-28 07:47:03,0,4,0.5956399940898846,1,88,2026-03-25 02:48:13,2026-03-29 10:24:44
0x252d62f4617f796907349556200c65023382f70a,2026-03-28 07:47:05,0,4,0.472208378687829,0,1015,2026-03-25 02:48:13,2026-03-29 10:24:44
0x0c7dea52c4a3e807d16c89c3200e31d04cc3d435,2026-03-28 07:47:45,0,4,0.44614209399892285,0,1170,2026-03-25 02:48:13,2026-03-29 10:24:44
0x4d40c3f3627f64591eac428cd4248c651a9c398d,2026-03-28 07:47:45,0,4,0.3739649739885418,0,1273,2026-03-25 02:48:13,2026-03-29 10:24:44
0xf2efefbad266c09ee414f38d9d5c35d46b113b69,2026-03-28 07:47:45,1,4,0.5522804990185954,1,270,2026-03-25 02:48:13,2026-03-29 10:24:44
0x990d424cd644e07d532eaa42892702a95c959133,2026-03-28 07:48:11,1,4,0.45004679746631265,0,1153,2026-03-25 02:48:13,2026-03-29 10:24:44
0x6ccff4b7a9545ec896681f9bf58a6fb36fe0cfb3,2026-03-28 07:48:15,0,4,0.4669515299877123,0,1064,2026-03-25 02:48:13,2026-03-29 10:24:44
0x0f1d47f532cbe918a954d5f56b78659154930b10,2026-03-28 07:48:19,0,4,0.49905328837439955,0,741,2026-03-25 02:48:13,2026-03-29 10:24:44
0x46a320d38a64465a27cb083633422634d47fead2,2026-03-28 07:48:25,0,4,0.4578358220786136,0,1116,2026-03-25 02:48:13,2026-03-29 10:24:44
0x5aec01932a51836bc151b5aa515ccea15a7d904b,2026-03-28 07:48:25,0,4,0.43832115312235065,0,1195,2026-03-25 02:48:13,2026-03-29 10:24:44
0xabb565cdcdc0740dfbd960fb56335a1e6387e84b,2026-03-28 07:48:25,0,4,0.5105314655494109,1,612,2026-03-25 02:48:13,2026-03-29 10:24:44
0xdb04dc5c20ca476b871f783329524cdcfc4df9dd,2026-03-28 07:48:25,0,4,0.526689708658084,1,438,2026-03-25 02:48:13,2026-03-29 10:24:44
0x2af90d3f876481b97e8c96b66b826e8f130382ff,2026-03-28 07:48:27,0,4,0.46882657924506205,0,1049,2026-03-25 02:48:13,2026-03-29 10:24:44
0xbcfc01083ed3638b03f33efb86b35fd8a8737d0a,2026-03-28 07:48:39,0,4,0.48706262939523454,0,879,2026-03-25 02:48:13,2026-03-29 10:24:44
0x9bc63e2ee3099509bc7d9189eb64a6519ca26c9f,2026-03-28 07:48:51,0,4,0.5820030506186776,1,145,2026-03-25 02:48:13,2026-03-29 10:24:44
0x0de1fbabc8a2c04649dc567d365c88a297c88f4c,2026-03-28 07:48:53,0,4,0.5185196024017482,1,530,2026-03-25 02:48:13,2026-03-29 10:24:44
0xb438dc178133b5fa10f721b224bd48a6b13fad62,2026-03-28 07:49:01,0,4,0.4089320779262815,0,1245,2026-03-25 02:48:13,2026-03-29 10:24:44
0x053f89a7b6b9251b885a104c07f3f9b222c1426a,2026-03-28 07:49:03,0,4,0.47233615939873874,0,1013,2026-03-25 02:48:13,2026-03-29 10:24:44
0x3a30845e78ffb5b91219eaab10fad46884f034b1,2026-03-28 07:49:03,1,4,0.5105320468165071,1,611,2026-03-25 02:48:13,2026-03-29 10:24:44
0xe645bcfbc0d2cdafac86c4c81a2f1a0507e43e21,2026-03-28 07:49:03,0,4,0.4826092317334331,0,922,2026-03-25 02:48:13,2026-03-29 10:24:44
0x2366b45364c13d70ae5ffad180ad8fc49e6000ba,2026-03-28 07:49:05,1,4,0.5141450702204431,1,575,2026-03-25 02:48:13,2026-03-29 10:24:44
0x379697f0174e7b992260ae5e0b287b12111e2387,2026-03-28 07:49:47,0,4,0.46824679812205827,0,1056,2026-03-25 02:48:13,2026-03-29 10:24:44
0x3841d33019c7cbc17cfca808b2a016cf82c82fc1,2026-03-28 07:49:47,0,4,0.5191212660349032,1,524,2026-03-25 02:48:13,2026-03-29 10:24:44
0xb86e70d98c4fba8f269b80b967e29d48c8ed258d,2026-03-28 07:49:47,0,4,0.5976587650765248,1,46,2026-03-25 02:48:13,2026-03-29 10:24:44
0xb945945d5bcaf7b56834d4da8cdf8f8f94b2db68,2026-03-28 07:49:47,0,4,0.499572743805637,0,724,2026-03-25 02:48:13,2026-03-29 10:24:44
0xcfbb6b28819a87076db76ecc933658b630b44197,2026-03-28 07:49:47,0,4,0.4070020231402187,0,1246,2026-03-25 02:48:13,2026-03-29 10:24:44
0x7ea4195a9beea9cf3b398445b583e39c0f15dd30,2026-03-28 17:33:59,0,4,0.5215629585558691,1,495,2026-03-25 02:48:13,2026-03-29 10:24:44
0x152f70eedf49a1ab0a5ffe3a8a0d75f269195b22,2026-03-28 17:35:37,0,4,0.3850238122925313,0,1265,2026-03-25 02:48:13,2026-03-29 10:24:44
0x175ba0a98ea74525cc7490975bacbb0a1ac3099e,2026-03-28 17:35:37,0,4,0.45965966336591657,0,1098,2026-03-25 02:48:13,2026-03-29 10:24:44
0xdb337d3a3dc8227ac0bee6d4c64c78e301f64a4c,2026-03-28 17:35:37,0,4,0.4945555356844152,0,798,2026-03-25 02:48:13,2026-03-29 10:24:44
0x01413c8ee0925f2985c47fe14e94316f99cc134f,2026-03-28 17:35:39,0,4,0.530768734925161,1,418,2026-03-25 02:48:13,2026-03-29 10:24:44
0x1a1922b702d26d717d575d58a751d6af3e36efea,2026-03-28 17:35:39,1,4,0.5854797026529939,1,135,2026-03-25 02:48:13,2026-03-29 10:24:44
0xba00708dc3f65d972cb0db033d1ee1a61a79747c,2026-03-28 17:35:39,0,4,0.47576170319096533,0,986,2026-03-25 02:48:13,2026-03-29 10:24:44
0xd676b54ca826105a3520bebecf50b652289d1384,2026-03-28 17:35:39,0,4,0.5858751047135949,1,132,2026-03-25 02:48:13,2026-03-29 10:24:44
0xc8a5208c95e5bc596c6ac37f5b70a77ac9d3beda,2026-03-28 17:36:13,0,4,0.4409813041217634,0,1186,2026-03-25 02:48:13,2026-03-29 10:24:44
0xd42c1e6d08e0cb6a986914212b7006727bb69a9e,2026-03-28 17:36:13,0,4,0.4617669513210374,0,1093,2026-03-25 02:48:13,2026-03-29 10:24:44
0xe82deec5438f974877a1c150fe9615ac0c11a31a,2026-03-28 17:36:13,0,4,0.5525443574062436,1,269,2026-03-25 02:48:13,2026-03-29 10:24:44
0xb277f383d2ffcb5644f6669a5950d7c7536ec7ee,2026-03-28 17:36:47,0,4,0.49855278171887835,0,750,2026-03-25 02:48:13,2026-03-29 10:24:44
0xda3b9bc8a7b346f634b3df526dcacf0d084da95f,2026-03-28 17:36:49,1,4,0.43665637167650245,0,1198,2026-03-25 02:48:13,2026-03-29 10:24:44
0xe68c50fd9c0d2c1dffb3298f0777053f0568a75c,2026-03-28 17:36:49,0,4,0.4009563677177611,0,1254,2026-03-25 02:48:13,2026-03-29 10:24:44
0x4410d216d08afb72451dec3dc2cee354cd5d43a0,2026-03-28 17:36:55,0,4,0.5086268554861568,1,634,2026-03-25 02:48:13,2026-03-29 10:24:44
0x1f0372ee2aee266d234d49d3e45fbd02c2aca812,2026-03-28 17:37:03,1,4,0.4985349483404343,0,751,2026-03-25 02:48:13,2026-03-29 10:24:44
0x46ea12afe246b4e5db132542a4d8a79a5dddd849,2026-03-28 17:37:03,0,4,0.5647015317233989,1,216,2026-03-25 02:48:13,2026-03-29 10:24:44
0x3f3937fe8dd576266be6a4a2469af794a253a73d,2026-03-28 17:37:05,0,4,0.4833472509353008,0,916,2026-03-25 02:48:13,2026-03-29 10:24:44
0x5b603ef028a8374b13cdedfd8bc3ab3b6a5c76d5,2026-03-28 17:37:05,0,4,0.49989908896805324,0,716,2026-03-25 02:48:13,2026-03-29 10:24:44
0x25fff966499e960babfe2e0edb1bd01b783a0849,2026-03-28 17:37:07,0,4,0.510028639681631,1,616,2026-03-25 02:48:13,2026-03-29 10:24:44
0x903f4a2c1a594f7b7d40c59f4e66520a129abced,2026-03-28 17:37:07,0,4,0.4797958384842565,0,943,2026-03-25 02:48:13,2026-03-29 10:24:44
0xa3f6e0b6829064878cfbb9ba01d81920ca111093,2026-03-28 17:37:07,1,4,0.43487250773557956,0,1205,2026-03-25 02:48:13,2026-03-29 10:24:44
0xb1cb1d948a01298c1015de38b886bfedace22b8e,2026-03-28 17:37:07,0,4,0.5601685683170988,1,230,2026-03-25 02:48:13,2026-03-29 10:24:44
0x55d6290d23cf0b917a78b7a63373fdee1f5110fd,2026-03-28 17:37:09,0,4,0.47589856448639234,0,982,2026-03-25 02:48:13,2026-03-29 10:24:44
0x55e0c4ae018cb1e9851e1e3b70591e3d14db1141,2026-03-28 17:37:09,0,4,0.44425266854006273,0,1177,2026-03-25 02:48:13,2026-03-29 10:24:44
0x77eb198696609a54a3a174b4abef7ee997a67f9b,2026-03-28 17:37:09,0,4,0.5554446051471862,1,253,2026-03-25 02:48:13,2026-03-29 10:24:44
0xc1433f6f149cf2546193a9430aa6b514bc3c5e24,2026-03-28 17:37:09,0,4,0.5564879546817398,1,251,2026-03-25 02:48:13,2026-03-29 10:24:44
0xd4f2df6a58b4f5a03db5c3694175e9e48ca42c56,2026-03-28 17:37:09,1,4,0.4758824116213868,0,983,2026-03-25 02:48:13,2026-03-29 10:24:44
0x156fb5b2b19059084dbdfa98aa1428c58bcbaf38,2026-03-28 17:37:23,0,4,0.5126269332283203,1,589,2026-03-25 02:48:13,2026-03-29 10:24:44
0x7bfeec263378a57289c404a93b99e733a56b1ce1,2026-03-28 17:37:25,0,4,0.4965817485118054,0,771,2026-03-25 02:48:13,2026-03-29 10:24:44
0xd56c99eb3a46969629ad077e0b718fc3a21b12b4,2026-03-28 17:37:25,0,4,0.5382369547804077,1,364,2026-03-25 02:48:13,2026-03-29 10:24:44
0xe5f70ed2544e39c7aa2668d5329ce1712a457714,2026-03-28 17:37:25,0,4,0.5437253301999017,1,326,2026-03-25 02:48:13,2026-03-29 10:24:44
0xcbb63e4a7e60c7353070777710905c7877b43a9d,2026-03-28 17:37:27,1,4,0.5210812927255152,1,504,2026-03-25 02:48:13,2026-03-29 10:24:44
0x2ccc3001214a5383187f82b2b184b5e3303dcd45,2026-03-28 17:37:29,0,4,0.5434288509829823,1,328,2026-03-25 02:48:13,2026-03-29 10:24:44
0x0c5aaaba801d95733cf9cb41dcc3feb69dfbd48a,2026-03-28 17:38:07,1,4,0.5190104451842061,1,527,2026-03-25 02:48:13,2026-03-29 10:24:44
0xe9594eeebd5bb9aaf51ac62e2b242312bcb06a17,2026-03-28 17:38:07,0,4,0.5956726219948482,1,86,2026-03-25 02:48:13,2026-03-29 10:24:44
0x0bbcfe840f6632a8ec7798b2e3aabd916645c768,2026-03-28 17:38:09,0,4,0.5495431501230084,1,292,2026-03-25 02:48:13,2026-03-29 10:24:44
0xbbfc3f577b0a47e3da83f7bfa1b57b572e232284,2026-03-28 17:38:29,0,4,0.5962916661791472,1,80,2026-03-25 02:48:13,2026-03-29 10:24:44
0xc33a69ee62019c95b54d74b0fc0a86a4a32c671f,2026-03-28 17:38:29,0,4,0.5702382145684629,1,190,2026-03-25 02:48:13,2026-03-29 10:24:44
0xf81e12287f20bfc11bce2745aafba2d96a1165e0,2026-03-28 17:38:29,1,4,0.4922748647302885,0,824,2026-03-25 02:48:13,2026-03-29 10:24:44
0x2c1bf2a1f7a2ece9fb1797b874970feaf4ac7768,2026-03-28 17:38:35,1,4,0.5817697795175301,1,146,2026-03-25 02:48:13,2026-03-29 10:24:44
0x5695e00051467e9ba6a0cf3da0914233391537f7,2026-03-28 17:38:37,0,4,0.4509092352053715,0,1150,2026-03-25 02:48:13,2026-03-29 10:24:44
0x82e7c9fd7c9b34153c14da16932fdef45bd5334d,2026-03-28 17:39:55,0,4,0.4699960280973908,0,1037,2026-03-25 02:48:13,2026-03-29 10:24:44
0x84b14e28015e17ed062f284ecafe8b86bc7d66a4,2026-03-28 17:39:55,0,4,0.5211699343968867,1,501,2026-03-25 02:48:13,2026-03-29 10:24:44
0xfbc7a868b32a8d17e44b29fff9516d1ebd1f9792,2026-03-28 17:39:55,1,4,0.4932634408999107,0,813,2026-03-25 02:48:13,2026-03-29 10:24:44
0x95cefeb2068dafa57c350c7a31cdd9ce48ec7259,2026-03-28 17:40:27,1,4,0.5521460662093484,1,271,2026-03-25 02:48:13,2026-03-29 10:24:44
0x04b83f7d1c6848d1bc4ddc7b5ae2d86d59336a22,2026-03-28 17:40:29,0,4,0.5348591267424483,1,380,2026-03-25 02:48:13,2026-03-29 10:24:44
0x123f6440f7326ff28b1d292cefe61f994ccaa7ee,2026-03-28 17:40:33,1,4,0.5287997188717731,1,427,2026-03-25 02:48:13,2026-03-29 10:24:44
0x4f779f351ac4dc23d2f3b06a922be5179fdcb300,2026-03-28 17:40:33,1,4,0.5240326608651561,1,467,2026-03-25 02:48:13,2026-03-29 10:24:44
0xa91edabae0eae478c830a6d5dfd3acc0571709e0,2026-03-28 17:40:33,0,4,0.45954576333498354,0,1099,2026-03-25 02:48:13,2026-03-29 10:24:44
0x05c8573b6658392f5a092c753dd33a4485cc1ec6,2026-03-28 17:40:37,1,4,0.5246038982145683,1,458,2026-03-25 02:48:13,2026-03-29 10:24:44
0x6b688e4775d9c72e81c39b1e3738fe3092c20e7a,2026-03-28 17:41:45,0,4,0.5676380440275868,1,205,2026-03-25 02:48:13,2026-03-29 10:24:44
0x78b1d85043f084ced2b8e8c3e6f29774f73c4c79,2026-03-28 17:41:45,1,4,0.5195374085318846,1,518,2026-03-25 02:48:13,2026-03-29 10:24:44
0xa261c5428b4012af27614301c62215a62d242505,2026-03-28 17:41:45,1,4,0.5772186830886868,1,157,2026-03-25 02:48:13,2026-03-29 10:24:44
0x069bf69498aeb8d3881435e049f6dbad4432e8af,2026-03-28 17:41:47,0,4,0.43380618046560754,0,1208,2026-03-25 02:48:13,2026-03-29 10:24:44
0x91986c351e7312f4af50b651e07cf441ea451eb2,2026-03-28 17:41:47,1,4,0.5109328412839246,1,608,2026-03-25 02:48:13,2026-03-29 10:24:44
0x93aff99fac3d3a4070a7658f9dc7c936a81732ab,2026-03-28 17:42:43,0,4,0.4560518733112066,0,1125,2026-03-25 02:48:13,2026-03-29 10:24:44
0xbbe40053f2199e560ebaa6617b3a3d39d2b37fd1,2026-03-28 17:42:43,1,4,0.4551436334269383,0,1128,2026-03-25 02:48:13,2026-03-29 10:24:44
0x3f946d0184e5af5ed4fc01218993ae2f366fda32,2026-03-28 18:34:39,1,4,0.4952643438005293,0,788,2026-03-25 02:48:13,2026-03-29 10:24:44
0x5e6e311b2f50dd554ecafe99582b53c8251661a9,2026-03-28 18:34:39,1,4,0.508125698016152,1,640,2026-03-25 02:48:13,2026-03-29 10:24:44
0x6d8da4eecd48b833ac25be34935c073470594f7a,2026-03-28 18:34:39,1,4,0.5179181646050187,1,541,2026-03-25 02:48:13,2026-03-29 10:24:44
0xca6512f6d7a8645b5a36183fa2ab5ac46ca71f63,2026-03-28 18:34:39,1,4,0.5016025091333858,1,702,2026-03-25 02:48:13,2026-03-29 10:24:44
0x46674cf3ab1872d1a449e6164e61fe4d7e7a0f7b,2026-03-28 18:34:41,0,4,0.49788944052341644,0,757,2026-03-25 02:48:13,2026-03-29 10:24:44
0x46bcc316453b3820e9069adcc55ffefbda5bd2de,2026-03-28 18:34:41,0,4,0.5979298423928642,1,16,2026-03-25 02:48:13,2026-03-29 10:24:44
0x0c1c061a882f9cb99bd260be594fafc9b66614f5,2026-03-28 18:34:43,0,4,0.5179867660146982,1,540,2026-03-25 02:48:13,2026-03-29 10:24:44
0xa154474bba456f1c9fab10c5493c6b1a9f08ba8c,2026-03-28 18:36:03,0,4,0.562923708338165,1,224,2026-03-25 02:48:13,2026-03-29 10:24:44
0x726c6bcd8febebd7bf4be3f33ebf882dbf5512f1,2026-03-28 18:36:15,0,4,0.5226781714783528,1,480,2026-03-25 02:48:13,2026-03-29 10:24:44
0x9e55b2c7e4f7579c26a83b2a816f27717e52f5a3,2026-03-28 18:36:17,0,4,0.5346860278776036,1,383,2026-03-25 02:48:13,2026-03-29 10:24:44
0xa6b7041b390a8adff3c369b08d2a9a6451312309,2026-03-28 18:36:19,0,4,0.4915782712871067,0,832,2026-03-25 02:48:13,2026-03-29 10:24:44
0xae1cc34cadd647f8d49562568e9d3103e9073678,2026-03-28 18:36:19,0,4,0.5564909103850112,1,250,2026-03-25 02:48:13,2026-03-29 10:24:44
0xaf58a8e9bc934e450e4031922e4b217ffa176c4d,2026-03-28 18:36:19,0,4,0.5203930164056775,1,508,2026-03-25 02:48:13,2026-03-29 10:24:44
0x5aa6515f4c247d827c7575b1d3fa51f46265ad0d,2026-03-28 18:36:21,1,4,0.5538765475548554,1,261,2026-03-25 02:48:13,2026-03-29 10:24:44
0x74ff920ae2c6314627395eaf42b10fbb0604be5b,2026-03-28 18:36:21,0,4,0.513253056903406,1,583,2026-03-25 02:48:13,2026-03-29 10:24:44
0xeb74dce6406c3cce2155dedeb3571dfe6a92bb19,2026-03-28 18:36:21,0,4,0.47374879467817543,0,1004,2026-03-25 02:48:13,2026-03-29 10:24:44
0x8c5e3701b8e95833eef77d221a611b505810e00a,2026-03-28 18:37:39,1,4,0.43157363874185406,0,1217,2026-03-25 02:48:13,2026-03-29 10:24:44
0x9ace6559d0c1fe92c360503c6dbcd962e15f0f16,2026-03-28 18:37:43,1,4,0.5062583935939572,1,657,2026-03-25 02:48:13,2026-03-29 10:24:44
0xe881fe60131ad0220893688232948bf3134cdb61,2026-03-28 18:37:43,0,4,0.4637249944300346,0,1081,2026-03-25 02:48:13,2026-03-29 10:24:44
0xeeb96cc021bd0cdb1c865a93f01bfe08a073c3f1,2026-03-28 18:37:43,0,4,0.41220574362862245,0,1243,2026-03-25 02:48:13,2026-03-29 10:24:44
0xc3d8b500df6821f561124f11527600a548b3c0f2,2026-03-28 18:37:45,0,4,0.5001024027870229,1,712,2026-03-25 02:48:13,2026-03-29 10:24:44
0x800419be256db7069cb9a70d4ffe40ff012bd0f1,2026-03-28 18:37:49,0,4,0.44597025297834875,0,1172,2026-03-25 02:48:13,2026-03-29 10:24:44
0xa806270a1a7a8b18a2409c927b1e08851ce72c7c,2026-03-28 18:37:51,0,4,0.5034757107326214,1,687,2026-03-25 02:48:13,2026-03-29 10:24:44
0x205612b7e7e17c4c6ae90abd935f53eed5a4d2ad,2026-03-28 18:37:55,0,4,0.5283558609394693,1,431,2026-03-25 02:48:13,2026-03-29 10:24:44
0xdb9815a4b821064fee4bbeca9f7e5ba1553a0b72,2026-03-28 18:37:57,1,4,0.5344024115439883,1,387,2026-03-25 02:48:13,2026-03-29 10:24:44
0x11d70f661b43af7f8dff47e8273617f49a876b3a,2026-03-28 18:38:27,0,4,0.5191222889399222,1,523,2026-03-25 02:48:13,2026-03-29 10:24:44
0xf463b2fb1d08083e787dbe860b1c7f6cacce4cc1,2026-03-28 18:38:27,1,4,0.4792841267721963,0,952,2026-03-25 02:48:13,2026-03-29 10:24:44
0x052e4a672cd3730b909f51c866caa1c6d158ade1,2026-03-28 18:39:03,0,4,0.5481567068460642,1,299,2026-03-25 02:48:13,2026-03-29 10:24:44
0xafcd549fa4023fbc6208b7f828beff80bc51a484,2026-03-28 18:39:03,0,4,0.5421885138877436,1,333,2026-03-25 02:48:13,2026-03-29 10:24:44
0xcaa00be40314ce82cbbbd12ea2815dfc76b29cd9,2026-03-28 18:39:03,0,4,0.46480072882138795,0,1077,2026-03-25 02:48:13,2026-03-29 10:24:44
0x21c698120d7cdabd030d66587db23e50229fe180,2026-03-28 18:39:23,0,4,0.47087849832460454,0,1030,2026-03-25 02:48:13,2026-03-29 10:24:44
0x65b0984ee6524302b98135149d3773f4fa26c8e0,2026-03-28 18:39:23,0,4,0.46557359802952575,0,1075,2026-03-25 02:48:13,2026-03-29 10:24:44
0x9d08aaa89a3ff313c09d632aa7e433b2e73d233c,2026-03-28 18:39:23,0,4,0.49951062627083764,0,725,2026-03-25 02:48:13,2026-03-29 10:24:44
0xda1cf44b77ed65fb4ad28c90a00dc5b7c29ee118,2026-03-28 18:39:23,1,4,0.4879069463251515,0,871,2026-03-25 02:48:13,2026-03-29 10:24:44
0xdb6cc9b9c23ccf928e57f7bb4fc6f0a66397ffcd,2026-03-28 18:39:23,0,4,0.5323409783079422,1,402,2026-03-25 02:48:13,2026-03-29 10:24:44
0xf98ef0048c6c3b909481e786c28623aa37382f96,2026-03-28 18:39:23,0,4,0.4558707818687851,0,1126,2026-03-25 02:48:13,2026-03-29 10:24:44
0xfb187a8d5e37686560a712520e7161ccc12d33e5,2026-03-28 18:39:23,0,4,0.5097311976424809,1,620,2026-03-25 02:48:13,2026-03-29 10:24:44
0x5050691bcabf491dd399551012e0e1577fc262ed,2026-03-28 18:39:35,0,4,0.49292672977324176,0,816,2026-03-25 02:48:13,2026-03-29 10:24:44
0xa8f31894a15c90b1f45951bbb41f59f5a43c3399,2026-03-28 18:39:35,1,4,0.4999189253002335,0,715,2026-03-25 02:48:13,2026-03-29 10:24:44
0x42949e0e30da08d56c0feef56fcc8bd0e78044e5,2026-03-28 18:40:35,1,4,0.4808011267172038,0,938,2026-03-25 02:48:13,2026-03-29 10:24:44
0x6a656e69050f737be4ca86aea58c3309dc1ef7ab,2026-03-28 18:40:35,1,4,0.5089196292437654,1,631,2026-03-25 02:48:13,2026-03-29 10:24:44
0x89c8d5399ac7694e65d8412728d1a9d83277e1a2,2026-03-28 18:40:35,0,4,0.45694169151039604,0,1120,2026-03-25 02:48:13,2026-03-29 10:24:44
0xdbc83055957953b1491dfcc16a3b4fb2645aaf4c,2026-03-28 18:40:35,1,4,0.4587167100887588,0,1109,2026-03-25 02:48:13,2026-03-29 10:24:44
0x9593b43f5240fab71f8852a81c64b4f516cc329d,2026-03-28 18:41:15,0,4,0.40369727188671434,0,1252,2026-03-25 02:48:13,2026-03-29 10:24:44
0x2cecf842a8e47711191b035c3e87d04817ee5326,2026-03-28 18:41:17,0,4,0.5310532707717305,1,416,2026-03-25 02:48:13,2026-03-29 10:24:44
0xce5ea3c0d76223b0bb218a0b4ad7347bc53204b2,2026-03-28 18:41:17,0,4,0.5061654422437631,1,659,2026-03-25 02:48:13,2026-03-29 10:24:44
0xe94b41f61d71a0af49c82e6740d27271d8213e68,2026-03-28 18:41:17,0,4,0.4958828110448795,0,781,2026-03-25 02:48:13,2026-03-29 10:24:44
0xa83ca8a02e8ba67012c8832afe47c0aacd29f0f4,2026-03-28 18:41:31,0,4,0.5625671950607319,1,226,2026-03-25 02:48:13,2026-03-29 10:24:44
0xa13fab6d025eadf8b27b32f70c4eecda77510730,2026-03-28 18:41:33,0,4,0.4684256112521905,0,1055,2026-03-25 02:48:13,2026-03-29 10:24:44
0xd8e6890eb637e3208150dbc04b06d1471c4d819f,2026-03-28 18:41:33,1,4,0.439880145686328,0,1189,2026-03-25 02:48:13,2026-03-29 10:24:44
0xfe5acb8680ecb8543d22db5f12b5e10d7864705d,2026-03-28 18:41:33,0,4,0.4992743941151827,0,735,2026-03-25 02:48:13,2026-03-29 10:24:44
0x3278d74c6bb0342ff7af2a696c9ccea6070452be,2026-03-28 18:41:43,0,4,0.47828414422032595,0,958,2026-03-25 02:48:13,2026-03-29 10:24:44
0x445b1a9d807837e2434aceebe93d45042212efb8,2026-03-28 18:41:43,0,4,0.49295057365785955,0,815,2026-03-25 02:48:13,2026-03-29 10:24:44
0xc857c85ddb87a42655a3b46312ad827192957c22,2026-03-28 18:41:43,0,4,0.4831382899325661,0,918,2026-03-25 02:48:13,2026-03-29 10:24:44
0xca507ecebcc90067535d9677da9c2a38e3de4f44,2026-03-28 18:41:43,0,4,0.4106827751853648,0,1244,2026-03-25 02:48:13,2026-03-29 10:24:44
0x829ae1c1147ca6d2a4529bf36d264fd6cf73a748,2026-03-28 18:42:51,0,4,0.45912230656288217,0,1104,2026-03-25 02:48:13,2026-03-29 10:24:44
0x49fad5626c25b2ce82c8a57d52f49134c363f904,2026-03-28 18:42:53,1,4,0.5107648745511603,1,609,2026-03-25 02:48:13,2026-03-29 10:24:44
0xf9cf9deff5231b9abc2193a5d89df9d1390538c0,2026-03-28 18:42:57,0,4,0.5504115751579443,1,281,2026-03-25 02:48:13,2026-03-29 10:24:44
0x48205437837760c76cffdf579b0aedec4e66c613,2026-03-28 19:35:56,0,4,0.5914781115390435,1,115,2026-03-25 02:48:13,2026-03-29 10:24:44
0x318e9603ca062351e7777fe04702e3dca8319893,2026-03-28 19:36:00,1,4,0.522933966383994,1,478,2026-03-25 02:48:13,2026-03-29 10:24:44
0xa89f5f206f8e191484afce86b146abfbd0eb73ba,2026-03-28 19:36:00,0,4,0.529181704065141,1,424,2026-03-25 02:48:13,2026-03-29 10:24:44
0xe7e491bd5f7be75739a0cb1ac84e12c7dae080cb,2026-03-28 19:36:48,0,4,0.3525058087090246,0,1285,2026-03-25 02:48:13,2026-03-29 10:24:44
0x059191052c45c569b96498bb241428d93295f994,2026-03-28 19:36:50,0,4,0.5863454588356354,1,130,2026-03-25 02:48:13,2026-03-29 10:24:44
0xd4c759bbb8a3ad3d01fc055697397db22e55bb75,2026-03-28 19:36:50,0,4,0.5220220982184874,1,487,2026-03-25 02:48:13,2026-03-29 10:24:44
0x19ef6771b9b6714ee9ee21ccb15fbca91a87b447,2026-03-28 19:36:52,1,4,0.4970851769750135,0,766,2026-03-25 02:48:13,2026-03-29 10:24:44
0xe29042f5d913dcc4015aab3455c13c58514ca33f,2026-03-28 19:36:54,0,4,0.32513353313161825,0,1294,2026-03-25 02:48:13,2026-03-29 10:24:44
0x472e77443a5a8693f6bd0dad933a61285bd7ae19,2026-03-28 19:37:00,0,4,0.502382740853402,1,695,2026-03-25 02:48:13,2026-03-29 10:24:44
0x2e7f9976e99fa553587fe4591049582bdba8a844,2026-03-28 19:38:10,0,4,0.48220031513807854,0,925,2026-03-25 02:48:13,2026-03-29 10:24:44
0x9ff802c3b0570b18f0bdb6b65d5bed2c8b15274d,2026-03-28 19:38:12,0,4,0.46629281223877056,0,1068,2026-03-25 02:48:13,2026-03-29 10:24:44
0xefb18ef08bcd56fd2a4e2fe7c39fbd6344e11a21,2026-03-28 19:38:20,0,4,0.4841424811276822,0,903,2026-03-25 02:48:13,2026-03-29 10:24:44
0xf944dcc272080def7232a369f2b54559f21bef91,2026-03-28 19:38:40,0,4,0.48854192324223794,0,861,2026-03-25 02:48:13,2026-03-29 10:24:44
0x0b2868b0930428f689f0a86f1de5fcd08a91e3c6,2026-03-28 19:39:24,1,4,0.5124201511451327,1,590,2026-03-25 02:48:13,2026-03-29 10:24:44
0x4e652f5597cadb945dd891532287f1629e0941e2,2026-03-28 19:39:34,0,4,0.4348900358899938,0,1204,2026-03-25 02:48:13,2026-03-29 10:24:44
0xc5c629738b367d1aac47429c618950abcc6aa58d,2026-03-28 19:39:34,0,4,0.4403905688170031,0,1188,2026-03-25 02:48:13,2026-03-29 10:24:44
0xfacc5916ee8a335af083da7120f7642730634d07,2026-03-28 19:39:34,1,4,0.5973179504659871,1,64,2026-03-25 02:48:13,2026-03-29 10:24:44
0x0da7152d2a993f7395c2fb7f7d8b27cf8f60d318,2026-03-28 19:40:06,0,4,0.3555308248986419,0,1281,2026-03-25 02:48:13,2026-03-29 10:24:44
0x4269450ac9f1927fc1fd462678606d3c7656e056,2026-03-28 19:40:06,0,4,0.48924891961758793,0,853,2026-03-25 02:48:13,2026-03-29 10:24:44
0x7c012a1e496e799444de43d169bc93b765a359a0,2026-03-28 19:40:06,0,4,0.506630003859288,1,652,2026-03-25 02:48:13,2026-03-29 10:24:44
0x149b8e8eaf7d9bb882f1cbc121dc7d50ac480ae2,2026-03-28 19:40:08,0,4,0.5498343398456442,1,285,2026-03-25 02:48:13,2026-03-29 10:24:44
0x4804e3e066090ef68c2910f24b768f25d1d478f8,2026-03-28 19:40:08,0,4,0.5054639347222547,1,667,2026-03-25 02:48:13,2026-03-29 10:24:44
0xa04d034802bea39779d3e25aa65b0513ea942a17,2026-03-28 19:40:10,0,4,0.536876213060004,1,374,2026-03-25 02:48:13,2026-03-29 10:24:44
0x67d9a541c45a728dde1d2cb7df5d0f2dd9982bb4,2026-03-28 19:41:22,0,4,0.45687913450669715,0,1121,2026-03-25 02:48:13,2026-03-29 10:24:44
0xc07b15b44c5e6c5330fa9fc202b8df51b6858942,2026-03-28 19:41:44,0,4,0.491079679213125,0,838,2026-03-25 02:48:13,2026-03-29 10:24:44
0xceb6e613909c1fbbf5e2f5fa0d9b7635e8e1c637,2026-03-28 19:41:44,0,4,0.4937638228386327,0,810,2026-03-25 02:48:13,2026-03-29 10:24:44
0xcd63fa552a516111d85c1bd870fcb72e5e71ba2f,2026-03-28 19:41:46,0,4,0.5296758981369916,1,421,2026-03-25 02:48:13,2026-03-29 10:24:44
0x43105c672f900b5fec20475e3a94b49c62142539,2026-03-28 19:41:48,0,4,0.4988823945886031,0,746,2026-03-25 02:48:13,2026-03-29 10:24:44
0x364f92a74696cfe4d8e5c13b04ac10e80393d5ec,2026-03-28 19:41:50,0,4,0.5156505257932056,1,559,2026-03-25 02:48:13,2026-03-29 10:24:44
0x380cd2995d34f47f3409cb44c980aed539a2376a,2026-03-28 19:41:52,1,4,0.51322967348965,1,584,2026-03-25 02:48:13,2026-03-29 10:24:44
0x62f9b8da12015c0900a74846e74ea69d7e73ae42,2026-03-28 19:43:06,0,4,0.47242497840207603,0,1012,2026-03-25 02:48:13,2026-03-29 10:24:44
0x25f35fda6db36521cec1597ed2da37707eb06c32,2026-03-28 19:43:20,1,4,0.5247223330342765,1,456,2026-03-25 02:48:13,2026-03-29 10:24:44
0x56122e322b25b8a00ac5da89a94cd222a5cb35c5,2026-03-28 19:43:22,0,4,0.45238538217589075,0,1139,2026-03-25 02:48:13,2026-03-29 10:24:44
0xec5de5247067f82058cd9927e8ded9f7bf7cd7b4,2026-03-28 19:43:22,0,4,0.48829683223965714,0,864,2026-03-25 02:48:13,2026-03-29 10:24:44
0x197db5e1e973aa2cdeefd8b384549e20d7407cfd,2026-03-28 19:43:24,0,4,0.4913313800411449,0,835,2026-03-25 02:48:13,2026-03-29 10:24:44
0xd251ee7d5542151e5a595c6786626c768004aac8,2026-03-28 19:43:24,1,4,0.5180571697120346,1,539,2026-03-25 02:48:13,2026-03-29 10:24:44
0xe07e6cca2cf6ca658383723d35a2bedd4fb0c443,2026-03-28 19:43:30,0,4,0.47199525232084605,0,1016,2026-03-25 02:48:13,2026-03-29 10:24:44
0x36b447e2e741c1bf0abf8d5d4be7fe55e518d723,2026-03-28 19:43:32,0,4,0.49238386607070045,0,821,2026-03-25 02:48:13,2026-03-29 10:24:44
0x71f77467827e399d1436ed98b83ce2e5b14cf051,2026-03-28 19:43:34,0,4,0.47145684145356603,0,1022,2026-03-25 02:48:13,2026-03-29 10:24:44
0xad886ccbfa8aa91349dba5f51337ce86a2954ff9,2026-03-28 20:37:10,0,4,0.5312626512565874,1,412,2026-03-25 02:48:13,2026-03-29 10:24:44
0x1030778aae73a208752b3d52d39009c51b45dd7a,2026-03-28 20:37:12,0,4,0.41540225255153435,0,1239,2026-03-25 02:48:13,2026-03-29 10:24:44
0x399c055020924560646958602a1828a2c45320e3,2026-03-28 20:37:32,0,4,0.5747691606611878,1,169,2026-03-25 02:48:13,2026-03-29 10:24:44
0x5fab348fa9060f660a06b529cfde21e3da9e38cc,2026-03-28 20:37:34,0,4,0.5194913057273005,1,519,2026-03-25 02:48:13,2026-03-29 10:24:44
0xba0a61e6648db2225fd12db48b6dc27fd2520b74,2026-03-28 20:37:34,1,4,0.5751567223453453,1,166,2026-03-25 02:48:13,2026-03-29 10:24:44
0xf68974365814b5c3c6b27b3cc5630180c81c3e3f,2026-03-28 20:37:34,0,4,0.5797886414610954,1,149,2026-03-25 02:48:13,2026-03-29 10:24:44
0x3f0cbc4f2eb11484eaae16b3e9c0e7d0eaae51db,2026-03-28 20:37:44,0,4,0.5953324872246074,1,92,2026-03-25 02:48:13,2026-03-29 10:24:44
0xa22b920d827768ab1f9e3d229a5402e1593375dc,2026-03-28 20:37:44,1,4,0.491222487762366,0,837,2026-03-25 02:48:13,2026-03-29 10:24:44
0x1a58d2e24635bec5d95a82e61d410ff7cb6841b7,2026-03-28 20:37:46,0,4,0.5604554055829026,1,229,2026-03-25 02:48:13,2026-03-29 10:24:44
0x2fb333b0414f9005333ba95e79b757219c9e577e,2026-03-28 20:37:46,0,4,0.5202694774178059,1,511,2026-03-25 02:48:13,2026-03-29 10:24:44
0x52f281655139275119965c2ac15562441e7f5a5d,2026-03-28 20:37:46,1,4,0.47978984493463733,0,944,2026-03-25 02:48:13,2026-03-29 10:24:44
0x987e6165524b8cfae092ff8ca39f7516b9ba41cd,2026-03-28 20:38:34,0,4,0.4718255900774446,0,1019,2026-03-25 02:48:13,2026-03-29 10:24:44
0x4fce936459df4c3f12c5e1342f31b0372a0fe571,2026-03-28 20:38:36,0,4,0.5381462035294462,1,365,2026-03-25 02:48:13,2026-03-29 10:24:44
0xbfa52a28d1703c80732eb17fbf631aa29a94f476,2026-03-28 20:38:44,0,4,0.535842609715713,1,375,2026-03-25 02:48:13,2026-03-29 10:24:44
0xa8d61c503f07445f49a42fed969848552c5b961a,2026-03-28 20:39:06,0,4,0.485490163303956,0,890,2026-03-25 02:48:13,2026-03-29 10:24:44
0xb6e5c0604b01d33c5ac131a612504b26a329a1d5,2026-03-28 20:39:52,0,4,0.5251162812238669,1,453,2026-03-25 02:48:13,2026-03-29 10:24:44
0xc7d0f140c8f5495855cfae3f3de2469b84464e57,2026-03-28 20:39:52,0,4,0.5133052197893601,1,582,2026-03-25 02:48:13,2026-03-29 10:24:44
0x0020cbd643c48eee883e8b3abb46ed0b99cd4d7e,2026-03-28 20:40:18,0,4,0.5572460860452455,1,244,2026-03-25 02:48:13,2026-03-29 10:24:44
0x0087b45c1453524f23f6e5b7e978591fedb119b4,2026-03-28 20:40:20,0,4,0.5194870439677771,1,520,2026-03-25 02:48:13,2026-03-29 10:24:44
0x03dcc4efecdc2d8e9b40ed7071de599d7a70d8e5,2026-03-28 20:40:20,0,4,0.44617833862511136,0,1169,2026-03-25 02:48:13,2026-03-29 10:24:44
0xe25b5b014c2a2730f1174c710c6205591d97194a,2026-03-28 20:40:20,0,4,0.49975357509169893,0,718,2026-03-25 02:48:13,2026-03-29 10:24:44
0xf6cb1368b3eb053643ee63f7c3f86504ef47f8ef,2026-03-28 20:40:22,0,4,0.5253888617139277,1,449,2026-03-25 02:48:13,2026-03-29 10:24:44
0x57db2f5bdfa42c94f5e666897321e39ac13d6186,2026-03-28 20:40:24,0,4,0.4836749106053429,0,909,2026-03-25 02:48:13,2026-03-29 10:24:44
0x23f55a2cde0045c2b1e56d430f57c4d9648c9a76,2026-03-28 20:40:26,1,4,0.53274777601236,1,400,2026-03-25 02:48:13,2026-03-29 10:24:44
0x63bf3dc507e862a8123277445dfceb91e8cd4379,2026-03-28 20:40:26,0,4,0.4991623223474019,0,737,2026-03-25 02:48:13,2026-03-29 10:24:44
0x906849c9d5c4dc24e118880b84a8e285cc7aba4a,2026-03-28 20:40:26,0,4,0.4943094276220893,0,804,2026-03-25 02:48:13,2026-03-29 10:24:44
0xb051aa604cbaa34a5dddb96dc9910d14c723b740,2026-03-28 20:40:26,0,4,0.4863930153137083,0,884,2026-03-25 02:48:13,2026-03-29 10:24:44
0xbff41387582eb9696be6029bcabd83e12876b609,2026-03-28 20:41:50,1,4,0.47553539791715754,0,987,2026-03-25 02:48:13,2026-03-29 10:24:44
0xcf7bd8d09ea61b67c2e9ea91909c1d8cd608146f,2026-03-28 20:41:50,1,4,0.48015853620390714,0,939,2026-03-25 02:48:13,2026-03-29 10:24:44
0x372a53e0bbb1ef9b969415acc8ec8fe69bbceb59,2026-03-28 20:42:34,0,4,0.4418526177780062,0,1184,2026-03-25 02:48:13,2026-03-29 10:24:44
0xd802150c3d946d72b5364646386505e70919c076,2026-03-28 20:44:10,1,4,0.458840938004346,0,1107,2026-03-25 02:48:13,2026-03-29 10:24:44
0xe64c814ac660ab828ef5ab2b5d41cfc0c68deb40,2026-03-28 20:44:12,0,4,0.5974106689363403,1,63,2026-03-25 02:48:13,2026-03-29 10:24:44
0x629401b880e0bf305f3b961a53a48e8acc80c256,2026-03-28 20:44:52,1,4,0.49546248891845585,0,786,2026-03-25 02:48:13,2026-03-29 10:24:44
0x69f6970a3881d2363b60198cfd1e8362445b4284,2026-03-28 20:44:52,0,4,0.4527536371635183,0,1137,2026-03-25 02:48:13,2026-03-29 10:24:44
0xe9a05a0e8110e68e8dc722c36babbe8988c22ac6,2026-03-28 20:44:52,0,4,0.5580565089614982,1,238,2026-03-25 02:48:13,2026-03-29 10:24:44
0x8a06ffec52d2685260b44cf02284ea530004cf08,2026-03-28 20:44:54,1,4,0.44678113253885576,0,1167,2026-03-25 02:48:13,2026-03-29 10:24:44
0x0e62811a90032ce543c2fa7263688b7a928dd6a1,2026-03-28 21:38:30,1,4,0.5084099513930969,1,637,2026-03-25 02:48:13,2026-03-29 10:24:44
0x95d3006662df1245dedd08ae57652796a9bdb2ae,2026-03-28 21:38:30,0,4,0.5978748141568592,1,25,2026-03-25 02:48:13,2026-03-29 10:24:44
0x85496631ad6797ab5c8e9cf6dbf8ec7735bd41f8,2026-03-28 21:38:32,0,4,0.570268443463893,1,189,2026-03-25 02:48:13,2026-03-29 10:24:44
0x86635ee68d8deb0208dc1884b94922539179fad9,2026-03-28 21:39:48,0,4,0.45654851109442657,0,1122,2026-03-25 02:48:13,2026-03-29 10:24:44
0xac7dc83c035d897c7e76579d38dbe2e3bfdab68f,2026-03-28 21:39:48,0,4,0.5310916515968667,1,414,2026-03-25 02:48:13,2026-03-29 10:24:44
0x0aefdd2365c50060a276cbd2832931d32355e9a1,2026-03-28 21:40:52,0,4,0.5145786775542052,1,568,2026-03-25 02:48:13,2026-03-29 10:24:44
0x64da5a0e0a9a4b3d9e59d01da348aaafa8532292,2026-03-28 21:40:52,0,4,0.5583308764540169,1,235,2026-03-25 02:48:13,2026-03-29 10:24:44
0x85ee03fa6acccf0a9350966a3209d03c8a2b4123,2026-03-28 21:40:52,0,4,0.5527514758196201,1,267,2026-03-25 02:48:13,2026-03-29 10:24:44
0xb0e96d50fc8cdc205c04df971149da0965eac32a,2026-03-28 21:40:52,0,4,0.5497237634778799,1,288,2026-03-25 02:48:13,2026-03-29 10:24:44
0xbc5403011df159368c4bc716e07bcf858dfe2eec,2026-03-28 21:40:52,0,4,0.31504371237491524,0,1298,2026-03-25 02:48:13,2026-03-29 10:24:44
0xae0249866c927ddb01faa2fe0ea4e11957b47ed0,2026-03-28 21:40:54,1,4,0.5086365746030543,1,633,2026-03-25 02:48:13,2026-03-29 10:24:44
0x5ad3aad45d97a47314bc611874356f8d7093faa6,2026-03-28 21:41:38,1,4,0.5959697411067109,1,83,2026-03-25 02:48:13,2026-03-29 10:24:44
0xe75768e14f38ad6fd8c10035c5ad888842f9c161,2026-03-28 21:41:40,0,4,0.46192770336041594,0,1091,2026-03-25 02:48:13,2026-03-29 10:24:44
0xf5b057f8286fa8d986f131522f314bac737e38c4,2026-03-28 21:41:40,0,4,0.5183517708165915,1,531,2026-03-25 02:48:13,2026-03-29 10:24:44
0x9506afa3c57a1c9d5268e6c71b430f7fe526073c,2026-03-28 21:42:40,0,4,0.5027533655069167,1,692,2026-03-25 02:48:13,2026-03-29 10:24:44
0x0bea2d8b2da01eb32c429942a186456aef6987b7,2026-03-28 21:42:42,0,4,0.4677314836967274,0,1058,2026-03-25 02:48:13,2026-03-29 10:24:44
0x2e35ca7d64ec2026d018bb645e299a34422cad30,2026-03-28 21:42:42,0,4,0.46976404836207364,0,1041,2026-03-25 02:48:13,2026-03-29 10:24:44
0x85065cf0303458be117e4d159ee2e7d034145a06,2026-03-28 21:42:42,0,4,0.5980063521749046,1,3,2026-03-25 02:48:13,2026-03-29 10:24:44
0xf2050182444a1f4a79255d1a20d071cd77065fe7,2026-03-28 21:42:54,0,4,0.5080516574186046,1,642,2026-03-25 02:48:13,2026-03-29 10:24:44
0x987aee8ba9f3736cbadc20494177832dffd440cf,2026-03-28 21:43:24,0,4,0.4504555345630091,0,1151,2026-03-25 02:48:13,2026-03-29 10:24:44
0x9bf4e17468442c0d7b1019818151b08c8067c829,2026-03-28 21:43:56,0,4,0.517176048238855,1,547,2026-03-25 02:48:13,2026-03-29 10:24:44
0xa0c21f12e30e222ba72ec4a66ed5b092de28e6e6,2026-03-28 21:43:56,1,4,0.5216809497322632,1,491,2026-03-25 02:48:13,2026-03-29 10:24:44
0xc6e3e004b8ebc38c3ff565c498f6d3c553c36671,2026-03-28 21:43:56,1,4,0.49284751805416427,0,817,2026-03-25 02:48:13,2026-03-29 10:24:44
0x673496d0b8e5025542a4612fdbe5dfd2d339c3d2,2026-03-28 21:43:58,0,4,0.5348541004251612,1,381,2026-03-25 02:48:13,2026-03-29 10:24:44
0x3a0f41ac993d138720f2bd83ca1519e55a2dab7b,2026-03-28 21:44:06,0,4,0.5211386099020805,1,502,2026-03-25 02:48:13,2026-03-29 10:24:44
0x1b9bde097b92987feb252f61dea967f926143e8e,2026-03-28 21:44:08,0,4,0.5495833846679488,1,289,2026-03-25 02:48:13,2026-03-29 10:24:44
0xdfc16898a5e2bc722486e23083a98e29b861818d,2026-03-28 21:44:08,0,4,0.5559264211491929,1,252,2026-03-25 02:48:13,2026-03-29 10:24:44
0x8c3c2e88f104b3b4050f13d6f172eaaaa9bdb399,2026-03-28 21:44:12,0,4,0.49437244151581455,0,803,2026-03-25 02:48:13,2026-03-29 10:24:44
0x9658910b67534e02834251ee60dfc0d4b7593087,2026-03-28 21:44:12,0,4,0.44648399214801593,0,1168,2026-03-25 02:48:13,2026-03-29 10:24:44
0xba08dfc737354d64c745befb1d214119bfa4a21e,2026-03-28 21:44:14,0,4,0.4798827522119665,0,940,2026-03-25 02:48:13,2026-03-29 10:24:44
0x3751770670094367acbd9424e80a2bbaa65374a5,2026-03-28 21:44:58,0,4,0.47454447848409465,0,993,2026-03-25 02:48:13,2026-03-29 10:24:44
0x7db3e510fb7a9de1dc4d43a6943ba6dcec22c579,2026-03-28 21:45:02,1,4,0.5482013981042106,1,297,2026-03-25 02:48:13,2026-03-29 10:24:44
0x7dfeb231bcfd5b1b900f20bb1d94c5e86a97aef2,2026-03-28 21:45:10,0,4,0.4832996829782518,0,917,2026-03-25 02:48:13,2026-03-29 10:24:44
0xa41eeb36e5978490562df6ddad7e18cc39dd73f0,2026-03-28 21:45:10,0,4,0.5427276033167007,1,332,2026-03-25 02:48:13,2026-03-29 10:24:44
0xa5ad44e4f8eed2c1f8e8ad2f035b70be7b349de7,2026-03-28 21:45:10,0,4,0.4975818404801486,0,760,2026-03-25 02:48:13,2026-03-29 10:24:44
0x2dd2babc8a0cfb8328744052c257468fa885096b,2026-03-28 21:45:12,1,4,0.45792346372568676,0,1113,2026-03-25 02:48:13,2026-03-29 10:24:44
0x7b4d57612fea4a9b82c8af875636849b717d01c3,2026-03-28 21:45:20,0,4,0.49942506408764764,0,729,2026-03-25 02:48:13,2026-03-29 10:24:44
0xf75b86d18e0c889b89f1f404ff0cb08c4587a195,2026-03-28 21:45:22,1,4,0.52433869037354,1,462,2026-03-25 02:48:13,2026-03-29 10:24:44
0x124e49a2e25eb900e9c8d056e557ff74a7126802,2026-03-28 21:46:20,0,4,0.41446227763986243,0,1240,2026-03-25 02:48:13,2026-03-29 10:24:44
0x09992bda15ad382f7177f3e06974b392038a107c,2026-03-28 21:46:54,0,4,0.4741864081283121,0,1001,2026-03-25 02:48:13,2026-03-29 10:24:44
0x5f16fc52aeb7b2b23e74834d2971a2c7b8e186f9,2026-03-28 22:39:10,1,4,0.5717184755242763,1,180,2026-03-25 02:48:13,2026-03-29 10:24:44
0x0d575759da640114d9daea1326b576f53270241b,2026-03-28 22:40:02,0,4,0.520122686045774,1,514,2026-03-25 02:48:13,2026-03-29 10:24:44
0x0d5ceddb585cadf22e2a077eac966a495a9ee108,2026-03-28 22:40:02,0,4,0.5980016674615578,1,5,2026-03-25 02:48:13,2026-03-29 10:24:44
0x3bbfc9833c3b92931978ce9704f07dfe1f0aace6,2026-03-28 22:40:02,1,4,0.5197240264587455,1,515,2026-03-25 02:48:13,2026-03-29 10:24:44
0x4dd5f729e1f68a3d267bc4f57e6feec9d49d732e,2026-03-28 22:40:02,0,4,0.46208436257143104,0,1089,2026-03-25 02:48:13,2026-03-29 10:24:44
0x6f0ec5dd296cf3c81b5b73d5345e0e10f754ce42,2026-03-28 22:40:02,0,4,0.459266256395602,0,1103,2026-03-25 02:48:13,2026-03-29 10:24:44
0x26f0e875aa948159e1462a3aa3d25dccd3e841cb,2026-03-28 22:40:04,1,4,0.542112311401453,1,334,2026-03-25 02:48:13,2026-03-29 10:24:44
0x4954adb855077fd6c5a19051d50f2070fab3ac42,2026-03-28 22:40:04,0,4,0.5956511037962648,1,87,2026-03-25 02:48:13,2026-03-29 10:24:44
0x9421a77a6e4e8968fecbe361bd3d663fa7cdbc50,2026-03-28 22:40:04,0,4,0.5414555816247825,1,341,2026-03-25 02:48:13,2026-03-29 10:24:44
0xf03dbe5ef6755708a4b42bce848f3ed2271ebf20,2026-03-28 22:40:04,0,4,0.5346247003022686,1,386,2026-03-25 02:48:13,2026-03-29 10:24:44
0xf1ff7ddbe5404958214eef7fd398ba46420446ef,2026-03-28 22:40:04,0,4,0.5145562910785759,1,570,2026-03-25 02:48:13,2026-03-29 10:24:44
0xcfe0d47702d230bc03d4d84c166b90cf459146b2,2026-03-28 22:40:14,1,4,0.5355978941405009,1,376,2026-03-25 02:48:13,2026-03-29 10:24:44
0x3a13dd712be87ca701bdffbf6824e25cc08c21aa,2026-03-28 22:40:16,0,4,0.578892593500106,1,153,2026-03-25 02:48:13,2026-03-29 10:24:44
0xa0c005e435cc420334bbc3300473b2ea0ac35adc,2026-03-28 22:41:12,0,4,0.49229328935006955,0,822,2026-03-25 02:48:13,2026-03-29 10:24:44
0xc92dc01138cf2bfe89bf51f55fe6a636ccfe6cd7,2026-03-28 22:41:12,1,4,0.5331887869870716,1,397,2026-03-25 02:48:13,2026-03-29 10:24:44
0x1cb4aa4f166dc11676ec111e784c465a0a163839,2026-03-28 22:41:14,1,4,0.566677015058533,1,208,2026-03-25 02:48:13,2026-03-29 10:24:44
0x460195111266d3064fc0c4d39fda00ec868b1fb9,2026-03-28 22:41:36,0,4,0.5138273892119658,1,577,2026-03-25 02:48:13,2026-03-29 10:24:44
0x10c4835103188ab9953db01ee0f136bc2ce59e87,2026-03-28 22:41:38,0,4,0.5704710837442041,1,187,2026-03-25 02:48:13,2026-03-29 10:24:44
0x08ddffe67d0f67c8ba53c6b9f027989db2fd5e86,2026-03-28 22:41:40,1,4,0.5693484344624248,1,196,2026-03-25 02:48:13,2026-03-29 10:24:44
0xbdda4d68629cbfc362e598a1760a6642fa1409f5,2026-03-28 22:41:40,0,4,0.5703536691010654,1,188,2026-03-25 02:48:13,2026-03-29 10:24:44
0x2914899852614fcf16af6bba4bf0f5d540baaff6,2026-03-28 22:41:42,0,4,0.4712065982834026,0,1028,2026-03-25 02:48:13,2026-03-29 10:24:44
0xb05edbe394ef1269807e2e5d0e67ddcd7e989b8d,2026-03-28 22:42:52,1,4,0.5264645672411659,1,439,2026-03-25 02:48:13,2026-03-29 10:24:44
0xb9352d9f7b15ca805b31aa063bf501417e10f417,2026-03-28 22:42:52,0,4,0.5641071744013735,1,219,2026-03-25 02:48:13,2026-03-29 10:24:44
0x9ce76bffcfb75fbc87aa6a7b11a70a59d8fb3cb4,2026-03-28 22:42:56,1,4,0.4678868438065875,0,1057,2026-03-25 02:48:13,2026-03-29 10:24:44
0x6cbf616ac3749b7c80d3984cf7bba75fb2617df7,2026-03-28 22:43:00,0,4,0.5012019877074619,1,705,2026-03-25 02:48:13,2026-03-29 10:24:44
0x582ac8a0c042d77b2e16d8028deeee1535f7d437,2026-03-28 22:43:04,0,4,0.5244147592281939,1,460,2026-03-25 02:48:13,2026-03-29 10:24:44
0xc660ae71765d0d9eaf5fa8328c1c959841d2bd28,2026-03-28 22:43:38,0,4,0.2844473945244345,0,1306,2026-03-25 02:48:13,2026-03-29 10:24:44
0x6fbab048256b7a9f8592f3a0daa05e6f85fa26dc,2026-03-28 22:43:40,1,4,0.5255758519025256,1,448,2026-03-25 02:48:13,2026-03-29 10:24:44
0x67246bcb06f067f8fdda52391d5f70e0dd6a9592,2026-03-28 22:43:50,0,4,0.4742841624819285,0,998,2026-03-25 02:48:13,2026-03-29 10:24:44
0x2c895412faaccc2b8459f4f8426d82ccf8dd526a,2026-03-28 22:43:52,0,4,0.5221235375918705,1,486,2026-03-25 02:48:13,2026-03-29 10:24:44
0xff4ae9667162ad897757b280b964749cd7b0e8d1,2026-03-28 22:43:58,0,4,0.5242570113405457,1,464,2026-03-25 02:48:13,2026-03-29 10:24:44
0x9c0ee956c9c4f6a9c1b5e2ade77d35766f953b11,2026-03-28 22:44:04,0,4,0.38174652419119465,0,1268,2026-03-25 02:48:13,2026-03-29 10:24:44
0x36a0b0b0dca2ecc8127e09ac341b01ee019db446,2026-03-28 22:44:08,1,4,0.4657780171748097,0,1072,2026-03-25 02:48:13,2026-03-29 10:24:44
0x7b278016fb500950e1fb539a67d6ab9a205d3cfa,2026-03-28 22:44:08,0,4,0.4744581631440791,0,996,2026-03-25 02:48:13,2026-03-29 10:24:44
0xf486319f8502f6e85aac27827615c76fc474fafa,2026-03-28 22:44:10,0,4,0.5226038478415296,1,482,2026-03-25 02:48:13,2026-03-29 10:24:44
0x276a15b7be2caf4e391947d9eec61fd0e0a04780,2026-03-28 22:44:12,0,4,0.4674311350613492,0,1059,2026-03-25 02:48:13,2026-03-29 10:24:44
0x52f66d8046b7cc6a1595ea61c4958ec82b834313,2026-03-28 22:44:12,0,4,0.5079883580487273,1,644,2026-03-25 02:48:13,2026-03-29 10:24:44
0x28a2934fc2cf0147d7eb4a78be37dde9d2b2af01,2026-03-28 22:45:14,1,4,0.5148855744767448,1,567,2026-03-25 02:48:13,2026-03-29 10:24:44
0x8cb32ab3f27a68e3cbc95ded6950aa8ef9d8803a,2026-03-28 22:45:14,0,4,0.5187730630244626,1,528,2026-03-25 02:48:13,2026-03-29 10:24:44
0x4dd4eabb6a195ebdc67ec5368e772e8130de615d,2026-03-28 22:45:26,0,4,0.5416662407994114,1,337,2026-03-25 02:48:13,2026-03-29 10:24:44
0x0db9cb518eb59852efda348ed0de4c11d56c7d77,2026-03-28 22:45:28,1,4,0.44762134608621457,0,1162,2026-03-25 02:48:13,2026-03-29 10:24:44
0x7dc49b52a7b618e0a93165bfdadbaaead68e8533,2026-03-28 22:45:30,0,4,0.5542231941035511,1,257,2026-03-25 02:48:13,2026-03-29 10:24:44
0x94cc2a8f9da6c576ae77bf4a060fcfca0b01e104,2026-03-28 22:45:30,1,4,0.5141876046180333,1,573,2026-03-25 02:48:13,2026-03-29 10:24:44
0xe6266185d1f936c6786e8b61fd536c9e7df8839e,2026-03-28 22:45:30,1,4,0.5094523126228278,1,625,2026-03-25 02:48:13,2026-03-29 10:24:44
0x8bdce637780b2d6555b6577433e0320507c3a0ba,2026-03-28 22:46:00,0,4,0.5445566065144419,1,322,2026-03-25 02:48:13,2026-03-29 10:24:44
0x926be220774dab81abbb13378eab93eeda953288,2026-03-28 22:46:00,0,4,0.5169218893976043,1,550,2026-03-25 02:48:13,2026-03-29 10:24:44
0xae17198e6f1e675cd9bd323daaae41e46b3de532,2026-03-28 22:46:54,0,4,0.5967522832245806,1,76,2026-03-25 02:48:13,2026-03-29 10:24:44
0x558f2f82cf0394c28ce3c8e117ee747aeab51a56,2026-03-28 23:39:12,0,4,0.47676865334711516,0,971,2026-03-25 02:48:13,2026-03-29 10:24:44
0x70072594753d826932e682b0d12230fd599f5c07,2026-03-28 23:39:14,0,4,0.5639598381565246,1,220,2026-03-25 02:48:13,2026-03-29 10:24:44
0x6f66af9ab0b846fae423039af1142384b695ede0,2026-03-28 23:39:18,0,4,0.5055614837552052,1,666,2026-03-25 02:48:13,2026-03-29 10:24:44
0xb0d6609e45edbc1b974d11d1b34a180a157dd792,2026-03-28 23:39:20,0,4,0.491028266205929,0,840,2026-03-25 02:48:13,2026-03-29 10:24:44
0xdc3cbabef0e4b0a64624d81be42d014d7f6f759b,2026-03-28 23:39:20,0,4,0.5414695421097294,1,340,2026-03-25 02:48:13,2026-03-29 10:24:44
0xc5566feaeb5e88a3d0c29af86f890c7ee57b9720,2026-03-28 23:40:34,0,4,0.5897926993609859,1,118,2026-03-25 02:48:13,2026-03-29 10:24:44
0x47e9c1e3a3d7aa76b22b13d5ebd46d82ddac732c,2026-03-28 23:40:38,0,4,0.5195876588327167,1,517,2026-03-25 02:48:13,2026-03-29 10:24:44
0xdb46f2c0b4efbfc1930b6bb04ec9c4eae6ae7aeb,2026-03-28 23:40:38,0,4,0.5477245868002265,1,300,2026-03-25 02:48:13,2026-03-29 10:24:44
0xe66ed895b884840dd4ef935b9dfcd4751210946b,2026-03-28 23:40:48,0,4,0.47723466254825425,0,966,2026-03-25 02:48:13,2026-03-29 10:24:44
0x466658e9a04e4586fb0ea46abf0a2fd8902f3a55,2026-03-28 23:40:50,0,4,0.5213301061135842,1,499,2026-03-25 02:48:13,2026-03-29 10:24:44
0x89b56508dca1470930e406335775fe9d636443b1,2026-03-28 23:40:52,0,4,0.5330182110168457,1,399,2026-03-25 02:48:13,2026-03-29 10:24:44
0x5cdf24994f1672046474ff29db90cf9e85f5dfca,2026-03-28 23:41:30,0,4,0.4182182564878069,0,1233,2026-03-25 02:48:13,2026-03-29 10:24:44
0x7fd58dc1923ec08ad29d9711fa893ba7cef0a9fb,2026-03-28 23:41:34,0,4,0.4996097664268647,0,722,2026-03-25 02:48:13,2026-03-29 10:24:44
0xdfc3fc94ffd3a08cecc635b77739df8477a7731d,2026-03-28 23:41:34,0,4,0.5529907720563959,1,266,2026-03-25 02:48:13,2026-03-29 10:24:44
0x934846722c8872ff867743a36112c9e8e6d58cfb,2026-03-28 23:43:20,0,4,0.4835019922415738,0,910,2026-03-25 02:48:13,2026-03-29 10:24:44
0x187d3dc88f949b1f9d8b561f3a826da8307a8e1c,2026-03-28 23:44:24,0,4,0.49896888004898154,0,745,2026-03-25 02:48:13,2026-03-29 10:24:44
0x14445bacfb2ad9593b095006f76f5cad7a3a3fa8,2026-03-28 23:44:26,0,4,0.4793487877514659,0,951,2026-03-25 02:48:13,2026-03-29 10:24:44
0x2db8ae52161a286a58741526f2a70c5d28ed2895,2026-03-28 23:44:26,0,4,0.4522104261334314,0,1141,2026-03-25 02:48:13,2026-03-29 10:24:44
0x26a8da0f89d7f135783079e0d014af8a4876039f,2026-03-28 23:44:48,0,4,0.5253546274242183,1,451,2026-03-25 02:48:13,2026-03-29 10:24:44
0x112475d33ca69304e569711aad8d5be48372ba7e,2026-03-28 23:44:50,0,4,0.5068802962337571,1,650,2026-03-25 02:48:13,2026-03-29 10:24:44
0x31d917be86f2ba34b42a972ffc68213f0af5cb2f,2026-03-28 23:44:56,1,4,0.5894033601257026,1,119,2026-03-25 02:48:13,2026-03-29 10:24:44
0x3e6d998a25793c1d0ca5b59d7d7ac7f8d0132671,2026-03-28 23:44:56,0,4,0.5121812714204957,1,594,2026-03-25 02:48:13,2026-03-29 10:24:44
0x41934c1aed3ec12f1feecae6438982daafd29230,2026-03-28 23:44:56,0,4,0.48498139490670167,0,895,2026-03-25 02:48:13,2026-03-29 10:24:44
0x70189370b13652a08415285848b3b539d6b6d5e6,2026-03-28 23:44:56,0,4,0.4712883178578524,0,1027,2026-03-25 02:48:13,2026-03-29 10:24:44
0x83451c358d50b3f8982124fc741e8bda4b4edd93,2026-03-28 23:44:56,0,4,0.4776648502909448,0,961,2026-03-25 02:48:13,2026-03-29 10:24:44
0xab8a8dafae74a018683748d070cb9e349cc2154e,2026-03-28 23:44:56,0,4,0.45848034254656705,0,1110,2026-03-25 02:48:13,2026-03-29 10:24:44
0xcae95fad95681e3d0874506ea95ca0d268c0deb2,2026-03-28 23:44:56,1,4,0.44606997402404425,0,1171,2026-03-25 02:48:13,2026-03-29 10:24:44
0x5b5fe880a8c4dfb6e4dc651d05ae8aebfe073397,2026-03-28 23:44:58,0,4,0.5583308765214362,1,234,2026-03-25 02:48:13,2026-03-29 10:24:44
0xc21f64b414a3c809ba93fea8f0972917c4adf41a,2026-03-28 23:45:38,0,4,0.48371101820227197,0,908,2026-03-25 02:48:13,2026-03-29 10:24:44
0x87b559be4267e845e4b85d6d694c866665d65115,2026-03-28 23:45:40,0,4,0.46151902081446006,0,1094,2026-03-25 02:48:13,2026-03-29 10:24:44
0x96bcdc81128be68ec713bb352edf075ad002d2b5,2026-03-28 23:46:54,1,4,0.49693578165435537,0,767,2026-03-25 02:48:13,2026-03-29 10:24:44
0xa17dde9587e0eef15500a3aed3d243496015ef8a,2026-03-28 23:47:06,0,4,0.5490046435144217,1,294,2026-03-25 02:48:13,2026-03-29 10:24:44
0x01dcb6208ad00280b2071ebe14766c7963da183e,2026-03-28 23:47:08,0,4,0.512746795613797,1,587,2026-03-25 02:48:13,2026-03-29 10:24:44
0xce2e43c9569432a8ee808e8da88da0cabd474257,2026-03-28 23:47:08,1,4,0.4792087108191408,0,953,2026-03-25 02:48:13,2026-03-29 10:24:44
0x9079e3b10d8422844afd9cb7f36468a3c6a0b19b,2026-03-28 23:48:48,1,4,0.495105176915115,0,790,2026-03-25 02:48:13,2026-03-29 10:24:44
0x389e3201b39aa4b229e927097ddbeefe5bc084e8,2026-03-29 00:42:20,0,4,0.5334247399460248,1,394,2026-03-25 02:48:13,2026-03-29 10:24:44
0x74deae68e091d2495c8e1b46dd0e04600c7cd376,2026-03-29 00:42:20,0,4,0.46276332045356294,0,1086,2026-03-25 02:48:13,2026-03-29 10:24:44
0xc61d8674887a442b995881393f83c707514f3933,2026-03-29 00:43:42,0,4,0.5219286507219528,1,488,2026-03-25 02:48:13,2026-03-29 10:24:44
0xe4a6c16d32692a5e906379ce92273e739481fd73,2026-03-29 00:43:44,1,4,0.5536018627068856,1,265,2026-03-25 02:48:13,2026-03-29 10:24:44
0x2413a10032e1f019982fe8bf08d6357c9d5eca76,2026-03-29 00:44:44,0,4,0.4454611179841832,0,1174,2026-03-25 02:48:13,2026-03-29 10:24:44
0x026cb2a42aec77ed0d30eada9a556b47da9dc3f0,2026-03-29 00:44:46,0,4,0.4857885625828897,0,885,2026-03-25 02:48:13,2026-03-29 10:24:44
0x45be11d412c031938f0c28cbdc0a8a04f2d2d444,2026-03-29 00:44:48,0,4,0.5103929074795055,1,613,2026-03-25 02:48:13,2026-03-29 10:24:44
0x84372e25a5905c64ee95358b51e61c09ad13f778,2026-03-29 00:44:50,0,4,0.4687214696379401,0,1050,2026-03-25 02:48:13,2026-03-29 10:24:44
0x965f43127c0a4274fc9f86cbba22f256db87f0fc,2026-03-29 00:44:50,1,4,0.47861119844028704,0,956,2026-03-25 02:48:13,2026-03-29 10:24:44
0x97daa2976e26db9401ecb10939e555b6834e2893,2026-03-29 00:44:50,0,4,0.53550424546003,1,378,2026-03-25 02:48:13,2026-03-29 10:24:44
0xe35a4de706b38fb3d691648fb98720a1efe5fc26,2026-03-29 00:44:50,1,4,0.5409833690064515,1,344,2026-03-25 02:48:13,2026-03-29 10:24:44
0x9274adb4f585b5a8bfe61a08f2abf171e29e734b,2026-03-29 00:44:52,0,4,0.5578050483042662,1,241,2026-03-25 02:48:13,2026-03-29 10:24:44
0xcd05fe5c0cc75e570d5e3bf2fa24ca3757bc152b,2026-03-29 00:44:52,0,4,0.5015590195907703,1,703,2026-03-25 02:48:13,2026-03-29 10:24:44
0x1724b0e6aee96f36cdc4f91d18695c291bfb6068,2026-03-29 00:44:54,0,4,0.3546245768348003,0,1283,2026-03-25 02:48:13,2026-03-29 10:24:44
0xd73b94e93d5e464d72e0e2295bbe6be4bb31d8e4,2026-03-29 00:44:58,0,4,0.4383111469904657,0,1196,2026-03-25 02:48:13,2026-03-29 10:24:44
0x1e53e5e0a496b353893caac150e990df900714e7,2026-03-29 00:45:00,1,4,0.5126593748759026,1,588,2026-03-25 02:48:13,2026-03-29 10:24:44
0x32e8189b7cb6fe880a101288b40057e1df835567,2026-03-29 00:45:00,0,4,0.2764385357893414,0,1311,2026-03-25 02:48:13,2026-03-29 10:24:44
0x4dc8162d8090f3b151f6dec1880a1146aaed25bb,2026-03-29 00:45:00,0,4,0.4735901573585078,0,1005,2026-03-25 02:48:13,2026-03-29 10:24:44
0x82631c37206684764ddc9bed7da2a342efb85c3c,2026-03-29 00:45:00,0,4,0.4965647585994737,0,772,2026-03-25 02:48:13,2026-03-29 10:24:44
0xa4bff81457ffb396e22c86cd2c4a5da0fdfbe91d,2026-03-29 00:45:00,0,4,0.4966809494349464,0,768,2026-03-25 02:48:13,2026-03-29 10:24:44
0xb2bfe5e362ecee8b889dbc6acc51f2e0f9470b30,2026-03-29 00:45:00,0,4,0.479843667678398,0,942,2026-03-25 02:48:13,2026-03-29 10:24:44
0xc26fdb4b8fbfe5e2f6a858e37f8e80908e2aeedf,2026-03-29 00:45:00,0,4,0.4963323848204097,0,774,2026-03-25 02:48:13,2026-03-29 10:24:44
0xfce65c3fb6e11187b5a38f5d49370842e6fc4408,2026-03-29 00:45:00,0,4,0.45487600580010057,0,1130,2026-03-25 02:48:13,2026-03-29 10:24:44
0x5204cc05829c4e50444ee52c7f94386901bd23c2,2026-03-29 00:45:20,0,4,0.48102436070241583,0,937,2026-03-25 02:48:13,2026-03-29 10:24:44
0xeb39cbca26828c5f46a92f2c3cea166f5d5e23ed,2026-03-29 00:45:20,0,4,0.5501853545484003,1,282,2026-03-25 02:48:13,2026-03-29 10:24:44
0xf69b8db59cf86fcc75cc7e30fdbd74e739fba6dd,2026-03-29 00:45:22,0,4,0.4631017269588431,0,1085,2026-03-25 02:48:13,2026-03-29 10:24:44
0x505ed4dc6bddfc9eb92d352cfaf0fcd5ef0ad09f,2026-03-29 00:45:40,1,4,0.5391487287526883,1,357,2026-03-25 02:48:13,2026-03-29 10:24:44
0xeaae757117d04174e554f285d531a046a55cfd1c,2026-03-29 00:45:40,0,4,0.49851960199395723,0,752,2026-03-25 02:48:13,2026-03-29 10:24:44
0x36d8cbf698826ca74d9e444df634e303de4cc7c7,2026-03-29 00:45:52,0,4,0.46911584001306056,0,1045,2026-03-25 02:48:13,2026-03-29 10:24:44
0xec0f73325459e0fb474cb20bab1fa306f53c5e98,2026-03-29 00:45:58,0,4,0.5175105196042361,1,543,2026-03-25 02:48:13,2026-03-29 10:24:44
0x094767928995edfbbd57493437156014467dbea7,2026-03-29 00:46:00,0,4,0.2793756793741089,0,1309,2026-03-25 02:48:13,2026-03-29 10:24:44
0x57388d5318ab10016494098b0a9554804eb85ca3,2026-03-29 00:46:06,0,4,0.47456396422906333,0,992,2026-03-25 02:48:13,2026-03-29 10:24:44
0x796c577f02ab3f5d6c276b2321fe63de14c892e3,2026-03-29 00:46:14,0,4,0.5223580002482892,1,483,2026-03-25 02:48:13,2026-03-29 10:24:44
0xe8ab64fd665397e13799cd43aa1f72038a09f9cf,2026-03-29 00:46:30,0,4,0.49456855328166,0,797,2026-03-25 02:48:13,2026-03-29 10:24:44
0x5df52b96990dc5079f30870ef32358f13afcc44c,2026-03-29 00:46:56,0,4,0.4790514940305007,0,954,2026-03-25 02:48:13,2026-03-29 10:24:44
0xc2c5505bb20600d7dae02c5045191893b609b5ac,2026-03-29 01:45:06,1,4,0.5150424184741071,1,566,2026-03-25 02:48:13,2026-03-29 10:24:44
0xdb9aca9194445338c298309786ea736f32344d42,2026-03-29 01:45:06,0,4,0.5412597383166623,1,343,2026-03-25 02:48:13,2026-03-29 10:24:44
0xea5ea97ace089a67895dc11bb8aff9f30694a678,2026-03-29 01:45:06,0,4,0.511337393253807,1,603,2026-03-25 02:48:13,2026-03-29 10:24:44
0x07d0f9497dcc3bd8509168c66f82d2c0519b6a73,2026-03-29 01:45:08,1,4,0.5485413244205554,1,295,2026-03-25 02:48:13,2026-03-29 10:24:44
0x880002a450af715c145ac4b1478b6e5fe8ab46bd,2026-03-29 01:45:08,0,4,0.5183058209387752,1,533,2026-03-25 02:48:13,2026-03-29 10:24:44
0x4c8d5b2da216254ad63b83acaf67735c5faf5de6,2026-03-29 01:46:00,0,4,0.5121943732067589,1,593,2026-03-25 02:48:13,2026-03-29 10:24:44
0x9faceec3a2f51a8c93ee9a765661e26fd1540cc1,2026-03-29 01:46:02,0,4,0.499403578865553,0,732,2026-03-25 02:48:13,2026-03-29 10:24:44
0xe63085b2b86d014fb04a1a8717b3740d00455d81,2026-03-29 01:46:24,1,4,0.5226484297355558,1,481,2026-03-25 02:48:13,2026-03-29 10:24:44
0x22725e1c377bf8ea2da97140a671d09dba648e3f,2026-03-29 01:47:02,0,4,0.46235116920543035,0,1087,2026-03-25 02:48:13,2026-03-29 10:24:44
0x8b1226db3571529b80d3b7d14d6584859cca2e9f,2026-03-29 01:47:02,0,4,0.5098553605091142,1,619,2026-03-25 02:48:13,2026-03-29 10:24:44
0xb65d1020398210bc172d1c4859bbae821dea616d,2026-03-29 01:47:02,0,4,0.4954290176455924,0,787,2026-03-25 02:48:13,2026-03-29 10:24:44
0xc4dbbfc1f9748d04b941077266e4f7cf794a7ed1,2026-03-29 01:47:04,0,4,0.4645444045809641,0,1080,2026-03-25 02:48:13,2026-03-29 10:24:44
0xdc0362a2920eb32258fec56994bd68c757eafa2e,2026-03-29 01:47:10,0,4,0.509500861823435,1,624,2026-03-25 02:48:13,2026-03-29 10:24:44
0x04849ea1c5dca8f6cae51a163734e5bec43cbe3f,2026-03-29 01:47:20,1,4,0.49160030261759463,0,829,2026-03-25 02:48:13,2026-03-29 10:24:44
0x7572780e4d2dcc0b4b9953feaeb38ad40a55467b,2026-03-29 01:47:20,0,4,0.4564723982175306,0,1123,2026-03-25 02:48:13,2026-03-29 10:24:44
0x73720db445eaa68acfe3dda1bc4145aeb2dfba52,2026-03-29 01:47:38,0,4,0.503911613326788,1,681,2026-03-25 02:48:13,2026-03-29 10:24:44
0x08c6f0fae428ba48bd05daea0e0eb29156b3fa79,2026-03-29 01:49:08,0,4,0.4763541657171231,0,974,2026-03-25 02:48:13,2026-03-29 10:24:44
0xe9ca64c3b0a7a2dfb251637ee38a8ef436f80375,2026-03-29 01:49:12,0,4,0.5040091732576416,1,680,2026-03-25 02:48:13,2026-03-29 10:24:44
0x7c0bc2eb63e642a7d728ae338423067b35b4b825,2026-03-29 01:49:58,0,4,0.4685834674460283,0,1052,2026-03-25 02:48:13,2026-03-29 10:24:44
0xc12408e67c9ec46adfbb02214f9247775758003b,2026-03-29 01:50:18,0,4,0.5076680032017736,1,646,2026-03-25 02:48:13,2026-03-29 10:24:44
0x11db5d3e2a5187d055c078a2ce7b8ad1d10509c5,2026-03-29 01:50:20,0,4,0.4813916027847063,0,933,2026-03-25 02:48:13,2026-03-29 10:24:44
0x8c38894d4e3d55907b53552a74e0b5d353c2fd63,2026-03-29 01:50:48,0,4,0.47860336146215327,0,957,2026-03-25 02:48:13,2026-03-29 10:24:44
0x4f5903667ded0647864ac056001f47642ee88df2,2026-03-29 01:51:34,1,4,0.47602562302820556,0,980,2026-03-25 02:48:13,2026-03-29 10:24:44
0xa05aef44a981f7f783d33c4bf51b4d198bebcc49,2026-03-29 01:51:46,0,4,0.4874697745253602,0,875,2026-03-25 02:48:13,2026-03-29 10:24:44
0x855660fc800024eed2b577e81b7a2a5dbae4fad9,2026-03-29 01:52:24,1,4,0.35837047957529483,0,1280,2026-03-25 02:48:13,2026-03-29 10:24:44
0x33ed8b56132fed1f58d573083851c209df77bb68,2026-03-29 02:49:34,0,4,0.523638262998485,1,473,2026-03-25 02:48:13,2026-03-29 10:24:44
0x58b9c9194fc20752fae45492cad883045e316bd6,2026-03-29 02:49:36,0,4,0.4999917195521622,0,714,2026-03-25 02:48:13,2026-03-29 10:24:44
0xf117a9a7ea935622698e98b23bcfdb383aaaab72,2026-03-29 02:50:36,0,4,0.47450883688186896,0,995,2026-03-25 02:48:13,2026-03-29 10:24:44
0xdaae2dc338cdcfe9853f6c8727b9e58de1b8fa80,2026-03-29 02:51:16,0,4,0.49255861757479324,0,820,2026-03-25 02:48:13,2026-03-29 10:24:44
0x5e2f123158c39e1c31013952ac9f0ee0b46f0a20,2026-03-29 02:51:58,0,4,0.5537930522513114,1,263,2026-03-25 02:48:13,2026-03-29 10:24:44
0xd677f18d72947f26c9281fe787dbba2ee6ace2b5,2026-03-29 02:52:04,1,4,0.5646429509416269,1,217,2026-03-25 02:48:13,2026-03-29 10:24:44
0x9a0af278529e3f190eba2163e38d531e8805e318,2026-03-29 02:52:16,0,4,0.5373703632221852,1,369,2026-03-25 02:48:13,2026-03-29 10:24:44
0x0a4bd7983525b06750d5021b8ccd1d4b99826c4a,2026-03-29 02:52:34,0,4,0.5716602887186767,1,182,2026-03-25 02:48:13,2026-03-29 10:24:44
0x6dd2657da4c7ad8d4cf8cd3ee5467248582e6e4b,2026-03-29 02:52:56,1,4,0.5215773585793028,1,494,2026-03-25 02:48:13,2026-03-29 10:24:44
0x45a6a1b18ce141dccbb8f0c83c2257f7258b1b74,2026-03-29 02:53:00,1,4,0.5874040050886673,1,126,2026-03-25 02:48:13,2026-03-29 10:24:44
0x529e1dcee9429a243f93f81a1edc6c6745a2c416,2026-03-29 02:53:00,1,4,0.520964564056733,1,505,2026-03-25 02:48:13,2026-03-29 10:24:44
0xed22b2f2a388d9b60a46308764485e3b952dc5d8,2026-03-29 02:53:08,0,4,0.5455189168297826,1,319,2026-03-25 02:48:13,2026-03-29 10:24:44
0x539f717b6a1ae975094b2e1190b8bf3556614883,2026-03-29 02:53:10,0,4,0.48889257459056185,0,856,2026-03-25 02:48:13,2026-03-29 10:24:44
0x60427b1ecd229b757d4ccea0bfdaa98f8469bff9,2026-03-29 02:54:24,1,4,0.5730064448962952,1,178,2026-03-25 02:48:13,2026-03-29 10:24:44
0x4e02f341a5522102f68066ec030ad4bfefa3738b,2026-03-29 02:55:14,0,4,0.48909983064305956,0,854,2026-03-25 02:48:13,2026-03-29 10:24:44
0xaed78f2ed185af1d2eacd328dea7b51773ac92d3,2026-03-29 02:55:14,0,4,0.45269576975651227,0,1138,2026-03-25 02:48:13,2026-03-29 10:24:44
0x5b33bf5024d0e0ee296a0f342f5902b860a5bf9d,2026-03-29 02:55:16,0,4,0.44572793484953777,0,1173,2026-03-25 02:48:13,2026-03-29 10:24:44
0xbc40bc17d76d2f379dfe15d5746f190111f57727,2026-03-29 02:55:22,0,4,0.503574427222748,1,684,2026-03-25 02:48:13,2026-03-29 10:24:44
0x21b7c2b00a0bab4bd28caf1851be6396b49b6834,2026-03-29 02:55:26,0,4,0.5979227964412472,1,18,2026-03-25 02:48:13,2026-03-29 10:24:44
0x4a217a607ecb66a32f518b94a43794b477f76a76,2026-03-29 02:55:26,0,4,0.4758627171142181,0,985,2026-03-25 02:48:13,2026-03-29 10:24:44
0x663d70c2a897e077633a01a96ee1422241b9f60f,2026-03-29 02:56:16,0,4,0.44871538668648747,0,1160,2026-03-25 02:48:13,2026-03-29 10:24:44
0x8a91f65a67d39edfde21b339ac99596a86bd32af,2026-03-29 02:56:30,0,4,0.5203608892825033,1,509,2026-03-25 02:48:13,2026-03-29 10:24:44
0x8fe1a4beb9c38a04cb237b513cbc2d0f90da83ac,2026-03-29 02:56:32,0,4,0.35527678220574194,0,1282,2026-03-25 02:48:13,2026-03-29 10:24:44
0xba086cfa5f18827d70a9a9d8a9bb22874c2c1bf1,2026-03-29 02:56:32,0,4,0.45627133117666757,0,1124,2026-03-25 02:48:13,2026-03-29 10:24:44
0x42aeb392353b550197e8db84a68c6c039d16e8ed,2026-03-29 02:57:00,1,4,0.4646311391186917,0,1079,2026-03-25 02:48:13,2026-03-29 10:24:44
0x71d26fd406ff18fd4c85030e4804b1f0f5bfbde8,2026-03-29 02:57:10,0,4,0.5032468704932799,1,688,2026-03-25 02:48:13,2026-03-29 10:24:44
0xd9b2a1d558ea1ec3d7fb28adfbb5a3c412e0985b,2026-03-29 02:57:52,1,4,0.477564520245466,0,963,2026-03-25 02:48:13,2026-03-29 10:24:44
0x855bccbb05691ddfdfac6571ab09f8b7c7a43ad6,2026-03-29 04:15:24,0,4,0.5976893150422786,1,40,2026-03-25 02:48:13,2026-03-29 10:24:44
0x33ea5aa007022d0681f1c91c62b0a133fc76e52c,2026-03-29 04:16:02,0,4,0.47414186767037975,0,1002,2026-03-25 02:48:13,2026-03-29 10:24:44
0x53fe62cfe826b35b28fecb5f4b532a00e8125b95,2026-03-29 04:16:04,0,4,0.5472809331498405,1,305,2026-03-25 02:48:13,2026-03-29 10:24:44
0xe8f84dea7052515e767303b2efb8cda4f27df9e0,2026-03-29 04:16:04,0,4,0.5758645714264288,1,161,2026-03-25 02:48:13,2026-03-29 10:24:44
0x08d7f27ea674402f3db89351e366ab4e78b1a345,2026-03-29 04:16:06,1,4,0.5166000830117017,1,551,2026-03-25 02:48:13,2026-03-29 10:24:44
0xc17a8b61f877c2e7b2453724ff8038de26cb61a3,2026-03-29 04:16:10,0,4,0.4359545601244286,0,1201,2026-03-25 02:48:13,2026-03-29 10:24:44
0xebf3f8180e9eaa5031030460b191a6b308d3ce52,2026-03-29 04:16:10,0,4,0.5927149241652508,1,108,2026-03-25 02:48:13,2026-03-29 10:24:44
0x362ac408de7367c8af27e45840c2285880b5f541,2026-03-29 04:16:22,0,4,0.48745290352310655,0,876,2026-03-25 02:48:13,2026-03-29 10:24:44
0x94bb0eca53b5d60d42ba239672099775494d1d45,2026-03-29 04:16:24,0,4,0.5112396477740995,1,604,2026-03-25 02:48:13,2026-03-29 10:24:44
0x52c6a7cc59e81f4e09388046faf1e96b9549564d,2026-03-29 04:16:42,0,4,0.46538921546188305,0,1076,2026-03-25 02:48:13,2026-03-29 10:24:44
0x481c378ada5325a2f376aca3c3dd0be0db4e2325,2026-03-29 04:16:44,0,4,0.5974106691336063,1,62,2026-03-25 02:48:13,2026-03-29 10:24:44
0x616f1746ea7ec9f9194762c50fc6cbd24b01e14c,2026-03-29 04:16:44,0,4,0.5974165869659848,1,60,2026-03-25 02:48:13,2026-03-29 10:24:44
0x713a167ec7d1363e8b791aaeb9b0a9198d4ef6f7,2026-03-29 04:17:42,1,4,0.4834103649192594,0,914,2026-03-25 02:48:13,2026-03-29 10:24:44
0xc0863544af8ce9b076f518d977d2b0b14929f1cc,2026-03-29 04:17:52,0,4,0.5192675498284463,1,522,2026-03-25 02:48:13,2026-03-29 10:24:44
0x2aedda9436149f92b1672967fd9cd81e4ba49acf,2026-03-29 04:18:12,0,4,0.5274390466438924,1,433,2026-03-25 02:48:13,2026-03-29 10:24:44
0xc5d02e92df9f146f926d4d9aafac87a3e19d1a70,2026-03-29 04:18:12,0,4,0.5051641557339269,1,670,2026-03-25 02:48:13,2026-03-29 10:24:44
0x98a0f0529697ca643858ff4a2db5e009a07dedfb,2026-03-29 04:18:14,0,4,0.4994157792419747,0,730,2026-03-25 02:48:13,2026-03-29 10:24:44
0x901f32e47fe1c31ea4606160dea52548e70164f0,2026-03-29 04:18:22,0,4,0.5690507930156717,1,200,2026-03-25 02:48:13,2026-03-29 10:24:44
0x2da1669b9bc7db2af5e3c03839ec33f95de6c82d,2026-03-29 04:18:26,0,4,0.5004936190683783,1,710,2026-03-25 02:48:13,2026-03-29 10:24:44
0x04e7539dfbeb3266c685344ab8703a5cc7476446,2026-03-29 04:19:38,0,4,0.4167732663782272,0,1236,2026-03-25 02:48:13,2026-03-29 10:24:44
0x4c66e891ae4bb54cd83b0849cd7e8bfee97ac7b4,2026-03-29 04:19:50,0,4,0.5977420311790561,1,32,2026-03-25 02:48:13,2026-03-29 10:24:44
0x1cce6ad465b6029fc36332ec41aed7d41d4b6681,2026-03-29 04:19:52,0,4,0.4517842086427475,0,1144,2026-03-25 02:48:13,2026-03-29 10:24:44
0x1de29c7bd507ac0d8f21a25fb39506f03d551038,2026-03-29 04:20:04,0,4,0.49549791894785666,0,785,2026-03-25 02:48:13,2026-03-29 10:24:44
0x97e760734870c3cced5ff8760fa1b0e7d79a0b76,2026-03-29 04:20:04,0,4,0.5263205421085303,1,441,2026-03-25 02:48:13,2026-03-29 10:24:44
0xa22429ffe48777eb1f7bc8300ca6955b187be776,2026-03-29 04:20:08,1,4,0.5109989234411415,1,607,2026-03-25 02:48:13,2026-03-29 10:24:44
0xb5ff151dbf6055ae35f238230dab58d4ea283069,2026-03-29 04:20:08,1,4,0.5338149040394716,1,390,2026-03-25 02:48:13,2026-03-29 10:24:44
0x2708908f19697aaa092fce89e2650a611dc2f906,2026-03-29 04:20:10,0,4,0.4657541584862345,0,1073,2026-03-25 02:48:13,2026-03-29 10:24:44
0x696914dcb22e88308ddb3486d7f1832b40310ad2,2026-03-29 04:20:10,0,4,0.47865794402411704,0,955,2026-03-25 02:48:13,2026-03-29 10:24:44
0xb4ad90773bfce71bf742c232ff7b57f1adc2f966,2026-03-29 04:20:10,1,4,0.5190181825948914,1,526,2026-03-25 02:48:13,2026-03-29 10:24:44
0x55cfa7c6caf20ba1a386169103a9701d17e087f2,2026-03-29 04:20:36,1,4,0.5969489804728624,1,72,2026-03-25 02:48:13,2026-03-29 10:24:44
0x655606b7f55c8d8779232b104db9e3a667805c81,2026-03-29 04:20:36,1,4,0.5215503986740825,1,496,2026-03-25 02:48:13,2026-03-29 10:24:44
0x778058af1d8d153c027e413d3bdc009fadb49385,2026-03-29 04:20:44,0,4,0.4179847909765394,0,1235,2026-03-25 02:48:13,2026-03-29 10:24:44
0xb8aae8b5d7bdde6161ca371ad72c457ccb97a3c7,2026-03-29 05:16:12,1,4,0.4620044918390687,0,1090,2026-03-25 02:48:13,2026-03-29 10:24:44
0xbf488ab6aa2f4d2d9c04c952c49c629c6ad368c2,2026-03-29 05:16:12,0,4,0.5655415921543584,1,212,2026-03-25 02:48:13,2026-03-29 10:24:44
0xbc6f59d18bf6a53eb7dd4e4220f73886ca76f0f0,2026-03-29 05:17:52,1,4,0.5543688872833411,1,256,2026-03-25 02:48:13,2026-03-29 10:24:44
0x7ec1a7eb6a79788a6360777609abfa4ff6f86bca,2026-03-29 05:18:36,1,4,0.5117039247762563,1,601,2026-03-25 02:48:13,2026-03-29 10:24:44
0x3278dafffb049167a51ebff6b5fe65d1361d43f8,2026-03-29 05:18:38,1,4,0.5346406875195041,1,385,2026-03-25 02:48:13,2026-03-29 10:24:44
0xe807669773bfbf08918c61d0191fd7db12ee4d35,2026-03-29 05:18:54,0,4,0.3620883291284869,0,1279,2026-03-25 02:48:13,2026-03-29 10:24:44
0x66ca552c802105b1d47a9140b9a8cb143938b98d,2026-03-29 05:18:56,0,4,0.4741998352161042,0,1000,2026-03-25 02:48:13,2026-03-29 10:24:44
0x083bd159bf14029baac15993564aee05087d440a,2026-03-29 05:18:58,0,4,0.4211018323247553,0,1227,2026-03-25 02:48:13,2026-03-29 10:24:44
0x4868c31e81040e002b41984842b84bae8923a1c1,2026-03-29 05:18:58,0,4,0.38423184540990307,0,1266,2026-03-25 02:48:13,2026-03-29 10:24:44
0x9a5bf3cdedc52ce4d5d5c7140cb9193c26200a2e,2026-03-29 05:20:16,1,4,0.596793993485008,1,74,2026-03-25 02:48:13,2026-03-29 10:24:44
0x18a926324c7286f54c96678e73bf8fe5347b7c4e,2026-03-29 05:20:24,1,4,0.5396714600041261,1,353,2026-03-25 02:48:13,2026-03-29 10:24:44
0x7347d3291b321d2ee8d43d24aff244e7fb8c3d35,2026-03-29 05:20:24,0,4,0.2696152885687119,0,1312,2026-03-25 02:48:13,2026-03-29 10:24:44
0x5194df944179c3af3748fc40e779682c2e572e4e,2026-03-29 05:21:38,1,4,0.5171332283422114,1,548,2026-03-25 02:48:13,2026-03-29 10:24:44
0x889c5a2d5cdb73bb20c88c79b1931b93d7e1e375,2026-03-29 05:21:56,1,4,0.3840970017799294,0,1267,2026-03-25 02:48:13,2026-03-29 10:24:44
0xa8709dd7f37baf4b05b1a00288c909468db1df70,2026-03-29 05:21:56,1,4,0.47681373851927866,0,970,2026-03-25 02:48:13,2026-03-29 10:24:44
0xbf0a78fb1b7d752048e0a11b576f785e6cce54a9,2026-03-29 05:21:56,0,4,0.5095604763865755,1,623,2026-03-25 02:48:13,2026-03-29 10:24:44
0xe2ccf6b70dbd15cf2bd237745a487d669eb0c68a,2026-03-29 05:21:56,0,4,0.45000254699213954,0,1154,2026-03-25 02:48:13,2026-03-29 10:24:44
0x95ef1e9e7175f25d5b76394beced39b7abd0ff92,2026-03-29 05:22:04,0,4,0.48849198831268004,0,862,2026-03-25 02:48:13,2026-03-29 10:24:44
0xd0749f178fabc91c6806921ebbc453fe9a50f6c1,2026-03-29 05:22:04,0,4,0.5191087796597402,1,525,2026-03-25 02:48:13,2026-03-29 10:24:44
0xd570674191fde3001726a86a64403445860fcece,2026-03-29 05:22:04,1,4,0.5091465997515302,1,628,2026-03-25 02:48:13,2026-03-29 10:24:44
0x3ad6210d270dc3c676da5dcb6cb06abfabbf1186,2026-03-29 05:23:12,0,4,0.5260626997411915,1,446,2026-03-25 02:48:13,2026-03-29 10:24:44
0xd1861baf81ba9954cbf30466262aa7c7534f5a61,2026-03-29 05:23:12,0,4,0.5084118624298815,1,636,2026-03-25 02:48:13,2026-03-29 10:24:44
0xa30749d97c8fcba1d9f429970c08166a292edb70,2026-03-29 05:23:22,1,4,0.48117984390823165,0,935,2026-03-25 02:48:13,2026-03-29 10:24:44
0x06c3d5aafde50fc677c8f0e6601c26a9e7ff1dd8,2026-03-29 05:23:26,1,4,0.5141711956868843,1,574,2026-03-25 02:48:13,2026-03-29 10:24:44
0x1bf2cec9043ce7d4cff7d6f4dcaa85d5a8ab3b95,2026-03-29 05:23:28,0,4,0.4215041704700834,0,1226,2026-03-25 02:48:13,2026-03-29 10:24:44
0x7f6ecb4fd15c0712e951a0a3145a047b41bac2cc,2026-03-29 05:23:28,0,4,0.4948480905629691,0,793,2026-03-25 02:48:13,2026-03-29 10:24:44
0x68d368652d9abd766a6bbef00635840c0f4fd1b0,2026-03-29 05:24:08,1,4,0.4917171755456701,0,827,2026-03-25 02:48:13,2026-03-29 10:24:44
0x536075898ec928492dcd70efb372e641eede1f6f,2026-03-29 05:24:10,0,4,0.49454622833701495,0,799,2026-03-25 02:48:13,2026-03-29 10:24:44
0xa4528f49de51c19e179c691e417bfb0c0b737f35,2026-03-29 05:24:14,0,4,0.5122059248155406,1,591,2026-03-25 02:48:13,2026-03-29 10:24:44
0x434cf459c349d3f402438d0a5f9a9e16649d02bf,2026-03-29 05:24:54,1,4,0.5476454543487994,1,301,2026-03-25 02:48:13,2026-03-29 10:24:44
0x611dd0f054e7e07cff051eab0fb13599f8f03ca7,2026-03-29 05:24:54,1,4,0.46474354156617803,0,1078,2026-03-25 02:48:13,2026-03-29 10:24:44
0xc076a2bc7afa9720011b7fee8c1d1c39e978d987,2026-03-29 06:19:08,0,4,0.5651739708243844,1,213,2026-03-25 02:48:13,2026-03-29 10:24:44
0x64c261b18ee9ea374b12354ff40a92910f65d561,2026-03-29 06:19:24,0,4,0.4879904445878564,0,870,2026-03-25 02:48:13,2026-03-29 10:24:44
0x3b397b5b229220136d3b374e741152548a150afa,2026-03-29 06:19:42,1,4,0.5243713008125167,1,461,2026-03-25 02:48:13,2026-03-29 10:24:44
0xb924d6e655dc4510af9e7e586f9f8ee31fee5fcd,2026-03-29 06:19:42,0,4,0.5099937560046047,1,617,2026-03-25 02:48:13,2026-03-29 10:24:44
0xd19e7e2ead45471ac76256f6e3ec70b99bb73dbb,2026-03-29 06:19:42,0,4,0.5182063057948029,1,536,2026-03-25 02:48:13,2026-03-29 10:24:44
0xd822db7ca003c1c1f1fa684b2f760dea420b1f9f,2026-03-29 06:19:42,0,4,0.5497437094841889,1,286,2026-03-25 02:48:13,2026-03-29 10:24:44
0x54d2c952ebf511909e101a4a69bd177c49b734e7,2026-03-29 06:19:44,0,4,0.4978469446498993,0,758,2026-03-25 02:48:13,2026-03-29 10:24:44
0x867d9594c77874c9b3768302c559999460c1891e,2026-03-29 06:20:34,0,4,0.5319799441988867,1,406,2026-03-25 02:48:13,2026-03-29 10:24:44
0x144080f729e44359043d63e961ac44925bb52eb0,2026-03-29 06:20:58,0,4,0.5492470136909944,1,293,2026-03-25 02:48:13,2026-03-29 10:24:44
0x06559152333953ad80ac34128da6911a80a3faf8,2026-03-29 06:21:00,0,4,0.5801610007240272,1,148,2026-03-25 02:48:13,2026-03-29 10:24:44
0x7620a6d43d870ba1fbbd8600391c7164c0e5f4fc,2026-03-29 06:21:32,0,4,0.4436957135718733,0,1179,2026-03-25 02:48:13,2026-03-29 10:24:44
0xd659d637432b8d4c7889ff0d9a83b1b8f86fa716,2026-03-29 06:21:34,1,4,0.5186983515840718,1,529,2026-03-25 02:48:13,2026-03-29 10:24:44
0x55301b4dc6a019f429c63c1b64d4c513f9b78ca0,2026-03-29 06:21:44,0,4,0.5100350175383389,1,615,2026-03-25 02:48:13,2026-03-29 10:24:44
0x209817ed6cdd70013f1e1ce1a7bd06552aba0c0b,2026-03-29 06:22:06,1,4,0.48739242982651804,0,877,2026-03-25 02:48:13,2026-03-29 10:24:44
0xb26d45e3471762610e14e3225ad662cf9eeb0359,2026-03-29 06:23:42,1,4,0.5495732739564104,1,291,2026-03-25 02:48:13,2026-03-29 10:24:44
0xce3d2ada9c673ca6385e1e720d012ba2ea92d5c3,2026-03-29 06:23:54,0,4,0.47638829887851847,0,973,2026-03-25 02:48:13,2026-03-29 10:24:44
0x2f5af8126cec284397e8910c0f2294adc7075827,2026-03-29 06:24:18,0,4,0.5950998665142923,1,93,2026-03-25 02:48:13,2026-03-29 10:24:44
0x3cf626c525e4cdc65ebc2f4c917ee9dca5d52c1d,2026-03-29 06:24:20,0,4,0.4942620629610379,0,805,2026-03-25 02:48:13,2026-03-29 10:24:44
0xc841e4ca3734daf98f6574e62e4ce045d4bb3c3b,2026-03-29 07:19:08,1,4,0.524883712933467,1,455,2026-03-25 02:48:13,2026-03-29 10:24:44
0x5a3354a0a35d00d2a1dbe6cea0e37e9c30a2ca0d,2026-03-29 07:19:18,0,4,0.554780902895889,1,255,2026-03-25 02:48:13,2026-03-29 10:24:44
0xfec501f3bf7a9a8dd147cf9bd152ac2bf77384f0,2026-03-29 07:20:58,1,4,0.5772143445592082,1,158,2026-03-25 02:48:13,2026-03-29 10:24:44
0x2eb0e990f064c91db74be74796a7b31f6b0ea6f8,2026-03-29 07:21:04,0,4,0.5470912872349792,1,307,2026-03-25 02:48:13,2026-03-29 10:24:44
0x88d5177c356c27d080051be8286ccecba8a4b67d,2026-03-29 07:21:06,0,4,0.520553116034516,1,507,2026-03-25 02:48:13,2026-03-29 10:24:44
0xd721c6bd25d63c035858577f274e0ebd7ae6e9a3,2026-03-29 07:21:06,1,4,0.574641041823101,1,170,2026-03-25 02:48:13,2026-03-29 10:24:44
0xd4ace635b34c5bf8b2658eb2e1718643899ce93f,2026-03-29 07:21:28,0,4,0.5510664826273655,1,277,2026-03-25 02:48:13,2026-03-29 10:24:44
0x6cd45ce331d418ae2910530e79bec48f8e05eb74,2026-03-29 07:21:52,0,4,0.49745511930135417,0,762,2026-03-25 02:48:13,2026-03-29 10:24:44
0x22ac2de92f55c026e0f6f164d4827a75edd2fc83,2026-03-29 07:22:14,0,4,0.48141954945684273,0,932,2026-03-25 02:48:13,2026-03-29 10:24:44
0xaff3bff2982f68e09a39f93ea7ce53b1a2890dd5,2026-03-29 07:22:34,1,4,0.4764880436472855,0,972,2026-03-25 02:48:13,2026-03-29 10:24:44
0x06e1173503c03974d5a0a1f5bddb1c984b6aecdb,2026-03-29 07:23:30,0,4,0.439093232523289,0,1192,2026-03-25 02:48:13,2026-03-29 10:24:44
0x081e14554b92ee3dc53a21bd5b01f306692ef76e,2026-03-29 07:24:04,0,4,0.4747886456207137,0,990,2026-03-25 02:48:13,2026-03-29 10:24:44
0x5a46b6d18c64b47a702b0013a0cea8b9da2e4330,2026-03-29 07:24:06,0,4,0.49024042581543814,0,849,2026-03-25 02:48:13,2026-03-29 10:24:44
0xf9705ad6c6dcc2dbd5fd0484877947848cc98752,2026-03-29 07:24:06,1,4,0.4694275484795165,0,1043,2026-03-25 02:48:13,2026-03-29 10:24:44
0x8ef2a4114f0bdb1ba2ecaaea4d787c3ea3a66a7e,2026-03-29 07:24:50,1,4,0.4332856378801948,0,1212,2026-03-25 02:48:13,2026-03-29 10:24:44
0x8fe38119a644285d45b1efe57ee3a9c51d351e24,2026-03-29 07:24:56,0,4,0.4994665990332135,0,727,2026-03-25 02:48:13,2026-03-29 10:24:44
0x461aaa78871a0cef30cddffae37eaa281c41f56e,2026-03-29 07:24:58,0,4,0.4439861059894228,0,1178,2026-03-25 02:48:13,2026-03-29 10:24:44
0x044736c05d04d998ce20473a04ced1f64684d546,2026-03-29 07:25:04,0,4,0.49228211132446154,0,823,2026-03-25 02:48:13,2026-03-29 10:24:44
0x3a65d16b26a09d0436d0e67039dfcc3d54a55631,2026-03-29 07:25:04,0,4,0.49091550724496275,0,844,2026-03-25 02:48:13,2026-03-29 10:24:44
0x425513e21f0de55b2f6d45f1921c66c1884c3bf6,2026-03-29 07:25:04,0,4,0.5121541034175523,1,595,2026-03-25 02:48:13,2026-03-29 10:24:44
0x53844a24ad8437826c41d3548648bdb5d8eae3b3,2026-03-29 07:25:04,1,4,0.49093600549088184,0,842,2026-03-25 02:48:13,2026-03-29 10:24:44
0x8017c2748404c3bf00e52837072d6a231bd97037,2026-03-29 08:20:10,0,4,0.4536974671790254,0,1134,2026-03-25 02:48:13,2026-03-29 10:24:44
0x5e85fa9587d056bb2acdcff4050c2e715efaaff5,2026-03-29 08:20:12,0,4,0.49816567421313596,0,756,2026-03-25 02:48:13,2026-03-29 10:24:44
0xbffb71dbe874f5aa3fb8734a4ac3becd3feba60e,2026-03-29 08:20:12,0,4,0.4845383447164554,0,900,2026-03-25 02:48:13,2026-03-29 10:24:44
0xe399bb1147d43f5235aeb94ba667083164d56bd7,2026-03-29 08:21:46,0,4,0.49746431749846526,0,761,2026-03-25 02:48:13,2026-03-29 10:24:44
0x0e52a391453d2e445bebc85a06f64324a1a3179a,2026-03-29 08:21:56,0,4,0.5030297899565677,1,689,2026-03-25 02:48:13,2026-03-29 10:24:44
0x87a29e38e6a33b3b6539a4e3d3f782b229382250,2026-03-29 08:23:06,0,4,0.4833494819825557,0,915,2026-03-25 02:48:13,2026-03-29 10:24:44
0x3d6f62fc668ee9a6ac78fa18b70f9e29bd180a8c,2026-03-29 08:23:18,0,4,0.4983807334008123,0,754,2026-03-25 02:48:13,2026-03-29 10:24:44
0x5ed388787ef5db80a97a22885b13b08f8578fcf8,2026-03-29 08:24:06,0,4,0.5162658231523067,1,552,2026-03-25 02:48:13,2026-03-29 10:24:44
0x2e705a2d342d41af572638586e19175a1e849a38,2026-03-29 08:24:08,0,4,0.5485306681936696,1,296,2026-03-25 02:48:13,2026-03-29 10:24:44
0x3108ed7e2c190f9c1e87a61265505df0680817d0,2026-03-29 08:24:08,0,4,0.5158867279936056,1,558,2026-03-25 02:48:13,2026-03-29 10:24:44
0x97ba54289731da4502d61f2b15d2272d870f267a,2026-03-29 08:24:08,1,4,0.5777849962878635,1,156,2026-03-25 02:48:13,2026-03-29 10:24:44
0x966dfabbe9d8171c756be390163aa1500edf4abf,2026-03-29 08:24:30,1,4,0.5872720727496801,1,127,2026-03-25 02:48:13,2026-03-29 10:24:44
0x9d53392c2a6855e09375018e6597ee0bca203725,2026-03-29 08:24:32,0,4,0.5066135086423532,1,653,2026-03-25 02:48:13,2026-03-29 10:24:44
0x36fa6be639419a60a157ce5e980b114b69d47d02,2026-03-29 08:24:56,0,4,0.5355010186823495,1,379,2026-03-25 02:48:13,2026-03-29 10:24:44
0x661a4c8c445750dace57a32102d65facd400e9e8,2026-03-29 08:24:56,1,4,0.4521759080103699,0,1142,2026-03-25 02:48:13,2026-03-29 10:24:44
0xa2234073de02ccb36243f22b8d4e9855cd9f3ab3,2026-03-29 08:24:56,0,4,0.4713329418767482,0,1024,2026-03-25 02:48:13,2026-03-29 10:24:44
0xb6a9eeba917851b55b6e57b65f493be6f5cb8b2d,2026-03-29 08:24:56,0,4,0.48246945403838837,0,923,2026-03-25 02:48:13,2026-03-29 10:24:44
0x1351459de2d705f4a490fd25d146345e3a3d1065,2026-03-29 08:25:06,0,4,0.5497241581824227,1,287,2026-03-25 02:48:13,2026-03-29 10:24:44
0x221b1fe9f5dbb02d25468d41ec7dadb7e28f2cb1,2026-03-29 08:25:10,1,4,0.5302894313654383,1,419,2026-03-25 02:48:13,2026-03-29 10:24:44
0xdf8e8ffc46c7f7d98e000f92e669b6950d6246ea,2026-03-29 08:27:04,1,4,0.5052918999223345,1,669,2026-03-25 02:48:13,2026-03-29 10:24:44
0x1f225bfd317b0b920e096d790674980f3802ed3d,2026-03-29 09:20:00,0,4,0.5598922178016179,1,232,2026-03-25 02:48:13,2026-03-29 10:24:44
0x79d101ef7dd7a0172e1b802f3c3292f26d0f82c7,2026-03-29 09:20:00,0,4,0.5096858277100094,1,621,2026-03-25 02:48:13,2026-03-29 10:24:44
0x95cb4ef87d9dbbe91ed3d945002a37151efc281c,2026-03-29 09:20:02,0,4,0.5518256094808485,1,273,2026-03-25 02:48:13,2026-03-29 10:24:44
0xe19b1d2baeafad54cadf91564b77d9ea697de80e,2026-03-29 09:20:42,0,4,0.5238309211967336,1,469,2026-03-25 02:48:13,2026-03-29 10:24:44
0xe2e52f9ffb0a6b522e22575897adbc607871a7d1,2026-03-29 09:20:42,0,4,0.5717015880538046,1,181,2026-03-25 02:48:13,2026-03-29 10:24:44
0x964c5b2b087a4e559b2690849410defb3efa0a17,2026-03-29 09:20:46,1,4,0.45786344496518955,0,1114,2026-03-25 02:48:13,2026-03-29 10:24:44
0x783f24041e609f95115382f6abcc39e3968dcaa7,2026-03-29 09:20:54,1,4,0.5635530573464123,1,221,2026-03-25 02:48:13,2026-03-29 10:24:44
0xf3828b0707c47573f6372e774bc9af51a9c114eb,2026-03-29 09:22:28,0,4,0.5320732648448274,1,404,2026-03-25 02:48:13,2026-03-29 10:24:44
0xd2d48948d1ff38a62d1e92bc60d22aa088798517,2026-03-29 09:22:32,0,4,0.5976638009095968,1,44,2026-03-25 02:48:13,2026-03-29 10:24:44
0x35017325eaec498a515f2f40a9e5242e920c61ae,2026-03-29 09:22:34,0,4,0.501625700635822,1,701,2026-03-25 02:48:13,2026-03-29 10:24:44
0x6b608243a51b84df38d5f76903dc59fd479d19a7,2026-03-29 09:23:30,0,4,0.4945336336658378,0,800,2026-03-25 02:48:13,2026-03-29 10:24:44
0x8852a84fc0a284514d52d22c48fa88df25c6b9a0,2026-03-29 09:23:30,0,4,0.47087423411945933,0,1031,2026-03-25 02:48:13,2026-03-29 10:24:44
0x2f6fa23e626607ba5d33fe32ccf0c43dcc33706a,2026-03-29 09:24:10,0,4,0.5061091879901702,1,660,2026-03-25 02:48:13,2026-03-29 10:24:44
0xd9caea7b7c1bf292957e674850ce3bd9b8f5f253,2026-03-29 09:24:56,0,4,0.4602039204640812,0,1097,2026-03-25 02:48:13,2026-03-29 10:24:44
0x1e6759e767b6ce2de76e7bb6817795ba62c56d8f,2026-03-29 09:25:06,1,4,0.5744535672545076,1,171,2026-03-25 02:48:13,2026-03-29 10:24:44
0xb0ca90f3fff84a8032599df115cbce18cd25e89f,2026-03-29 09:27:08,1,4,0.4636166483483013,0,1082,2026-03-25 02:48:13,2026-03-29 10:24:44
0x03dfadae55083f7c38ca43bfea2b5443cf501dba,2026-03-29 10:21:10,0,4,0.520232908736323,1,512,2026-03-25 02:48:13,2026-03-29 10:24:44
0x025807dee7a8b792bb40ca8500bc2655e0a606d0,2026-03-29 10:23:10,0,4,0.276515130158515,0,1310,2026-03-25 02:48:13,2026-03-29 10:24:44
0x59314a635242711642a70663ea74cc8270c78ecb,2026-03-29 10:23:14,0,4,0.43920482243982356,0,1191,2026-03-25 02:48:13,2026-03-29 10:24:44
0x706749554dae1fae11658b457119c6cb0cfff265,2026-03-29 10:23:50,1,4,0.494752975588998,0,795,2026-03-25 02:48:13,2026-03-29 10:24:44
0x6c1d415a49e9fbce3a2c00b7e4773f77decb905b,2026-03-29 10:23:52,1,4,0.5000811349104464,1,713,2026-03-25 02:48:13,2026-03-29 10:24:44
0xb468b1b42deb49dad326bd2c38c23a5ccb7c0cba,2026-03-29 10:24:44,0,4,0.5295127442116225,1,422,2026-03-25 02:48:13,2026-03-29 10:24:44
0xf6d8d34a15fb6ad73edd78cd93f53ccf7e3b2609,2026-03-29 10:25:18,0,5,0.5564955215294572,1,221,2026-03-29 10:25:18,2026-04-07 01:50:37
0x235f006e455bd9c3f8f9f951dee7f2e67918ff50,2026-03-29 10:25:24,0,5,0.5109282679131082,1,562,2026-03-29 10:25:18,2026-04-07 01:50:37
0x3083a690de930a829d6aa2d12d48dfc0c9471efc,2026-03-29 10:25:32,0,5,0.48832692487308915,0,784,2026-03-29 10:25:18,2026-04-07 01:50:37
0x3c63ceabbe9cd231e963fde30c4262c85b8f7fcd,2026-03-29 10:25:32,0,5,0.5332027819102526,1,354,2026-03-29 10:25:18,2026-04-07 01:50:37
0x7cc3afeb859c92c5eb815500836b9cc3968daff8,2026-03-29 10:25:32,0,5,0.45864560294883483,0,1039,2026-03-29 10:25:18,2026-04-07 01:50:37
0x225b4159f74f1819763f9a758cefc2399dad588f,2026-03-29 10:26:06,0,5,0.4740495193263404,0,938,2026-03-29 10:25:18,2026-04-07 01:50:37
0x3075bf369f92884f9fafe1a022db3ee7ebf7d6aa,2026-03-29 10:26:06,0,5,0.5167988411805842,1,510,2026-03-29 10:25:18,2026-04-07 01:50:37
0x497396d837e6433c7e9bd003832515f54ffb5527,2026-03-29 10:26:06,0,5,0.5473152819328195,1,258,2026-03-29 10:25:18,2026-04-07 01:50:37
0xff0ce19de43c2dcd7b70ca891521e20de62681a1,2026-03-29 10:26:12,0,5,0.6024686481125635,1,58,2026-03-29 10:25:18,2026-04-07 01:50:37
0xd9e7fcae53bb05f686867b98e70511f603d5ce2a,2026-03-29 10:26:14,1,5,0.588834779034771,1,123,2026-03-29 10:25:18,2026-04-07 01:50:37
0x1181b51148941b80290f07a4eca59e17a16a4216,2026-03-29 10:26:24,0,5,0.551304335851688,1,244,2026-03-29 10:25:18,2026-04-07 01:50:37
0x7feb3b0e97b6550964e9a114e39064f0661f66a0,2026-03-29 10:27:06,0,5,0.48412322394425095,0,822,2026-03-29 10:25:18,2026-04-07 01:50:37
0x07de96926fa95d3322bca466addac4f2da63d541,2026-03-29 10:27:10,1,5,0.5054149531277671,1,602,2026-03-29 10:25:18,2026-04-07 01:50:37
0xcafd6d6d37a06d29f86c413fdf15b7349c99ad33,2026-03-29 10:27:10,1,5,0.5260385920035889,1,406,2026-03-29 10:25:18,2026-04-07 01:50:37
0xfcb6547d7a0e60e116ae17ee35f7543cca94ef3a,2026-03-29 10:27:12,0,5,0.5410491268751694,1,296,2026-03-29 10:25:18,2026-04-07 01:50:37
0x5b2bf569b57f959070466a21c282b27dc206e02f,2026-03-29 10:27:20,1,5,0.5123850448275894,1,548,2026-03-29 10:25:18,2026-04-07 01:50:37
0xac6330a4b006e348d4679a1ec0db8261ad441d1a,2026-03-29 10:27:20,0,5,0.5197669965237532,1,468,2026-03-29 10:25:18,2026-04-07 01:50:37
0x4346b516a6cbf6c32a44e8f05d6cd3222b25f897,2026-03-29 10:28:16,0,5,0.46904501661146475,0,970,2026-03-29 10:25:18,2026-04-07 01:50:37
0x3e510080275023b521b287f173a379e69ff1ed56,2026-03-29 10:30:56,1,5,0.538375944658466,1,313,2026-03-29 10:25:18,2026-04-07 01:50:37
0x01acc16e83f0ec43860d59fe61ba1d684982cad3,2026-03-29 11:22:58,0,5,0.5806720907443694,1,145,2026-03-29 10:25:18,2026-04-07 01:50:37
0xd8c7bd40ec9901c881d22e900657d8217f57e8a3,2026-03-29 11:23:00,1,5,0.48942867881094687,0,775,2026-03-29 10:25:18,2026-04-07 01:50:37
0xf13806d131a65901a54248bfa0990f9175b5befd,2026-03-29 11:23:02,0,5,0.43987999828720015,0,1125,2026-03-29 10:25:18,2026-04-07 01:50:37
0xd4ce0a7ae5c0f1df855ffcb2d37aa26b66d496e8,2026-03-29 11:23:16,1,5,0.49687492773408576,0,694,2026-03-29 10:25:18,2026-04-07 01:50:37
0xc8c73a0c6a1dca2a096123759636819426b53726,2026-03-29 11:25:42,0,5,0.4625218747930868,0,1014,2026-03-29 10:25:18,2026-04-07 01:50:37
0x229b3b682529c4db79035671d2bb114d5a633c20,2026-03-29 11:26:04,0,5,0.5380608173288448,1,316,2026-03-29 10:25:18,2026-04-07 01:50:37
0xb15b2de98510dbbc3049e0795cd1c5d86c6fedd0,2026-03-29 11:26:04,0,5,0.5330823071025482,1,355,2026-03-29 10:25:18,2026-04-07 01:50:37
0x4230b19c2ef7f58ed5c48bc880f5ce00d6e8152e,2026-03-29 11:26:42,0,5,0.539707756958662,1,304,2026-03-29 10:25:18,2026-04-07 01:50:37
0x0a33fa80244e1e1ab627a38c5735abfd2dd43a4f,2026-03-29 11:26:50,1,5,0.4722506813983937,0,952,2026-03-29 10:25:18,2026-04-07 01:50:37
0x7c394e25bf2f0f964fb614a7ac5386a3eafcbf9f,2026-03-29 11:27:16,0,5,0.6035973600424787,1,8,2026-03-29 10:25:18,2026-04-07 01:50:37
0x5a1f5928e28f8441bbb052e423ef507a6db3d43c,2026-03-29 11:27:18,0,5,0.46910972730420264,0,969,2026-03-29 10:25:18,2026-04-07 01:50:37
0xa24aa35566f962c75230542a5e0b0b9bd4a672cc,2026-03-29 11:27:20,0,5,0.60295506502071,1,54,2026-03-29 10:25:18,2026-04-07 01:50:37
0x6583eb503881d5e1460bad861bc8b0eb5fba35fd,2026-03-29 11:28:40,0,5,0.4714277445419171,0,955,2026-03-29 10:25:18,2026-04-07 01:50:37
0x9830dc77f32365a353892edd7328672c79cf2dfd,2026-03-29 11:29:04,0,5,0.4166499373547119,0,1184,2026-03-29 10:25:18,2026-04-07 01:50:37
0xf415818e5eef0be3fe4bda55a32c74e010d28b1a,2026-03-29 11:29:06,1,5,0.4669968826699775,0,986,2026-03-29 10:25:18,2026-04-07 01:50:37
0x9104c14c5e2e6a12a03f19f5883e822bfebf5a78,2026-03-29 11:30:08,1,5,0.5101756147332144,1,570,2026-03-29 10:25:18,2026-04-07 01:50:37
0xe5a3e397fbce4cc3c7edfe9c4341249a4a876274,2026-03-29 11:30:08,1,5,0.5594571221129756,1,212,2026-03-29 10:25:18,2026-04-07 01:50:37
0x17affcb4d785b0c190b6c3cc6bc28cee5f352a45,2026-03-29 11:30:14,0,5,0.47972051240506713,0,877,2026-03-29 10:25:18,2026-04-07 01:50:37
0xa51d3fa09fcb70f72893c190742185a8e78257bc,2026-03-29 11:30:24,1,5,0.511855406524826,1,553,2026-03-29 10:25:18,2026-04-07 01:50:37
0xb849597bcd9a1939042d104e6ebd0cda7c166615,2026-03-29 11:30:24,1,5,0.5657271168141075,1,188,2026-03-29 10:25:18,2026-04-07 01:50:37
0xaaeffc1e84944ec6bfd46fb13aa52a227e2a64eb,2026-03-29 11:30:54,0,5,0.4814846060223641,0,856,2026-03-29 10:25:18,2026-04-07 01:50:37
0x02da6939d0f6fbf92ec0d23aecb4b702ecbab054,2026-03-29 11:31:04,1,5,0.4790968569350954,0,883,2026-03-29 10:25:18,2026-04-07 01:50:37
0xcee8c06a8270259305152e2954075cec28db1a21,2026-03-29 11:31:04,0,5,0.503421005735219,1,621,2026-03-29 10:25:18,2026-04-07 01:50:37
0x521e4de0c6aba5c0c7509df92b37a72edf500d98,2026-03-29 12:24:34,0,5,0.532624808936013,1,359,2026-03-29 10:25:18,2026-04-07 01:50:37
0x35d3d170ad7e3d8b39c17f3f94d8a2e13391a4d6,2026-03-29 12:25:06,0,5,0.5966399454204712,1,98,2026-03-29 10:25:18,2026-04-07 01:50:37
0x7c9fef94a5e7a00fdbe9dcca8013e313f20b3973,2026-03-29 12:25:06,0,5,0.5278058336969632,1,396,2026-03-29 10:25:18,2026-04-07 01:50:37
0xc6845cb4c9d66f46a8af61d57d34367c5d471422,2026-03-29 12:25:50,0,5,0.5550455562193568,1,225,2026-03-29 10:25:18,2026-04-07 01:50:37
0x3d9deab3589357c6198bf8c6269b4c58da687d9e,2026-03-29 12:25:54,0,5,0.4120681782837048,0,1201,2026-03-29 10:25:18,2026-04-07 01:50:37
0x7c38aef7f2561592ea8c11d0574f5f07637d2385,2026-03-29 12:26:38,1,5,0.4905179835528477,0,766,2026-03-29 10:25:18,2026-04-07 01:50:37
0x86b308bbefcc6d4d4443f46c24e24203f8cd47b9,2026-03-29 12:27:32,0,5,0.5254165115164909,1,413,2026-03-29 10:25:18,2026-04-07 01:50:37
0xcd8831e73fa79e5d5b3dc7f46f392bfc016d8f13,2026-03-29 12:27:48,0,5,0.5316639924711878,1,368,2026-03-29 10:25:18,2026-04-07 01:50:37
0xbe7bbbe76c4e97e58249a3fb423f3cee473ff7e0,2026-03-29 12:27:54,0,5,0.48053081817785775,0,866,2026-03-29 10:25:18,2026-04-07 01:50:37
0xc62d032fef93d5bfbb1d6b08873fa3bc6e90e915,2026-03-29 12:28:22,0,5,0.48491719084791624,0,817,2026-03-29 10:25:18,2026-04-07 01:50:37
0xc6691e5fd9c0cd2107d10d5024248c4144b7aafd,2026-03-29 12:28:24,1,5,0.6019132382863446,1,68,2026-03-29 10:25:18,2026-04-07 01:50:37
0x3622a86dce19df15f1219cf38baef9534c10083d,2026-03-29 12:29:02,0,5,0.5088526864680282,1,579,2026-03-29 10:25:18,2026-04-07 01:50:37
0xe06bbea5f0afefe2ced648cc37dca135b266dd7d,2026-03-29 12:29:06,1,5,0.4758111264272944,0,920,2026-03-29 10:25:18,2026-04-07 01:50:37
0x71702fd16c7ab8fd42b378b2768b5235f4a0d412,2026-03-29 12:29:10,0,5,0.4642801550240111,0,1000,2026-03-29 10:25:18,2026-04-07 01:50:37
0xd23ea94cbef29974ff02cbec6c650787a8cc746b,2026-03-29 12:29:10,1,5,0.6032720248727943,1,44,2026-03-29 10:25:18,2026-04-07 01:50:37
0xfbb9c5e2bd90920d237f578006fff79f3830f9c5,2026-03-29 12:29:34,1,5,0.5232654374079845,1,427,2026-03-29 10:25:18,2026-04-07 01:50:37
0xb7a262a2dcc665a4de5f91a8621eedeaa2d72c3b,2026-03-29 12:29:40,0,5,0.4722571102940256,0,951,2026-03-29 10:25:18,2026-04-07 01:50:37
0x4d51e320a25b08c5855bd4dcc3cf5e9c9a69dca3,2026-03-29 12:30:20,1,5,0.6004538932211128,1,82,2026-03-29 10:25:18,2026-04-07 01:50:37
0x4e38e5682391573a916261e35fd7e45daff721fe,2026-03-29 12:30:32,1,5,0.533597199843884,1,352,2026-03-29 10:25:18,2026-04-07 01:50:37
0x1c9d0b7eb4b58f22a0a9bf490f708ef962698f9c,2026-03-29 12:30:34,0,5,0.4858396029959432,0,807,2026-03-29 10:25:18,2026-04-07 01:50:37
0x6b12594662f17411d0d07eb6ff759d1bb38aada4,2026-03-29 12:31:24,1,5,0.5611343922964078,1,203,2026-03-29 10:25:18,2026-04-07 01:50:37
0xfa2dd4be8204a4dfc1301796144f3e8f068f18c6,2026-03-29 12:31:34,1,5,0.6015264737629107,1,76,2026-03-29 10:25:18,2026-04-07 01:50:37
0xa9adf41da116d7febf87f2ca36283249b75822fe,2026-03-29 13:24:54,0,5,0.3883733266651414,0,1238,2026-03-29 10:25:18,2026-04-07 01:50:37
0x0f7178b83b1b190992a17d9f28a3722e5138fe85,2026-03-29 13:25:30,0,5,0.5549786328324955,1,226,2026-03-29 10:25:18,2026-04-07 01:50:37
0xdeac8d42a5400b2037d85317afde2765bb8b0216,2026-03-29 13:25:30,0,5,0.4245796758093801,0,1164,2026-03-29 10:25:18,2026-04-07 01:50:37
0x08f2dd341c9b2787e2cb89bb87d3e903010809f0,2026-03-29 13:27:04,1,5,0.5876723680451885,1,125,2026-03-29 10:25:18,2026-04-07 01:50:37
0x1783327bcd5e7e97f5f8bc0535c005c41250ae53,2026-03-29 13:27:06,0,5,0.5410934063944266,1,294,2026-03-29 10:25:18,2026-04-07 01:50:37
0x2bffb4d04422dadb340e3e6f62eafc44ffa2f04a,2026-03-29 13:27:06,1,5,0.5860982189270474,1,131,2026-03-29 10:25:18,2026-04-07 01:50:37
0xb9e21ea88c5d2de05dd71b84e4cfa8b5f221388e,2026-03-29 13:27:06,1,5,0.5362837032703466,1,329,2026-03-29 10:25:18,2026-04-07 01:50:37
0xeebb0bc82f9019d9f70c8ac5a09f55a3a57f382e,2026-03-29 13:27:48,1,5,0.3697944683383976,0,1254,2026-03-29 10:25:18,2026-04-07 01:50:37
0x8f14e0b966a461840dbe042d42993009cfcb1e77,2026-03-29 13:28:38,0,5,0.4657805426284524,0,990,2026-03-29 10:25:18,2026-04-07 01:50:37
0x2753b2db276ffdddc2b26155815f509fe349e28a,2026-03-29 13:28:42,0,5,0.6022409870509499,1,66,2026-03-29 10:25:18,2026-04-07 01:50:37
0x51bbff27a86f2bbbfafd1e739463d91a1ed1f542,2026-03-29 13:28:44,1,5,0.5171118918230981,1,505,2026-03-29 10:25:18,2026-04-07 01:50:37
0x6e1771603be2f64abeb3e86d7220598bc5a03573,2026-03-29 13:28:44,0,5,0.4411290530873482,0,1118,2026-03-29 10:25:18,2026-04-07 01:50:37
0x6771d6422cbf3e38361669dbce0afb5ae0a20e5b,2026-03-29 13:28:46,0,5,0.5222603078063857,1,439,2026-03-29 10:25:18,2026-04-07 01:50:37
0xa84b219be1f06682f1588e19a6b40b6c19565ff5,2026-03-29 13:29:08,1,5,0.5083566029393769,1,584,2026-03-29 10:25:18,2026-04-07 01:50:37
0xfc72cd77474c0398539acb5837c6d0005076ad49,2026-03-29 13:29:10,0,5,0.4547040656910774,0,1060,2026-03-29 10:25:18,2026-04-07 01:50:37
0x38ae131f8a7fa75d424e3f77ed65d84be2ceba29,2026-03-29 13:29:22,0,5,0.6035260116349223,1,15,2026-03-29 10:25:18,2026-04-07 01:50:37
0xc7c8744bd9bbf318f4b6626087ec170fa1a544f7,2026-03-29 13:29:24,0,5,0.43349371247927726,0,1142,2026-03-29 10:25:18,2026-04-07 01:50:37
0xe8786dc1ade2e1e0a202918890058ba4bfc3e281,2026-03-29 13:29:24,0,5,0.4189103353463867,0,1177,2026-03-29 10:25:18,2026-04-07 01:50:37
0x62cb105608752f44faab150bf3c456fde6b3b307,2026-03-29 13:29:26,0,5,0.4774661646572389,0,901,2026-03-29 10:25:18,2026-04-07 01:50:37
0x404d44cf113e95abf4af85f6c827caa6f5954d72,2026-03-29 13:29:52,0,5,0.5463640761992994,1,265,2026-03-29 10:25:18,2026-04-07 01:50:37
0x0e8488dc569350d57b7f9936c348e37392f25e11,2026-03-29 13:29:56,0,5,0.4941287166999123,0,727,2026-03-29 10:25:18,2026-04-07 01:50:37
0xbf5dcdfa989d1f5c8fe2d0025a4d2ab5d5fe8dd3,2026-03-29 13:29:58,0,5,0.4905438050553886,0,765,2026-03-29 10:25:18,2026-04-07 01:50:37
0xc8356be67c4da8fb3c5c9fc081a7a2fd9862a9cf,2026-03-29 13:30:00,0,5,0.47700326338321103,0,906,2026-03-29 10:25:18,2026-04-07 01:50:37
0x51eeacdd2fe40a53577b108c7eb868a9153e2912,2026-03-29 13:31:30,0,5,0.5401051706517584,1,301,2026-03-29 10:25:18,2026-04-07 01:50:37
0xb92f1a585675ccc37778c5592fe9c51aa2a458c4,2026-03-29 13:31:30,0,5,0.5965129202639341,1,100,2026-03-29 10:25:18,2026-04-07 01:50:37
0xf562aacf6c7c363d2b6cc798e18af80fe67e8f25,2026-03-29 13:32:18,1,5,0.5305300571082415,1,374,2026-03-29 10:25:18,2026-04-07 01:50:37
0x75880fe1f7532f023d92db53f683762b4611df60,2026-03-29 13:33:06,0,5,0.4925144621193263,0,741,2026-03-29 10:25:18,2026-04-07 01:50:37
0x59c6849b71dccf346b641071f7ce21dff26cad9d,2026-03-29 14:28:36,0,5,0.6035973671771133,1,5,2026-03-29 10:25:18,2026-04-07 01:50:37
0x2855555a48ee7ec2e67272701651bfe77034ebe8,2026-03-29 14:29:32,0,5,0.45661352026544616,0,1049,2026-03-29 10:25:18,2026-04-07 01:50:37
0x30a0eaefc9a347bf8cb6d157d7dbd23a3cc16474,2026-03-29 14:29:34,0,5,0.4472824205251324,0,1099,2026-03-29 10:25:18,2026-04-07 01:50:37
0xd99156eb53be3b2483e15ba1605c0d43c2f80133,2026-03-29 14:29:34,1,5,0.6022409871223794,1,65,2026-03-29 10:25:18,2026-04-07 01:50:37
0x175254c7a44f586fffac6b24be192d05d216682b,2026-03-29 14:29:36,0,5,0.6033119394926532,1,39,2026-03-29 10:25:18,2026-04-07 01:50:37
0xb4ea4eee0bd55bd7a0433d638961d1eaa1f634df,2026-03-29 14:29:50,0,5,0.40366740503631515,0,1220,2026-03-29 10:25:18,2026-04-07 01:50:37
0x62ea98db7200747b5c4448ebf4b4a15e26d20e0b,2026-03-29 14:30:10,0,5,0.5976769363387097,1,93,2026-03-29 10:25:18,2026-04-07 01:50:37
0xd8c5fa8bc49b5437c0e50dc8460fc01baac40b0a,2026-03-29 14:30:10,0,5,0.47699022870351887,0,907,2026-03-29 10:25:18,2026-04-07 01:50:37
0xb897a2dc5348c675fe3cdd72aa39a6c62fb0c669,2026-03-29 14:30:14,1,5,0.5287411018146275,1,388,2026-03-29 10:25:18,2026-04-07 01:50:37
0xaa93c038b53381edc81bd63c0fd769951493eed3,2026-03-29 14:30:34,0,5,0.5875163989226918,1,126,2026-03-29 10:25:18,2026-04-07 01:50:37
0xe5edc5997b3546d69bce8e59efb50c0a44c3f474,2026-03-29 14:30:36,0,5,0.44514545704866726,0,1103,2026-03-29 10:25:18,2026-04-07 01:50:37
0x16ae1be7d894b0cd7a53cdcd59c5237ec17346fb,2026-03-29 14:31:20,1,5,0.43908748615151383,0,1126,2026-03-29 10:25:18,2026-04-07 01:50:37
0xd19f0a2021123f9f197f5d95b828733968f13eab,2026-03-29 14:31:44,1,5,0.5321337185827983,1,362,2026-03-29 10:25:18,2026-04-07 01:50:37
0x4ebcd794e7c5b72976824928037735682068160f,2026-03-29 14:33:54,1,5,0.4273040088281759,0,1158,2026-03-29 10:25:18,2026-04-07 01:50:37
0xa259aa067031c2eb4469cbf3442312b150bc0026,2026-03-29 14:34:06,0,5,0.5027085680719314,1,626,2026-03-29 10:25:18,2026-04-07 01:50:37
0x0ee8d7b2066a4fae142b59543f21cb42a776eb9e,2026-03-29 14:34:08,0,5,0.5257663945259751,1,408,2026-03-29 10:25:18,2026-04-07 01:50:37
0x2f56416a3777321cfdb58b3f10bcc8a7da887116,2026-03-29 14:34:10,0,5,0.46830249141283653,0,977,2026-03-29 10:25:18,2026-04-07 01:50:37
0x3174a1f1088baa4bd8734cbf4c6e16c325d720c6,2026-03-29 14:34:10,0,5,0.4521706130383921,0,1075,2026-03-29 10:25:18,2026-04-07 01:50:37
0x100bc6b88fb6599e96b6e5bb576ef9bb9c5815de,2026-03-29 14:34:16,0,5,0.5141548660257795,1,532,2026-03-29 10:25:18,2026-04-07 01:50:37
0x82ff01408b945af138d3c4619dcf876387d52b09,2026-03-29 14:34:16,0,5,0.48579484992875827,0,808,2026-03-29 10:25:18,2026-04-07 01:50:37
0xf5e9b94f35542dacbcce6101505b8b2d9f9ff7a2,2026-03-29 14:34:34,0,5,0.47659038272000154,0,914,2026-03-29 10:25:18,2026-04-07 01:50:37
0xf613d20d8ede6f4705a1288e6d2f668b1c78b2d4,2026-03-29 14:34:34,0,5,0.4863890914723986,0,800,2026-03-29 10:25:18,2026-04-07 01:50:37
0x39c316a5a31c50b526a10ac77f766ad0fdb0e155,2026-03-29 15:29:26,0,5,0.6018837848177531,1,69,2026-03-29 10:25:18,2026-04-07 01:50:37
0xdede9b8e333a133dba8d2c298e8b279eebafea2f,2026-03-29 15:29:28,0,5,0.5944662229131388,1,109,2026-03-29 10:25:18,2026-04-07 01:50:37
0x4628102fe8053f31057103f151ef8e4678a6a741,2026-03-29 15:30:00,0,5,0.5832267265808233,1,141,2026-03-29 10:25:18,2026-04-07 01:50:37
0xdf91f0fb14a9bc701a2361a00484eab9f33d1771,2026-03-29 15:30:00,0,5,0.47602337249156196,0,918,2026-03-29 10:25:18,2026-04-07 01:50:37
0xb3643f6013d22272874e8b5c35b001b891823646,2026-03-29 15:30:02,0,5,0.6029557785940114,1,53,2026-03-29 10:25:18,2026-04-07 01:50:37
0x12f9b20d1f6e05b004248a44394f41f4e11ea913,2026-03-29 15:30:10,1,5,0.5528766345010268,1,238,2026-03-29 10:25:18,2026-04-07 01:50:37
0x7062f2eda9208d98efe8b2f7b3744d15b707e5ac,2026-03-29 15:30:10,0,5,0.4827358644445129,0,835,2026-03-29 10:25:18,2026-04-07 01:50:37
0x9ee9691105e585da7773debc6029dc3d442280d0,2026-03-29 15:30:10,1,5,0.5171408672551019,1,504,2026-03-29 10:25:18,2026-04-07 01:50:37
0xe23eeceba999e4dfcc9f63767edf83459e4013b7,2026-03-29 15:30:10,1,5,0.50359433308872,1,619,2026-03-29 10:25:18,2026-04-07 01:50:37
0x6b526714fa596ecf18d56a0ad096f472d517e0a0,2026-03-29 15:30:32,1,5,0.5489303582652344,1,251,2026-03-29 10:25:18,2026-04-07 01:50:37
0xa98514f2c7c725a1d72a691b906171c79184ec96,2026-03-29 15:30:34,0,5,0.45543912101133827,0,1053,2026-03-29 10:25:18,2026-04-07 01:50:37
0x24d1076effedeb0f5c7923bae6fb9f797feead50,2026-03-29 15:30:42,1,5,0.6033155076136173,1,35,2026-03-29 10:25:18,2026-04-07 01:50:37
0x1d47abfa2ef20098ac68319c3c418b98d1c6f49f,2026-03-29 15:30:44,1,5,0.5325434250852065,1,361,2026-03-29 10:25:18,2026-04-07 01:50:37
0x50255851148f5564aec93066edd52f7de518ce88,2026-03-29 15:31:24,1,5,0.5048214413459237,1,609,2026-03-29 10:25:18,2026-04-07 01:50:37
0x6eb286d8844818225fba36d99991c815a6607af1,2026-03-29 15:31:24,0,5,0.5103903444753288,1,567,2026-03-29 10:25:18,2026-04-07 01:50:37
0x17917d1d05bad542df6f523b2a36692b1d193e87,2026-03-29 15:32:12,0,5,0.6030835525489899,1,49,2026-03-29 10:25:18,2026-04-07 01:50:37
0x21d53b2715eb5b818018d7df496a46add8a3e458,2026-03-29 15:32:12,0,5,0.4967405808255316,0,695,2026-03-29 10:25:18,2026-04-07 01:50:37
0xddd1bbc921558f1fe1b53d0db58f5c5ece792739,2026-03-29 15:34:02,0,5,0.5220872096538436,1,442,2026-03-29 10:25:18,2026-04-07 01:50:37
0x54449f9add7c49052a0beed4793bfc208076bbda,2026-03-29 15:34:20,0,5,0.5861928257095711,1,130,2026-03-29 10:25:18,2026-04-07 01:50:37
0xe7e67d4898a259e655bb839268da58de4a1e20b0,2026-03-29 15:35:08,0,5,0.5013606608571223,1,655,2026-03-29 10:25:18,2026-04-07 01:50:37
0x547db0c8fcef2ed4a8de7819a0882b8be3bcea58,2026-03-29 15:35:40,0,5,0.4933193714115514,0,736,2026-03-29 10:25:18,2026-04-07 01:50:37
0x88e225b3a2196efac74b4f188793837c9cc3d474,2026-03-29 15:36:58,0,5,0.586023079912183,1,133,2026-03-29 10:25:18,2026-04-07 01:50:37
0x60889af507ec3f9da136f38b1c58080bec32f361,2026-03-29 16:30:34,0,5,0.27464216744701525,0,1303,2026-03-29 10:25:18,2026-04-07 01:50:37
0x6856bc1c412dee7885410ea05628fa3d6d225610,2026-03-29 16:30:34,0,5,0.5699347598155056,1,173,2026-03-29 10:25:18,2026-04-07 01:50:37
0xf658c7860763abde250bfe9793b10110430b655e,2026-03-29 16:31:14,1,5,0.4483885305736029,0,1092,2026-03-29 10:25:18,2026-04-07 01:50:37
0x2e759c06e2c97ba59663250563426cbe56330143,2026-03-29 16:32:22,0,5,0.5023349761321751,1,637,2026-03-29 10:25:18,2026-04-07 01:50:37
0x1cbd8d0e359518cc800510371cca6173eb2f53de,2026-03-29 16:32:34,1,5,0.5316423082187357,1,369,2026-03-29 10:25:18,2026-04-07 01:50:37
0xd385b4e65c7a9271c0d768b7a1769cb5c879a8fd,2026-03-29 16:32:46,1,5,0.5024676704466856,1,634,2026-03-29 10:25:18,2026-04-07 01:50:37
0xb6a8ee05c95f9893578b1365ef4f3265a831aedf,2026-03-29 16:33:16,0,5,0.27052619761026664,0,1305,2026-03-29 10:25:18,2026-04-07 01:50:37
0xf273115fd8ee63938ed5cd4419eae510baa59050,2026-03-29 16:33:58,0,5,0.4814598440462301,0,857,2026-03-29 10:25:18,2026-04-07 01:50:37
0xd519189d472dd43bf780a6238900cc1dcdf950fb,2026-03-29 16:34:02,0,5,0.48603166442160084,0,805,2026-03-29 10:25:18,2026-04-07 01:50:37
0x4602411d7a9ca3004813da8fec7b46d27d72b0f9,2026-03-29 16:34:54,0,5,0.3835441204952418,0,1241,2026-03-29 10:25:18,2026-04-07 01:50:37
0x7309222ea954061194fa285c388412ca445e3ade,2026-03-29 16:34:58,0,5,0.48158510668632154,0,853,2026-03-29 10:25:18,2026-04-07 01:50:37
0x9291e75b1670fc0e528aed9847769598d8971a44,2026-03-29 16:35:20,0,5,0.3029952585479125,0,1289,2026-03-29 10:25:18,2026-04-07 01:50:37
0x284cf6167f5ff264ae191c2419e4f3874e8ea132,2026-03-29 16:35:22,0,5,0.4419879108520262,0,1114,2026-03-29 10:25:18,2026-04-07 01:50:37
0xec8d7bf83a1db5f06b9535985e58ffd17708dd71,2026-03-29 16:35:24,1,5,0.5852424334678962,1,138,2026-03-29 10:25:18,2026-04-07 01:50:37
0x89b4db53463869e6d1f98a5d03392f94c509f9cb,2026-03-29 16:35:30,0,5,0.4584531304701928,0,1042,2026-03-29 10:25:18,2026-04-07 01:50:37
0x3bd0f7058708eeaed1de29896b60e15c8465e9d5,2026-03-29 16:35:48,1,5,0.5258670166292225,1,407,2026-03-29 10:25:18,2026-04-07 01:50:37
0x3e7b8fbd9dc6b02e9d77d002afddf653dd5a2352,2026-03-29 16:35:48,0,5,0.5112801027555308,1,559,2026-03-29 10:25:18,2026-04-07 01:50:37
0xc78e42efcbf7f545f737daa4c03dba30bec2b19d,2026-03-29 16:35:50,0,5,0.49895022510698567,0,676,2026-03-29 10:25:18,2026-04-07 01:50:37
0x7d0caf83488431bb760f204d52bdf5246e2fa3b7,2026-03-29 16:37:18,0,5,0.6041899654609342,1,2,2026-03-29 10:25:18,2026-04-07 01:50:37
0x1e0e8f5f626370cbc37e4b09a65e5452d9805001,2026-03-29 16:37:22,0,5,0.45323322314300674,0,1070,2026-03-29 10:25:18,2026-04-07 01:50:37
0x505dc5eb04ce1354cefbd728c8ec8f8dc62da39c,2026-03-29 17:31:44,0,5,0.5986641410003842,1,89,2026-03-29 10:25:18,2026-04-07 01:50:37
0x1e82568a501e44317c4806297a4691ec743c7c1c,2026-03-29 17:34:50,0,5,0.3836569625966084,0,1240,2026-03-29 10:25:18,2026-04-07 01:50:37
0xb113b608465fa79fccd0caf4b3495a6fcdd26943,2026-03-29 17:34:50,0,5,0.47828113400159133,0,891,2026-03-29 10:25:18,2026-04-07 01:50:37
0x3f20109538c7bd8bf801bcafd875b878f9b4f5f6,2026-03-29 17:35:08,0,5,0.5934144405083277,1,113,2026-03-29 10:25:18,2026-04-07 01:50:37
0xe90c7d498d548ddc640d50816db9b95ad8a8cd08,2026-03-29 17:35:38,0,5,0.45866001857778776,0,1038,2026-03-29 10:25:18,2026-04-07 01:50:37
0xc05f1698d9e165ef0dd5ab0074c0080d9dc27ab6,2026-03-29 17:35:44,1,5,0.4908660247183318,0,761,2026-03-29 10:25:18,2026-04-07 01:50:37
0x914b819ecfaf0d24bce7d1d16e57992023e5b84a,2026-03-29 17:35:46,0,5,0.5233943731415921,1,426,2026-03-29 10:25:18,2026-04-07 01:50:37
0x4ef325206c3269376259f1b1c8dabfd58a3f064a,2026-03-29 17:36:04,0,5,0.5767612171602005,1,158,2026-03-29 10:25:18,2026-04-07 01:50:37
0x1f58f05402299671d25be85ae8512a267900b523,2026-03-29 17:36:20,0,5,0.5165139038834576,1,512,2026-03-29 10:25:18,2026-04-07 01:50:37
0x4bc5b6aa98b4b3780054f15eba8a6c841d4aa8cb,2026-03-29 17:38:36,0,5,0.4683463766515348,0,975,2026-03-29 10:25:18,2026-04-07 01:50:37
0x55155aa27f90984eee2849a807cdce9a406bfd19,2026-03-29 17:38:36,0,5,0.4436694644607857,0,1110,2026-03-29 10:25:18,2026-04-07 01:50:37
0x56897545781540e2180cc882256b6277837c2b99,2026-03-29 17:38:36,0,5,0.39638777940304565,0,1227,2026-03-29 10:25:18,2026-04-07 01:50:37
0xa9753050608809ac9a610158e49daf7686b142ee,2026-03-29 17:38:36,0,5,0.5250958968681149,1,416,2026-03-29 10:25:18,2026-04-07 01:50:37
0xa90af3e6de05a2cdb24469f1cf188394a019523f,2026-03-29 17:38:38,0,5,0.4754129922321793,0,923,2026-03-29 10:25:18,2026-04-07 01:50:37
0xb3d85298a244040e082b4904ce39cfb41388c8d5,2026-03-29 17:39:20,0,5,0.4773416648976167,0,904,2026-03-29 10:25:18,2026-04-07 01:50:37
0x2c7ec37f83eaba7fa244b432754bcfdd9fd7c08e,2026-03-29 18:32:22,0,5,0.4212904791452498,0,1171,2026-03-29 10:25:18,2026-04-07 01:50:37
0x59ecfb875e41ac2ca2e298ad590c9bbe8980c033,2026-03-29 18:32:50,0,5,0.4775129061307048,0,900,2026-03-29 10:25:18,2026-04-07 01:50:37
0x04c3603dc00b5c744ceeb00c8ba01a20eef6c001,2026-03-29 18:32:52,0,5,0.5953538537695622,1,105,2026-03-29 10:25:18,2026-04-07 01:50:37
0xd421cba032c936deb0e0faa7816647fd4fd18531,2026-03-29 18:34:42,1,5,0.45156772326396005,0,1077,2026-03-29 10:25:18,2026-04-07 01:50:37
0x37f7d5ef95c69cf2134e2979bbec8c334adc466d,2026-03-29 18:34:44,0,5,0.5251958593310939,1,415,2026-03-29 10:25:18,2026-04-07 01:50:37
0x5191f92c7883406df90310553246773a66790c35,2026-03-29 18:34:44,0,5,0.4638994733665761,0,1008,2026-03-29 10:25:18,2026-04-07 01:50:37
0xaff9f248ae1e10b50037db5b1f226ab671091835,2026-03-29 18:34:44,0,5,0.4625000263684698,0,1015,2026-03-29 10:25:18,2026-04-07 01:50:37
0x00408e14c46a05c9f36c9cf3a77fc55f56f09eb8,2026-03-29 18:34:54,1,5,0.6002392611122801,1,83,2026-03-29 10:25:18,2026-04-07 01:50:37
0xd05f7f6f8b0611e6aaabf575a4af43b5687a75d3,2026-03-29 18:35:14,1,5,0.5761456569423956,1,159,2026-03-29 10:25:18,2026-04-07 01:50:37
0xac57efe0c77b262ec47e8de8f9dd8f1f89faf164,2026-03-29 18:35:26,0,5,0.527643003399168,1,397,2026-03-29 10:25:18,2026-04-07 01:50:37
0xe3e2269ba24af601d6e457aaa3ffa338647a7fda,2026-03-29 18:35:26,0,5,0.5345479667120059,1,346,2026-03-29 10:25:18,2026-04-07 01:50:37
0x0b1e4fe271825f5167b22be5f39db558f6abf713,2026-03-29 18:35:48,0,5,0.5257540413183653,1,409,2026-03-29 10:25:18,2026-04-07 01:50:37
0xd6dc8045574c5b1bfb325c313f6d623c59b4194d,2026-03-29 18:35:50,1,5,0.4802847195338467,0,868,2026-03-29 10:25:18,2026-04-07 01:50:37
0x805ad654147e0e8f0aaf5171a73e974290a2ff74,2026-03-29 18:35:54,0,5,0.4816191253823398,0,852,2026-03-29 10:25:18,2026-04-07 01:50:37
0x0a6bad63e4bc2997d7948c6b9ab7b40aee59598d,2026-03-29 18:36:24,0,5,0.5437873787384128,1,281,2026-03-29 10:25:18,2026-04-07 01:50:37
0xae399c0f6a4b475897fb35f8854378f1e085328a,2026-03-29 18:36:26,1,5,0.5495612291664359,1,247,2026-03-29 10:25:18,2026-04-07 01:50:37
0xbecdaa7008a753df1384b0954086a74e5e5f7fd6,2026-03-29 18:36:34,0,5,0.5250273523664398,1,418,2026-03-29 10:25:18,2026-04-07 01:50:37
0x62b6c1a8ceff00b9be9249924e2041a6a4c35de0,2026-03-29 18:36:36,0,5,0.4839951292839895,0,825,2026-03-29 10:25:18,2026-04-07 01:50:37
0xf21dc583bb4ad80666c47c0ddb7f4341a7942e9a,2026-03-29 18:36:36,1,5,0.48173027746158087,0,851,2026-03-29 10:25:18,2026-04-07 01:50:37
0xa355d1ba3e2bd7080fad5b6d03d085922e56d57c,2026-03-29 18:36:38,0,5,0.510625157415916,1,564,2026-03-29 10:25:18,2026-04-07 01:50:37
0xdd978a4101473209c4f486e2a16218e6eb69b6ed,2026-03-29 18:36:38,1,5,0.5218931143744694,1,445,2026-03-29 10:25:18,2026-04-07 01:50:37
0x8ab711b678e20060802ece405a7489a64a863bd1,2026-03-29 18:37:52,0,5,0.4957335324405866,0,706,2026-03-29 10:25:18,2026-04-07 01:50:37
0xc51f199d43221c8a668576f6560723d66147e115,2026-03-29 18:37:52,1,5,0.6007172198604388,1,80,2026-03-29 10:25:18,2026-04-07 01:50:37
0x5298e13c9ebd10baf366f96db7d9691ad6bbf219,2026-03-29 19:34:40,0,5,0.5967354694308628,1,97,2026-03-29 10:25:18,2026-04-07 01:50:37
0x816d7188d607d48d50347c8636d1e2db7e56fe5f,2026-03-29 19:34:40,0,5,0.5972376621156826,1,94,2026-03-29 10:25:18,2026-04-07 01:50:37
0xa6b4410dbc419711b0077e5f36f22835f5348011,2026-03-29 19:34:42,0,5,0.45338861267993796,0,1069,2026-03-29 10:25:18,2026-04-07 01:50:37
0x3f176a240c7b6c0e470bf150f43fc1c883de7035,2026-03-29 19:36:30,0,5,0.5937561267003116,1,112,2026-03-29 10:25:18,2026-04-07 01:50:37
0x0d79878ab241a0139065317d69823001dc3c5a4c,2026-03-29 19:36:42,0,5,0.49579394104080593,0,704,2026-03-29 10:25:18,2026-04-07 01:50:37
0x84ac5197051d228ce45cd9f9d02a658aa0a040d1,2026-03-29 19:37:16,0,5,0.4639520072170166,0,1006,2026-03-29 10:25:18,2026-04-07 01:50:37
0x79edebbfe4bb79d53ba2e1519778725b4fd5d3d7,2026-03-29 19:37:20,1,5,0.5467797554951181,1,263,2026-03-29 10:25:18,2026-04-07 01:50:37
0x32658d61f095d603fa7f8ea57799d392131334c3,2026-03-29 19:37:26,0,5,0.3696776301469165,0,1255,2026-03-29 10:25:18,2026-04-07 01:50:37
0x0a188a7040713b696b17fa75d9a203dd78c2364c,2026-03-29 19:38:46,0,5,0.5246437961417143,1,421,2026-03-29 10:25:18,2026-04-07 01:50:37
0x69627ee39f7e8aef936f2080c7dccb56ba910629,2026-03-29 19:39:40,0,5,0.4663989583764263,0,989,2026-03-29 10:25:18,2026-04-07 01:50:37
0xf01de55e2516f233f18d916bcd9a4d97968f7940,2026-03-29 19:41:52,0,5,0.4818791728614851,0,844,2026-03-29 10:25:18,2026-04-07 01:50:37
0xbb72bb2f01162e5c398fa1f8a4fb01d7ba9e8792,2026-03-29 20:33:54,0,5,0.5375006665795857,1,319,2026-03-29 10:25:18,2026-04-07 01:50:37
0xb4f7bcde01d23ec8d75c3499113e17d8ffd7816a,2026-03-29 20:35:16,0,5,0.517473901551741,1,502,2026-03-29 10:25:18,2026-04-07 01:50:37
0x91432313ca44aac4153787808c374494ed6b77f8,2026-03-29 20:35:20,0,5,0.45127134216334236,0,1078,2026-03-29 10:25:18,2026-04-07 01:50:37
0x2c50b0b2992ea5cb444a6097b68bcd9fb09589b6,2026-03-29 20:37:10,1,5,0.6033119394926532,1,40,2026-03-29 10:25:18,2026-04-07 01:50:37
0x28927a9560a5d28b13cb2032449117160195057f,2026-03-29 20:37:18,1,5,0.49459368910113505,0,719,2026-03-29 10:25:18,2026-04-07 01:50:37
0xa62b6969d15ba8f91a6f6642dc0194ec851d0f85,2026-03-29 20:37:24,0,5,0.45490750036830935,0,1057,2026-03-29 10:25:18,2026-04-07 01:50:37
0x33c2fc1d1f4409f258e7cd3657bac95e5b7b06a7,2026-03-29 20:37:34,0,5,0.43623104785854266,0,1134,2026-03-29 10:25:18,2026-04-07 01:50:37
0x6dbeb893f2f2d9b4ec625b844bdc3d1c3dbc4aab,2026-03-29 20:37:56,1,5,0.5185149344433728,1,486,2026-03-29 10:25:18,2026-04-07 01:50:37
0x7da856276a528342814d6eb96c44cceab5645da5,2026-03-29 20:40:26,1,5,0.4832361895254865,0,832,2026-03-29 10:25:18,2026-04-07 01:50:37
0x53ac6f9696942f18905a4ad63819e57cab35a954,2026-03-29 20:42:08,0,5,0.4840698406867312,0,823,2026-03-29 10:25:18,2026-04-07 01:50:37
0x269ee09b84ad313a005d1fb342c7fbb436e3ada9,2026-03-29 20:42:12,0,5,0.6023266150802914,1,63,2026-03-29 10:25:18,2026-04-07 01:50:37
0xa5c227c53a1f4b388b86096d8a35b4b53c0d4933,2026-03-29 20:42:26,0,5,0.5628378874351989,1,197,2026-03-29 10:25:18,2026-04-07 01:50:37
0x74d84cf65361dfbfe95b1278d420dd0ddad1b044,2026-03-29 20:43:20,1,5,0.41097180408315626,0,1203,2026-03-29 10:25:18,2026-04-07 01:50:37
0xa41520ea8271085561a0099311862ce6f1976fb9,2026-03-29 21:36:38,1,5,0.5229332232903491,1,430,2026-03-29 10:25:18,2026-04-07 01:50:37
0x6be390be93d9c70602343b954ab3fec4d9f38344,2026-03-29 21:37:36,1,5,0.47762924569378107,0,895,2026-03-29 10:25:18,2026-04-07 01:50:37
0xd92f13f9c20e5739aae98032e443b13d9d823d83,2026-03-29 21:37:38,0,5,0.30650287585520863,0,1286,2026-03-29 10:25:18,2026-04-07 01:50:37
0x9daac4f625be2e23591d79b14a474e04a3ae950b,2026-03-29 21:38:34,0,5,0.4924242413777148,0,742,2026-03-29 10:25:18,2026-04-07 01:50:37
0x9c6dbb002745d57e2998165095e78b90d631f6d2,2026-03-29 21:38:44,0,5,0.5288121113936688,1,386,2026-03-29 10:25:18,2026-04-07 01:50:37
0xac5895ee371f5468e2a122247e90090202f8069a,2026-03-29 21:38:50,1,5,0.4699321031107601,0,962,2026-03-29 10:25:18,2026-04-07 01:50:37
0xc0b4a144ec912a8b8eb4d845ebe00e70c80cd7fd,2026-03-29 21:38:52,1,5,0.4726848241482517,0,948,2026-03-29 10:25:18,2026-04-07 01:50:37
0xbb27423b9edf31f43bbd0c7ede7c6fc63019cc9d,2026-03-29 21:38:58,1,5,0.4698976999977277,0,963,2026-03-29 10:25:18,2026-04-07 01:50:37
0x0bd6da64c041e7cd802b9c95c1b4da164e028c92,2026-03-29 21:39:00,0,5,0.5359784747082186,1,333,2026-03-29 10:25:18,2026-04-07 01:50:37
0x3b6bbb7dacdcca1b783edb28d33339a282acb46a,2026-03-29 21:39:02,0,5,0.5170241197296112,1,506,2026-03-29 10:25:18,2026-04-07 01:50:37
0xb988fb52d8cf7bcd836f30b5bba177d706d9f50f,2026-03-29 21:39:32,0,5,0.5173902767756311,1,503,2026-03-29 10:25:18,2026-04-07 01:50:37
0x9471feba4b6445a2190fb493cb3069176b38eb8a,2026-03-29 21:39:42,0,5,0.4911952956879544,0,759,2026-03-29 10:25:18,2026-04-07 01:50:37
0x0a84efb94d21e2b469af71b94b6a3e831450fd2a,2026-03-29 21:39:44,0,5,0.5200922385130913,1,461,2026-03-29 10:25:18,2026-04-07 01:50:37
0x172b6b47cccc681c12246db1ec09f64a83dfa4c4,2026-03-29 21:39:44,0,5,0.5200892614632043,1,462,2026-03-29 10:25:18,2026-04-07 01:50:37
0x42179f56f96786cb24ecedfe8a46a58be797f6e2,2026-03-29 21:39:44,0,5,0.5201818023907745,1,457,2026-03-29 10:25:18,2026-04-07 01:50:37
0x477e62f97f13444a7601b73bc08cdd1df3977d74,2026-03-29 21:39:44,0,5,0.5346828371200082,1,345,2026-03-29 10:25:18,2026-04-07 01:50:37
0x876ed1e66a73b7b5ab7424d88a2930df0233fb77,2026-03-29 21:39:44,0,5,0.5200892614632043,1,463,2026-03-29 10:25:18,2026-04-07 01:50:37
0xa6e2fbf43e456c88446dd697f33af4dd5f6985a3,2026-03-29 21:39:44,0,5,0.5200892614632043,1,464,2026-03-29 10:25:18,2026-04-07 01:50:37
0xc1738962d79dd64d372ba0077d8943d54c94618c,2026-03-29 21:41:04,0,5,0.541014175626297,1,297,2026-03-29 10:25:18,2026-04-07 01:50:37
0x53ea09023844c725a159f6c2c7b9d491e107a65f,2026-03-29 21:41:42,0,5,0.5264129031808163,1,404,2026-03-29 10:25:18,2026-04-07 01:50:37
0x6e7063c980e56823a60c6a25671385d86f54f06f,2026-03-29 21:41:42,0,5,0.4447854266748735,0,1107,2026-03-29 10:25:18,2026-04-07 01:50:37
0x6b5401acb5a19f63383583cd05b8f93c19c0a860,2026-03-29 21:42:10,0,5,0.47789368317553643,0,894,2026-03-29 10:25:18,2026-04-07 01:50:37
0x984840698f9d4cc6fa7d0056a7251bcdb280b0ba,2026-03-29 21:43:28,0,5,0.41794065347611387,0,1182,2026-03-29 10:25:18,2026-04-07 01:50:37
0x008f3a2cf1017081f7dfb4386e379249d24e2c48,2026-03-29 21:44:20,0,5,0.47861920269145575,0,886,2026-03-29 10:25:18,2026-04-07 01:50:37
0x28700cc043e47cc136a4086a7fd1b059795fed37,2026-03-29 21:44:20,0,5,0.46411008525574377,0,1004,2026-03-29 10:25:18,2026-04-07 01:50:37
0xd0ad2932bed3d3507faace4a42c3fb0749626ee0,2026-03-29 22:36:52,0,5,0.527275002949533,1,401,2026-03-29 10:25:18,2026-04-07 01:50:37
0xf9e5026dce8bcc009f62f442c75ec65dc8ea4a82,2026-03-29 22:37:46,0,5,0.41331964180093733,0,1196,2026-03-29 10:25:18,2026-04-07 01:50:37
0x9402884ec6e9c1d26b4cd12d7d7fdca3d1f8e673,2026-03-29 22:38:26,0,5,0.48743151965516657,0,790,2026-03-29 10:25:18,2026-04-07 01:50:37
0x3682d378eff436fe0fd9069afc940980d36b2e58,2026-03-29 22:38:48,0,5,0.48506845738840515,0,816,2026-03-29 10:25:18,2026-04-07 01:50:37
0xf6feac0671668f18dbe06787887ba3224f09edae,2026-03-29 22:39:56,1,5,0.6033676020409513,1,27,2026-03-29 10:25:18,2026-04-07 01:50:37
0x403354965702b98d6cde7b88c08e1452db3c48c5,2026-03-29 22:39:58,1,5,0.41637749936209645,0,1185,2026-03-29 10:25:18,2026-04-07 01:50:37
0x407eb7522f7f5550bfc03eb85c59501d546dffd4,2026-03-29 22:40:14,0,5,0.4750828336275332,0,928,2026-03-29 10:25:18,2026-04-07 01:50:37
0x767deb25f52a6d29db2b36b3a9698528692f34fe,2026-03-29 22:40:14,1,5,0.4886527659671498,0,783,2026-03-29 10:25:18,2026-04-07 01:50:37
0xf931b447a7570f52c3eb67e3a8192c4f48861928,2026-03-29 22:40:54,0,5,0.535878443910173,1,336,2026-03-29 10:25:18,2026-04-07 01:50:37
0x9ee5b6e5f72fcdf8ea37f8ed0fc8887716d40efd,2026-03-29 22:41:14,1,5,0.5326475185219532,1,358,2026-03-29 10:25:18,2026-04-07 01:50:37
0xad440299df8e2b4caa378f3938b1dfb0a4bcd69b,2026-03-29 22:41:14,1,5,0.5381932337395938,1,314,2026-03-29 10:25:18,2026-04-07 01:50:37
0x66ca4a31daa41be783df39f603bcb3de379d3637,2026-03-29 22:41:20,0,5,0.5311924365973126,1,373,2026-03-29 10:25:18,2026-04-07 01:50:37
0xb9b14d8f379d9171cd0ef887f853678af4ffb91d,2026-03-29 22:41:50,0,5,0.49522867260533293,0,710,2026-03-29 10:25:18,2026-04-07 01:50:37
0xd871accb62dc87ee234fb5135e5140d3ffc3a133,2026-03-29 22:41:52,0,5,0.43275501219361245,0,1145,2026-03-29 10:25:18,2026-04-07 01:50:37
0x1e57aa5e01119dc6f55e983b71bbb7096bef7d12,2026-03-29 22:43:46,0,5,0.34333873348083227,0,1269,2026-03-29 10:25:18,2026-04-07 01:50:37
0xf4464ad9b2f3970b4a2848445dea1ca00d0caaba,2026-03-29 22:44:34,0,5,0.46280695793048776,0,1013,2026-03-29 10:25:18,2026-04-07 01:50:37
0x1545ecd39d062b72eb0ac183a134f35b33d63d97,2026-03-29 22:44:36,0,5,0.5653789023735963,1,190,2026-03-29 10:25:18,2026-04-07 01:50:37
0x46dc4d10c6cc53734beb8f864b3d23e65c9192c3,2026-03-29 22:44:36,0,5,0.5023165315253868,1,638,2026-03-29 10:25:18,2026-04-07 01:50:37
0x3c0d1aff1d952f763eb01e147a891d702e20a6d4,2026-03-29 23:39:44,0,5,0.566490727331948,1,185,2026-03-29 10:25:18,2026-04-07 01:50:37
0x54f4a773ef9238e5961b8c83a232ae06d998c0ad,2026-03-29 23:39:44,0,5,0.5072609094281395,1,589,2026-03-29 10:25:18,2026-04-07 01:50:37
0xed74eaeb77a24177b6db810fc05e59332aaa345b,2026-03-29 23:39:44,0,5,0.4941728357306506,0,726,2026-03-29 10:25:18,2026-04-07 01:50:37
0xf60ff6cceee8f2d1aa63a8038d51656646776aa3,2026-03-29 23:39:44,0,5,0.442320117088592,0,1113,2026-03-29 10:25:18,2026-04-07 01:50:37
0x3b14471789e42dbda4280d8444e171ae460a5301,2026-03-29 23:39:48,0,5,0.45038081730101903,0,1084,2026-03-29 10:25:18,2026-04-07 01:50:37
0xb68af51ab0426149589a67073105b72dc075aa1b,2026-03-29 23:39:50,0,5,0.3249407891823721,0,1278,2026-03-29 10:25:18,2026-04-07 01:50:37
0xa945a37ecfcdd8ea38c327eabe7b92a6fd5e6aa1,2026-03-29 23:40:08,0,5,0.5955399083306339,1,104,2026-03-29 10:25:18,2026-04-07 01:50:37
0x3a1dd973eb7b418dedc537e44d57a7323f309e5f,2026-03-29 23:40:12,1,5,0.47694731237104515,0,909,2026-03-29 10:25:18,2026-04-07 01:50:37
0x1b8fd32e5e171c8f07f05f3b0ef904be732ff31b,2026-03-29 23:40:20,0,5,0.5037128222344641,1,616,2026-03-29 10:25:18,2026-04-07 01:50:37
0x8fe9f78102c6f550b6bb88ba695e45917df2c6dc,2026-03-29 23:40:20,1,5,0.4916460694036422,0,753,2026-03-29 10:25:18,2026-04-07 01:50:37
0x45becf6c855ab28fc03160e0c5d7190c98b90f0b,2026-03-29 23:41:04,0,5,0.5001912936020877,1,664,2026-03-29 10:25:18,2026-04-07 01:50:37
0x3c594030708b139c742bfb54425023e3cc743887,2026-03-29 23:42:30,0,5,0.45881795682206733,0,1036,2026-03-29 10:25:18,2026-04-07 01:50:37
0x293fd8b11a5ba291246dfc30c68ef3e9b9a7d3db,2026-03-29 23:42:44,0,5,0.4963498811083207,0,702,2026-03-29 10:25:18,2026-04-07 01:50:37
0x212e05329904bac12a9c5ea1c92d1986464c6ff3,2026-03-29 23:42:56,0,5,0.513653412188355,1,536,2026-03-29 10:25:18,2026-04-07 01:50:37
0x11ccedfed216b94681c74b462d8abf25ac78c43f,2026-03-29 23:45:12,0,5,0.5354305169786276,1,341,2026-03-29 10:25:18,2026-04-07 01:50:37
0x83d9c8fe37f1b5141f3219219403d87f4513651b,2026-03-29 23:45:12,0,5,0.6035866580408804,1,11,2026-03-29 10:25:18,2026-04-07 01:50:37
0x164724f67e0131a4863105f50478e29f8d80006d,2026-03-29 23:45:38,0,5,0.603348477190637,1,28,2026-03-29 10:25:18,2026-04-07 01:50:37
0xdbf23702ffc51de37df1c284387f41dd64dee987,2026-03-30 00:39:56,0,5,0.44092226749066926,0,1119,2026-03-29 10:25:18,2026-04-07 01:50:37
0xe07027b7c8313baf5dd6fdb542aa83ee5e20769f,2026-03-30 00:39:56,0,5,0.3276100716415198,0,1275,2026-03-29 10:25:18,2026-04-07 01:50:37
0xbf8b792a9c21de41aaafcdfdc462c8be67b0c7b6,2026-03-30 00:39:58,0,5,0.5355841075282959,1,338,2026-03-29 10:25:18,2026-04-07 01:50:37
0x55452597a95f5ca779c836f35c83b426b1894fc5,2026-03-30 00:40:00,0,5,0.4747260785669638,0,933,2026-03-29 10:25:18,2026-04-07 01:50:37
0x60d47217889e30dee7155b09472aa928bcc0efac,2026-03-30 00:40:04,1,5,0.5992522365030978,1,88,2026-03-29 10:25:18,2026-04-07 01:50:37
0x5f455934da6aed36eaaae2d43e0f01d5b51011e2,2026-03-30 00:42:08,0,5,0.4638110484342284,0,1010,2026-03-29 10:25:18,2026-04-07 01:50:37
0x86c7ecae3dca4d8477ba6af2e5d6d56aa2edf137,2026-03-30 00:42:08,0,5,0.5513077321472776,1,243,2026-03-29 10:25:18,2026-04-07 01:50:37
0xdc1c3f8e00c4085bbf9358ed29f932c63a50debb,2026-03-30 00:42:08,1,5,0.601533620971079,1,75,2026-03-29 10:25:18,2026-04-07 01:50:37
0x91b2eefb535c5bfaa35fdf415f154ed90eb59997,2026-03-30 00:42:26,0,5,0.4797207356025727,0,875,2026-03-29 10:25:18,2026-04-07 01:50:37
0xb6e624016ecc15c8643740f6e5e112a0ee12f81b,2026-03-30 00:42:26,0,5,0.4797207356025727,0,876,2026-03-29 10:25:18,2026-04-07 01:50:37
0xdeb95aaa5cb2a041bfa3c061fbda7d4162779390,2026-03-30 00:42:42,0,5,0.49502784192839494,0,714,2026-03-29 10:25:18,2026-04-07 01:50:37
0x88bc3495935bfa8e176073ac56a5450690628235,2026-03-30 00:45:24,0,5,0.549412226914087,1,248,2026-03-29 10:25:18,2026-04-07 01:50:37
0xe72c1866d8bcdc32aa50697236de339a19696746,2026-03-30 00:46:06,0,5,0.5507431272553088,1,246,2026-03-29 10:25:18,2026-04-07 01:50:37
0xa77035ffc29ec4fe8ba00f570cbd20688faf6eb8,2026-03-30 00:46:08,0,5,0.4478547843118299,0,1095,2026-03-29 10:25:18,2026-04-07 01:50:37
0xafb3c511c99e9238c3a2c594e7803a30a6177530,2026-03-30 01:41:20,0,5,0.5036612930849077,1,617,2026-03-29 10:25:18,2026-04-07 01:50:37
0xa7987cce691dcc8a72e754d00304b571579a3a84,2026-03-30 01:42:52,0,5,0.5381284266081093,1,315,2026-03-29 10:25:18,2026-04-07 01:50:37
0xce2731642fd69ab7ebb028afe62f11f75a1e8a7d,2026-03-30 01:42:56,0,5,0.48106028657256467,0,862,2026-03-29 10:25:18,2026-04-07 01:50:37
0xb29137ccb38453031cbb25edc3b9b96c58ee6d2e,2026-03-30 01:43:04,0,5,0.49422192715572894,0,725,2026-03-29 10:25:18,2026-04-07 01:50:37
0xe217bd6fd20e9c94a14d90996abcafe4719e5c75,2026-03-30 01:43:40,0,5,0.5136337678783657,1,539,2026-03-29 10:25:18,2026-04-07 01:50:37
0xf71a41241cf09cdeef473a7c52ed1121be4dc2ec,2026-03-30 01:45:28,0,5,0.42903211118234336,0,1155,2026-03-29 10:25:18,2026-04-07 01:50:37
0xf500f5a1697919ecc30bba5f6a2ece89088b958d,2026-03-30 01:47:32,0,5,0.5316730756552136,1,367,2026-03-29 10:25:18,2026-04-07 01:50:37
0x7d85d4a8a25c9018eb247a065c7175c3d69fdef1,2026-03-30 01:48:14,0,5,0.5048443987062411,1,608,2026-03-29 10:25:18,2026-04-07 01:50:37
0xa754e762e12bbc68c22ccda05357003e3d1a1368,2026-03-30 01:48:14,1,5,0.5093663186050161,1,578,2026-03-29 10:25:18,2026-04-07 01:50:37
0x36f9d57c26e2ad37f2e07e4d8b724be9f12c5445,2026-03-30 01:49:12,1,5,0.4768249194531757,0,912,2026-03-29 10:25:18,2026-04-07 01:50:37
0x79483100ebcd5f117d6f3763945f2164d1d9a8a2,2026-03-30 03:14:06,0,5,0.6035973600424787,1,9,2026-03-29 10:25:18,2026-04-07 01:50:37
0x190ac9f24b3ef0f0b87be5569046ba7d8ba883b6,2026-03-30 03:14:10,0,5,0.6035973601138249,1,6,2026-03-29 10:25:18,2026-04-07 01:50:37
0x57b02721acb2ca5fbbf0d075423d4cbf600fb461,2026-03-30 03:14:18,1,5,0.577530656252512,1,153,2026-03-29 10:25:18,2026-04-07 01:50:37
0xbb5f415065a925646a173c5ef40425598aef2eca,2026-03-30 03:14:22,0,5,0.5728007596157717,1,168,2026-03-29 10:25:18,2026-04-07 01:50:37
0x2bc01f3ad80e31f5bf3d80775b044f0c67797871,2026-03-30 03:15:48,0,5,0.4304751899119592,0,1151,2026-03-29 10:25:18,2026-04-07 01:50:37
0x38921e5e4f53d5e43cfc7daa6dc8df9645b14093,2026-03-30 03:16:04,1,5,0.4655668483055447,0,991,2026-03-29 10:25:18,2026-04-07 01:50:37
0x641450e213ac6dc3c03111e1a729599728cb3520,2026-03-30 03:16:56,0,5,0.5392616665841479,1,309,2026-03-29 10:25:18,2026-04-07 01:50:37
0xa7156a381266111b3c243376abdbdb9091595b3b,2026-03-30 03:17:30,0,5,0.5198203834003358,1,467,2026-03-29 10:25:18,2026-04-07 01:50:37
0xbd19246feb3f0194141013ccb71fb01c8e05cece,2026-03-30 03:17:30,1,5,0.5074147973304993,1,588,2026-03-29 10:25:18,2026-04-07 01:50:37
0x3e5d9a361b4d1b37bc887ae58d321b11d4ed6c8c,2026-03-30 03:17:58,0,5,0.5618275961683635,1,202,2026-03-29 10:25:18,2026-04-07 01:50:37
0x6ebca419255cd1a37d9505181c0cad69562a4a5c,2026-03-30 03:17:58,0,5,0.6028004597150823,1,56,2026-03-29 10:25:18,2026-04-07 01:50:37
0xb94d004c088a8dab2613a9795b6e59da5e6b2952,2026-03-30 03:18:28,0,5,0.3933882878601857,0,1232,2026-03-29 10:25:18,2026-04-07 01:50:37
0xc9dfaefb04cad67ae2d583eed338120ccfb88239,2026-03-30 03:18:30,1,5,0.6033376301606832,1,31,2026-03-29 10:25:18,2026-04-07 01:50:37
0x7ee24ea5b2cd2050f8e7b28021ce935a57f0270b,2026-03-30 03:18:34,0,5,0.456002408672496,0,1050,2026-03-29 10:25:18,2026-04-07 01:50:37
0x1c1172e5cf08c75df2840f0ee160817dde97778f,2026-03-30 03:18:44,0,5,0.6033119751032668,1,38,2026-03-29 10:25:18,2026-04-07 01:50:37
0x9fa50cb277c8503210dd69c1c526c27501a6d07d,2026-03-30 03:18:46,0,5,0.4567905558145002,0,1046,2026-03-29 10:25:18,2026-04-07 01:50:37
0x9bf5d7a8f3c6016bd62c835b525dccfb727a0acc,2026-03-30 03:18:58,1,5,0.6034546585367602,1,23,2026-03-29 10:25:18,2026-04-07 01:50:37
0xd6d548afece12d6a7d0956f43d0e76f2ed14f2c6,2026-03-30 03:19:00,0,5,0.4739693821258658,0,939,2026-03-29 10:25:18,2026-04-07 01:50:37
0x177a87851c0284eae773a09420ab640a8d709e2e,2026-03-30 03:19:08,0,5,0.46442974931320674,0,999,2026-03-29 10:25:18,2026-04-07 01:50:37
0xc5e76f106cc9992057d79e09e28e0643b1be6254,2026-03-30 03:19:12,1,5,0.5428136983888457,1,284,2026-03-29 10:25:18,2026-04-07 01:50:37
0x2cb488d8066cd7d65a6b15331b82364474a45445,2026-03-30 03:20:28,1,5,0.5187798068418569,1,483,2026-03-29 10:25:18,2026-04-07 01:50:37
0x5d6fdafac0a553b813365529d1a304f1a4ace3fe,2026-03-30 03:20:28,0,5,0.5188258412699736,1,481,2026-03-29 10:25:18,2026-04-07 01:50:37
0x139c4e5fd2f2f0d5460dd1b4c9b6ad91097597c4,2026-03-30 03:21:42,0,5,0.41702328412195083,0,1183,2026-03-29 10:25:18,2026-04-07 01:50:37
0xce40dfcadb47fe46c8e8ecd2200661335ffacc4f,2026-03-30 04:15:02,0,5,0.5900038997716881,1,120,2026-03-29 10:25:18,2026-04-07 01:50:37
0xcefdbb56edcdd02461dd0664a9b6410bd35abe00,2026-03-30 04:15:02,0,5,0.562703396878459,1,198,2026-03-29 10:25:18,2026-04-07 01:50:37
0xa280dce5b897be69a06ba3ad6ad4cf188f8da61a,2026-03-30 04:16:12,1,5,0.5977358157262985,1,92,2026-03-29 10:25:18,2026-04-07 01:50:37
0xecc7f924913a7082b2734cd4f2bc7a17786ae20d,2026-03-30 04:16:54,0,5,0.5101035273204628,1,572,2026-03-29 10:25:18,2026-04-07 01:50:37
0x046acc58d9944b94e4e779c5ed157f8942f53c52,2026-03-30 04:16:56,0,5,0.49523274716396154,0,709,2026-03-29 10:25:18,2026-04-07 01:50:37
0x1202075d6876f01ef53faf934619a9fdad5383f0,2026-03-30 04:16:56,0,5,0.48699696434983925,0,792,2026-03-29 10:25:18,2026-04-07 01:50:37
0x189b05c8d7e170794857067691a826d865fbb812,2026-03-30 04:16:56,0,5,0.4877119113051979,0,786,2026-03-29 10:25:18,2026-04-07 01:50:37
0x3a2806c2a1527b21060d2b19739e27211de62a99,2026-03-30 04:16:56,0,5,0.4776000973418102,0,896,2026-03-29 10:25:18,2026-04-07 01:50:37
0x538a3625e07c7cccd5b893e6495c375dd514e2e6,2026-03-30 04:16:56,0,5,0.5061459509320559,1,598,2026-03-29 10:25:18,2026-04-07 01:50:37
0x5684acfac83c0022e5cc692962c4d008885bd5a7,2026-03-30 04:16:56,0,5,0.48393358453174723,0,826,2026-03-29 10:25:18,2026-04-07 01:50:37
0x6a8dffd19cc073fd90f407234a3788911b1bb9b9,2026-03-30 04:16:56,0,5,0.4633917048354745,0,1012,2026-03-29 10:25:18,2026-04-07 01:50:37
0x6e2518370e24567a93d1b6dd70298de8a2241f57,2026-03-30 04:16:56,0,5,0.48687818563236124,0,794,2026-03-29 10:25:18,2026-04-07 01:50:37
0x6ffc00fedb61fa3f620e5648a57aa51f3c32e794,2026-03-30 04:16:56,0,5,0.5301117826779038,1,376,2026-03-29 10:25:18,2026-04-07 01:50:37
0x856c56d368c5b1fd317338343df55aa9eec4cdc3,2026-03-30 04:16:56,0,5,0.5136528376736266,1,537,2026-03-29 10:25:18,2026-04-07 01:50:37
0x9e18a5ca0b6b821460956f42d9c6e881da1b2db1,2026-03-30 04:16:56,0,5,0.4866393839931607,0,797,2026-03-29 10:25:18,2026-04-07 01:50:37
0xa5863f791d5b32729adac2f5670158008ca7a6ca,2026-03-30 04:16:56,1,5,0.48405876804720344,0,824,2026-03-29 10:25:18,2026-04-07 01:50:37
0xa62df4648bc9877d17fdf90b436890dcb9c0caba,2026-03-30 04:16:56,0,5,0.49589495395628713,0,703,2026-03-29 10:25:18,2026-04-07 01:50:37
0xc320601af2664dfa2cd579c163b64de17368a219,2026-03-30 04:16:56,0,5,0.5301117826779038,1,377,2026-03-29 10:25:18,2026-04-07 01:50:37
0xdac0ede01c6711d06c2d75b22c5b5862aac4c2b4,2026-03-30 04:16:56,1,5,0.49519631532849434,0,711,2026-03-29 10:25:18,2026-04-07 01:50:37
0xf9bd21cc24b135b437c606e3c89d242d5258fdfb,2026-03-30 04:16:56,0,5,0.5136528376736266,1,538,2026-03-29 10:25:18,2026-04-07 01:50:37
0x7b27d3dff6de8255dfa5c2af12f96c1bde5cba51,2026-03-30 04:16:58,0,5,0.5528892036881201,1,237,2026-03-29 10:25:18,2026-04-07 01:50:37
0x518eca7e05969b684aa0ed0f7f60516a5ee70913,2026-03-30 04:18:48,0,5,0.534834534816287,1,344,2026-03-29 10:25:18,2026-04-07 01:50:37
0x15a19c920beb7996db9d4873d3ea56c93d8424d2,2026-03-30 04:19:32,1,5,0.49021755540427875,0,768,2026-03-29 10:25:18,2026-04-07 01:50:37
0xa9d674dc3c76b3f2dc77a3d2d19edf4d65dea483,2026-03-30 04:19:34,1,5,0.4478102024993614,0,1096,2026-03-29 10:25:18,2026-04-07 01:50:37
0x0f73be5d74936ce4d7c7461702bf686efdbb71b7,2026-03-30 04:19:36,1,5,0.6035256690085541,1,16,2026-03-29 10:25:18,2026-04-07 01:50:37
0x325548646fb7c30f94c873a0d295926c62303b1e,2026-03-30 04:19:44,1,5,0.5026601098818871,1,627,2026-03-29 10:25:18,2026-04-07 01:50:37
0x991f81e6344646ed7f419d79ddf9e6a9dea6d3c2,2026-03-30 08:31:50,0,5,0.3705426907218623,0,1252,2026-03-29 10:25:18,2026-04-07 01:50:37
0xbfd56b3d494efd59299acd6e7c996f450615f422,2026-03-30 08:32:04,0,5,0.5330355444483384,1,357,2026-03-29 10:25:18,2026-04-07 01:50:37
0x20971cb373bbe25023092ddf354ea8e5137f8063,2026-03-30 08:32:32,0,5,0.5749233071762515,1,162,2026-03-29 10:25:18,2026-04-07 01:50:37
0x7c2b4f2f419389025cfe490f368aa8cd15fcce9b,2026-03-30 08:32:46,0,5,0.505827167717495,1,600,2026-03-29 10:25:18,2026-04-07 01:50:37
0x9b35b2301e122b83a587bebba4c66888b9a15da2,2026-03-30 08:32:46,0,5,0.5959386357066541,1,102,2026-03-29 10:25:18,2026-04-07 01:50:37
0xe5cc081836b541cdb8b6d495b77ca69e06f6cae7,2026-03-30 08:32:46,0,5,0.4494833477112973,0,1087,2026-03-29 10:25:18,2026-04-07 01:50:37
0x66af593beca4ea57c3d88ea2b757b82a9e3279d6,2026-03-30 08:33:06,1,5,0.5542249406736797,1,229,2026-03-29 10:25:18,2026-04-07 01:50:37
0x035aea735582b1987a86c5e3f0958db5b161ff68,2026-03-30 08:33:16,0,5,0.48176377820723487,0,849,2026-03-29 10:25:18,2026-04-07 01:50:37
0x831221f024eb57ea8187aa7e417832d122ade7d3,2026-03-30 08:33:16,0,5,0.5486441825888504,1,252,2026-03-29 10:25:18,2026-04-07 01:50:37
0xb1a0b051ce3007469becf74d020828cc9992fb89,2026-03-30 08:33:42,1,5,0.5325953921230742,1,360,2026-03-29 10:25:18,2026-04-07 01:50:37
0x13450311209689356ab6067868e6d7043793ccd6,2026-03-30 08:33:54,0,5,0.5574885345943164,1,217,2026-03-29 10:25:18,2026-04-07 01:50:37
0x1f624696c102b99bea92c75a502fa7e4a6d676f6,2026-03-30 08:34:10,0,5,0.5462700485064419,1,267,2026-03-29 10:25:18,2026-04-07 01:50:37
0xf2d5513630b999ad9b3259999fd7502ff9322c0e,2026-03-30 08:34:10,1,5,0.5124293749973765,1,547,2026-03-29 10:25:18,2026-04-07 01:50:37
0x5f222a6eff5ceff86534b737983ecbaa5f240fb4,2026-03-30 08:34:32,0,5,0.5531625596842987,1,234,2026-03-29 10:25:18,2026-04-07 01:50:37
0x9a10680a157354b0a897b8c8e7f19aeaf32f6a10,2026-03-30 08:34:36,0,5,0.4310264558455119,0,1148,2026-03-29 10:25:18,2026-04-07 01:50:37
0x27ecf1288ded98f5c6183f25197e7ed1837555bc,2026-03-30 08:35:10,1,5,0.39018284469435865,0,1237,2026-03-29 10:25:18,2026-04-07 01:50:37
0xf0d6503fa29b681f177fddf820f06b0f9bbf7c44,2026-03-30 08:35:12,1,5,0.5449024436801341,1,273,2026-03-29 10:25:18,2026-04-07 01:50:37
0xa1fb0648f66ee5009fcdd056ddb2c2904e7e1f23,2026-03-30 08:38:34,0,5,0.48173691820101194,0,850,2026-03-29 10:25:18,2026-04-07 01:50:37
0x61cd2272ac971783e58f3c2679785344a0f4cf34,2026-03-30 09:53:10,1,5,0.5667184518811894,1,184,2026-03-29 10:25:18,2026-04-07 01:50:37
0xfe930d5e8e2ee4e9762b0cc375aa552c0d863eea,2026-03-30 09:53:52,0,5,0.6015993739128191,1,73,2026-03-29 10:25:18,2026-04-07 01:50:37
0xc4a6c9868e51176660a6add6e371939717aa08a0,2026-03-30 09:53:56,1,5,0.5394365094821351,1,308,2026-03-29 10:25:18,2026-04-07 01:50:37
0x959e78c3b0d50fb0593fb9625a3424746d25507c,2026-03-30 09:54:54,0,5,0.48544228019055624,0,811,2026-03-29 10:25:18,2026-04-07 01:50:37
0xecc8b1562f4a521d0856e3f89c5bfa8bba969335,2026-03-30 09:54:54,0,5,0.6031030818371971,1,48,2026-03-29 10:25:18,2026-04-07 01:50:37
0x116c6d1117c8690203bad2e6c5bee0d9f27fe162,2026-03-30 09:55:04,0,5,0.36591298847002396,0,1259,2026-03-29 10:25:18,2026-04-07 01:50:37
0xaf3664fc552ce121622f4d9327fdee36e853ab18,2026-03-30 09:55:06,0,5,0.5942520325118994,1,110,2026-03-29 10:25:18,2026-04-07 01:50:37
0x84e11b7e38e9177c811489152ff487af4f1f61d0,2026-03-30 09:55:34,0,5,0.510523338161225,1,566,2026-03-29 10:25:18,2026-04-07 01:50:37
0x70dbec635412c1568b36174b039f621bcc20f73f,2026-03-30 09:55:38,0,5,0.42201089565436006,0,1170,2026-03-29 10:25:18,2026-04-07 01:50:37
0x8eeb7381fbdf0ca19e84a3dc138e8d16cb1fa4d1,2026-03-30 09:56:28,0,5,0.45453636321259067,0,1062,2026-03-29 10:25:18,2026-04-07 01:50:37
0xdc41c39b95453c943174f369926018f6963bdd7e,2026-03-30 09:56:28,1,5,0.23039186526169347,0,1315,2026-03-29 10:25:18,2026-04-07 01:50:37
0xe00f7538e34a2d12ab46305b3b765d71130c7bba,2026-03-30 09:56:28,0,5,0.5623478454972328,1,200,2026-03-29 10:25:18,2026-04-07 01:50:37
0xe3e3add28ca0aff9a1ab194471db1d271cefc42b,2026-03-30 09:57:40,0,5,0.479267856069053,0,880,2026-03-29 10:25:18,2026-04-07 01:50:37
0xdeca32428d5cf4b1c4d7266a950e20791676ddd5,2026-03-30 09:57:42,0,5,0.5457186702885433,1,270,2026-03-29 10:25:18,2026-04-07 01:50:37
0x5349f06ea77c2d2b5e44dba29c413a455883a09d,2026-03-30 09:58:28,1,5,0.5605510456013426,1,205,2026-03-29 10:25:18,2026-04-07 01:50:37
0x2bee421fc90201c498ab7ff65b877c3cf62f005c,2026-03-30 17:21:51,0,5,0.5114352028156783,1,557,2026-03-29 10:25:18,2026-04-07 01:50:37
0x39e5d051a2ce688fafef84fd7e766b5beaf7e175,2026-03-30 17:21:59,0,5,0.5570295556908978,1,219,2026-03-29 10:25:18,2026-04-07 01:50:37
0xf6a94d5170490d20d5641a7d68d93bb3b0f9cd59,2026-03-30 17:21:59,0,5,0.5479636250365522,1,255,2026-03-29 10:25:18,2026-04-07 01:50:37
0x0a9721647b495fb5d957ea602809b28532e37bff,2026-03-30 17:22:17,0,5,0.36473458351635973,0,1260,2026-03-29 10:25:18,2026-04-07 01:50:37
0xf4b75391f8bcde3f77b0f1fe7dd28ee0a95b6ea3,2026-03-30 17:22:19,0,5,0.48553400318288004,0,810,2026-03-29 10:25:18,2026-04-07 01:50:37
0x726fd4fd2d3f3a48fcbd54d1cecdd933d207d8e7,2026-03-30 17:23:21,0,5,0.5102855309664204,1,569,2026-03-29 10:25:18,2026-04-07 01:50:37
0x06dc51826bc524d9a83770e7de9dd7e005b04524,2026-03-30 17:23:23,0,5,0.41300288175299876,0,1197,2026-03-29 10:25:18,2026-04-07 01:50:37
0x6e1d5040d0ac73709b0621f620d2a60b80d2d0fa,2026-03-30 17:23:23,0,5,0.3799364752661689,0,1245,2026-03-29 10:25:18,2026-04-07 01:50:37
0xbfa85301f2081e9d590f61169b1b520b38a5cd1e,2026-03-30 17:23:53,1,5,0.5997210978194039,1,87,2026-03-29 10:25:18,2026-04-07 01:50:37
0xaf006d8cd82dbb27f968c2b293150dea0c88373c,2026-03-30 17:25:51,0,5,0.5412322444929599,1,292,2026-03-29 10:25:18,2026-04-07 01:50:37
0xd934049d1369190c9307fff692211cd323cd60a0,2026-03-30 17:25:53,0,5,0.31811906086024677,0,1281,2026-03-29 10:25:18,2026-04-07 01:50:37
0xfc7f3628a4a1c06f5af186d2093932e25de3fcac,2026-03-30 17:25:53,0,5,0.489119942289876,0,779,2026-03-29 10:25:18,2026-04-07 01:50:37
0x4b9dde047a9f10b623f04a422130232a9c8d5483,2026-03-30 17:26:09,0,5,0.48177494533261217,0,848,2026-03-29 10:25:18,2026-04-07 01:50:37
0x66af9f9c0618147e8f049b417f07d4a0253f6a09,2026-03-30 17:26:31,0,5,0.4640048741796279,0,1005,2026-03-29 10:25:18,2026-04-07 01:50:37
0xcbb42d9ab6ce548b3cc3ecc9766d9b8e98ad9ed0,2026-03-30 17:26:45,1,5,0.5978735599429702,1,90,2026-03-29 10:25:18,2026-04-07 01:50:37
0x21c9d144b6746048480dc486427a2ac9d8ebc881,2026-03-30 17:26:47,0,5,0.419992070354287,0,1173,2026-03-29 10:25:18,2026-04-07 01:50:37
0x66648183e7ff9576b53a43e0626b9c1feefade98,2026-03-30 17:26:47,0,5,0.5321245137244683,1,363,2026-03-29 10:25:18,2026-04-07 01:50:37
0xc8dc0fb4da2b78a377979fe26dea7b9321677423,2026-03-30 17:26:47,0,5,0.49285932308309405,0,739,2026-03-29 10:25:18,2026-04-07 01:50:37
0x0843b63f312fb74a0df3f2b8c3ff54e1b15c293d,2026-03-30 17:27:07,0,5,0.49993772258059666,0,667,2026-03-29 10:25:18,2026-04-07 01:50:37
0x79d2acce9fe2b7a08885254b7bc426fe96e41ccd,2026-03-30 17:27:07,0,5,0.4635397022183542,0,1011,2026-03-29 10:25:18,2026-04-07 01:50:37
0xa8f0e99ae40ae9fce10fa8a3dac34c4d612af080,2026-03-30 17:27:07,1,5,0.5947655752970306,1,106,2026-03-29 10:25:18,2026-04-07 01:50:37
0xeae9b027317b5cc5e37f38291772461d61eb6b49,2026-03-30 17:27:07,1,5,0.5050175856060739,1,607,2026-03-29 10:25:18,2026-04-07 01:50:37
0x99be4828a6207743a31dbcd7d8e1313da8b13622,2026-03-30 17:27:11,0,5,0.57996022689537,1,148,2026-03-29 10:25:18,2026-04-07 01:50:37
0xa3fca8beb3e58600378e3e677295ea2cbde77b4b,2026-03-30 17:27:21,0,5,0.4680057981312139,0,979,2026-03-29 10:25:18,2026-04-07 01:50:37
0xbd6c3380cface1604882b961ebb9a9122394b6fa,2026-03-30 17:27:21,0,5,0.41094813839025013,0,1204,2026-03-29 10:25:18,2026-04-07 01:50:37
0xcce61fd08162173fd907d8e1f9f8e8bdbe2b9582,2026-03-30 17:27:25,0,5,0.5367256113574259,1,326,2026-03-29 10:25:18,2026-04-07 01:50:37
0xa43ec9c2150f2f4454b6166b9cde7855e76bc068,2026-03-30 17:28:05,0,5,0.48615861131760546,0,804,2026-03-29 10:25:18,2026-04-07 01:50:37
0x18088d9907fa21e2e98159b416517d08d275a321,2026-03-30 17:28:19,0,5,0.5138833881088083,1,533,2026-03-29 10:25:18,2026-04-07 01:50:37
0x35e6f6d3b7d55d89615e511954c3ff4316e87a4d,2026-03-30 17:28:19,0,5,0.4769253836780268,0,910,2026-03-29 10:25:18,2026-04-07 01:50:37
0x0bf169c3ca7d4caf1679db478e03f698e0ba8958,2026-03-30 17:28:41,0,5,0.5025863917600139,1,628,2026-03-29 10:25:18,2026-04-07 01:50:37
0x4802d6778a90869cac1240e2ec43b0ad3699c8e1,2026-03-30 17:29:05,0,5,0.544511409051742,1,275,2026-03-29 10:25:18,2026-04-07 01:50:37
0x1a6c8a8c575fd51ac2c136cc51d157b641dae9a0,2026-03-30 17:29:39,0,5,0.6018837846748505,1,70,2026-03-29 10:25:18,2026-04-07 01:50:37
0xd9b0531f23c7815712c51e96c47c00735a190c18,2026-03-30 17:29:41,0,5,0.24565793563641283,0,1313,2026-03-29 10:25:18,2026-04-07 01:50:37
0xef1ff67bd1aec71dcc78c7cf634c2b9eeabeb67f,2026-03-30 17:29:41,0,5,0.4676705623017488,0,981,2026-03-29 10:25:18,2026-04-07 01:50:37
0x50ea9d870f0347402afbf9d42713bb857bda5963,2026-03-30 18:22:41,0,5,0.4423594829454106,0,1112,2026-03-29 10:25:18,2026-04-07 01:50:37
0x497f8abf1470b9e9a1d728a803ffca4b4b59d987,2026-03-30 18:23:37,0,5,0.3357147308593087,0,1274,2026-03-29 10:25:18,2026-04-07 01:50:37
0xf43c2a87916329842086417b68f37caef17dd7c3,2026-03-30 18:23:37,0,5,0.44018283269333913,0,1123,2026-03-29 10:25:18,2026-04-07 01:50:37
0x984111a49c6071f1ade6dfb6190610c481bdc07b,2026-03-30 18:23:45,0,5,0.4642126710788519,0,1002,2026-03-29 10:25:18,2026-04-07 01:50:37
0xdc0cd8df84fb7eacbcf2356bcd816db2b1b46f0f,2026-03-30 18:24:21,0,5,0.5294984272384116,1,383,2026-03-29 10:25:18,2026-04-07 01:50:37
0xc05cf4c257eeb43b45539a7f2aadc1ba2a47e640,2026-03-30 18:25:01,0,5,0.5845374201325181,1,139,2026-03-29 10:25:18,2026-04-07 01:50:37
0xe0cbb3b20275d1007455fe9db4f8156808a76f94,2026-03-30 18:25:03,1,5,0.4188964401039821,0,1178,2026-03-29 10:25:18,2026-04-07 01:50:37
0x0ca60fbc173dda6ca6894702743b990be04202d6,2026-03-30 18:25:47,0,5,0.46980214643845797,0,964,2026-03-29 10:25:18,2026-04-07 01:50:37
0xaeaa24dd90f120cab35355a9e092fdcfdc6fed6d,2026-03-30 18:26:33,1,5,0.4044706135390198,0,1217,2026-03-29 10:25:18,2026-04-07 01:50:37
0x287cbdbb21965bd4fc3295d5524818d1895081b2,2026-03-30 18:26:53,0,5,0.5625057433241756,1,199,2026-03-29 10:25:18,2026-04-07 01:50:37
0xc6a58063c5f51bb42472e6046a753d74fb9bbc9f,2026-03-30 18:26:53,0,5,0.6032452835684721,1,45,2026-03-29 10:25:18,2026-04-07 01:50:37
0xc6b0d5dcb9dfdab360531e5d65503360c8872bd4,2026-03-30 18:26:53,0,5,0.506632444808964,1,594,2026-03-29 10:25:18,2026-04-07 01:50:37
0xf54b45fed4e5c636afc0690c4868fa7dbb707843,2026-03-30 18:26:55,0,5,0.5315496959699273,1,371,2026-03-29 10:25:18,2026-04-07 01:50:37
0xcab7abe5bd64f7e006660d425f76f723a5421ae5,2026-03-30 18:27:15,1,5,0.4189243000838146,0,1176,2026-03-29 10:25:18,2026-04-07 01:50:37
0x087f2473448543ba74731bb5efbac73303471f9e,2026-03-30 18:27:27,0,5,0.5422502636111153,1,287,2026-03-29 10:25:18,2026-04-07 01:50:37
0x41f2090d93d474973210eb0020c54bb9cadb6806,2026-03-30 18:27:47,0,5,0.5363876618371832,1,328,2026-03-29 10:25:18,2026-04-07 01:50:37
0x9a8fbb23d0fe909c915c92b8d77ff7651d329646,2026-03-30 18:27:47,0,5,0.46663727102846403,0,987,2026-03-29 10:25:18,2026-04-07 01:50:37
0x404d9fac2350737056f5bdabb4c5610f43d7cd9d,2026-03-30 18:27:51,0,5,0.5673460197011516,1,181,2026-03-29 10:25:18,2026-04-07 01:50:37
0x66fcae5b2bbd764a6da5cc23d42572f67c1efb81,2026-03-30 18:28:03,0,5,0.445963701181144,0,1102,2026-03-29 10:25:18,2026-04-07 01:50:37
0xdddc2b61a33cfba851ce082f42437a11240dced2,2026-03-30 18:28:05,0,5,0.48006326863297943,0,870,2026-03-29 10:25:18,2026-04-07 01:50:37
0xb44e88e97d926fb43575621eb9390cc28db6c2c6,2026-03-30 18:29:05,0,5,0.47165471099538553,0,954,2026-03-29 10:25:18,2026-04-07 01:50:37
0xf507f250574ce1591b954b7adf82ae51ca4a13a9,2026-03-30 18:29:07,0,5,0.5121203747424239,1,550,2026-03-29 10:25:18,2026-04-07 01:50:37
0x5226c42613d87c3e440d9020c5f78b68aa150eec,2026-03-30 18:31:23,0,5,0.45878158551650194,0,1037,2026-03-29 10:25:18,2026-04-07 01:50:37
0x0173cdcceee98aeecd0896845e9831d4c24fd05d,2026-03-30 18:32:19,1,5,0.6033120821491934,1,37,2026-03-29 10:25:18,2026-04-07 01:50:37
0xe8e1b119302ae410e77b2af7d7456809007549dd,2026-03-30 18:32:19,0,5,0.5197350740600002,1,469,2026-03-29 10:25:18,2026-04-07 01:50:37
0xea60e714077ff249b7954e3df499a2eab6083467,2026-03-30 18:32:19,0,5,0.6029586340250088,1,52,2026-03-29 10:25:18,2026-04-07 01:50:37
0x06c8812196b505095dc180b55b9aacd81cf2bddd,2026-03-30 19:24:31,0,5,0.6033297802730002,1,32,2026-03-29 10:25:18,2026-04-07 01:50:37
0x5d6f6a8b868d498865d74605d57a9c7a59b8d74b,2026-03-30 19:24:31,0,5,0.39611983372750353,0,1228,2026-03-29 10:25:18,2026-04-07 01:50:37
0x8d10511fdc5f7f3b7b0bfe5d10f7bcc427ad974e,2026-03-30 19:25:57,0,5,0.4976030574101792,0,690,2026-03-29 10:25:18,2026-04-07 01:50:37
0x78455b4d52dbc9c26f8253ea151b02cfddb0505e,2026-03-30 19:27:05,0,5,0.5313773882800154,1,372,2026-03-29 10:25:18,2026-04-07 01:50:37
0x8c06f711eb807916152ae1cb8dcaccc2775eb98a,2026-03-30 19:27:05,1,5,0.47379802301617885,0,941,2026-03-29 10:25:18,2026-04-07 01:50:37
0x01e8230f2689559b034cc1d47753e463d3b461e5,2026-03-30 19:27:11,1,5,0.36408714030024714,0,1261,2026-03-29 10:25:18,2026-04-07 01:50:37
0x60ece66980b57e441ed2f335a63573f1f20f8d4c,2026-03-30 19:27:15,0,5,0.49576680748977686,0,705,2026-03-29 10:25:18,2026-04-07 01:50:37
0x7c1f9b7558ef453bb63aecff57123b2b002a03ce,2026-03-30 19:27:37,0,5,0.42276616329591565,0,1167,2026-03-29 10:25:18,2026-04-07 01:50:37
0x72ba62621dd9ab1cc4ad6a345f91d499755ca7dc,2026-03-30 19:27:45,0,5,0.5221422969509134,1,440,2026-03-29 10:25:18,2026-04-07 01:50:37
0x885b4581aada21ecc5e7932ab99de0782b4f03e7,2026-03-30 19:27:57,0,5,0.5288397976264575,1,385,2026-03-29 10:25:18,2026-04-07 01:50:37
0x73d1bcea936dbac2fdca5aaec41764ead91bc203,2026-03-30 19:28:03,1,5,0.5859331323374197,1,134,2026-03-29 10:25:18,2026-04-07 01:50:37
0x29245f582c2cba3c230124729901ea1761440f31,2026-03-30 19:28:13,0,5,0.40561445990274014,0,1215,2026-03-29 10:25:18,2026-04-07 01:50:37
0x72c60ea3a42092735e855cb03a5a8e99180096a5,2026-03-30 19:28:13,0,5,0.3930169571130172,0,1233,2026-03-29 10:25:18,2026-04-07 01:50:37
0x2cbba9d264da7783a349e9ff9c55acbff4001292,2026-03-30 19:28:17,1,5,0.5217723885654778,1,446,2026-03-29 10:25:18,2026-04-07 01:50:37
0xe90adc18d7bfd6db736e9ce67c441557acb807e8,2026-03-30 19:28:53,0,5,0.5012674075838174,1,656,2026-03-29 10:25:18,2026-04-07 01:50:37
0xaac742898392893547015ec8f8bac316950364ba,2026-03-30 19:29:33,0,5,0.4878973619553261,0,785,2026-03-29 10:25:18,2026-04-07 01:50:37
0x596b928ea8168b239c9d846282777f79030c21e5,2026-03-30 19:30:21,0,5,0.4531478950923861,0,1071,2026-03-29 10:25:18,2026-04-07 01:50:37
0x155482c75f150f053d6c611d0becba5070a80981,2026-03-30 19:30:23,1,5,0.5128526051993125,1,543,2026-03-29 10:25:18,2026-04-07 01:50:37
0xb040f38b1bfa2ef225f968c6e19d58993f68dbea,2026-03-30 19:30:25,0,5,0.4877006048701122,0,787,2026-03-29 10:25:18,2026-04-07 01:50:37
0x2f88f738b28469d96eb830dacf8851e73eae788b,2026-03-30 19:32:17,0,5,0.5963528653939711,1,101,2026-03-29 10:25:18,2026-04-07 01:50:37
0xcc960c3f607389262af9d39d5b05b2747dbe22b0,2026-03-30 20:26:41,0,5,0.5118356603647385,1,554,2026-03-29 10:25:18,2026-04-07 01:50:37
0x2dc972491a6637cc3d3186bec4cda17ce239c555,2026-03-30 20:26:43,0,5,0.6032748295695192,1,43,2026-03-29 10:25:18,2026-04-07 01:50:37
0x009500fcd49dfb3e24ad56484b282f3330ac42c1,2026-03-30 20:27:59,0,5,0.6022409870509499,1,67,2026-03-29 10:25:18,2026-04-07 01:50:37
0x4a5306ef9f303be7ece973511521c8589c280eec,2026-03-30 20:27:59,0,5,0.45487219448176597,0,1058,2026-03-29 10:25:18,2026-04-07 01:50:37
0xaea4fdb91c621805de52071b57129fead01c88c4,2026-03-30 20:27:59,0,5,0.5356613679191982,1,337,2026-03-29 10:25:18,2026-04-07 01:50:37
0xa8398f76a7de11e9dfd221932f7097e20ba0eaed,2026-03-30 20:29:57,0,5,0.4182205740930981,0,1181,2026-03-29 10:25:18,2026-04-07 01:50:37
0x728c34be2a9fde8658f3dd2877922639bec72893,2026-03-30 20:29:59,0,5,0.45038633106867415,0,1083,2026-03-29 10:25:18,2026-04-07 01:50:37
0x24e99922393f45121473177e9a5da82e4c1c549e,2026-03-30 20:30:05,1,5,0.5968480726329934,1,95,2026-03-29 10:25:18,2026-04-07 01:50:37
0x55adc8298a49f6323d8a5de8fae6bcfac84e4314,2026-03-30 20:30:05,0,5,0.6035153088296658,1,17,2026-03-29 10:25:18,2026-04-07 01:50:37
0x46104f98f44b9aa2f760e893ceed5dd45ffa1f21,2026-03-30 20:30:27,0,5,0.5678215324159069,1,179,2026-03-29 10:25:18,2026-04-07 01:50:37
0x6ae4dceae2e3a251f4a1eb4ec11e992cade97c46,2026-03-30 20:32:33,0,5,0.4683242990540719,0,976,2026-03-29 10:25:18,2026-04-07 01:50:37
0x7c87d179ae52e71381805a7474923e51d9b3d10e,2026-03-30 20:32:33,0,5,0.48457805678967153,0,821,2026-03-29 10:25:18,2026-04-07 01:50:37
0x111c5dd070fdb6a8ef013d93c9b055d270b22401,2026-03-30 20:32:35,0,5,0.4680996068392728,0,978,2026-03-29 10:25:18,2026-04-07 01:50:37
0x4987ea2a0714e33b0a21e1b507bed57a40cacec9,2026-03-30 20:33:17,0,5,0.4153384798377359,0,1189,2026-03-29 10:25:18,2026-04-07 01:50:37
0x13464aabec792c36b062316f474713e681330448,2026-03-30 20:33:49,0,5,0.4729394349311365,0,943,2026-03-29 10:25:18,2026-04-07 01:50:37
0xacb47be13e50124c7ec22405b608d0e895ab6f3c,2026-03-30 20:33:49,0,5,0.4685640910022041,0,972,2026-03-29 10:25:18,2026-04-07 01:50:37
0xfaea066a5e20fc00a8fd6f84fc58ae47465983cb,2026-03-30 20:33:49,0,5,0.4472383717585118,0,1100,2026-03-29 10:25:18,2026-04-07 01:50:37
0x64f6b6e79033c1b3b435e17d6dfd94ec61ae1698,2026-03-30 20:33:51,0,5,0.47474303873441154,0,932,2026-03-29 10:25:18,2026-04-07 01:50:37
0xc18e6cfc590721094ef1d37af0ac2184e1cb38af,2026-03-30 21:27:39,1,5,0.5424904607528075,1,286,2026-03-29 10:25:18,2026-04-07 01:50:37
0xb4657983355d9d3d2db7b26cc08f07742ccb2883,2026-03-30 21:27:41,0,5,0.5115746725611454,1,556,2026-03-29 10:25:18,2026-04-07 01:50:37
0x952786297c560ebe88de2bac6ccf7cbcf531f108,2026-03-30 21:28:01,0,5,0.4685154925568405,0,973,2026-03-29 10:25:18,2026-04-07 01:50:37
0xbddc50183b8c133bb8e4b5095c89a55e06650885,2026-03-30 21:29:23,0,5,0.5160556291497883,1,515,2026-03-29 10:25:18,2026-04-07 01:50:37
0x5a4074a7e688892779cb0ca392f3508ac0764093,2026-03-30 21:29:25,0,5,0.42426771870767477,0,1165,2026-03-29 10:25:18,2026-04-07 01:50:37
0x0a348ec48ec7975590545c7375a09cddde770739,2026-03-30 21:29:47,1,5,0.4783657684095491,0,889,2026-03-29 10:25:18,2026-04-07 01:50:37
0x1f19c48aee80ec95396d91f0d21ac249b8a7f57a,2026-03-30 21:30:07,0,5,0.46526902142872617,0,992,2026-03-29 10:25:18,2026-04-07 01:50:37
0x81049e6e5e5496252a0a1727adcec1d66a87b044,2026-03-30 21:30:07,0,5,0.49784648807911447,0,685,2026-03-29 10:25:18,2026-04-07 01:50:37
0xb4ac1fe289f3b1af778578f3146b18d4e833d058,2026-03-30 21:30:07,0,5,0.5537837752615862,1,231,2026-03-29 10:25:18,2026-04-07 01:50:37
0xc86a78349520006068c48835ab6c059840a059b9,2026-03-30 21:30:07,0,5,0.6034760062898297,1,21,2026-03-29 10:25:18,2026-04-07 01:50:37
0x535f07a7144ae52de46da250c7d16bb46389fd01,2026-03-30 21:30:11,0,5,0.5415258627030468,1,290,2026-03-29 10:25:18,2026-04-07 01:50:37
0x75d56267be5fb75ca1731687b0869e124c004520,2026-03-30 21:30:13,0,5,0.600813674135533,1,79,2026-03-29 10:25:18,2026-04-07 01:50:37
0xfc169822ec2d1e0008637f6bc405e340961b40c9,2026-03-30 21:30:17,0,5,0.6026804024276091,1,57,2026-03-29 10:25:18,2026-04-07 01:50:37
0xf8f6b2d4111a1a78874ad19b231a7d33412a74d9,2026-03-30 21:30:19,1,5,0.5216014741673746,1,447,2026-03-29 10:25:18,2026-04-07 01:50:37
0x4a1b09433fd41f104b2948e337e1e986d2ba3076,2026-03-30 21:30:43,0,5,0.5388347745011572,1,311,2026-03-29 10:25:18,2026-04-07 01:50:37
0xb5a62b645888ec572f3401c885cd5142ccf3706e,2026-03-30 21:30:59,0,5,0.4985291132540995,0,680,2026-03-29 10:25:18,2026-04-07 01:50:37
0xe3123b4a927f0840497039816cd1d725c4f1f6fc,2026-03-30 21:31:01,0,5,0.4301075973085249,0,1153,2026-03-29 10:25:18,2026-04-07 01:50:37
0x5fa04c4722873f032f4c1841abef502adc5f6696,2026-03-30 21:32:01,0,5,0.49359427978534454,0,730,2026-03-29 10:25:18,2026-04-07 01:50:37
0x5fdd48ccf05f6b0a0352cbfc7fd063a2aceb2132,2026-03-30 21:32:01,0,5,0.49079478845288715,0,763,2026-03-29 10:25:18,2026-04-07 01:50:37
0x54f83b77652e724d2ccd9020b9bf1cdabafe58e0,2026-03-30 21:32:13,1,5,0.4917983595811804,0,752,2026-03-29 10:25:18,2026-04-07 01:50:37
0x3cb427092f5ff3b5037e88fc77ffcc05d0d594c9,2026-03-30 21:32:33,0,5,0.4799969975460456,0,871,2026-03-29 10:25:18,2026-04-07 01:50:37
0xbc5cddc86e7c37939ca698c190ef83b9d0202acd,2026-03-30 21:32:53,1,5,0.4851344246119519,0,815,2026-03-29 10:25:18,2026-04-07 01:50:37
0x9c3facfe684dbb12dec45fd6ce2d7e86eb24a555,2026-03-30 21:32:59,0,5,0.44068458889654727,0,1120,2026-03-29 10:25:18,2026-04-07 01:50:37
0x91d2796d65e72854294139ada31d2aaa8f78f695,2026-03-30 22:28:09,0,5,0.5860255397606191,1,132,2026-03-29 10:25:18,2026-04-07 01:50:37
0x368efd1b9408e8483d78e156e7949429102266b7,2026-03-30 22:29:05,1,5,0.5442066621710077,1,279,2026-03-29 10:25:18,2026-04-07 01:50:37
0x8ef6a1cc3fb81a0e2c3eb405a09ce497a23563ee,2026-03-30 22:29:05,0,5,0.24694804053122293,0,1310,2026-03-29 10:25:18,2026-04-07 01:50:37
0x774bb02e9cbc87e26b7091ac40cc8ed5fadbb3a0,2026-03-30 22:29:45,0,5,0.4592568091015234,0,1032,2026-03-29 10:25:18,2026-04-07 01:50:37
0x015c3b509b3fc15625b757c12381e72b511cec11,2026-03-30 22:30:27,1,5,0.5584023114891091,1,215,2026-03-29 10:25:18,2026-04-07 01:50:37
0x891efd9ec71a9d5d5e1570f36d364b844e2dd506,2026-03-30 22:30:27,1,5,0.5181733518779855,1,492,2026-03-29 10:25:18,2026-04-07 01:50:37
0xdce01fe2b25d09ff2ae74fd5420113a004ec48b3,2026-03-30 22:30:49,1,5,0.5170130380124328,1,507,2026-03-29 10:25:18,2026-04-07 01:50:37
0x13c99b0dd055ac13df2819b1317b6455ceb9b7f9,2026-03-30 22:30:51,0,5,0.5660540716883654,1,186,2026-03-29 10:25:18,2026-04-07 01:50:37
0xec246212fd681e1742b41eff65c747b8bbc801bc,2026-03-30 22:30:51,0,5,0.3816719265886574,0,1244,2026-03-29 10:25:18,2026-04-07 01:50:37
0x1bb450a79164f9b6c2993febb2d0274d7ca45fd9,2026-03-30 22:31:05,0,5,0.5577523457528248,1,216,2026-03-29 10:25:18,2026-04-07 01:50:37
0x9a5e7e270bc52ecca0c554c2efb725fee09e81ff,2026-03-30 22:31:07,1,5,0.42693564824054314,0,1159,2026-03-29 10:25:18,2026-04-07 01:50:37
0x06aee0ecab8f1b205185559b38fae5ffb5100a09,2026-03-30 22:32:31,0,5,0.4810692192613793,0,861,2026-03-29 10:25:18,2026-04-07 01:50:37
0x93634367421b56e517990c7bcb9779135f9158de,2026-03-30 22:32:31,0,5,0.4697543249393773,0,965,2026-03-29 10:25:18,2026-04-07 01:50:37
0xde76851773cac610873d87a8a801ce67a35b215d,2026-03-30 22:32:31,1,5,0.6029896398848326,1,50,2026-03-29 10:25:18,2026-04-07 01:50:37
0x79fffcfdb099aab789d3bdbc24cde112f27dd6cb,2026-03-30 22:33:05,0,5,0.5111944871539623,1,560,2026-03-29 10:25:18,2026-04-07 01:50:37
0xb187443c877a1b1a389fdd14563c89c2db595354,2026-03-30 22:33:05,1,5,0.6034585098749927,1,22,2026-03-29 10:25:18,2026-04-07 01:50:37
0x8718865882e085b764825b637788043c16185040,2026-03-30 22:33:57,1,5,0.37773138782954196,0,1249,2026-03-29 10:25:18,2026-04-07 01:50:37
0x52444aa29e0630bda3b0d67b23eb366371401f95,2026-03-30 23:29:25,0,5,0.5315940100693254,1,370,2026-03-29 10:25:18,2026-04-07 01:50:37
0x2981d4dc04697d7ffbf4a47f27e12af2708ee39f,2026-03-30 23:29:27,0,5,0.5368382521972581,1,324,2026-03-29 10:25:18,2026-04-07 01:50:37
0x7a6076c714626fc0a486d23f383666265494bdbb,2026-03-30 23:30:47,0,5,0.5039531446228204,1,613,2026-03-29 10:25:18,2026-04-07 01:50:37
0x80c9f5e994973120341e6539d08608f83dc30a29,2026-03-30 23:31:53,0,5,0.4121368911173887,0,1200,2026-03-29 10:25:18,2026-04-07 01:50:37
0xae8c9fd818b0c3fd156cf0f8fe36b887739900b3,2026-03-30 23:33:03,0,5,0.45952904032624053,0,1029,2026-03-29 10:25:18,2026-04-07 01:50:37
0xd1d411a1f6ef4c1515f118d46918eb617f4d86e3,2026-03-30 23:33:59,1,5,0.47738472623616857,0,903,2026-03-29 10:25:18,2026-04-07 01:50:37
0x0e3bbee9faa7fffa350a966d12ec07e230e4a043,2026-03-30 23:34:43,0,5,0.4896368524968187,0,774,2026-03-29 10:25:18,2026-04-07 01:50:37
0x3f991fd26f32e1c5982598fda6076fff0ea60c3d,2026-03-30 23:34:43,0,5,0.4386479892069063,0,1127,2026-03-29 10:25:18,2026-04-07 01:50:37
0xbce10a9c689295ffc84471989c1c879612030679,2026-03-30 23:34:47,0,5,0.4753518918270516,0,924,2026-03-29 10:25:18,2026-04-07 01:50:37
0xb7b5342e4872f8ccff34fa5c0e2ff09c02c5ede7,2026-03-30 23:34:59,0,5,0.6029258040692006,1,55,2026-03-29 10:25:18,2026-04-07 01:50:37
0xa4c0a01222be8c3b6e500cd2bae9a8e151229d41,2026-03-30 23:35:15,0,5,0.5444678099511719,1,278,2026-03-29 10:25:18,2026-04-07 01:50:37
0x8018bc916930ff2c4dd75aa87f54776d84d70c09,2026-03-31 01:30:35,1,5,0.48034037980196204,0,867,2026-03-29 10:25:18,2026-04-07 01:50:37
0xa31279ee3e489b094e5ea3b63162134a61675adf,2026-03-31 01:30:37,0,5,0.47550801934286013,0,922,2026-03-29 10:25:18,2026-04-07 01:50:37
0x960de6843d381fc804e390aa88095e3a31ef2849,2026-03-31 01:33:29,0,5,0.41081442750249897,0,1205,2026-03-29 10:25:18,2026-04-07 01:50:37
0x6cc22d4aaee3907260714a64fc57405a837430a8,2026-03-31 01:33:37,0,5,0.40900470374853604,0,1209,2026-03-29 10:25:18,2026-04-07 01:50:37
0x12e54077902b16caad4beaeaf8e7e360ff51e3cd,2026-03-31 01:33:39,0,5,0.4355621236237519,0,1138,2026-03-29 10:25:18,2026-04-07 01:50:37
0xcf7b57eee457d4c6a2ab97afbfd877cb988589ad,2026-03-31 01:33:47,0,5,0.4596095069981911,0,1028,2026-03-29 10:25:18,2026-04-07 01:50:37
0x186c9a0607a2deffd608d4a5544c0a841eb2668f,2026-03-31 01:35:05,0,5,0.5036456795413483,1,618,2026-03-29 10:25:18,2026-04-07 01:50:37
0x078c696267b95389787e346807864d0021ff406d,2026-03-31 01:35:27,1,5,0.6087577829412557,1,1,2026-03-29 10:25:18,2026-04-07 01:50:37
0x3354c1ef2d89dd8ae5e5c61b829411e356ed5042,2026-03-31 01:35:27,1,5,0.4102441779210106,0,1206,2026-03-29 10:25:18,2026-04-07 01:50:37
0xf421ace1fd5748c5f58fd6b0fe8c12ef72482e3a,2026-03-31 01:35:29,1,5,0.5303314568143717,1,375,2026-03-29 10:25:18,2026-04-07 01:50:37
0x3269d74b9adaa28b2198f0586b0a0762b49537d7,2026-03-31 01:35:57,0,5,0.5372580855536121,1,321,2026-03-29 10:25:18,2026-04-07 01:50:37
0xb3c77871c36a3668be99f367b0b6fc708bde0d4d,2026-03-31 01:36:31,1,5,0.48294710915851097,0,834,2026-03-29 10:25:18,2026-04-07 01:50:37
0xe94c80a99637c81fac161edcc51e1bb3ed891ede,2026-03-31 01:36:39,0,5,0.4976486550828558,0,688,2026-03-29 10:25:18,2026-04-07 01:50:37
0xd4b19cfbba7ad4f87fe2eeca61d3855d0c3bf35b,2026-03-31 01:37:05,1,5,0.4160818737829044,0,1187,2026-03-29 10:25:18,2026-04-07 01:50:37
0x2b430a5ea181733f827478c62f6e24576dab2cc6,2026-03-31 01:37:57,0,5,0.41436968975355803,0,1192,2026-03-29 10:25:18,2026-04-07 01:50:37
0x90731789321465cd2637095fb6e121d614e660f0,2026-03-31 01:38:07,0,5,0.44491081830863133,0,1106,2026-03-29 10:25:18,2026-04-07 01:50:37
0x7e0be260bf431c091d7218e2d7960fc940944dd5,2026-03-31 01:38:09,0,5,0.5854045434894303,1,137,2026-03-29 10:25:18,2026-04-07 01:50:37
0x29358fc4de9488eaf6e7fa7211cfdf05b0868480,2026-03-31 02:40:31,0,5,0.3539825487739794,0,1263,2026-03-29 10:25:18,2026-04-07 01:50:37
0x1c713e186d165ecdd8384edef06a7359cdf4be3c,2026-03-31 02:40:33,1,5,0.4058902145448132,0,1214,2026-03-29 10:25:18,2026-04-07 01:50:37
0x2d0d806c90cba0b65492f48a68a0d401e55b7822,2026-03-31 02:40:33,0,5,0.47481200968127196,0,931,2026-03-29 10:25:18,2026-04-07 01:50:37
0x3fc23b9d1b666c71ddd6c3fe56fe8211b1019c0d,2026-03-31 02:40:45,0,5,0.4785227398676275,0,887,2026-03-29 10:25:18,2026-04-07 01:50:37
0xf8e35e78265c83de7e18204502b3842710bcfd17,2026-03-31 02:40:45,0,5,0.4309579695273356,0,1149,2026-03-29 10:25:18,2026-04-07 01:50:37
0x3ae5a972042e710a8dc64a08e0769920c9dc09bb,2026-03-31 02:40:49,0,5,0.46145675581960727,0,1018,2026-03-29 10:25:18,2026-04-07 01:50:37
0x0a78f12b10c01e1ad81ee5f14cc1ef138b40ea90,2026-03-31 02:40:59,0,5,0.43437501125840045,0,1141,2026-03-29 10:25:18,2026-04-07 01:50:37
0xfa888e8b46799b0641485252841cf87980ce6511,2026-03-31 02:41:01,0,5,0.5898362698291966,1,121,2026-03-29 10:25:18,2026-04-07 01:50:37
0x2fd12dee7e607f9e6246dcc7baffbc94f76291be,2026-03-31 02:42:07,1,5,0.34680969392162414,0,1267,2026-03-29 10:25:18,2026-04-07 01:50:37
0xc48083523401bfea0d6743a2f875246508a2937a,2026-03-31 02:42:09,0,5,0.5894100526075092,1,122,2026-03-29 10:25:18,2026-04-07 01:50:37
0x45985f1aa4c31e13df21983ce55e4a6f022a1232,2026-03-31 02:42:35,0,5,0.5595165807487369,1,211,2026-03-29 10:25:18,2026-04-07 01:50:37
0x5e447b7f2e9b8801d30ddf1f6fcd058d8f948573,2026-03-31 02:42:37,0,5,0.46080978345685003,0,1020,2026-03-29 10:25:18,2026-04-07 01:50:37
0x704ba05bc17238ec1030f00aa398b7ba31baa3a6,2026-03-31 02:42:37,0,5,0.5529984225114292,1,235,2026-03-29 10:25:18,2026-04-07 01:50:37
0x790c5f16037071c01e475ffdcdeb503120235e13,2026-03-31 02:42:37,0,5,0.4402364105249417,0,1121,2026-03-29 10:25:18,2026-04-07 01:50:37
0x238fe1b4a91d47bda4fb418dd4a6a09494983015,2026-03-31 02:42:53,0,5,0.5805057491059338,1,146,2026-03-29 10:25:18,2026-04-07 01:50:37
0x51a3925cd3486e257d26c7d514b0c3079cfab7f4,2026-03-31 02:42:55,0,5,0.5460359240903473,1,268,2026-03-29 10:25:18,2026-04-07 01:50:37
0x363e7649b74486417ab3bb997b6d12e8b6c3fad6,2026-03-31 02:43:21,1,5,0.5359783080848518,1,334,2026-03-29 10:25:18,2026-04-07 01:50:37
0x9227f552140edb647d4c17c5182f2770949745cc,2026-03-31 02:43:57,0,5,0.5186799761449994,1,485,2026-03-29 10:25:18,2026-04-07 01:50:37
0x43418c3572ba89be4e40bac82add3cd78a4ef6eb,2026-03-31 02:44:03,1,5,0.5196694498710741,1,472,2026-03-29 10:25:18,2026-04-07 01:50:37
0x130ab9054d183efd4f84d2ecc2c4f81ce05bf3d0,2026-03-31 02:44:09,0,5,0.5175596186793674,1,499,2026-03-29 10:25:18,2026-04-07 01:50:37
0x3476fe97031db36bcdd2df212264c26c4ef73622,2026-03-31 02:44:47,0,5,0.4825653990062032,0,838,2026-03-29 10:25:18,2026-04-07 01:50:37
0xb267936e397f00fe32c8e58b6c8074341674d710,2026-03-31 02:44:47,0,5,0.5486118610326206,1,253,2026-03-29 10:25:18,2026-04-07 01:50:37
0x0be0279f242a772141b07ee03850e4cd8b46d324,2026-03-31 02:44:49,0,5,0.5019603236188973,1,644,2026-03-29 10:25:18,2026-04-07 01:50:37
0x1144d8872751425e6a6fcdc319e4f61979d83751,2026-03-31 02:44:49,0,5,0.5019603236188973,1,645,2026-03-29 10:25:18,2026-04-07 01:50:37
0x13d2267acee5baefee35d39efef5ed42cc1337a8,2026-03-31 02:44:49,0,5,0.5019603236188973,1,646,2026-03-29 10:25:18,2026-04-07 01:50:37
0x64020909bceb3e7c8fdc07bfec8ff3d5b9ceeb75,2026-03-31 02:44:49,0,5,0.5019603236188973,1,647,2026-03-29 10:25:18,2026-04-07 01:50:37
0x96e5a2dbe564fd34c3c7b04c42c3c8588ce7d4ec,2026-03-31 02:44:49,0,5,0.5019603236188973,1,648,2026-03-29 10:25:18,2026-04-07 01:50:37
0xbcd3e7eac9ac1950d393948518af3a53a2744972,2026-03-31 02:44:49,0,5,0.5019603236188973,1,649,2026-03-29 10:25:18,2026-04-07 01:50:37
0xdccf58e54674cb2a8c0e6254f86f88e8973417cc,2026-03-31 02:44:49,0,5,0.5019603236188973,1,650,2026-03-29 10:25:18,2026-04-07 01:50:37
0x757c6468e7a691756f9b9f046aaf73f4b7929ddd,2026-03-31 02:45:23,1,5,0.4544102973415677,0,1063,2026-03-29 10:25:18,2026-04-07 01:50:37
0x923e00b7f86087150ea36f976581c7052713a943,2026-03-31 03:55:49,0,5,0.3269183594515915,0,1276,2026-03-29 10:25:18,2026-04-07 01:50:37
0xe71d94b0c62faafdc88e744c96ad82c1646b7359,2026-03-31 03:56:03,0,5,0.536053959954191,1,331,2026-03-29 10:25:18,2026-04-07 01:50:37
0x2038eb1e97f023462eaf5772eed636e8391c3b42,2026-03-31 03:58:55,0,5,0.41162064515977886,0,1202,2026-03-29 10:25:18,2026-04-07 01:50:37
0x70707ee732007b845d7a4fb17cd37791f2b3968e,2026-03-31 03:59:15,0,5,0.49358157008963144,0,731,2026-03-29 10:25:18,2026-04-07 01:50:37
0x81d99642551501075d20af317b02ec00ae3d0458,2026-03-31 03:59:29,0,5,0.5774440920764492,1,154,2026-03-29 10:25:18,2026-04-07 01:50:37
0xabce9e07e2bad654fc422b5187ad3b91a9a72f87,2026-03-31 03:59:37,0,5,0.4664388519689304,0,988,2026-03-29 10:25:18,2026-04-07 01:50:37
0x31ba85f099bb0b1eb8e99675582147c9e300b997,2026-03-31 04:00:19,0,5,0.4790136282488945,0,884,2026-03-29 10:25:18,2026-04-07 01:50:37
0x8c44dcfe1178aa04dfa44e000f5b89a054027baf,2026-03-31 04:01:07,1,5,0.5148862577912848,1,526,2026-03-29 10:25:18,2026-04-07 01:50:37
0xa961c4b994438d7bdc5b6cdd0af63581ada9880b,2026-03-31 04:01:07,0,5,0.5100554775931679,1,573,2026-03-29 10:25:18,2026-04-07 01:50:37
0x2b9e36e0287f3580ac00254a31e7db42ac05de95,2026-03-31 04:01:17,0,5,0.5439039689611385,1,280,2026-03-29 10:25:18,2026-04-07 01:50:37
0x297073079d402da260589118b557b9935655ce0e,2026-03-31 04:02:39,0,5,0.4914694566378407,0,757,2026-03-29 10:25:18,2026-04-07 01:50:37
0xddf271bc9ce86a0bfd4544d79d849dc0c0e58bf0,2026-03-31 04:03:07,0,5,0.5032609272708954,1,622,2026-03-29 10:25:18,2026-04-07 01:50:37
0xf9380315b603f06c9e9b18f71d8d02a4279c1249,2026-03-31 04:03:55,1,5,0.6031811104858069,1,47,2026-03-29 10:25:18,2026-04-07 01:50:37
0x43eee3cdfcf01f5477a9e1b4f00761db9a820611,2026-03-31 04:03:57,1,5,0.474540009661183,0,934,2026-03-29 10:25:18,2026-04-07 01:50:37
0x9641807e5c979a916d2a7d371394934fe34c1291,2026-03-31 05:04:47,0,5,0.5643936272668357,1,193,2026-03-29 10:25:18,2026-04-07 01:50:37
0x3725d1efaf407ead980f11faa2de1ce8a1c4f655,2026-03-31 05:05:27,0,5,0.46017650304148944,0,1024,2026-03-29 10:25:18,2026-04-07 01:50:37
0xa7e26a97e6aac52b31f47f1fd4df5b82df157cc7,2026-03-31 05:05:27,0,5,0.44497168251705066,0,1105,2026-03-29 10:25:18,2026-04-07 01:50:37
0x03eeed51e3ca2872d9cf53984700a52e48a046ba,2026-03-31 05:06:19,1,5,0.5769406253789513,1,157,2026-03-29 10:25:18,2026-04-07 01:50:37
0x487c15762695797f13c12cbd14389d0b56d29915,2026-03-31 05:06:23,0,5,0.5398754764605599,1,302,2026-03-29 10:25:18,2026-04-07 01:50:37
0x76370a0c44027a1aaa3caaa4d4ec690c42190bcc,2026-03-31 05:06:25,0,5,0.5747956247042731,1,163,2026-03-29 10:25:18,2026-04-07 01:50:37
0x9797306e7275b05ab67effef3a6aa6300c7f4285,2026-03-31 05:06:43,0,5,0.4240547384639214,0,1166,2026-03-29 10:25:18,2026-04-07 01:50:37
0x67a036410614da1554a6c5a7daeba21e4c99e036,2026-03-31 05:07:45,0,5,0.5394910156798458,1,306,2026-03-29 10:25:18,2026-04-07 01:50:37
0x9368121f0443352d7b9429fa534866630014483f,2026-03-31 05:07:53,0,5,0.4848617369964453,0,819,2026-03-29 10:25:18,2026-04-07 01:50:37
0x6a978eb858bf81f494c46911b3fa5a11e4fb72eb,2026-03-31 05:08:09,0,5,0.5022879583228841,1,641,2026-03-29 10:25:18,2026-04-07 01:50:37
0xd6e84b7e83836f3dcc5253f082c9f7f42af8c6cb,2026-03-31 05:09:29,0,5,0.49535225560230284,0,707,2026-03-29 10:25:18,2026-04-07 01:50:37
0x72abe52af7032fa1c7078a16ddb341c94fe9e1ee,2026-03-31 05:10:07,0,5,0.601296092854037,1,78,2026-03-29 10:25:18,2026-04-07 01:50:37
0xec12e2602bde8a60c86192c614d37df44b7967e9,2026-03-31 05:10:07,0,5,0.5101625786764705,1,571,2026-03-29 10:25:18,2026-04-07 01:50:37
0x460563d4d4f01f2ac5fb20da1b12af6f9321b773,2026-03-31 05:10:09,0,5,0.4049838520226637,0,1216,2026-03-29 10:25:18,2026-04-07 01:50:37
0xdcef920c3c532ae6f0e195c86bafb6fd4894d05c,2026-03-31 05:10:09,0,5,0.5001101704392003,1,665,2026-03-29 10:25:18,2026-04-07 01:50:37
0x18b8d820b2619a58feaee1401fb28f488184af0c,2026-03-31 05:10:11,0,5,0.5168574263787502,1,508,2026-03-29 10:25:18,2026-04-07 01:50:37
0x606345eae7b751b245279beb27cee847cb1b2705,2026-03-31 22:23:59,0,5,0.3219079060771507,0,1279,2026-03-29 10:25:18,2026-04-07 01:50:37
0xa71af33e9f14a91c7581f3e0ec7eaab1ced6650d,2026-03-31 22:23:59,0,5,0.45077947584477723,0,1081,2026-03-29 10:25:18,2026-04-07 01:50:37
0x0efb0caeb0726754be3e5decb857c21e6a91016c,2026-03-31 22:24:01,1,5,0.5526172146118055,1,240,2026-03-29 10:25:18,2026-04-07 01:50:37
0xbcedf27e7f198c474d988ecc82033aa0ed405808,2026-03-31 22:24:01,0,5,0.5050839665435907,1,606,2026-03-29 10:25:18,2026-04-07 01:50:37
0x59060af032c5ff2e3f6d28914ad385be7817b9c1,2026-03-31 22:24:27,0,5,0.4820282903675404,0,840,2026-03-29 10:25:18,2026-04-07 01:50:37
0x86fbea68d619daf670185ecd38a69aa90f7703d4,2026-03-31 22:24:29,0,5,0.40206130882626195,0,1222,2026-03-29 10:25:18,2026-04-07 01:50:37
0xfb5e9af47f8d1964e9b1311fe66a69315fbaa483,2026-03-31 22:24:35,0,5,0.5249557890491663,1,419,2026-03-29 10:25:18,2026-04-07 01:50:37
0xadb9c3ec34a118acd8ec2c980fb13a3ffe68ef55,2026-03-31 22:24:41,0,5,0.5332297125008053,1,353,2026-03-29 10:25:18,2026-04-07 01:50:37
0xbd1e50dbdc6c81bb39471765cbc5ac64f3eaf8b0,2026-03-31 22:24:41,0,5,0.5105627409506146,1,565,2026-03-29 10:25:18,2026-04-07 01:50:37
0x2c692786f409df9e44bec5cf50663667aced6ad0,2026-03-31 22:25:23,0,5,0.1362060256077852,0,1320,2026-03-29 10:25:18,2026-04-07 01:50:37
0xa8dd845dd75dfa2e96344eb31ef4322ac03ce770,2026-03-31 22:25:23,0,5,0.48586194588485376,0,806,2026-03-29 10:25:18,2026-04-07 01:50:37
0xc76f85c258044adea3167f4ee7b29c24c4eba5db,2026-03-31 22:25:23,0,5,0.22349137103142266,0,1317,2026-03-29 10:25:18,2026-04-07 01:50:37
0x72f3969951f9239992f5e832b9d3a407b3f692d6,2026-03-31 22:25:49,0,5,0.45505560774367354,0,1056,2026-03-29 10:25:18,2026-04-07 01:50:37
0xa314969b00710e47c7726fa5d05443fb1da2f136,2026-03-31 22:25:49,0,5,0.528676194993954,1,389,2026-03-29 10:25:18,2026-04-07 01:50:37
0x9b83b9799cd699588ae7d8f16a8a42a86929f841,2026-03-31 22:25:51,0,5,0.46146687219726756,0,1017,2026-03-29 10:25:18,2026-04-07 01:50:37
0xc4b41b9d1813d853791ed5a4cee223b155b17deb,2026-03-31 22:25:51,0,5,0.5085232286790948,1,582,2026-03-29 10:25:18,2026-04-07 01:50:37
0xfb1c3c1ab4fb2d0cbcbb9538c8d4d357dd95963e,2026-03-31 22:25:51,0,5,0.5410632786626383,1,295,2026-03-29 10:25:18,2026-04-07 01:50:37
0x0eb25026868921b404e9207cbe630bd39871f900,2026-03-31 22:26:19,0,5,0.5425302229977484,1,285,2026-03-29 10:25:18,2026-04-07 01:50:37
0xf3531b23b504cf0aed4ff21325232b2a2d496685,2026-03-31 22:26:19,0,5,0.36828217261588536,0,1256,2026-03-29 10:25:18,2026-04-07 01:50:37
0x5f7890fd92571e12387cffc10a123923e18db747,2026-03-31 22:27:43,1,5,0.5623039927609377,1,201,2026-03-29 10:25:18,2026-04-07 01:50:37
0x6924dce804fd7b037ee93f21e1708214c2071455,2026-03-31 22:28:59,0,5,0.4590080343894798,0,1034,2026-03-29 10:25:18,2026-04-07 01:50:37
0xa7437adf8e3564b8e1909710d2f2769ba8c34fd1,2026-03-31 22:28:59,0,5,0.49005360524607,0,769,2026-03-29 10:25:18,2026-04-07 01:50:37
0x30dbdaa5cf6714d506b4c140b1368f4d5d5f44e1,2026-04-01 00:51:49,1,5,0.33820838497727035,0,1272,2026-03-29 10:25:18,2026-04-07 01:50:37
0xf841ce77fe27c40fbd3aabf6270b1a87d187426a,2026-04-01 00:51:49,1,5,0.41547976147341215,0,1188,2026-03-29 10:25:18,2026-04-07 01:50:37
0xfe787d2da716d60e8acff57fb87eb13cd4d10319,2026-04-01 00:54:27,1,5,0.2825688972555506,0,1298,2026-03-29 10:25:18,2026-04-07 01:50:37
0x7496f88dbf7d54e814a5c84c272133913a353962,2026-04-01 00:54:29,0,5,0.5793577802432428,1,151,2026-03-29 10:25:18,2026-04-07 01:50:37
0x218856b6956a559b50ec4459fd0bfbc75412fc54,2026-04-01 00:54:33,0,5,0.47751992970752455,0,899,2026-03-29 10:25:18,2026-04-07 01:50:37
0xf1ca5d3711679adf0c6b9062f5bd1b81adc4acac,2026-04-01 00:54:33,1,5,0.4697515541793137,0,966,2026-03-29 10:25:18,2026-04-07 01:50:37
0x585aeb19eb461a8409eca82ac24541cd3eee26ec,2026-04-01 00:55:03,1,5,0.603583090684976,1,13,2026-03-29 10:25:18,2026-04-07 01:50:37
0x63040aeb337861755eeed2c97dfe3e31a64bc7e5,2026-04-01 00:55:03,0,5,0.45394392067738937,0,1067,2026-03-29 10:25:18,2026-04-07 01:50:37
0xdb1a702730539c3174169043683819aa42665cdd,2026-04-01 00:55:03,0,5,0.4865987397720655,0,798,2026-03-29 10:25:18,2026-04-07 01:50:37
0xb2fbe25e1f3628d4eb66abea40f21a672fa269dc,2026-04-01 00:55:05,0,5,0.4727737251396548,0,947,2026-03-29 10:25:18,2026-04-07 01:50:37
0x9412cdfc1e3171e1aabb013d0f494986445d0cd0,2026-04-01 00:55:41,0,5,0.41455894062343085,0,1191,2026-03-29 10:25:18,2026-04-07 01:50:37
0xfc10b211ca01cffff3b255e204ba04a6ea32a8d5,2026-04-01 00:55:53,0,5,0.4355135649795898,0,1139,2026-03-29 10:25:18,2026-04-07 01:50:37
0x95c633da33fe4f18d9fdf9542f2b07de918aad4b,2026-04-01 00:55:59,0,5,0.5181798181079114,1,490,2026-03-29 10:25:18,2026-04-07 01:50:37
0xa5e96f3ed63cc89788e9af51bdd86889031e1077,2026-04-01 00:56:01,1,5,0.5871048635253429,1,127,2026-03-29 10:25:18,2026-04-07 01:50:37
0xaa89a61c67a8b272079e4d2ce432690da43dded9,2026-04-01 00:56:05,0,5,0.49692969673345827,0,693,2026-03-29 10:25:18,2026-04-07 01:50:37
0xbcc276705fb6d5a22e4aef994ede92f109918c9a,2026-04-01 00:56:23,0,5,0.5652810121949509,1,191,2026-03-29 10:25:18,2026-04-07 01:50:37
0xe5b29f5da62141c6e20e6a6a99a16585893b21f4,2026-04-01 00:56:25,0,5,0.4996527243420583,0,670,2026-03-29 10:25:18,2026-04-07 01:50:37
0x2902970ad2289e2669bbdca1fa04bfb69aeb64a8,2026-04-01 00:56:39,0,5,0.45985885903373114,0,1025,2026-03-29 10:25:18,2026-04-07 01:50:37
0x24eb6fb21db94624ee7df73265a788d44a31aadf,2026-04-01 00:56:45,1,5,0.5599112913932124,1,208,2026-03-29 10:25:18,2026-04-07 01:50:37
0xfe21bd6f7c95f13ac8ce977655395878c047199f,2026-04-01 00:56:53,0,5,0.4869309443823347,0,793,2026-03-29 10:25:18,2026-04-07 01:50:37
0xfb0f17657c9c24293b918adb86362a4d8fc90b02,2026-04-01 00:56:59,0,5,0.4301724492018592,0,1152,2026-03-29 10:25:18,2026-04-07 01:50:37
0xb0f47416ad54915aea513144d7f3a9429b446fa9,2026-04-01 00:57:13,0,5,0.46731975106619483,0,985,2026-03-29 10:25:18,2026-04-07 01:50:37
0x571795dc526135e88dda7fd731744e832b5aa167,2026-04-01 00:57:39,1,5,0.5340496855370178,1,349,2026-03-29 10:25:18,2026-04-07 01:50:37
0x7b3c7da1b7829d6bdfa09bb35d24b014a68bb51a,2026-04-01 00:57:51,0,5,0.5176036757870133,1,498,2026-03-29 10:25:18,2026-04-07 01:50:37
0x9ea77cbf4a8ce9fbf85b4f9ed700cdf5d58ad6b6,2026-04-01 00:57:51,1,5,0.4500558150540048,0,1085,2026-03-29 10:25:18,2026-04-07 01:50:37
0x01816f3eaea13ee3469850ea93d165f740194e52,2026-04-01 00:58:01,1,5,0.5175241861352412,1,501,2026-03-29 10:25:18,2026-04-07 01:50:37
0x63b3ba7bcbe662edbadcf89a4f7d1ea74379ff39,2026-04-01 00:58:35,0,5,0.4838512518876228,0,829,2026-03-29 10:25:18,2026-04-07 01:50:37
0xc6accd5b5f647aacb751b8f3e9d640e723733778,2026-04-01 00:58:35,0,5,0.4649475201241818,0,996,2026-03-29 10:25:18,2026-04-07 01:50:37
0x75ea39efe63edaa29fab779c2733961142d18b6a,2026-04-01 00:58:45,0,5,0.4970561048435145,0,692,2026-03-29 10:25:18,2026-04-07 01:50:37
0xa416b705a031727f528d8d718856ebaff0c0d2d7,2026-04-01 00:58:47,0,5,0.4849058767849382,0,818,2026-03-29 10:25:18,2026-04-07 01:50:37
0xd308db2dd26033aa9ca84a9e01d957eb9211c307,2026-04-01 00:58:47,1,5,0.45672690066186733,0,1047,2026-03-29 10:25:18,2026-04-07 01:50:37
0x3086dc7ac892557b74e75b83e345c7f6b917d9a5,2026-04-01 00:58:53,0,5,0.44139818226630484,0,1116,2026-03-29 10:25:18,2026-04-07 01:50:37
0x8f1dfd0868d056f11f84e0233e1b89527c262fb6,2026-04-01 00:58:53,0,5,0.47429526005881223,0,937,2026-03-29 10:25:18,2026-04-07 01:50:37
0xa710e816977bd481650039fd8b75da3fd1a09257,2026-04-01 00:58:53,1,5,0.504684353615676,1,612,2026-03-29 10:25:18,2026-04-07 01:50:37
0x1c0393650e8145cf5eab5b31b04ae358d4178a3d,2026-04-01 01:00:19,0,5,0.5050962476763072,1,605,2026-03-29 10:25:18,2026-04-07 01:50:37
0x15e1d24d0f12d3e8cd493d93006cd1f301fcc3be,2026-04-01 02:21:21,0,5,0.6013425118275175,1,77,2026-03-29 10:25:18,2026-04-07 01:50:37
0xcdd77cb39a3760aad96bf4b245cfaa4c816d4a8f,2026-04-01 02:21:21,0,5,0.4603054162039222,0,1023,2026-03-29 10:25:18,2026-04-07 01:50:37
0x206a9f494c463da299784d853f595b18c51e94dd,2026-04-01 02:21:23,1,5,0.5078348923536112,1,587,2026-03-29 10:25:18,2026-04-07 01:50:37
0x660d91ae89acf80acb6ba0822931082c99f5129d,2026-04-01 02:22:45,0,5,0.5200933509780022,1,460,2026-03-29 10:25:18,2026-04-07 01:50:37
0x36468d895f93c87c506f7d21cefca9d8a1179310,2026-04-01 02:23:03,0,5,0.4525168001584623,0,1073,2026-03-29 10:25:18,2026-04-07 01:50:37
0x02c073f5b060639ae59d4b94ecdfcd1b18b3d718,2026-04-01 02:24:29,0,5,0.49215157651376595,0,745,2026-03-29 10:25:18,2026-04-07 01:50:37
0x6cf303c3cc7f76c153c289c93d82f2c6d1a237a5,2026-04-01 02:24:29,0,5,0.5054607764490724,1,601,2026-03-29 10:25:18,2026-04-07 01:50:37
0x4754980bdd30aa5b0ea94912593f41318c74c1fd,2026-04-01 02:24:31,0,5,0.5351482873278546,1,342,2026-03-29 10:25:18,2026-04-07 01:50:37
0x195389a81708bcf57ffd72166ab8ed95af8bd9bd,2026-04-01 02:24:33,0,5,0.4591411836058628,0,1033,2026-03-29 10:25:18,2026-04-07 01:50:37
0x6f8b7993c44e9b04b6c6d2a526c1ab55eae8eed8,2026-04-01 02:25:09,0,5,0.5370248960890505,1,322,2026-03-29 10:25:18,2026-04-07 01:50:37
0x76a1b81baf48a0850b9f40691ee41024352e3bbe,2026-04-01 02:25:09,0,5,0.5295739969726532,1,380,2026-03-29 10:25:18,2026-04-07 01:50:37
0x1fc297eab1626d96528e4ad39f383d3441a44035,2026-04-01 02:25:13,0,5,0.5350194524607153,1,343,2026-03-29 10:25:18,2026-04-07 01:50:37
0xa85ce6075994cf3e069feeb2ccd9667608533463,2026-04-01 02:25:19,0,5,0.5086551734372066,1,581,2026-03-29 10:25:18,2026-04-07 01:50:37
0x509db3d2c5fa1409a1a42cd81497101f08a2820d,2026-04-01 02:25:23,0,5,0.5035175822714755,1,620,2026-03-29 10:25:18,2026-04-07 01:50:37
0x785572bd375ffd5be27142503e7a541209a938a0,2026-04-01 02:25:23,1,5,0.48202010680933344,0,841,2026-03-29 10:25:18,2026-04-07 01:50:37
0x017603f2660af0884ada60dff797bc634641910e,2026-04-01 02:25:41,1,5,0.48152015018980887,0,854,2026-03-29 10:25:18,2026-04-07 01:50:37
0xf69f9c6b099f8f72f1f7a1b0c6da6fd41ffa02b8,2026-04-01 02:26:01,1,5,0.5275196069414285,1,400,2026-03-29 10:25:18,2026-04-07 01:50:37
0xc4ee18ce4ffcb64f75ba211138bec2a3ba915d00,2026-04-01 02:26:15,0,5,0.30728383904782147,0,1285,2026-03-29 10:25:18,2026-04-07 01:50:37
0x5078d0586b66aa1a328f95103be302e008ed420f,2026-04-01 02:26:17,1,5,0.47228939781416096,0,950,2026-03-29 10:25:18,2026-04-07 01:50:37
0xe61651ffdeb55dc49ef72f9f4934a06e8cd70bd9,2026-04-01 02:26:35,0,5,0.4922214010293244,0,744,2026-03-29 10:25:18,2026-04-07 01:50:37
0x91e517cc3687db44a31fa01cee27cdc540b10947,2026-04-01 02:26:37,0,5,0.4991906526132987,0,672,2026-03-29 10:25:18,2026-04-07 01:50:37
0x95ca2f5e2a57dcb211312a8289f4eaec0168bbaf,2026-04-01 02:26:39,0,5,0.4312372649153646,0,1147,2026-03-29 10:25:18,2026-04-07 01:50:37
0x92dc7bb5d2e4e98ea96ddd4b770a450c088f9980,2026-04-01 02:26:41,0,5,0.4745206626411345,0,935,2026-03-29 10:25:18,2026-04-07 01:50:37
0x584b1f5dcc968e8ebfde5ef182b8232c6e468a7d,2026-04-01 02:26:57,0,5,0.47918722620520154,0,882,2026-03-29 10:25:18,2026-04-07 01:50:37
0x82c928aed1994bd0fa0a732dc3bcdad1cb520325,2026-04-01 02:27:05,0,5,0.49239457067314196,0,743,2026-03-29 10:25:18,2026-04-07 01:50:37
0x39a041870ab33e8a4c84beaa3f5e0d992c339d90,2026-04-01 02:28:53,1,5,0.5198442597423113,1,466,2026-03-29 10:25:18,2026-04-07 01:50:37
0x245204669dbb891a480ec1d03c603a4ce14c819c,2026-04-01 02:28:55,0,5,0.5464975302595572,1,264,2026-03-29 10:25:18,2026-04-07 01:50:37
0x3bb372362c010df3b51f9d7106be4b7cbbad9537,2026-04-01 03:29:41,0,5,0.5017836941461774,1,651,2026-03-29 10:25:18,2026-04-07 01:50:37
0x49ffa227dd8639f0f14a354c84c1dd5f0746f17b,2026-04-01 03:29:41,0,5,0.5270985629799009,1,403,2026-03-29 10:25:18,2026-04-07 01:50:37
0x6021415fdb91d53709dd615bdffad39814a1dcc6,2026-04-01 03:29:41,0,5,0.49503449087049195,0,712,2026-03-29 10:25:18,2026-04-07 01:50:37
0x62c56d147bc28c5924d9a7eb42cb1637193f6c25,2026-04-01 03:29:41,0,5,0.5017836941461774,1,652,2026-03-29 10:25:18,2026-04-07 01:50:37
0x76a0d3fdbff5d951dd755a4c894c65b1e166de5a,2026-04-01 03:29:41,1,5,0.49503449087049195,0,713,2026-03-29 10:25:18,2026-04-07 01:50:37
0xaa0f0e006570bbf941dd4418179cfa853f25574c,2026-04-01 03:29:41,0,5,0.3521593703660779,0,1264,2026-03-29 10:25:18,2026-04-07 01:50:37
0xb06ca108f53ec24865ed562aced8ca6e9cc48022,2026-04-01 03:29:41,0,5,0.5463157910223527,1,266,2026-03-29 10:25:18,2026-04-07 01:50:37
0xb25aee28da0e0652372f06ef8d6b7c1bd5e4bca7,2026-04-01 03:29:41,0,5,0.5016740783417551,1,653,2026-03-29 10:25:18,2026-04-07 01:50:37
0xc9b8990a4c7118ecc5dd8c344484534b1213599b,2026-04-01 03:30:21,0,5,0.5928604507336025,1,115,2026-03-29 10:25:18,2026-04-07 01:50:37
0x1b4038bc949aace8e2c4a31b9041a0310b3aae7e,2026-04-01 03:30:51,0,5,0.3198052857115796,0,1280,2026-03-29 10:25:18,2026-04-07 01:50:37
0xded28d3d7ef9c786970b80fdd429f353ad143dc3,2026-04-01 03:31:29,0,5,0.5069067953286108,1,591,2026-03-29 10:25:18,2026-04-07 01:50:37
0x48dd213dcbaa88a03fde512241c0db31edf2f641,2026-04-01 03:32:43,0,5,0.4493535306913476,0,1089,2026-03-29 10:25:18,2026-04-07 01:50:37
0x6862cd796d24078a09940a9ea1b5837d0383af58,2026-04-01 03:32:45,0,5,0.5231516493242856,1,428,2026-03-29 10:25:18,2026-04-07 01:50:37
0x4be1d9a0618c96705c651f4c41b03143f454e17f,2026-04-01 03:32:49,0,5,0.5219605906958168,1,444,2026-03-29 10:25:18,2026-04-07 01:50:37
0xf41d520af1ad14b3182ef79caa358162542b6d8f,2026-04-01 03:32:49,0,5,0.5367910506434839,1,325,2026-03-29 10:25:18,2026-04-07 01:50:37
0xfe23342a381a41fff988994fbb12683be986e72b,2026-04-01 03:32:53,0,5,0.5541193293657162,1,230,2026-03-29 10:25:18,2026-04-07 01:50:37
0xca7517e0b2b98a24a6cb4415a64177a6f05cd923,2026-04-01 03:33:23,0,5,0.39384937352537897,0,1231,2026-03-29 10:25:18,2026-04-07 01:50:37
0xf4842343ce6c927dc4077d021bd740d25acb145b,2026-04-01 03:33:35,1,5,0.5229593381004174,1,429,2026-03-29 10:25:18,2026-04-07 01:50:37
0x364a450863f62127e1778dcb903c24430e4af2e1,2026-04-01 03:34:21,1,5,0.32584610713052825,0,1277,2026-03-29 10:25:18,2026-04-07 01:50:37
0xaf8a4d03cf53d218db46ca6f99b3d612a6273b49,2026-04-01 03:34:21,0,5,0.4792646429209068,0,881,2026-03-29 10:25:18,2026-04-07 01:50:37
0x04e0270263236d3b765ac0393817e60a864f7433,2026-04-01 03:34:53,1,5,0.5597828949317168,1,209,2026-03-29 10:25:18,2026-04-07 01:50:37
0x21578bebad65d77feba75f91c67be174abe4f5df,2026-04-01 03:35:05,0,5,0.4705452849567806,0,958,2026-03-29 10:25:18,2026-04-07 01:50:37
0x19980a3d7bb79be274b88d6c59e20aff4e5cbe8c,2026-04-01 03:35:39,0,5,0.4318251497994274,0,1146,2026-03-29 10:25:18,2026-04-07 01:50:37
0x07ca3cf3c6f6d3724de362623cd1c16b49a9eb1c,2026-04-01 03:36:49,0,5,0.5023150446280573,1,639,2026-03-29 10:25:18,2026-04-07 01:50:37
0x7a04152bd2f8dada203fbd42fc2fe1fb5d866cb7,2026-04-01 03:37:23,1,5,0.6034182241764174,1,25,2026-03-29 10:25:18,2026-04-07 01:50:37
0x6fece6a3fbd48238b0181c96212077fbac5a047c,2026-04-01 03:37:25,1,5,0.5180555368211944,1,495,2026-03-29 10:25:18,2026-04-07 01:50:37
0x2db665a9e6e6d0880f43182948b6c6a4670de0e1,2026-04-01 03:38:05,1,5,0.47831721402773697,0,890,2026-03-29 10:25:18,2026-04-07 01:50:37
0x4a4f53d1632ca27218f9d59aafed743f8c4bf00a,2026-04-01 03:38:07,0,5,0.47744436796664014,0,902,2026-03-29 10:25:18,2026-04-07 01:50:37
0xef45c0e50c41566dcc8b76cef4bc72107f368a4d,2026-04-01 04:33:55,1,5,0.5183947691265922,1,488,2026-03-29 10:25:18,2026-04-07 01:50:37
0xa7962e1c313f14f510fd6377072466f66dab95f9,2026-04-01 04:34:07,0,5,0.5120900300497452,1,551,2026-03-29 10:25:18,2026-04-07 01:50:37
0x1a6c065207c60b37721382e5c9980a2184b8398a,2026-04-01 04:34:45,0,5,0.4552581599934721,0,1055,2026-03-29 10:25:18,2026-04-07 01:50:37
0x6bdb723336b61a46807f2d4d31f38dd6fbc61e0e,2026-04-01 04:34:49,0,5,0.4833009975218602,0,831,2026-03-29 10:25:18,2026-04-07 01:50:37
0x686b2cdc5449e0193799bbdfb7c2a9232af2ca44,2026-04-01 04:34:51,0,5,0.5078934090644477,1,586,2026-03-29 10:25:18,2026-04-07 01:50:37
0x0d9db638008a2ea2e95ab99211812da1ca5973a1,2026-04-01 04:34:55,0,5,0.47808387821906795,0,892,2026-03-29 10:25:18,2026-04-07 01:50:37
0x077bdcd6677e2972206bf40d49e0f6f613e3b0b6,2026-04-01 04:35:17,1,5,0.47288194917792886,0,944,2026-03-29 10:25:18,2026-04-07 01:50:37
0xe63160b37ef1902364a75ea40e1475cf20457226,2026-04-01 04:35:47,1,5,0.4042165678574383,0,1218,2026-03-29 10:25:18,2026-04-07 01:50:37
0x5d3fd56a088d136ac9cb251497f3723376d282cb,2026-04-01 04:35:55,0,5,0.5417699839779376,1,289,2026-03-29 10:25:18,2026-04-07 01:50:37
0x371a0d623144ad877c81614afe52c356619c34b0,2026-04-01 04:37:05,1,5,0.5021004506633251,1,643,2026-03-29 10:25:18,2026-04-07 01:50:37
0x70f01e5fb73713ae60c46b6dfd2b300328b1d141,2026-04-01 04:37:05,0,5,0.45402000191124287,0,1066,2026-03-29 10:25:18,2026-04-07 01:50:37
0x92b6d4d478548456b9aae58da5a4753d2080cd03,2026-04-01 04:37:05,0,5,0.45402074033410944,0,1065,2026-03-29 10:25:18,2026-04-07 01:50:37
0xc0b0eac278da11dbefa55fa13d3339570fab298f,2026-04-01 04:37:05,0,5,0.603441368772258,1,24,2026-03-29 10:25:18,2026-04-07 01:50:37
0xc21e6042c6ed7b8e45db17d9438ea10474e394b2,2026-04-01 04:37:49,0,5,0.5945540499931206,1,108,2026-03-29 10:25:18,2026-04-07 01:50:37
0x3603d1141cd335a429e0c452551e4f961ed1b9b3,2026-04-01 04:38:03,1,5,0.560740450323623,1,204,2026-03-29 10:25:18,2026-04-07 01:50:37
0xda24f0caf5766fc36df8ac2f6ae3a567b71a9f1f,2026-04-01 04:38:49,0,5,0.4789545141834688,0,885,2026-03-29 10:25:18,2026-04-07 01:50:37
0x9b64999ef0d6c9733d49ff652ccd573ca2b67311,2026-04-01 04:38:57,0,5,0.4604433749802562,0,1022,2026-03-29 10:25:18,2026-04-07 01:50:37
0x9bee6e2fd1f6b3e95b39e3a9384c0e4da2d41422,2026-04-01 06:33:59,0,5,0.5338619206195224,1,350,2026-03-29 10:25:18,2026-04-07 01:50:37
0xe0aa3900bbf9eb4879eefdc166a2f7957d723074,2026-04-01 06:33:59,0,5,0.552786546929913,1,239,2026-03-29 10:25:18,2026-04-07 01:50:37
0xc65066d895146f35df0412b2c943a9c952a91ef4,2026-04-01 06:34:35,0,5,0.5295155626222695,1,382,2026-03-29 10:25:18,2026-04-07 01:50:37
0x14a6d054c8bed4c191a099f188a29d9d621fd254,2026-04-01 06:34:37,0,5,0.4593897260034781,0,1031,2026-03-29 10:25:18,2026-04-07 01:50:37
0x7c81305d63a40e48bcc0c71b17183a8b0649394f,2026-04-01 06:34:43,0,5,0.5572764084469369,1,218,2026-03-29 10:25:18,2026-04-07 01:50:37
0x011595666d1260af669286430fde71d5f0a89cab,2026-04-01 06:35:07,0,5,0.528303556704988,1,393,2026-03-29 10:25:18,2026-04-07 01:50:37
0x20bc81efb2ccfe59ebf9b99619b619b5a6b1d3a4,2026-04-01 06:35:07,1,5,0.5234172967460244,1,425,2026-03-29 10:25:18,2026-04-07 01:50:37
0x868da96dc483093bd4f0f581d2354f63f539ac09,2026-04-01 06:35:07,1,5,0.5437632436854594,1,282,2026-03-29 10:25:18,2026-04-07 01:50:37
0xc5e85ed210fd56b372caf740935e95b0877b28a3,2026-04-01 06:35:07,1,5,0.5868869119542504,1,128,2026-03-29 10:25:18,2026-04-07 01:50:37
0xc68f5d160b021d97b86965ebb66eb237c0b250fd,2026-04-01 06:35:11,0,5,0.5386384652479453,1,312,2026-03-29 10:25:18,2026-04-07 01:50:37
0x30e5d50fac6fe9aa660fabab28544badfa17c3f5,2026-04-01 06:35:15,1,5,0.6006477499079997,1,81,2026-03-29 10:25:18,2026-04-07 01:50:37
0xf7b48c488b20d02f92cd448edd95af90f3c1580d,2026-04-01 06:35:15,0,5,0.430554176906998,0,1150,2026-03-29 10:25:18,2026-04-07 01:50:37
0x096cb9a845de6183b400fe47dcf65a52d7430240,2026-04-01 06:35:17,1,5,0.5194557568122038,1,475,2026-03-29 10:25:18,2026-04-07 01:50:37
0xcd5f939d85b99e49d89524774c3ce6c9fb313776,2026-04-01 06:35:29,0,5,0.4274610326668459,0,1157,2026-03-29 10:25:18,2026-04-07 01:50:37
0x2a8562f78db5f54bbc5205af458a7e95ec6cb70b,2026-04-01 06:36:49,0,5,0.5457496726909081,1,269,2026-03-29 10:25:18,2026-04-07 01:50:37
0x5d67b38a8af03ebae0a0e91b0625ce4dce80ca41,2026-04-01 06:37:11,0,5,0.5005429393677717,1,660,2026-03-29 10:25:18,2026-04-07 01:50:37
0x5e83967ea7c218b1e6012796c3fedf209c2db598,2026-04-01 06:37:11,0,5,0.4945660342853672,0,720,2026-03-29 10:25:18,2026-04-07 01:50:37
0x28d2703fc31592d262649e5e274816537c6ddf4c,2026-04-01 06:37:29,0,5,0.4876709101077752,0,789,2026-03-29 10:25:18,2026-04-07 01:50:37
0x0e1d33476f53fccf4849767da37146195e808efb,2026-04-01 06:37:31,1,5,0.4826932544801333,0,836,2026-03-29 10:25:18,2026-04-07 01:50:37
0x18d71294be378061c7b43674bfa9c0a6ad2a64cc,2026-04-01 06:37:35,0,5,0.6024147400089793,1,60,2026-03-29 10:25:18,2026-04-07 01:50:37
0xdc790e5d58af85e05196c5b32c3bd78ef40d96de,2026-04-01 06:37:51,0,5,0.4919045052256177,0,750,2026-03-29 10:25:18,2026-04-07 01:50:37
0x4dd019c570b61d72d13db5a49e33f572b2aeeee4,2026-04-01 06:38:15,0,5,0.49339673604828643,0,734,2026-03-29 10:25:18,2026-04-07 01:50:37
0xf0e24dc21affb069efc52eada3198614f7578d80,2026-04-01 06:38:15,0,5,0.5064453215904277,1,597,2026-03-29 10:25:18,2026-04-07 01:50:37
0x17645c46c754d8c5c6bf5731a7c1f3c0b2de6a1c,2026-04-01 06:38:19,0,5,0.5190992926001726,1,479,2026-03-29 10:25:18,2026-04-07 01:50:37
0xc3547a4097807bc6482a1c033e71c1f7df087845,2026-04-01 06:38:41,0,5,0.41009738194046336,0,1207,2026-03-29 10:25:18,2026-04-07 01:50:37
0x0580b7969ffc28fc4687840ef4a2d5bafdcb722f,2026-04-01 06:39:29,1,5,0.47284167575024005,0,946,2026-03-29 10:25:18,2026-04-07 01:50:37
0x084e6b788dda1fe2339b1b945d574c1be68fffb0,2026-04-01 06:39:31,0,5,0.46500879415056157,0,994,2026-03-29 10:25:18,2026-04-07 01:50:37
0x7a4f41ae58dc09de20b25a4e9abc6b1c56785944,2026-04-01 07:33:03,1,5,0.42985227251135144,0,1154,2026-03-29 10:25:18,2026-04-07 01:50:37
0xea8311c5a40068d14ad473735958d0b7233f6696,2026-04-01 07:34:57,0,5,0.47328063828295874,0,942,2026-03-29 10:25:18,2026-04-07 01:50:37
0x0cfcb38065aef8c09f366ff106283fd3ccd88969,2026-04-01 07:34:59,0,5,0.4604706713783667,0,1021,2026-03-29 10:25:18,2026-04-07 01:50:37
0x33024c9c73b2f64dcb571170d6c7ae7e035c489d,2026-04-01 07:35:07,1,5,0.5706140308891952,1,172,2026-03-29 10:25:18,2026-04-07 01:50:37
0xcf0d68ddca92deb072f4bf52274a230d5dcc5e3d,2026-04-01 07:35:07,1,5,0.5133851480047426,1,541,2026-03-29 10:25:18,2026-04-07 01:50:37
0x5046404a56377c820ff0ddb38ca0f6366205ff7a,2026-04-01 07:36:03,1,5,0.4750652293604305,0,929,2026-03-29 10:25:18,2026-04-07 01:50:37
0x1886352bbfcc058744d35844cbedaa92a3ec8477,2026-04-01 07:36:15,0,5,0.5011654101647772,1,657,2026-03-29 10:25:18,2026-04-07 01:50:37
0x0d10fdbccf762e55a70e7df0856fb6914cb1780b,2026-04-01 07:37:17,0,5,0.5145333874022464,1,529,2026-03-29 10:25:18,2026-04-07 01:50:37
0x259177d8e4b7ac303fbec9728258dadd33352ae0,2026-04-01 07:37:51,0,5,0.3835000019483864,0,1242,2026-03-29 10:25:18,2026-04-07 01:50:37
0x3ee96d8cded6f155f17511d932a83bcef982ba60,2026-04-01 07:38:53,0,5,0.52131996946249,1,450,2026-03-29 10:25:18,2026-04-07 01:50:37
0x8b6d6545438183debbc0af8ef40d2296208c4324,2026-04-01 07:39:49,0,5,0.5024178592980622,1,636,2026-03-29 10:25:18,2026-04-07 01:50:37
0x3f2f54596d799c18e806c5900e4967714fa28150,2026-04-01 07:40:05,1,5,0.4921194881578715,0,746,2026-03-29 10:25:18,2026-04-07 01:50:37
0x1cab3bbecdbe5ba23aeae969c85be13ac7d87445,2026-04-01 07:40:25,0,5,0.48984425552861866,0,771,2026-03-29 10:25:18,2026-04-07 01:50:37
0x010498c4506bc5c4b6b54beb5493db1aed3ff3f9,2026-04-01 07:40:35,0,5,0.33648663975301674,0,1273,2026-03-29 10:25:18,2026-04-07 01:50:37
0x1e95241bd81c6ebd07710c87721ad72619d0514b,2026-04-01 07:40:35,1,5,0.4527348635721244,0,1072,2026-03-29 10:25:18,2026-04-07 01:50:37
0x53a625e673dd45b358018f40437e6721b67b1a69,2026-04-01 07:40:55,0,5,0.4867344490819588,0,795,2026-03-29 10:25:18,2026-04-07 01:50:37
0x36344752361f4797f8475b5517454015e33bd9d2,2026-04-01 08:45:41,0,5,0.5445081487468894,1,276,2026-03-29 10:25:18,2026-04-07 01:50:37
0xf3a710078c35b891cc0ce98c1badaa023a4f2fd8,2026-04-01 08:45:41,0,5,0.14128153680769762,0,1319,2026-03-29 10:25:18,2026-04-07 01:50:37
0xf850de6a5ee0a6161c6230af4e9b463f2cd96788,2026-04-01 08:45:41,0,5,0.13052355489152195,0,1322,2026-03-29 10:25:18,2026-04-07 01:50:37
0x11b1c547285bd3f6ef9049c7df127a0e87e02e12,2026-04-01 08:45:43,1,5,0.5143328335286351,1,530,2026-03-29 10:25:18,2026-04-07 01:50:37
0x6e58e4b98953736726f6ace144cfb8492b0eb5b1,2026-04-01 08:45:45,0,5,0.24325394253064583,0,1314,2026-03-29 10:25:18,2026-04-07 01:50:37
0xd4253cf046d1e7080c2bab443737710d55a9c0e4,2026-04-01 08:45:45,0,5,0.20445897074214106,0,1318,2026-03-29 10:25:18,2026-04-07 01:50:37
0xee55214ee3a9ee22a404663c76ca832577df7b04,2026-04-01 08:45:45,0,5,0.3035837329883692,0,1288,2026-03-29 10:25:18,2026-04-07 01:50:37
0xd267b6d892b40163b6f38950bae8dbc7b9014f07,2026-04-01 08:46:55,0,5,0.5181478807937012,1,493,2026-03-29 10:25:18,2026-04-07 01:50:37
0xc3ba07540fe89e3e13019f7991a79c1e8cf7d348,2026-04-01 08:46:57,0,5,0.5193462915467832,1,476,2026-03-29 10:25:18,2026-04-07 01:50:37
0xfcdc071df7080c214196bb0b3b751e5417f9d8e3,2026-04-01 08:48:01,0,5,0.43770310801445583,0,1130,2026-03-29 10:25:18,2026-04-07 01:50:37
0xd06e46020cc37b459b9f3a744a0f28d85f6dd4de,2026-04-01 08:48:15,0,5,0.34056255880624114,0,1271,2026-03-29 10:25:18,2026-04-07 01:50:37
0x6cdbb24da2701ee38655088ff3fd05d048e78a82,2026-04-01 08:51:29,0,5,0.37626903201666617,0,1251,2026-03-29 10:25:18,2026-04-07 01:50:37
0xa58c8985900c8a4175e7a2aa5dd8424b8df53108,2026-04-01 08:51:37,0,5,0.5048165261127253,1,610,2026-03-29 10:25:18,2026-04-07 01:50:37
0x5f50e49531a7bec65758c347938e621710691b8f,2026-04-01 08:51:39,1,5,0.547886278798522,1,256,2026-03-29 10:25:18,2026-04-07 01:50:37
0x29770e2047f47cefbfea66deffb35cfb42bd6efc,2026-04-01 08:51:57,0,5,0.5149063208100229,1,525,2026-03-29 10:25:18,2026-04-07 01:50:37
0xe4c869b8ec90941b865f4cc6187981e52d4a86b4,2026-04-01 08:53:57,1,5,0.4743021716076407,0,936,2026-03-29 10:25:18,2026-04-07 01:50:37
0xb06a9ab88aae709c925e1b1ba9e3c71637a71924,2026-04-01 11:14:39,0,5,0.5207447794079091,1,453,2026-03-29 10:25:18,2026-04-07 01:50:37
0x5471604e05accad637155999bbf90d9fad76a236,2026-04-01 11:14:41,0,5,0.408101526413964,0,1211,2026-03-29 10:25:18,2026-04-07 01:50:37
0x668dc81a995cdd11dfe226e205e7ec0c4fc7e471,2026-04-01 11:14:41,1,5,0.28789932188684164,0,1295,2026-03-29 10:25:18,2026-04-07 01:50:37
0x82dca3851445e005b8f21a2814db1439189f5700,2026-04-01 11:14:41,0,5,0.5841044099903191,1,140,2026-03-29 10:25:18,2026-04-07 01:50:37
0x8d87d7ce0a32fedf0d0b5c6e469379dee8298dbb,2026-04-01 11:14:41,0,5,0.37958942001598006,0,1246,2026-03-29 10:25:18,2026-04-07 01:50:37
0xb8777c0b5bbd63926364113db51d8ee55512a13f,2026-04-01 11:14:41,0,5,0.6036024455988757,1,3,2026-03-29 10:25:18,2026-04-07 01:50:37
0x358afa82ce65631b5ceaecbd699a68754ba89ecc,2026-04-01 11:14:43,1,5,0.5401958103976336,1,300,2026-03-29 10:25:18,2026-04-07 01:50:37
0x0bdd8b2d0e1a2c965e44588fdee730092706e657,2026-04-01 11:14:49,0,5,0.5098074039509379,1,576,2026-03-29 10:25:18,2026-04-07 01:50:37
0x0de0ecd780ce4a62cdb477f3c60ad455e87c35b7,2026-04-01 11:14:49,1,5,0.5390881816532564,1,310,2026-03-29 10:25:18,2026-04-07 01:50:37
0x887798c8ab286aaad718e88c97b3d8956465349f,2026-04-01 11:15:07,0,5,0.6000677209187002,1,86,2026-03-29 10:25:18,2026-04-07 01:50:37
0x0966eecad56c780c9a483f6514cc4a58d1e36ed2,2026-04-01 11:15:35,1,5,0.5597419344588803,1,210,2026-03-29 10:25:18,2026-04-07 01:50:37
0x59a0bc85f8b517a253da07312768a8ffc74bf43c,2026-04-01 11:16:01,1,5,0.5364099884336179,1,327,2026-03-29 10:25:18,2026-04-07 01:50:37
0x8aa29c27241b6909a7c4d6cb4f400267aa215a0b,2026-04-01 11:16:05,1,5,0.4382544193491739,0,1128,2026-03-29 10:25:18,2026-04-07 01:50:37
0xc6db201fa78e5c5908df0c772ec0c53241b83eb3,2026-04-01 11:16:05,1,5,0.5522548569843861,1,241,2026-03-29 10:25:18,2026-04-07 01:50:37
0x3f623a639dcfebdc6f96d8a1e445fbc3403662b7,2026-04-01 11:16:17,1,5,0.5931800834192412,1,114,2026-03-29 10:25:18,2026-04-07 01:50:37
0x76b46aac135ec281c38635110db7974854d6ca9b,2026-04-01 11:17:03,0,5,0.2820042766260205,0,1299,2026-03-29 10:25:18,2026-04-07 01:50:37
0x6fa78fe4ea98f16d9774115007b48b940ecb785a,2026-04-01 11:17:05,0,5,0.498898658088963,0,677,2026-03-29 10:25:18,2026-04-07 01:50:37
0x7cd2f2e87395e8be53a7a006caf09baad9603079,2026-04-01 11:17:07,0,5,0.24611264584268805,0,1311,2026-03-29 10:25:18,2026-04-07 01:50:37
0xb5bb56cc25d96e06117181af24f7da621f71c7e4,2026-04-01 11:18:27,0,5,0.5159667839460117,1,516,2026-03-29 10:25:18,2026-04-07 01:50:37
0xe648c4773795b55f1c5ee9fdf19602d97150fb2e,2026-04-01 11:18:27,0,5,0.51833761013878,1,489,2026-03-29 10:25:18,2026-04-07 01:50:37
0x6f4981f8e5462c7c9961b78d45013301698bec0c,2026-04-01 11:18:29,0,5,0.49370972239883365,0,729,2026-03-29 10:25:18,2026-04-07 01:50:37
0x0dfaec0994b77843b507f54cd36d6625c46273b6,2026-04-01 11:18:31,0,5,0.4713128487175291,0,956,2026-03-29 10:25:18,2026-04-07 01:50:37
0xdcf2e7726d947c48adab6a8590d5ddb6edc6ee33,2026-04-01 11:18:31,0,5,0.5181749442189422,1,491,2026-03-29 10:25:18,2026-04-07 01:50:37
0x9b217f08fdebcac545d0125e2f58d543629315ac,2026-04-01 11:19:07,0,5,0.5152930016246894,1,523,2026-03-29 10:25:18,2026-04-07 01:50:37
0xdf0810107d35335b2bacc0682180e0f24889d24a,2026-04-01 11:19:31,0,5,0.4720260962817204,0,953,2026-03-29 10:25:18,2026-04-07 01:50:37
0x4f4675c94e86717a9770efe4123fb5952bb6b522,2026-04-01 11:19:45,0,5,0.47564223886309764,0,921,2026-03-29 10:25:18,2026-04-07 01:50:37
0x7f230e4f42db1ffe74554721bfa0d75a45fd82f4,2026-04-01 11:19:47,0,5,0.4914524918934763,0,758,2026-03-29 10:25:18,2026-04-07 01:50:37
0xc6ddf5006173073a58aa73462eabec4c4ba48ab6,2026-04-01 11:19:47,0,5,0.48908341693258717,0,780,2026-03-29 10:25:18,2026-04-07 01:50:37
0x159ac4a85d180320f93d1b013a79c054b4b07d5f,2026-04-01 12:12:37,1,5,0.5690758640372576,1,175,2026-03-29 10:25:18,2026-04-07 01:50:37
0xef5cf5701f75e438053e3ce11c158807cd666aba,2026-04-01 12:12:39,1,5,0.47286075469181277,0,945,2026-03-29 10:25:18,2026-04-07 01:50:37
0x6caa2c1a7502554c00b7e68ffdf6533926856b80,2026-04-01 12:15:49,1,5,0.5639228417568144,1,196,2026-03-29 10:25:18,2026-04-07 01:50:37
0x847ef5823b2e9a7912b843bbea40d77154bd3c43,2026-04-01 12:15:49,1,5,0.4450465974080701,0,1104,2026-03-29 10:25:18,2026-04-07 01:50:37
0x9902cc1ffb582e079c902380b655fdc3afb534b3,2026-04-01 12:15:57,0,5,0.40133305717229584,0,1223,2026-03-29 10:25:18,2026-04-07 01:50:37
0xf4590cb303a8873d39b58654a338caed83402a6d,2026-04-01 12:16:37,0,5,0.5190988362234825,1,480,2026-03-29 10:25:18,2026-04-07 01:50:37
0x9e0666ee8fc66cfb5d06c779dcb5cb0d4bd5383e,2026-04-01 12:17:11,0,5,0.28752887728737186,0,1296,2026-03-29 10:25:18,2026-04-07 01:50:37
0xcbecd7b291532eee1418b6d138ded0b5576146d7,2026-04-01 12:17:35,0,5,0.5027137221104512,1,625,2026-03-29 10:25:18,2026-04-07 01:50:37
0x02554fa9181dd2755cba8f0d0a0b73263e434eb0,2026-04-01 12:17:49,0,5,0.4186151129645453,0,1180,2026-03-29 10:25:18,2026-04-07 01:50:37
0x7341320dbe9503d837e20a3d76364c4b1347016d,2026-04-01 12:17:49,0,5,0.5108041617569195,1,563,2026-03-29 10:25:18,2026-04-07 01:50:37
0xb98d6c992414ca14abf7ab485f277cf68843045d,2026-04-01 12:17:49,0,5,0.5276101746295881,1,398,2026-03-29 10:25:18,2026-04-07 01:50:37
0x1339c45eef6d2bab37f9fc4e48be4f25f1a2f327,2026-04-01 12:18:03,1,5,0.602351816710237,1,61,2026-03-29 10:25:18,2026-04-07 01:50:37
0x747c9183bcd869cfdec0f4929bc8c0df37ec1b8d,2026-04-01 12:18:47,0,5,0.42238313932078253,0,1169,2026-03-29 10:25:18,2026-04-07 01:50:37
0xea832dfe5803c2ffc754b187f0cc33bc3c11e85f,2026-04-01 12:19:23,0,5,0.36685592349628304,0,1258,2026-03-29 10:25:18,2026-04-07 01:50:37
0xa8085e166837a1b17dd9ef042cc7e9ee21356e36,2026-04-01 12:19:29,0,5,0.5316983998561489,1,366,2026-03-29 10:25:18,2026-04-07 01:50:37
0x58879b12fb0ff9e7e048db7cfe901142134d994e,2026-04-01 12:20:23,0,5,0.44987361269309184,0,1086,2026-03-29 10:25:18,2026-04-07 01:50:37
0x12ce1de3974c218b0548c76b65e71bafe5774881,2026-04-01 12:20:25,0,5,0.5207088797375751,1,454,2026-03-29 10:25:18,2026-04-07 01:50:37
0x19e6603b9eda80146822b404b329d7884926f74b,2026-04-01 12:20:25,1,5,0.5195517470103482,1,474,2026-03-29 10:25:18,2026-04-07 01:50:37
0x7f40c4943bb38d991671c2aac8d758549d23b541,2026-04-01 12:21:23,1,5,0.5200717135177826,1,465,2026-03-29 10:25:18,2026-04-07 01:50:37
0xedaa15f4489b21747c4866c402b8df16d739fb7d,2026-04-01 13:15:47,0,5,0.49966238457805956,0,669,2026-03-29 10:25:18,2026-04-07 01:50:37
0x06557e60f0b5e70db73008d1f31302c2694d51dc,2026-04-01 13:16:51,0,5,0.6033136524261611,1,36,2026-03-29 10:25:18,2026-04-07 01:50:37
0x17b7a63eab3956e7e6739980ab5bde0d63731682,2026-04-01 13:16:51,0,5,0.5286649585708021,1,390,2026-03-29 10:25:18,2026-04-07 01:50:37
0xf9958d7ebcb2d118782aecc902b88f78868cf8fc,2026-04-01 13:16:51,0,5,0.565528280711098,1,189,2026-03-29 10:25:18,2026-04-07 01:50:37
0x723e4b2aa42a2a79427ed019e60e587c394726ab,2026-04-01 13:18:39,0,5,0.5543146536011748,1,228,2026-03-29 10:25:18,2026-04-07 01:50:37
0xe24551e731ad6f948e11d5c00239fbd44489cb37,2026-04-01 13:18:51,0,5,0.5038548943923922,1,614,2026-03-29 10:25:18,2026-04-07 01:50:37
0xbf96469008309269c1f0c7a0d6151032e91682a9,2026-04-01 13:19:03,1,5,0.4818047244970442,0,847,2026-03-29 10:25:18,2026-04-07 01:50:37
0x6b8b1d6dc7bb475267e4519c96f61eaa536ac5f4,2026-04-01 13:19:05,0,5,0.50248846399706,1,631,2026-03-29 10:25:18,2026-04-07 01:50:37
0x6526e7956d214df3f5e9f810ed0562f3e68d9c80,2026-04-01 13:20:39,0,5,0.5854562717939082,1,136,2026-03-29 10:25:18,2026-04-07 01:50:37
0xc53966c9f6766824ee85ab865747d81e18c15ec2,2026-04-01 13:21:23,0,5,0.49639469084037025,0,701,2026-03-29 10:25:18,2026-04-07 01:50:37
0x54c02f5ea8671c0bdb8c4d1083efa73c6af65c47,2026-04-01 13:21:41,0,5,0.5136776409290641,1,535,2026-03-29 10:25:18,2026-04-07 01:50:37
0xfee391b4dfa86311429bdd9cc6f2deffd8f99a0c,2026-04-01 13:21:49,0,5,0.5099137097556857,1,575,2026-03-29 10:25:18,2026-04-07 01:50:37
0xdbd1b6351725e9f72a1e78508f2a30fb74ff0ac8,2026-04-01 13:22:15,1,5,0.5024821264396611,1,632,2026-03-29 10:25:18,2026-04-07 01:50:37
0x3f0d0cb2e211a8b0db575c372da254297053bea7,2026-04-01 14:15:49,1,5,0.47752892024136423,0,898,2026-03-29 10:25:18,2026-04-07 01:50:37
0xd58caf4ef40b8919a5766901f402dd7d082f1f6a,2026-04-01 14:15:49,0,5,0.5228244103230532,1,432,2026-03-29 10:25:18,2026-04-07 01:50:37
0x2af140f660651df40e6f17bca6326131eddcd4da,2026-04-01 14:16:57,0,5,0.5299950299959388,1,378,2026-03-29 10:25:18,2026-04-07 01:50:37
0x802212051f64cae8dcb30861a10b3ed559abfc31,2026-04-01 14:16:57,0,5,0.46996740019229255,0,961,2026-03-29 10:25:18,2026-04-07 01:50:37
0xd9c3aec17636d18ec8096cc5605edac1396e443e,2026-04-01 14:16:59,1,5,0.4911476993523247,0,760,2026-03-29 10:25:18,2026-04-07 01:50:37
0xce9b19a56c588c1118a01345301a2601d1378e1c,2026-04-01 14:17:01,0,5,0.5519444801990352,1,242,2026-03-29 10:25:18,2026-04-07 01:50:37
0x2d203bbd3cce45f12eea5a0a4338c66e143c4d74,2026-04-01 14:18:21,0,5,0.5354555945012094,1,340,2026-03-29 10:25:18,2026-04-07 01:50:37
0x96960b52e99274179f2f3f33e4a9e74540282bc3,2026-04-01 14:19:15,0,5,0.6023466608737649,1,62,2026-03-29 10:25:18,2026-04-07 01:50:37
0xc4d9b0794b8d0b344313ae11e928b9705f9649ac,2026-04-01 14:19:29,1,5,0.4773276508373965,0,905,2026-03-29 10:25:18,2026-04-07 01:50:37
0xf758819c81bee20f45432bf65b057248fddac407,2026-04-01 14:19:49,0,5,0.48729740782447495,0,791,2026-03-29 10:25:18,2026-04-07 01:50:37
0xc978ca4620ffdae9428177ae6e219d77a9f8706b,2026-04-01 14:20:23,0,5,0.5129245281515205,1,542,2026-03-29 10:25:18,2026-04-07 01:50:37
0x67706ec33d1bc5ed0db5cf0681b74b57b64ec3bd,2026-04-01 14:20:53,0,5,0.42590616764515066,0,1161,2026-03-29 10:25:18,2026-04-07 01:50:37
0x28a5938c614e37bf074a49e30427dd3443166bc4,2026-04-01 15:17:35,1,5,0.4815144571542031,0,855,2026-03-29 10:25:18,2026-04-07 01:50:37
0xaf175d867d90aa6de23a826e2805b852ad212a56,2026-04-01 15:17:35,0,5,0.5016379608076404,1,654,2026-03-29 10:25:18,2026-04-07 01:50:37
0xfa0be5d1ede3529051d96aed4be60fea59a954e5,2026-04-01 15:19:51,0,5,0.5059702133611421,1,599,2026-03-29 10:25:18,2026-04-07 01:50:37
0x46f71934a7dd522ef9e84a4016ec620e27015b54,2026-04-01 15:19:53,0,5,0.5735966509072413,1,167,2026-03-29 10:25:18,2026-04-07 01:50:37
0x53eb50f6a4b23f4a44de8976c69870ed0d0b90eb,2026-04-01 15:19:53,0,5,0.4797221215186024,0,874,2026-03-29 10:25:18,2026-04-07 01:50:37
0xc5c5c40efe2909dca5bd0f9b7ef82b5cab4b0caa,2026-04-01 15:19:55,0,5,0.5022345511504505,1,642,2026-03-29 10:25:18,2026-04-07 01:50:37
0x0008454de1dcbbd955384150c30da1651de8edb0,2026-04-01 15:19:57,0,5,0.5773981560946473,1,155,2026-03-29 10:25:18,2026-04-07 01:50:37
0x4bfd22c0e1080216cef21e8b717a3658de156ac9,2026-04-01 15:21:29,0,5,0.5810154598419053,1,144,2026-03-29 10:25:18,2026-04-07 01:50:37
0x054df82537163fcf77a806221c62840b8e42a884,2026-04-01 15:22:35,0,5,0.5395359758515882,1,305,2026-03-29 10:25:18,2026-04-07 01:50:37
0x1fe48bddf941010f168a15bac8a5d45b03948d93,2026-04-01 15:22:39,0,5,0.49038712905177745,0,767,2026-03-29 10:25:18,2026-04-07 01:50:37
0x318380f1718e1a917d9dd8f75aa5d68f200288f0,2026-04-01 15:23:15,0,5,0.5374439549177122,1,320,2026-03-29 10:25:18,2026-04-07 01:50:37
0xe8def48d60dc11feadf42773e827a993cac04cb0,2026-04-01 15:23:51,0,5,0.49154070192667054,0,755,2026-03-29 10:25:18,2026-04-07 01:50:37
0x08fbc333dfe6405c7d7a608bcbaa8716dfad3659,2026-04-01 15:24:17,0,5,0.5600979507666901,1,207,2026-03-29 10:25:18,2026-04-07 01:50:37
0xb1550b30d2f5d4e7e43e25f70b971a5b70589111,2026-04-01 15:25:15,0,5,0.49355317080504274,0,732,2026-03-29 10:25:18,2026-04-07 01:50:37
0x733139ff8aeb5652ac84a4263a20d43edd92910a,2026-04-01 16:17:19,0,5,0.49081130749717045,0,762,2026-03-29 10:25:18,2026-04-07 01:50:37
0x7a683cf780cdc7e00c24250208206e214d0f98ae,2026-04-01 16:17:25,1,5,0.458587538177382,0,1040,2026-03-29 10:25:18,2026-04-07 01:50:37
0xa98a7b57b3ffc40dd701ac345a6ebb1d3255a5a8,2026-04-01 16:17:25,0,5,0.6035260285807261,1,14,2026-03-29 10:25:18,2026-04-07 01:50:37
0x06f0096faf5e25b0dd38ed38d34c51e921cead99,2026-04-01 16:17:27,0,5,0.5739326748306056,1,165,2026-03-29 10:25:18,2026-04-07 01:50:37
0x0f18937034a2a20178c3b7641305440157145b28,2026-04-01 16:18:13,0,5,0.5164187258655729,1,513,2026-03-29 10:25:18,2026-04-07 01:50:37
0xb4f655b9314dd464b42da40f82a1df65375feada,2026-04-01 16:18:13,0,5,0.403701278651369,0,1219,2026-03-29 10:25:18,2026-04-07 01:50:37
0x16d940bb8e255d3e7dde6e2e4a339554670ff905,2026-04-01 16:18:41,0,5,0.1346736728876459,0,1321,2026-03-29 10:25:18,2026-04-07 01:50:37
0x9744e672c12aa84bea27cc6574e8d5d09dbfbd2d,2026-04-01 16:19:47,0,5,0.5289387360570227,1,384,2026-03-29 10:25:18,2026-04-07 01:50:37
0x09f4d0154c8697570e70430d36424f6b701758c4,2026-04-01 16:20:09,0,5,0.45802336566829,0,1043,2026-03-29 10:25:18,2026-04-07 01:50:37
0x16fff47db5f910f0c5326bd37cec9f3e368f3abf,2026-04-01 16:20:51,0,5,0.5658869509226016,1,187,2026-03-29 10:25:18,2026-04-07 01:50:37
0x62a08792a77665362d92f84962115f3b0b8fc808,2026-04-01 16:21:09,0,5,0.5785679780570911,1,152,2026-03-29 10:25:18,2026-04-07 01:50:37
0x1a5b7e4d7d97ecf4797481d7f4998aea08de306a,2026-04-01 16:21:11,0,5,0.440208259690319,0,1122,2026-03-29 10:25:18,2026-04-07 01:50:37
0x8df721168b6909116b78854c94a061f6a885c3bb,2026-04-01 16:21:39,0,5,0.5156708232989529,1,520,2026-03-29 10:25:18,2026-04-07 01:50:37
0xebe07c8ac0e9bbbc1553b63b962d30ed2ff352dc,2026-04-01 16:21:39,1,5,0.5178224300818873,1,496,2026-03-29 10:25:18,2026-04-07 01:50:37
0x21cafcffdd5713d78eedd85dda324d8f9e743748,2026-04-01 16:22:51,0,5,0.42471935644056247,0,1163,2026-03-29 10:25:18,2026-04-07 01:50:37
0x60fe748c2554d3ed693adf3346e7ac3c6fa6f286,2026-04-01 16:22:53,0,5,0.6001723595580815,1,85,2026-03-29 10:25:18,2026-04-07 01:50:37
0x881713021866ab84467b2b552b6cd7a51ac9cda8,2026-04-01 16:23:03,0,5,0.2828030168889492,0,1297,2026-03-29 10:25:18,2026-04-07 01:50:37
0xb94d17a52527d0a5f05df435dd2ba150f3d2ffa1,2026-04-01 16:23:09,0,5,0.5121657048250775,1,549,2026-03-29 10:25:18,2026-04-07 01:50:37
0xec7002d304a6acb4b5a6441aaf4e833d35cf20b0,2026-04-01 16:23:09,0,5,0.3555314706662598,0,1262,2026-03-29 10:25:18,2026-04-07 01:50:37
0x9f25cf40e131bba8bddb738b89576ef281186c27,2026-04-01 16:23:21,0,5,0.5256600864954107,1,411,2026-03-29 10:25:18,2026-04-07 01:50:37
0x7f70e7436903d70f5ae5bb54f2c9086468206d9d,2026-04-01 16:24:17,0,5,0.6033387900832552,1,30,2026-03-29 10:25:18,2026-04-07 01:50:37
0x8d650d146740463611db1f3974ae9b922953ce8f,2026-04-01 16:25:39,1,5,0.5412667528620623,1,291,2026-03-29 10:25:18,2026-04-07 01:50:37
0xaf2ebcdfadc60f8c56549d2663ce05fc3d66dd28,2026-04-01 16:25:39,0,5,0.49428052913343246,0,724,2026-03-29 10:25:18,2026-04-07 01:50:37
0xf3d51f4dae533c722c88bd755e33f13137747ca1,2026-04-01 16:25:39,0,5,0.48624231213030866,0,801,2026-03-29 10:25:18,2026-04-07 01:50:37
0x51bbe7ce209e35d72ab05f124f0f7af9f2cba919,2026-04-01 17:19:11,0,5,0.4976179654246782,0,689,2026-03-29 10:25:18,2026-04-07 01:50:37
0xd1daa51495e2d55b55d737cdb8e22918f23427bd,2026-04-01 17:20:45,0,5,0.4925333066745559,0,740,2026-03-29 10:25:18,2026-04-07 01:50:37
0x2d2a73dd5f76f1add8603a5cb2edae268d6f15b9,2026-04-01 17:20:57,0,5,0.5196805911009411,1,471,2026-03-29 10:25:18,2026-04-07 01:50:37
0xde8e949862dcd25a7dc35686757b0fbfa0fc54f7,2026-04-01 17:21:03,0,5,0.49850788197334944,0,681,2026-03-29 10:25:18,2026-04-07 01:50:37
0xdb72c766f187dfdd7ead20546ee11c26bb04aa19,2026-04-01 17:21:05,0,5,0.5452509167805464,1,271,2026-03-29 10:25:18,2026-04-07 01:50:37
0x3d51ecd2f07cdb9bb27094780d9a9666d61d2ca1,2026-04-01 17:21:17,0,5,0.5125319745667098,1,545,2026-03-29 10:25:18,2026-04-07 01:50:37
0xa691773bdf38e153dade2ade9835d8aed77cdb0a,2026-04-01 17:22:09,0,5,0.4806114367657938,0,864,2026-03-29 10:25:18,2026-04-07 01:50:37
0x63b02c59828252e405f17466920b4395732ce892,2026-04-01 17:22:53,0,5,0.49956230550037023,0,671,2026-03-29 10:25:18,2026-04-07 01:50:37
0x131c8da468a06b0cf2831da2172b4839ffb56816,2026-04-01 17:22:55,0,5,0.4766187856523179,0,913,2026-03-29 10:25:18,2026-04-07 01:50:37
0x353ea08f16bfbbc38abfdd83486f301ab238d9a6,2026-04-01 17:22:55,1,5,0.5087011419274914,1,580,2026-03-29 10:25:18,2026-04-07 01:50:37
0x9b1a99bbb223790a688c2ef1ff30b79bfc0ab1a2,2026-04-01 17:25:17,1,5,0.6033160628376281,1,34,2026-03-29 10:25:18,2026-04-07 01:50:37
0x4e75b91fb06288b0a005cdbe6679c5daf315c2d8,2026-04-01 17:25:59,0,5,0.4891320932499798,0,776,2026-03-29 10:25:18,2026-04-07 01:50:37
0x8900a062fb8726522bbbf484c6c576c2d665a444,2026-04-01 18:20:39,0,5,0.3462885844819999,0,1268,2026-03-29 10:25:18,2026-04-07 01:50:37
0xf6ab262d360c85f98782b84a04db35c6e18d3579,2026-04-01 18:21:35,0,5,0.47638610607142273,0,916,2026-03-29 10:25:18,2026-04-07 01:50:37
0x9b78d30429db0aadbc1f7f7b03acee3bfc12473d,2026-04-01 18:24:27,0,5,0.6033476208498615,1,29,2026-03-29 10:25:18,2026-04-07 01:50:37
0xabebab465b5aa530314a674e013f00c31bf78698,2026-04-01 18:24:37,0,5,0.4977301571329979,0,687,2026-03-29 10:25:18,2026-04-07 01:50:37
0x28699e568ca410f351421e0c113ef84a8bdc4527,2026-04-01 18:26:07,0,5,0.5254023931881949,1,414,2026-03-29 10:25:18,2026-04-07 01:50:37
0x3d4def6d334218ebe60c65af5b72487a86617fdb,2026-04-01 18:26:51,0,5,0.4764078932090367,0,915,2026-03-29 10:25:18,2026-04-07 01:50:37
0xe6a3e2f9af2bc666692a6da98009659ad8aa04be,2026-04-01 18:27:59,1,5,0.4692312482179119,0,968,2026-03-29 10:25:18,2026-04-07 01:50:37
0x0b77b29b7387aad24cff67edd5476ec825c2dfdb,2026-04-01 18:28:41,0,5,0.5446520662615665,1,274,2026-03-29 10:25:18,2026-04-07 01:50:37
0xffc10764bdc8116f0266e5eb82bbc367f79db93d,2026-04-01 18:28:43,0,5,0.6035880851941975,1,10,2026-03-29 10:25:18,2026-04-07 01:50:37
0xc10610f037e17a0d7b7f6e2812f5c449a069b26b,2026-04-01 19:23:19,0,5,0.4673688586191123,0,983,2026-03-29 10:25:18,2026-04-07 01:50:37
0x4552846700e56bf3754a7b94a22c5949aeb1555c,2026-04-01 19:23:21,0,5,0.24587259489909818,0,1312,2026-03-29 10:25:18,2026-04-07 01:50:37
0x6f5d08d0b87c2e68a5959c5aeefd1d1713d77acc,2026-04-01 19:23:21,0,5,0.5673698090570379,1,180,2026-03-29 10:25:18,2026-04-07 01:50:37
0xa2ac2b6f5679fa5a0b450ddbb2ba76c0a28e7f66,2026-04-01 19:23:23,0,5,0.4139155078800454,0,1194,2026-03-29 10:25:18,2026-04-07 01:50:37
0x3b08ea5a76b1523442f4f12352c69d5e9e59a6cd,2026-04-01 19:24:55,1,5,0.5193150636020426,1,477,2026-03-29 10:25:18,2026-04-07 01:50:37
0x46e313edef0eedeb7b8a89c4fa1a04f36735ac58,2026-04-01 19:25:01,0,5,0.5083997953518744,1,583,2026-03-29 10:25:18,2026-04-07 01:50:37
0x5564a02208512259575b0b07fd16fbb04fd528b4,2026-04-01 19:25:01,0,5,0.3778836694549755,0,1248,2026-03-29 10:25:18,2026-04-07 01:50:37
0x6f178c1d906e21af88a868003f174f86ac29cfd4,2026-04-01 19:25:01,0,5,0.5245977306116862,1,422,2026-03-29 10:25:18,2026-04-07 01:50:37
0x383fa44e496436055b56f24dab17a4e731ebc0eb,2026-04-01 19:25:03,1,5,0.39491000774406504,0,1229,2026-03-29 10:25:18,2026-04-07 01:50:37
0xebfbd2a446e7758e5d83fbcfe6aa361a1d723a00,2026-04-01 19:25:03,0,5,0.44945683703057104,0,1088,2026-03-29 10:25:18,2026-04-07 01:50:37
0xfab1b51bd95f612474638b4734759e28dd2e6455,2026-04-01 19:25:07,0,5,0.5968055177916405,1,96,2026-03-29 10:25:18,2026-04-07 01:50:37
0xdb0530be43986264c8d2e58342fb320d619dd6ba,2026-04-01 19:25:17,0,5,0.4808614709680278,0,863,2026-03-29 10:25:18,2026-04-07 01:50:37
0xb328cd5642ce9ba40ac7f35dcfdc7bedeee81941,2026-04-01 19:25:19,1,5,0.5773181357649988,1,156,2026-03-29 10:25:18,2026-04-07 01:50:37
0xbf9cbd0cca1cc321dad5f72662c74a99be123648,2026-04-01 19:26:39,1,5,0.4819852891111876,0,842,2026-03-29 10:25:18,2026-04-07 01:50:37
0x948b7f2f159eb7f5c0270a0b188ab580d77da188,2026-04-01 19:26:45,1,5,0.49305139503985995,0,737,2026-03-29 10:25:18,2026-04-07 01:50:37
0x62269827d773196b8aca8764f72086a8001177e8,2026-04-01 19:27:07,1,5,0.5593475843817689,1,213,2026-03-29 10:25:18,2026-04-07 01:50:37
0xe43f16875bd5d0446ea3870a8a42abe49f6fffc8,2026-04-01 19:27:07,1,5,0.47984052188002174,0,872,2026-03-29 10:25:18,2026-04-07 01:50:37
0x9824d2088c14fb524bdfea90a61c25fd0e8c14da,2026-04-01 19:27:27,0,5,0.5229163706417178,1,431,2026-03-29 10:25:18,2026-04-07 01:50:37
0xb1cc5ef8442835c09ccc5b68f126caaca3d41958,2026-04-01 19:27:29,0,5,0.49665961376244727,0,698,2026-03-29 10:25:18,2026-04-07 01:50:37
0xcf6486c312104bd5880d0e117581ae5f57525a0a,2026-04-01 19:27:39,1,5,0.526232690593901,1,405,2026-03-29 10:25:18,2026-04-07 01:50:37
0x2ed979e27bfc1bc8ca894f0739186a702d985e85,2026-04-01 19:28:01,0,5,0.5065956056205128,1,595,2026-03-29 10:25:18,2026-04-07 01:50:37
0x0c892807ce2a59a45679f21d126a9c093ee8349c,2026-04-01 19:28:03,0,5,0.5006772783591541,1,658,2026-03-29 10:25:18,2026-04-07 01:50:37
0xe3d653aad2e89b3553ef35f91e5a0be7c625d18b,2026-04-01 19:29:25,0,5,0.454623881494425,0,1061,2026-03-29 10:25:18,2026-04-07 01:50:37
0xbb891c5eb3699e5efb6b5aea0453a17abdda03a5,2026-04-01 19:30:15,0,5,0.4749920250493254,0,930,2026-03-29 10:25:18,2026-04-07 01:50:37
0x17f0bc98e63b5cb32f6952cb05c645adddcd00c7,2026-04-01 20:26:51,1,5,0.6035973601138249,1,7,2026-03-29 10:25:18,2026-04-07 01:50:37
0x43c1e3429da715249ba38a0bc10016b006b48b8c,2026-04-01 20:30:49,0,5,0.4768744721709165,0,911,2026-03-29 10:25:18,2026-04-07 01:50:37
0x3361b28d49a3596c002528d5c9ef7b384e5ffee5,2026-04-01 20:30:59,1,5,0.5741338324137701,1,164,2026-03-29 10:25:18,2026-04-07 01:50:37
0x045d4525c31dc69cf2ab9c04c3bd7a17ea25e009,2026-04-01 21:25:03,0,5,0.42266157265137994,0,1168,2026-03-29 10:25:18,2026-04-07 01:50:37
0x70df82b66362949d081e96e1d08a0527f6052f2f,2026-04-01 21:26:07,0,5,0.5650820602067597,1,192,2026-03-29 10:25:18,2026-04-07 01:50:37
0x30bc3b76b1ccc44033cfa34239a76e6c71f438fe,2026-04-01 21:26:33,0,5,0.5145535263339697,1,528,2026-03-29 10:25:18,2026-04-07 01:50:37
0x0237d77596b15c8adb8e98efb55214951b7e5961,2026-04-01 21:27:33,1,5,0.5362763595812963,1,330,2026-03-29 10:25:18,2026-04-07 01:50:37
0x2ee7e74d79b8ca4dd615f9c0e139f8d7a9a54c1a,2026-04-01 21:28:25,1,5,0.4083585154441201,0,1210,2026-03-29 10:25:18,2026-04-07 01:50:37
0x7fcf878b75472e062b2e4b225cc6df3ea7c5fac9,2026-04-01 21:29:01,1,5,0.5795537405445084,1,149,2026-03-29 10:25:18,2026-04-07 01:50:37
0x7d29b629488c2ea66f6a0e31360ae0fd6694c9ee,2026-04-01 21:29:29,0,5,0.3764385342207124,0,1250,2026-03-29 10:25:18,2026-04-07 01:50:37
0x8d0e3c51bd7f50911d70e03964931c3fb499c5fc,2026-04-01 21:29:33,0,5,0.44803613756204425,0,1094,2026-03-29 10:25:18,2026-04-07 01:50:37
0x9480d65b1725b611248d3a5eb30372c45ae76941,2026-04-01 21:29:41,0,5,0.4192498826045869,0,1175,2026-03-29 10:25:18,2026-04-07 01:50:37
0xcdde3bf5e7b8dc72613fb2f4ac085a5f97f60b07,2026-04-01 21:30:05,0,5,0.4812240557423854,0,860,2026-03-29 10:25:18,2026-04-07 01:50:37
0x0c305d29583646a61aa7230a272e348af364d9e5,2026-04-01 21:31:05,0,5,0.6022688056206082,1,64,2026-03-29 10:25:18,2026-04-07 01:50:37
0x8b4f28d9b6953daf2ca5178ab0a61be079d517c6,2026-04-01 21:31:05,1,5,0.5099322443948681,1,574,2026-03-29 10:25:18,2026-04-07 01:50:37
0x2f4986b731979db752f40679eef657a50c704377,2026-04-01 21:31:33,1,5,0.4814438505875425,0,858,2026-03-29 10:25:18,2026-04-07 01:50:37
0x0b48d6fda38e47b3f94cef2acc2c32fca7408ba1,2026-04-01 22:25:31,0,5,0.5183957975050723,1,487,2026-03-29 10:25:18,2026-04-07 01:50:37
0x0dbe4688fa17fedd4a7808b4e2e0176eb1d251e7,2026-04-01 22:25:39,0,5,0.45961361361234704,0,1027,2026-03-29 10:25:18,2026-04-07 01:50:37
0xa3abd0476a1ffd4dab8673ed24efdaf649fd727b,2026-04-01 22:26:47,0,5,0.5222983498608007,1,438,2026-03-29 10:25:18,2026-04-07 01:50:37
0xc5126e8611dc9d8ebc3e177610e7708a78afa24f,2026-04-01 22:26:47,0,5,0.4142876140268984,0,1193,2026-03-29 10:25:18,2026-04-07 01:50:37
0x5a790221189a979ea159ae83fb3ee773afc97f2f,2026-04-01 22:27:51,1,5,0.5192071534672922,1,478,2026-03-29 10:25:18,2026-04-07 01:50:37
0xb3fc1e8eae32609bddc8c78da1896227b41fbe6d,2026-04-01 22:27:51,0,5,0.4988566867919502,0,678,2026-03-29 10:25:18,2026-04-07 01:50:37
0xc0b25dd3bd0b2c8717fbdd9534a9d68ad29d28a6,2026-04-01 22:27:51,0,5,0.5278246158543671,1,394,2026-03-29 10:25:18,2026-04-07 01:50:37
0x39fb70130977938f4f6d5cfe5e9fced522e332c7,2026-04-01 22:28:49,0,5,0.4694781287065431,0,967,2026-03-29 10:25:18,2026-04-07 01:50:37
0xce9ddf023df85f20a916d8591560932b7e6b884f,2026-04-01 22:28:51,0,5,0.45952181880103543,0,1030,2026-03-29 10:25:18,2026-04-07 01:50:37
0xd3d4238e275d56ea010599f93aa1cf6c3b63aadf,2026-04-01 22:29:05,1,5,0.6029869189891192,1,51,2026-03-29 10:25:18,2026-04-07 01:50:37
0x127638ae7f1168f1a8b4b0e01fd37faf7bf99284,2026-04-01 22:29:31,0,5,0.44284898142391077,0,1111,2026-03-29 10:25:18,2026-04-07 01:50:37
0xcda66d448130c1d6c276f1f1387786e8e9687d9f,2026-04-01 22:30:07,1,5,0.5071043313326051,1,590,2026-03-29 10:25:18,2026-04-07 01:50:37
0x676231621d1fa8e73f75f8638c684ba651d0a9a5,2026-04-01 22:33:23,0,5,0.6034802840304219,1,20,2026-03-29 10:25:18,2026-04-07 01:50:37
0x6b0a6c3643b5bf6e479975b327f9351c349d5f98,2026-04-01 22:33:23,0,5,0.4641270557903485,0,1003,2026-03-29 10:25:18,2026-04-07 01:50:37
0xcb718f81b6652033d094e114c7ac188a0636288e,2026-04-01 23:25:35,1,5,0.36987094197858456,0,1253,2026-03-29 10:25:18,2026-04-07 01:50:37
0x31c8beff38c5b3fa4e7dc169c28e355d8e479487,2026-04-01 23:26:19,0,5,0.5683500931139183,1,176,2026-03-29 10:25:18,2026-04-07 01:50:37
0x01efc117129b0f3c5a4966e1a0b84dd42ec63039,2026-04-01 23:26:21,0,5,0.5221008463951947,1,441,2026-03-29 10:25:18,2026-04-07 01:50:37
0xd56f852e863d7bc8da5c7d302e9ebbb4753117dc,2026-04-01 23:26:21,0,5,0.5029561729057955,1,624,2026-03-29 10:25:18,2026-04-07 01:50:37
0xda195c21806f235444b473ced6170cc1f483ffd0,2026-04-01 23:26:49,0,5,0.5117711236760498,1,555,2026-03-29 10:25:18,2026-04-07 01:50:37
0x16f7d1db23d47c4584a87c3bd18e3dc92ef4171f,2026-04-01 23:26:53,0,5,0.5565185991362647,1,220,2026-03-29 10:25:18,2026-04-07 01:50:37
0x9d0c29577edd3b15674e4e5778533497376e6de7,2026-04-01 23:26:53,0,5,0.4896630235678749,0,773,2026-03-29 10:25:18,2026-04-07 01:50:37
0x25f4707c93e4bfdf26cd6c5cc46c5464691cf88e,2026-04-01 23:26:59,0,5,0.46383646195465295,0,1009,2026-03-29 10:25:18,2026-04-07 01:50:37
0x827079a96baafad6dd0080a605f31eb858b030f8,2026-04-01 23:27:23,0,5,0.47942409506103967,0,878,2026-03-29 10:25:18,2026-04-07 01:50:37
0x8d696b934efec27f1faeb32ab1914fc70c10fbe9,2026-04-01 23:27:23,1,5,0.5794333366010178,1,150,2026-03-29 10:25:18,2026-04-07 01:50:37
0x0198cd5c099d47ea8be0d96a71f8181874f237e6,2026-04-01 23:28:39,0,5,0.4818414815118827,0,846,2026-03-29 10:25:18,2026-04-07 01:50:37
0x02fdc0f1eea0dfdab5b72d2a48c69afa5402c162,2026-04-01 23:28:41,1,5,0.2962185909587867,0,1291,2026-03-29 10:25:18,2026-04-07 01:50:37
0x8a211dbac12f49bcc854f846d3c7ef2bd8a84342,2026-04-01 23:28:51,0,5,0.5068248844454197,1,592,2026-03-29 10:25:18,2026-04-07 01:50:37
0xb0104078be77083a2029282c02b89bba4837ed50,2026-04-01 23:29:25,0,5,0.46498258629208805,0,995,2026-03-29 10:25:18,2026-04-07 01:50:37
0x39fcd0aafb7047035e9323e6d1f99cd46f43e2f2,2026-04-01 23:29:39,1,5,0.5669789291992318,1,182,2026-03-29 10:25:18,2026-04-07 01:50:37
0x51316d7d91492b81704bc29dc4c83f7d9c56ba8c,2026-04-01 23:29:39,1,5,0.39123693916842384,0,1236,2026-03-29 10:25:18,2026-04-07 01:50:37
0x6306beca06aec5bed40d91305098ece5c407d101,2026-04-01 23:30:09,1,5,0.5642690923271525,1,194,2026-03-29 10:25:18,2026-04-07 01:50:37
0x7ae42d93a82f7c1efd1e5dee1c151c012c7818e0,2026-04-01 23:30:31,1,5,0.5903969923331698,1,117,2026-03-29 10:25:18,2026-04-07 01:50:37
0x81e90a2d41fef20f09ffe90cb097dfd4953b6bec,2026-04-01 23:30:39,1,5,0.5719929764029956,1,171,2026-03-29 10:25:18,2026-04-07 01:50:37
0x18d317d3e44e7563db166454941d87fa614bb84f,2026-04-01 23:30:49,0,5,0.5548148074861673,1,227,2026-03-29 10:25:18,2026-04-07 01:50:37
0x12c4867be0fabf0c1f18018c02fbf48657286d4c,2026-04-01 23:32:05,1,5,0.541181181689864,1,293,2026-03-29 10:25:18,2026-04-07 01:50:37
0x76efa2a3382a684e471a94b43c55b2babe902a0c,2026-04-02 00:26:55,0,5,0.5681065644957861,1,178,2026-03-29 10:25:18,2026-04-07 01:50:37
0xb83400492a590b50df38d4c9c649dcb711ea69b7,2026-04-02 00:29:33,0,5,0.4862416995699151,0,802,2026-03-29 10:25:18,2026-04-07 01:50:37
0x5ffc9f9566d33648b15d713d7be178c632370bc2,2026-04-02 00:29:59,0,5,0.4919416222316593,0,748,2026-03-29 10:25:18,2026-04-07 01:50:37
0x92e1a0adb147b840aee7770322a988a2ec7986cc,2026-04-02 00:29:59,0,5,0.47528117365298383,0,926,2026-03-29 10:25:18,2026-04-07 01:50:37
0x638adcd53da26f11092fb50c39f1e9855c21ec82,2026-04-02 00:30:01,0,5,0.4848278987314262,0,820,2026-03-29 10:25:18,2026-04-07 01:50:37
0xc55c8d3f8fdd95958c2a2079104fd58e34791797,2026-04-02 00:30:01,0,5,0.491624105801726,0,754,2026-03-29 10:25:18,2026-04-07 01:50:37
0x85eefbb5ea8e0873199153b037fe880e44da9f27,2026-04-02 00:31:15,0,5,0.4377608975243073,0,1129,2026-03-29 10:25:18,2026-04-07 01:50:37
0x5dda89a9ec55cc41c78c3f139bc8a92b5f0a7e9c,2026-04-02 00:31:17,0,5,0.5318392500648317,1,365,2026-03-29 10:25:18,2026-04-07 01:50:37
0xd5a25744e26aeb605e85fdee73fe38c16b666c11,2026-04-02 00:31:19,0,5,0.5604744192059175,1,206,2026-03-29 10:25:18,2026-04-07 01:50:37
0xd9ea82869a17448c51b3712dd9ee0079b36522aa,2026-04-02 00:31:35,0,5,0.5815751607120362,1,143,2026-03-29 10:25:18,2026-04-07 01:50:37
0xcebe897d4e1f9d5f9fdd559810ad83544223b91e,2026-04-02 00:32:11,0,5,0.5227588793760649,1,433,2026-03-29 10:25:18,2026-04-07 01:50:37
0x7e3e31f390f344435b4815115a7852a3a22cec7c,2026-04-02 00:32:15,0,5,0.4818810187711918,0,843,2026-03-29 10:25:18,2026-04-07 01:50:37
0xc257ea7e3a81ca8e16df8935d44d513959fa358e,2026-04-02 00:33:01,1,5,0.2749414736362161,0,1302,2026-03-29 10:25:18,2026-04-07 01:50:37
0xdf6539d1fadb951a02a999d31a72e0cd7fd9c36d,2026-04-02 01:30:35,1,5,0.4036262232065486,0,1221,2026-03-29 10:25:18,2026-04-07 01:50:37
0xa492e4da2ec550ee2ca8188222badf0ce022adbe,2026-04-02 01:30:39,1,5,0.5750909129426921,1,160,2026-03-29 10:25:18,2026-04-07 01:50:37
0xd208b4e1e0250610cd092b9067c2a053cb49cbcd,2026-04-02 01:31:47,1,5,0.4555940328734906,0,1052,2026-03-29 10:25:18,2026-04-07 01:50:37
0xdb02411775c7e9f3b9ba7a7aa562e932d42e0f88,2026-04-02 01:32:01,0,5,0.6032833934869714,1,42,2026-03-29 10:25:18,2026-04-07 01:50:37
0xd58f65ffd84cfc5f2d701cfa363cd12304342e65,2026-04-02 01:32:15,0,5,0.5471234063038637,1,260,2026-03-29 10:25:18,2026-04-07 01:50:37
0x0bec8215058ab57f29fc625d063b324421c2c707,2026-04-02 01:32:33,1,5,0.43583221047614984,0,1137,2026-03-29 10:25:18,2026-04-07 01:50:37
0x1b38062506e08ebd5e5fef1f9abea2cadecbdb4d,2026-04-02 01:32:33,0,5,0.5163297258659081,1,514,2026-03-29 10:25:18,2026-04-07 01:50:37
0xec690ecdbe75275f390d9460b112dfc53ae36fba,2026-04-02 01:34:37,0,5,0.41955114671623617,0,1174,2026-03-29 10:25:18,2026-04-07 01:50:37
0x03a2441dc10a740d00f6de8dca904c4482422a53,2026-04-02 02:41:55,1,5,0.4825691449735412,0,837,2026-03-29 10:25:18,2026-04-07 01:50:37
0xc8cb7dd385725217913272aacdfb5bbe618c328f,2026-04-02 02:41:55,0,5,0.4186624505047765,0,1179,2026-03-29 10:25:18,2026-04-07 01:50:37
0xfce1712d69184681f485e16457e1c617be6f4f4c,2026-04-02 02:41:55,1,5,0.349179101517148,0,1266,2026-03-29 10:25:18,2026-04-07 01:50:37
0x034a42df1b0a4c250335903cf561d1919f417200,2026-04-02 02:41:57,0,5,0.5235805969079618,1,424,2026-03-29 10:25:18,2026-04-07 01:50:37
0x2334195baf2db920ff6e8940dcbc031451f99a9f,2026-04-02 02:41:57,0,5,0.4833643012624708,0,830,2026-03-29 10:25:18,2026-04-07 01:50:37
0xb409721f7159e167e339ea74b3ab8fddf93e357c,2026-04-02 02:41:57,0,5,0.522612156752273,1,434,2026-03-29 10:25:18,2026-04-07 01:50:37
0xbd30ac81b3e79de713a0e1b1acb1635381fcfb4a,2026-04-02 02:41:57,0,5,0.522612156752273,1,435,2026-03-29 10:25:18,2026-04-07 01:50:37
0x8c76522732ab44023d1f52b24a7d4b6d68ef2632,2026-04-02 02:42:19,1,5,0.603503704534187,1,18,2026-03-29 10:25:18,2026-04-07 01:50:37
0x8b5f262c9236c261d8422cf9ee72f1b705882f5e,2026-04-02 02:42:23,0,5,0.6032097595713148,1,46,2026-03-29 10:25:18,2026-04-07 01:50:37
0xe1ed81ee9845243ef5159b2b35eee0c3eff8edbb,2026-04-02 02:43:49,1,5,0.48539672432486675,0,812,2026-03-29 10:25:18,2026-04-07 01:50:37
0xb95adfe30218b57abb832ca962476f3197d63ae2,2026-04-02 02:43:53,0,5,0.5641789287985048,1,195,2026-03-29 10:25:18,2026-04-07 01:50:37
0x996ac56c9e72b6ca38a30ae9f6e85152d9afe3cc,2026-04-02 02:44:33,0,5,0.39151194124651645,0,1235,2026-03-29 10:25:18,2026-04-07 01:50:37
0x17f533c62e64803b154ca0b7294b4d4eff793e64,2026-04-02 02:44:43,1,5,0.36798314869587534,0,1257,2026-03-29 10:25:18,2026-04-07 01:50:37
0x3358ba991ac5fe58450fba43eb16089fa7dfce07,2026-04-02 02:45:29,0,5,0.48981952997785694,0,772,2026-03-29 10:25:18,2026-04-07 01:50:37
0x162908891ac7389630b7392beca5c2499cc1b1ad,2026-04-02 02:45:37,0,5,0.5275238877010946,1,399,2026-03-29 10:25:18,2026-04-07 01:50:37
0x3ae3255bdb324aa80ee85c966e139956fdfb0db3,2026-04-02 02:45:45,0,5,0.5241551287349497,1,423,2026-03-29 10:25:18,2026-04-07 01:50:37
0xf9a70b138c8a85a1c0cc2e7749545e3c7ba648c3,2026-04-02 02:47:45,1,5,0.6033196464885475,1,33,2026-03-29 10:25:18,2026-04-07 01:50:37
0x7a2bab5b9db776860e487791aa0bce032f8549b4,2026-04-02 03:55:19,0,5,0.5257489134344524,1,410,2026-03-29 10:25:18,2026-04-07 01:50:37
0x532dbbdda124d4597befb6f1bfbe027a8bb35201,2026-04-02 03:55:21,1,5,0.5288118591697052,1,387,2026-03-29 10:25:18,2026-04-07 01:50:37
0x10c95474a829d67b6a41025da3b886f05719e999,2026-04-02 03:57:09,0,5,0.49500233021858814,0,715,2026-03-29 10:25:18,2026-04-07 01:50:37
0xe777db6baedfef09627d125c2bd2e4b1703ec734,2026-04-02 03:57:13,0,5,0.52484540368817,1,420,2026-03-29 10:25:18,2026-04-07 01:50:37
0xa9e90d024c91a14f027e09ef443f11c0dce565d6,2026-04-02 03:57:47,1,5,0.5695329314604208,1,174,2026-03-29 10:25:18,2026-04-07 01:50:37
0x57883bed75eb6af98666fa7a918854eb17dbc0b4,2026-04-02 03:59:19,0,5,0.37912369568723914,0,1247,2026-03-29 10:25:18,2026-04-07 01:50:37
0xb0d27fc556c4616ba0569af8e86b62dc1bd9a881,2026-04-02 03:59:31,0,5,0.48890703556795284,0,781,2026-03-29 10:25:18,2026-04-07 01:50:37
0x0c723433afe7a938a0ea5da6394f9fcbdf818174,2026-04-02 03:59:43,0,5,0.4862060872083611,0,803,2026-03-29 10:25:18,2026-04-07 01:50:37
0x8fd12d1e187d40e816c95ed90fb7d38d65ba344f,2026-04-02 03:59:45,0,5,0.603599466091416,1,4,2026-03-29 10:25:18,2026-04-07 01:50:37
0xbc72011e993db9761bf3c30fd098c8563cba9eab,2026-04-02 03:59:45,0,5,0.4852153922571514,0,814,2026-03-29 10:25:18,2026-04-07 01:50:37
0x966c31fb10f9fa46ae97ef8b0dc01c188c39087f,2026-04-02 04:01:23,0,5,0.47591735712075417,0,919,2026-03-29 10:25:18,2026-04-07 01:50:37
0x34905b6b9017ff0da7292a59c234b4dfd1b6a711,2026-04-02 05:14:43,0,5,0.49482979107427644,0,718,2026-03-29 10:25:18,2026-04-07 01:50:37
0x4852794f80caf174b8d4c83730ea1d5a65e09fb8,2026-04-02 05:14:45,0,5,0.46233352507476105,0,1016,2026-03-29 10:25:18,2026-04-07 01:50:37
0xa0cfe6cbe324cbe8414385f784d9153be737ecbb,2026-04-02 05:14:45,0,5,0.5921049562797457,1,116,2026-03-29 10:25:18,2026-04-07 01:50:37
0x91d5689aaed0186df06ac5cd75ae7b98c43a63ce,2026-04-02 06:27:27,0,5,0.5330637184599578,1,356,2026-03-29 10:25:18,2026-04-07 01:50:37
0xbbe0ac4530c62c29edab7ffa79c8ca3a90cfb278,2026-04-02 06:28:29,0,5,0.4876823130086767,0,788,2026-03-29 10:25:18,2026-04-07 01:50:37
0xeac77136cd77872e4a606367ff65b9c9f2e9953d,2026-04-02 06:28:53,0,5,0.5295461867069517,1,381,2026-03-29 10:25:18,2026-04-07 01:50:37
0xd06c162398bfdc95effe630f9442a81e8a72d6d4,2026-04-02 06:28:55,0,5,0.5159304649601459,1,517,2026-03-29 10:25:18,2026-04-07 01:50:37
0x62adaee73cb9673295bc1616e2fb29fbb39324ad,2026-04-02 06:28:57,1,5,0.5149816033035944,1,524,2026-03-29 10:25:18,2026-04-07 01:50:37
0xc4dde31e80550664c54adb63ef86d3ce3d11110c,2026-04-02 06:29:17,0,5,0.4645617788699245,0,998,2026-03-29 10:25:18,2026-04-07 01:50:37
0x028d88895f2a7fa7c95d2a2eed6630dd2083e2d1,2026-04-02 06:29:43,0,5,0.48568395773307876,0,809,2026-03-29 10:25:18,2026-04-07 01:50:37
0xe960d22a2bbd5640b06de26f350ee44f312fa1f2,2026-04-02 06:29:45,0,5,0.5854966352243691,1,135,2026-03-29 10:25:18,2026-04-07 01:50:37
0x1e3cb16886d605430a8c5581eddd08e068c08a62,2026-04-02 06:30:39,0,5,0.4123036317130761,0,1199,2026-03-29 10:25:18,2026-04-07 01:50:37
0x807e7205f4fc5835f5d06d205c726ae1064daf23,2026-04-02 06:30:55,0,5,0.46902625993564256,0,971,2026-03-29 10:25:18,2026-04-07 01:50:37
0xd8d83d7a90aeef514406cc16ec224cb02440bcbe,2026-04-02 06:30:59,1,5,0.5223167761104193,1,437,2026-03-29 10:25:18,2026-04-07 01:50:37
0x76623552fabdfd162db30da2ac877e8c71acd188,2026-04-02 06:32:41,0,5,0.48212966740989677,0,839,2026-03-29 10:25:18,2026-04-07 01:50:37
0x84fc51afff15845f8e67ac2f22f7ba817cbc2be6,2026-04-02 06:32:41,0,5,0.49493625624202203,0,716,2026-03-29 10:25:18,2026-04-07 01:50:37
0xc6e6347c2ef86a0afb20317d742021391250b209,2026-04-02 06:32:41,0,5,0.4839002044448033,0,827,2026-03-29 10:25:18,2026-04-07 01:50:37
0x179d75e5e8971dd702c443a95ff11db949b2a1b9,2026-04-02 06:32:43,0,5,0.48653163093301377,0,799,2026-03-29 10:25:18,2026-04-07 01:50:37
0xa88d5e3be314ae2decd02c8506bd84b703b04d95,2026-04-02 07:28:47,0,5,0.5142759959677545,1,531,2026-03-29 10:25:18,2026-04-07 01:50:37
0xd3f0b5749d2f3fb33c28234d6dbda59f49d9c18b,2026-04-02 07:28:49,0,5,0.5490668972938041,1,250,2026-03-29 10:25:18,2026-04-07 01:50:37
0xe39783f92ee0985f1ab5fe514030f946825abfcb,2026-04-02 07:29:51,0,5,0.340934568970794,0,1270,2026-03-29 10:25:18,2026-04-07 01:50:37
0xa56d0fe9807b6a8964b31dd1a7ebcccf23c87ed8,2026-04-02 07:29:55,0,5,0.5155032889579395,1,521,2026-03-29 10:25:18,2026-04-07 01:50:37
0x3f0dc3880c43acb7f40c9163ba44650609303b76,2026-04-02 07:30:51,0,5,0.42048363247736564,0,1172,2026-03-29 10:25:18,2026-04-07 01:50:37
0x4ef2bf7e1529e6bbad6e4a8f257e0b3fc7dcccfb,2026-04-02 07:30:59,1,5,0.5449192459143407,1,272,2026-03-29 10:25:18,2026-04-07 01:50:37
0xa163f47030f6840593ace8ea79a2819c25ac934d,2026-04-02 07:30:59,0,5,0.6024189331570721,1,59,2026-03-29 10:25:18,2026-04-07 01:50:37
0x3ed3d7c3301cf4734fc28df5be9224fdac22d9af,2026-04-02 07:31:25,0,5,0.50646416384745,1,596,2026-03-29 10:25:18,2026-04-07 01:50:37
0x9567766deac156fe55c74c6d79de4e24fabf8a03,2026-04-02 07:31:25,0,5,0.5468900847459989,1,262,2026-03-29 10:25:18,2026-04-07 01:50:37
0xf6313181d112a35f42d4ff18205b78f4843dcdde,2026-04-02 07:33:05,1,5,0.5113591037918144,1,558,2026-03-29 10:25:18,2026-04-07 01:50:37
0x94d40dcd502de32daf9e16c3e23fa536575a18f9,2026-04-02 07:33:07,1,5,0.4399581784170047,0,1124,2026-03-29 10:25:18,2026-04-07 01:50:37
0x2bfa48721f1c35b111527b7e8e2a97ea8263111e,2026-04-02 07:33:15,0,5,0.5180996685599177,1,494,2026-03-29 10:25:18,2026-04-07 01:50:37
0x926c1ab04d3f8e162bc24391d37c3576bda25d40,2026-04-02 08:29:59,0,5,0.4610757016493673,0,1019,2026-03-29 10:25:18,2026-04-07 01:50:37
0x71d3fa4d40e82fcd976508328cbff82285b95710,2026-04-02 08:31:01,0,5,0.5225943347585948,1,436,2026-03-29 10:25:18,2026-04-07 01:50:37
0xd8d7b8a47a128b13b5153858ba5421bfdefb406d,2026-04-02 08:31:03,0,5,0.30790791783838767,0,1284,2026-03-29 10:25:18,2026-04-07 01:50:37
0xf21e3dce34e647fdc1dceb86c34783a8c26dbcdb,2026-04-02 08:33:17,0,5,0.6035001965013727,1,19,2026-03-29 10:25:18,2026-04-07 01:50:37
0x5589c8ba2d07b67cc822e08642b6d2134125c292,2026-04-02 08:33:23,0,5,0.49667484657198874,0,697,2026-03-29 10:25:18,2026-04-07 01:50:37
0x7c3f0601dbafcf22330c98b96ccfc4e1643cb1bc,2026-04-02 08:35:01,0,5,0.45583510954272777,0,1051,2026-03-29 10:25:18,2026-04-07 01:50:37
0xafc5ecc8f6174a09d06736c2e554601bfa9f741f,2026-04-02 08:36:23,0,5,0.5965359963347363,1,99,2026-03-29 10:25:18,2026-04-07 01:50:37
0x63c34e70fff435de0a0156c83aa85ce42050a7fd,2026-04-02 08:36:25,1,5,0.4818593757015155,0,845,2026-03-29 10:25:18,2026-04-07 01:50:37
0x85b87f40ee6adfa4b5b3f94bb8719dc379689d57,2026-04-02 08:36:25,1,5,0.4935362379158551,0,733,2026-03-29 10:25:18,2026-04-07 01:50:37
0x7db81025ea2b4705fd0396512fed79c117868353,2026-04-02 09:32:11,1,5,0.5298411290955338,1,379,2026-03-29 10:25:18,2026-04-07 01:50:37
0x2102541ecaa2b5591ba987bc4b52de46a73a7c3b,2026-04-02 09:32:21,0,5,0.5345203675106057,1,347,2026-03-29 10:25:18,2026-04-07 01:50:37
0x564085ec2d4d4300a68ef9633059c7f631753071,2026-04-02 09:32:21,0,5,0.5025064977609974,1,630,2026-03-29 10:25:18,2026-04-07 01:50:37
0xb8b9d188c475d84538db137970fbdedbbba57657,2026-04-02 09:32:27,0,5,0.49527671559927444,0,708,2026-03-29 10:25:18,2026-04-07 01:50:37
0xa5a9a63bc693d1f46fd4e674bf52f6a83b2d546e,2026-04-02 09:32:29,1,5,0.5126803210177848,1,544,2026-03-29 10:25:18,2026-04-07 01:50:37
0x1c850ef8614abb1736c7c00bc136bc79c4f44be8,2026-04-02 09:33:25,0,5,0.4418147004412802,0,1115,2026-03-29 10:25:18,2026-04-07 01:50:37
0x76f17a9dd13c914894dddeae523594b65681f655,2026-04-02 09:33:41,0,5,0.4491867182569798,0,1091,2026-03-29 10:25:18,2026-04-07 01:50:37
0x60f1be0ada57463e54df79d58410d08f000fbc81,2026-04-02 09:33:47,0,5,0.6033892096560528,1,26,2026-03-29 10:25:18,2026-04-07 01:50:37
0x5a63096e3bddd2600a779e1ff1774a0fef3804f5,2026-04-02 09:34:13,0,5,0.5343691604036025,1,348,2026-03-29 10:25:18,2026-04-07 01:50:37
0xda3a9b7afff7b44ad4fd75308723194e0a11381f,2026-04-02 09:35:21,0,5,0.2593130083019725,0,1306,2026-03-29 10:25:18,2026-04-07 01:50:37
0x37a01c13e12f9d6a4a2d5ab46a424a0af73c1145,2026-04-02 09:35:23,0,5,0.4547762475007655,0,1059,2026-03-29 10:25:18,2026-04-07 01:50:37
0x5d0666a6016ec86714d680df90a858037ca82a88,2026-04-02 09:35:23,0,5,0.5408673410177606,1,298,2026-03-29 10:25:18,2026-04-07 01:50:37
0x6bd7b48dbeb6d1b80361ab7c365224b894c9b384,2026-04-02 10:32:13,0,5,0.5359999024061742,1,332,2026-03-29 10:25:18,2026-04-07 01:50:37
0x6c9c67b63ec50919906d72993b58483715c3f376,2026-04-02 10:32:15,0,5,0.500671382559261,1,659,2026-03-29 10:25:18,2026-04-07 01:50:37
0x99b55024506399a1b642f147cac99bec0b120b19,2026-04-02 10:35:41,1,5,0.55075349744504,1,245,2026-03-29 10:25:18,2026-04-07 01:50:37
0x7aaab14f7636464c108351c575e6208afe667f7f,2026-04-02 10:35:45,0,5,0.4506770172071693,0,1082,2026-03-29 10:25:18,2026-04-07 01:50:37
0x91773ea277ca756804545096998981e8b9f55305,2026-04-02 10:36:01,0,5,0.5444982058576601,1,277,2026-03-29 10:25:18,2026-04-07 01:50:37
0x0fd13c741c7e9ede2d52e6ca67bb8f0510f17ab8,2026-04-02 10:37:13,0,5,0.503743921549425,1,615,2026-03-29 10:25:18,2026-04-07 01:50:37
0xfe3f957bd91bab09a4ce7e0fb833e128409c0fcf,2026-04-02 10:38:39,1,5,0.5941518068957172,1,111,2026-03-29 10:25:18,2026-04-07 01:50:37
0x5825b839db66966dccf1c4e1030da13a25474ffb,2026-04-02 10:38:43,0,5,0.6018713136132405,1,71,2026-03-29 10:25:18,2026-04-07 01:50:37
0x58c8284e37c45ab503382cf0aacb43504a4bf93b,2026-04-02 10:39:27,1,5,0.44921071608091095,0,1090,2026-03-29 10:25:18,2026-04-07 01:50:37
0x770466c4dcfea12eb053f0fec9fa61f13c929640,2026-04-02 10:39:35,0,5,0.4465912507621538,0,1101,2026-03-29 10:25:18,2026-04-07 01:50:37
0x2255397ee0f763c2ddde6714709c9661e3eda4f6,2026-04-02 11:34:15,0,5,0.4752818349903061,0,925,2026-03-29 10:25:18,2026-04-07 01:50:37
0x23c72ed89eac711b06689cd9a85f8e4fb3d68266,2026-04-02 11:34:21,0,5,0.46757465179971586,0,982,2026-03-29 10:25:18,2026-04-07 01:50:37
0x153424c9c0bd38e364777ec6364cca3ff4809086,2026-04-02 11:34:45,1,5,0.5529187603260123,1,236,2026-03-29 10:25:18,2026-04-07 01:50:37
0xa3d7cc78d8d87dbb005b4389f0944e204eba68a7,2026-04-02 11:34:45,0,5,0.45981975142445414,0,1026,2026-03-29 10:25:18,2026-04-07 01:50:37
0x61b9b866cc4b5dd3f1d77c32acafb26616238913,2026-04-02 11:34:53,1,5,0.43746826400201455,0,1131,2026-03-29 10:25:18,2026-04-07 01:50:37
0xbeb4400ab92eb72bb54086569c2dbc0ad22dda45,2026-04-02 11:34:53,0,5,0.42585745150118937,0,1162,2026-03-29 10:25:18,2026-04-07 01:50:37
0xd2242701dc81a3cea62e5ed84146934da7079a29,2026-04-02 11:35:11,0,5,0.5406743379939202,1,299,2026-03-29 10:25:18,2026-04-07 01:50:37
0x5985a14cf95cfec3eeb82ee41765e4ae3c6f9fff,2026-04-02 11:35:27,0,5,0.305535988117578,0,1287,2026-03-29 10:25:18,2026-04-07 01:50:37
0x7479be6804d872e3945f32ed4d39a8f4b806e171,2026-04-02 11:39:19,0,5,0.45234740518433497,0,1074,2026-03-29 10:25:18,2026-04-07 01:50:37
0xc1ad8a6f457322e793102953fda65078f2e133a4,2026-04-02 15:30:45,0,5,0.47259887778169773,0,949,2026-03-29 10:25:18,2026-04-07 01:50:37
0x42078d2cda8ce0cd4dd786f281aed2bda7122faf,2026-04-02 15:30:47,0,5,0.531990080140596,1,364,2026-03-29 10:25:18,2026-04-07 01:50:37
0xba27693a36f959e5ad3a6b3819660f1a75523f88,2026-04-02 15:30:47,1,5,0.5420031696387351,1,288,2026-03-29 10:25:18,2026-04-07 01:50:37
0x58d1ce8e603d9ac69ba9dbbb4d9f3157806b5312,2026-04-02 15:30:51,0,5,0.4444251033675006,0,1108,2026-03-29 10:25:18,2026-04-07 01:50:37
0x91f2cec77554d8b74e5c4862868bfe54f7631eca,2026-04-02 15:31:17,0,5,0.5551407245184388,1,224,2026-03-29 10:25:18,2026-04-07 01:50:37
0x59cb46a2489ce6de95863229a5890a7464d28862,2026-04-02 15:31:27,0,5,0.4933345572404061,0,735,2026-03-29 10:25:18,2026-04-07 01:50:37
0x909fdb5ae80ad68af6fef33473b73e2cf8a12643,2026-04-02 15:31:29,0,5,0.30281854246245443,0,1290,2026-03-29 10:25:18,2026-04-07 01:50:37
0x23ad1683c1f2d36239506da3148eda9eb681d14d,2026-04-02 15:32:53,1,5,0.49899720674364056,0,675,2026-03-29 10:25:18,2026-04-07 01:50:37
0xcfff09550d84f9ff2abe2bbf41e88865c70f3d0e,2026-04-02 15:32:55,0,5,0.5176589254327143,1,497,2026-03-29 10:25:18,2026-04-07 01:50:37
0xbef322b8991b47354f044e3080fb1a0ab4b99017,2026-04-02 15:33:01,0,5,0.5375710326411772,1,318,2026-03-29 10:25:18,2026-04-07 01:50:37
0x783f48f7ff40611f46df1c3ca84b1def20958f90,2026-04-02 15:37:07,0,5,0.47628176549836126,0,917,2026-03-29 10:25:18,2026-04-07 01:50:37
0xacd7c39f8cef6493cf3f46c3be2f2037656ce3b5,2026-04-02 16:33:37,1,5,0.49869340594244405,0,679,2026-03-29 10:25:18,2026-04-07 01:50:37
0xc9b761a77099f81cf673e469a1bd20c30c8293eb,2026-04-02 16:33:39,0,5,0.4997238470589726,0,668,2026-03-29 10:25:18,2026-04-07 01:50:37
0x760219bd204ec587f19632b19fb4b113761a9b93,2026-04-02 16:36:01,0,5,0.4512459365387092,0,1079,2026-03-29 10:25:18,2026-04-07 01:50:37
0x7e9c050ac0ac397dd34f95f6718755db3835f3a8,2026-04-02 16:36:01,0,5,0.6016627118731306,1,72,2026-03-29 10:25:18,2026-04-07 01:50:37
0x5d3e9ef1a3b48d4ef0938c2164fc317923cbb97a,2026-04-02 16:36:31,1,5,0.4838920550497707,0,828,2026-03-29 10:25:18,2026-04-07 01:50:37
0xebbb4af34071afc80e779a8a27f63a8abf874f15,2026-04-02 16:37:03,0,5,0.5201495338305266,1,459,2026-03-29 10:25:18,2026-04-07 01:50:37
0x4651760de725a01e2956aabc4fb7f14ec9265923,2026-04-02 16:37:39,1,5,0.5802194177840256,1,147,2026-03-29 10:25:18,2026-04-07 01:50:37
0x6b31bd1b7e9da2c658146cd411862db56b57968f,2026-04-02 16:38:41,0,5,0.47756860362003445,0,897,2026-03-29 10:25:18,2026-04-07 01:50:37
0x4a073859013270247c8002e1e17999e04383de1b,2026-04-02 17:32:27,1,5,0.5901804137629231,1,119,2026-03-29 10:25:18,2026-04-07 01:50:37
0xb34de63dd92d6043d3cc6504f6d807a14a8c8387,2026-04-02 17:33:41,0,5,0.4369590919268023,0,1132,2026-03-29 10:25:18,2026-04-07 01:50:37
0x6936bf102e8c8e5035a8a93142ccb903703637fd,2026-04-02 17:33:47,1,5,0.49808090730522536,0,684,2026-03-29 10:25:18,2026-04-07 01:50:37
0x99850516649aea225d40c01262da754c59e49b14,2026-04-02 17:33:49,0,5,0.5278127583298611,1,395,2026-03-29 10:25:18,2026-04-07 01:50:37
0x3f00a1174186f7a610e76657cb9528a78f946628,2026-04-02 17:33:59,1,5,0.41369135403052804,0,1195,2026-03-29 10:25:18,2026-04-07 01:50:37
0x72241c845d4502ffc2532d55d0f75ca6e4751b96,2026-04-02 17:34:43,0,5,0.45893415251285086,0,1035,2026-03-29 10:25:18,2026-04-07 01:50:37
0xf9505091c9e6139858a6d78b644c5bb2f7fe6090,2026-04-02 17:36:45,0,5,0.3862697875475958,0,1239,2026-03-29 10:25:18,2026-04-07 01:50:37
0xf0d1d8862bf9aca5bdb660e81c786d4df8df2418,2026-04-02 17:37:59,0,5,0.4814004171520041,0,859,2026-03-29 10:25:18,2026-04-07 01:50:37
0xa5b29534f8c286b280dd108d4e234aa47679e1ce,2026-04-02 17:38:49,0,5,0.46424228687970287,0,1001,2026-03-29 10:25:18,2026-04-07 01:50:37
0x287e20496c9ed3784f3b6bd53fcf9eccfa1a4e09,2026-04-02 17:39:23,0,5,0.47382864070071606,0,940,2026-03-29 10:25:18,2026-04-07 01:50:37
0x88f2963c93ec4cc070a9d41a3765dc4357baa6c1,2026-04-02 17:41:11,0,5,0.48020875431111376,0,869,2026-03-29 10:25:18,2026-04-07 01:50:37
0x8e4e4396cc17abdd024dd93d32a3c77b96e0552b,2026-04-02 23:01:11,1,5,0.5166631196540937,1,511,2026-03-29 10:25:18,2026-04-07 01:50:37
0xcf7116076b2449082f473dd77afb939b2cdcfd64,2026-04-02 23:01:11,0,5,0.45423201695054594,0,1064,2026-03-29 10:25:18,2026-04-07 01:50:37
0x1fc82e096da1f53ee32ed407c264fb76ae2305cf,2026-04-02 23:01:13,1,5,0.3509991325061843,0,1265,2026-03-29 10:25:18,2026-04-07 01:50:37
0xb7a2fb693f5ad703dd19d44a2e6f0d37c16fe144,2026-04-02 23:01:13,0,5,0.5250931903012086,1,417,2026-03-29 10:25:18,2026-04-07 01:50:37
0x9c660af464b7ab6f1db3cd959c698ca10c431166,2026-04-02 23:02:27,0,5,0.5398465980197057,1,303,2026-03-29 10:25:18,2026-04-07 01:50:37
0x0389362a989f33544316fae92f8e60337bc2e5f7,2026-04-02 23:03:37,0,5,0.492868401338902,0,738,2026-03-29 10:25:18,2026-04-07 01:50:37
0x27b1c4821ca70c03bd279e708520c765bec76a0b,2026-04-02 23:03:39,0,5,0.5175475321421538,1,500,2026-03-29 10:25:18,2026-04-07 01:50:37
0x1e51fb2e3509c865bf6d6923d50858b49662c2e4,2026-04-02 23:04:41,0,5,0.5103098680677521,1,568,2026-03-29 10:25:18,2026-04-07 01:50:37
0xafca2ad36fb2a5ca9531d09cea33fc05f7daa775,2026-04-02 23:04:41,1,5,0.4289590379022497,0,1156,2026-03-29 10:25:18,2026-04-07 01:50:37
0x7d8c3280f00c5737bc6cd86f8b5cb9e6b9db5822,2026-04-02 23:05:09,0,5,0.41483528393994584,0,1190,2026-03-29 10:25:18,2026-04-07 01:50:37
0x80489b4d8c09a8ee9d6ef79c742f0ad4ccbe5115,2026-04-02 23:05:09,0,5,0.4779164184980277,0,893,2026-03-29 10:25:18,2026-04-07 01:50:37
0x2e4ce3b4f327fcf3654129242730f5aa24f4192c,2026-04-02 23:05:21,1,5,0.5197293588973355,1,470,2026-03-29 10:25:18,2026-04-07 01:50:37
0x5cf00f552dd0185d19dbfdf0ec2de0059d70a575,2026-04-02 23:05:33,0,5,0.502558209565334,1,629,2026-03-29 10:25:18,2026-04-07 01:50:37
0xa445c349c85e1cb3b1dbca15e0e7b8875abb7ac2,2026-04-02 23:05:43,0,5,0.5023030878343864,1,640,2026-03-29 10:25:18,2026-04-07 01:50:37
0xbcd30a14df630b0b197b878c054edb34a0ac4f88,2026-04-02 23:05:43,0,5,0.5368912226099661,1,323,2026-03-29 10:25:18,2026-04-07 01:50:37
0x9866f9b70a4953c49d812e8a3f8041c06cba7155,2026-04-02 23:05:45,1,5,0.5271166573728001,1,402,2026-03-29 10:25:18,2026-04-07 01:50:37
0xd52efe15d56823856e21993cb774a32344a18d09,2026-04-02 23:05:45,0,5,0.5338102106267477,1,351,2026-03-29 10:25:18,2026-04-07 01:50:37
0x5b7c8a0ec23cb9357690c22805ba60f388b3f391,2026-04-02 23:07:59,1,5,0.5536731963889857,1,232,2026-03-29 10:25:18,2026-04-07 01:50:37
0xa81acc256e7bc16ef68e15834c9460d0bc73dce9,2026-04-02 23:07:59,0,5,0.548450954208327,1,254,2026-03-29 10:25:18,2026-04-07 01:50:37
0x412ae184236bf0fe1c35bd41ac6a164de0876275,2026-04-02 23:08:11,0,5,0.4898670152907728,0,770,2026-03-29 10:25:18,2026-04-07 01:50:37
0xfaa4bc5dcf775d0c63a415413902608dd0592ecb,2026-04-02 23:08:17,0,5,0.5002285599257581,1,663,2026-03-29 10:25:18,2026-04-07 01:50:37
0xa9ea9b45640446df64d4f0790955dc3644e4d43f,2026-04-02 23:08:45,1,5,0.45740401723442936,0,1045,2026-03-29 10:25:18,2026-04-07 01:50:37
0x6239c6fa473f967d46dab883a09dd327be32c24f,2026-04-03 00:02:01,1,5,0.49845672203872016,0,682,2026-03-29 10:25:18,2026-04-07 01:50:37
0x8c06a11cc429e46b8fd8bb48b84ed2f2663ec721,2026-04-03 00:03:03,0,5,0.5053294360135425,1,603,2026-03-29 10:25:18,2026-04-07 01:50:37
0x1e108d3abe5034e0e6e583a696689c16b7e378f7,2026-04-03 00:03:35,0,5,0.4907513953058833,0,764,2026-03-29 10:25:18,2026-04-07 01:50:37
0xcaef8b4053a9948c2f27e52c9f7c52a744ec9d39,2026-04-03 00:03:43,1,5,0.5285510755148062,1,391,2026-03-29 10:25:18,2026-04-07 01:50:37
0x12463232ae8befe8179b6be38cc7c5002a822324,2026-04-03 00:03:57,0,5,0.5394512542074719,1,307,2026-03-29 10:25:18,2026-04-07 01:50:37
0x22cfb0c8ae14af7d5af9d6a63ae2c3cbbafdb815,2026-04-03 00:04:01,0,5,0.45853583673631626,0,1041,2026-03-29 10:25:18,2026-04-07 01:50:37
0x337b7fca244bf2ef3272469ee02a2bd541097e26,2026-04-03 00:05:09,0,5,0.5067642434675912,1,593,2026-03-29 10:25:18,2026-04-07 01:50:37
0xf82addf4684c494dff04d634bed736d5039f237f,2026-04-03 00:05:11,0,5,0.5722357363401881,1,170,2026-03-29 10:25:18,2026-04-07 01:50:37
0x79b6d174ab55bf6dc8dba2f01e79f8cf5a67585c,2026-04-03 00:05:59,0,5,0.5157289047102863,1,519,2026-03-29 10:25:18,2026-04-07 01:50:37
0xad516e0f79650fb11f72cff6321702ed6538d76d,2026-04-03 04:07:25,1,5,0.46851354648797205,0,974,2026-03-29 10:25:18,2026-04-07 01:50:37
0xc52a00057ffaca7ff902898c77db86745d78e37a,2026-04-03 04:07:25,0,5,0.5207762323493108,1,452,2026-03-29 10:25:18,2026-04-07 01:50:37
0xf4e48f6a790247c488153593f4e9d1291a78d947,2026-04-03 04:08:55,0,5,0.5154316812268949,1,522,2026-03-29 10:25:18,2026-04-07 01:50:37
0x8584eb6388f3e81395e13ab5906661743cfc6b7d,2026-04-03 04:09:01,1,5,0.4891225413526603,0,778,2026-03-29 10:25:18,2026-04-07 01:50:37
0x27abdfc9393c72a6330a3be987da4b46c726e521,2026-04-03 04:09:27,0,5,0.43460164164124715,0,1140,2026-03-29 10:25:18,2026-04-07 01:50:37
0x4b5cd6695b6fdbeb00553376591fe143f3f88aa4,2026-04-03 04:10:37,0,5,0.49901946449312234,0,674,2026-03-29 10:25:18,2026-04-07 01:50:37
0x3735b3e9eb01356d82a60e47a563592bf5cc5a5b,2026-04-03 04:10:53,1,5,0.6035852310998409,1,12,2026-03-29 10:25:18,2026-04-07 01:50:37
0xf0aaa9c44b5e0a9c5577a7550a354e2d336af7e3,2026-04-03 04:11:43,0,5,0.5003824726395605,1,661,2026-03-29 10:25:18,2026-04-07 01:50:37
0x0ea3153b5ca84414a2fcdcd8264e22bf96a671a1,2026-04-03 04:11:55,0,5,0.4331213527318728,0,1144,2026-03-29 10:25:18,2026-04-07 01:50:37
0x444c9767dc28588c203bd54db017ac8a06bf148d,2026-04-03 05:10:13,1,5,0.5819069143811593,1,142,2026-03-29 10:25:18,2026-04-07 01:50:37
0xe8dede581ccd6c333e4b02737b5aff2cfa53a2b8,2026-04-03 05:10:33,0,5,0.45124396952933493,0,1080,2026-03-29 10:25:18,2026-04-07 01:50:37
0xfc966a6f7c27e5e033b754fa73c507b8c8d62d87,2026-04-03 05:10:33,0,5,0.47839939066629406,0,888,2026-03-29 10:25:18,2026-04-07 01:50:37
0xac4f1554bd58f0b4f1d07e2726aa4e192510d862,2026-04-03 05:11:31,0,5,0.4798103691738897,0,873,2026-03-29 10:25:18,2026-04-07 01:50:37
0x8304ca94f81fdfe3f8bceae6a6621ece6225671c,2026-04-03 05:12:13,0,5,0.5003223819164608,1,662,2026-03-29 10:25:18,2026-04-07 01:50:37
0x95325c50388bb729fddd8762d34256b990e824dc,2026-04-03 05:12:13,0,5,0.5024510246228303,1,635,2026-03-29 10:25:18,2026-04-07 01:50:37
0x8155e3bd17a92b994a6d7e9476efbd187235ab2a,2026-04-03 05:12:59,1,5,0.48672887649534974,0,796,2026-03-29 10:25:18,2026-04-07 01:50:37
0x277c00e01e2d3ed437736e9495085ae1104768aa,2026-04-03 05:14:05,0,5,0.43603429976739055,0,1136,2026-03-29 10:25:18,2026-04-07 01:50:37
0x8762c08d1f8a4df628c333194624106fb5b04dd9,2026-04-03 05:16:37,0,5,0.5668080994246198,1,183,2026-03-29 10:25:18,2026-04-07 01:50:37
0xb07b6dbff739e7aebffedada1039f2dbc6ce6629,2026-04-03 06:11:45,1,5,0.5359003050369889,1,335,2026-03-29 10:25:18,2026-04-07 01:50:37
0x057b1278c6f10ce28fa1bda1248c3280e5eb9819,2026-04-03 06:12:07,1,5,0.49376646662907514,0,728,2026-03-29 10:25:18,2026-04-07 01:50:37
0xcb4d96fbf62bc8b02a2d62b5080087a6a50f1ad4,2026-04-03 06:12:07,1,5,0.5477641469833896,1,257,2026-03-29 10:25:18,2026-04-07 01:50:37
0xce068d47942f535e390ee3f613c7a982294ac99d,2026-04-03 06:12:09,0,5,0.46795007698338853,0,980,2026-03-29 10:25:18,2026-04-07 01:50:37
0xe56f6e60326e16fe08a5a6e96abcc9b227e1cbd5,2026-04-03 06:12:09,1,5,0.5947021712624304,1,107,2026-03-29 10:25:18,2026-04-07 01:50:37
0x0248bcdd41542378345ae6a9eb9dc931360cab6f,2026-04-03 06:12:33,0,5,0.521988772095091,1,443,2026-03-29 10:25:18,2026-04-07 01:50:37
0xa3282d3e882501229c75d0caf134e62e3afb4977,2026-04-03 06:12:35,0,5,0.48060034767381504,0,865,2026-03-29 10:25:18,2026-04-07 01:50:37
0x6ff2ed2952f00ba54430380ef58e80101a2ff582,2026-04-03 06:12:47,0,5,0.49671795778647293,0,696,2026-03-29 10:25:18,2026-04-07 01:50:37
0x1b2e5156f2651cf2375cdcd5b35ccde97706e590,2026-04-03 06:13:11,1,5,0.5031933344846907,1,623,2026-03-29 10:25:18,2026-04-07 01:50:37
0x6cb72f03e61789a735348ce1eec1576fad550664,2026-04-03 06:13:31,0,5,0.3923068142988791,0,1234,2026-03-29 10:25:18,2026-04-07 01:50:37
0x779b6df22bb6986ee0f55dd05f695a36311d88db,2026-04-03 06:14:43,0,5,0.4437386313370967,0,1109,2026-03-29 10:25:18,2026-04-07 01:50:37
0xce00906bc68eb6cae80f6c77c735ad8ab51c1401,2026-04-03 07:13:45,0,5,0.5738968749205264,1,166,2026-03-29 10:25:18,2026-04-07 01:50:37
0xda39fdc0243202f47965c9183b0b966242d1f5ba,2026-04-03 07:14:35,0,5,0.5188101737923028,1,482,2026-03-29 10:25:18,2026-04-07 01:50:37
0x64d4c540211c48ce4cb7b853ffcb0df2b438f056,2026-04-03 07:15:17,1,5,0.48913027437676737,0,777,2026-03-29 10:25:18,2026-04-07 01:50:37
0x9660486887fb975c3452ea143f1a3fe1caa45dd3,2026-04-03 07:15:49,0,5,0.5592042024974745,1,214,2026-03-29 10:25:18,2026-04-07 01:50:37
0xdbc560c92fba4db367dc0370935bcf77bb75fbca,2026-04-03 07:15:49,0,5,0.5429622152679813,1,283,2026-03-29 10:25:18,2026-04-07 01:50:37
0xaa722c85ff159b21e3e84ffab6d10c4107b52050,2026-04-03 07:17:05,0,5,0.507922283904913,1,585,2026-03-29 10:25:18,2026-04-07 01:50:37
0xda120acc74be71c7f59b4b032a3a1ccf976c6967,2026-04-03 07:17:05,0,5,0.5135816571251065,1,540,2026-03-29 10:25:18,2026-04-07 01:50:37
0x84b08a7b969ae837fddc819bd4d0ef9c0cd82398,2026-04-03 07:17:07,0,5,0.49438310042399397,0,721,2026-03-29 10:25:18,2026-04-07 01:50:37
0x0150a04b4f0f4f19c4e8185a40e284006234d23e,2026-04-03 07:19:15,0,5,0.49916425710379464,0,673,2026-03-29 10:25:18,2026-04-07 01:50:37
0xa9ee0ac2f751c3d802cbf16a49a50876e4f4c8ad,2026-04-03 08:12:19,1,5,0.3969511134532404,0,1225,2026-03-29 10:25:18,2026-04-07 01:50:37
0xf2430f8c899b25ab57a64eb053e906847eea78ea,2026-04-03 08:12:19,1,5,0.4266488063069157,0,1160,2026-03-29 10:25:18,2026-04-07 01:50:37
0x9cbcd5e7511bfab3b32822805d3317c7071ac125,2026-04-03 08:15:27,1,5,0.4919279023880683,0,749,2026-03-29 10:25:18,2026-04-07 01:50:37
0x1dfeccd5a83f1427ac718d1a7fd90d69aa43d2d0,2026-04-03 08:16:43,0,5,0.43330559094795473,0,1143,2026-03-29 10:25:18,2026-04-07 01:50:37
0x05b026de2725743726d2f8e4e2a888824c87a614,2026-04-03 08:19:05,0,5,0.467361919082264,0,984,2026-03-29 10:25:18,2026-04-07 01:50:37
0xdd2875894146f348dbc2d2dce57dfb7beba6fbbe,2026-04-03 08:19:27,0,5,0.41620686391845835,0,1186,2026-03-29 10:25:18,2026-04-07 01:50:37
0x2b1db59e8fe9e9674ee059c6c4f2ec585f963763,2026-04-03 08:20:03,0,5,0.5148789700189109,1,527,2026-03-29 10:25:18,2026-04-07 01:50:37
0x36fb4d16dbe868136d04b0b4326c9fec10ddb23a,2026-04-03 08:20:03,0,5,0.5553744921796459,1,223,2026-03-29 10:25:18,2026-04-07 01:50:37
0x231f397ad890c0937b487c5a277eda65414e254b,2026-04-03 09:14:19,1,5,0.5215698261716419,1,448,2026-03-29 10:25:18,2026-04-07 01:50:37
0x9c7ddc388da6337555a96a03a353c62b4a7e3d7e,2026-04-03 09:14:35,0,5,0.2913280354876553,0,1292,2026-03-29 10:25:18,2026-04-07 01:50:37
0xd6aab6f1c5f9c8c63e972fec0a6eac5c14affc15,2026-04-03 09:15:29,0,5,0.470019038327833,0,960,2026-03-29 10:25:18,2026-04-07 01:50:37
0x403b5d26d1afd6605349fd553b5529d9826b1f57,2026-04-03 09:15:53,0,5,0.4918998863869727,0,751,2026-03-29 10:25:18,2026-04-07 01:50:37
0x63a51cbb37341837b873bc29d05f482bc2988e33,2026-04-03 09:15:57,0,5,0.2911156924422013,0,1293,2026-03-29 10:25:18,2026-04-07 01:50:37
0xba5f6a7ccc028ab2a1bce1b0b69ca2c45bf02a35,2026-04-03 09:16:27,1,5,0.4973499022865449,0,691,2026-03-29 10:25:18,2026-04-07 01:50:37
0xd1827bb7682bb188e0bcc1657b63e8470f371a18,2026-04-03 09:16:27,1,5,0.5533375526023675,1,233,2026-03-29 10:25:18,2026-04-07 01:50:37
0x8289d98752fc270920a5dec6c93596e95bdf6bbb,2026-04-03 09:17:31,1,5,0.4650528416244001,0,993,2026-03-29 10:25:18,2026-04-07 01:50:37
0xf0f559e41e3804a9bf4309251b624214a6321700,2026-04-03 09:18:37,0,5,0.43603895220833144,0,1135,2026-03-29 10:25:18,2026-04-07 01:50:37
0xf3ef6ac0510c9eabc42fbb146b5c3c64edc1ca6b,2026-04-03 10:14:47,0,5,0.31321469529922463,0,1282,2026-03-29 10:25:18,2026-04-07 01:50:37
0xbaddc282da700c2bfe853f6b22002f0536f9ee71,2026-04-03 10:18:03,0,5,0.5000591435999794,1,666,2026-03-29 10:25:18,2026-04-07 01:50:37
0xcfbb63e889b50478097b6f8cc6ea7563686d3d3c,2026-04-03 10:19:47,0,5,0.49647036260615385,0,700,2026-03-29 10:25:18,2026-04-07 01:50:37
0x01a68281185e728ba0fef6245008bf8af68a59b0,2026-04-03 10:19:51,0,5,0.5209266993049744,1,451,2026-03-29 10:25:18,2026-04-07 01:50:37
0x7692efc983d3ca8632f03867e2999497562151a2,2026-04-03 11:16:35,1,5,0.49490669315394115,0,717,2026-03-29 10:25:18,2026-04-07 01:50:37
0x6b7f63c2c330fbd50d7f2e23a593fa4fc9e0657e,2026-04-03 11:17:13,0,5,0.2881324375370925,0,1294,2026-03-29 10:25:18,2026-04-07 01:50:37
0x6430fa7966219032f3f28034de3c6cbd8eb64c88,2026-04-03 11:18:11,0,5,0.25395955372175255,0,1309,2026-03-29 10:25:18,2026-04-07 01:50:37
0x27f02de28af5f8ae5d544b8a45be0a25006e1807,2026-04-03 11:19:33,0,5,0.4708704355825794,0,957,2026-03-29 10:25:18,2026-04-07 01:50:37
0xdfb586fba8389590c44b47aca178639802be8b5d,2026-04-03 11:19:59,0,5,0.4830099121984886,0,833,2026-03-29 10:25:18,2026-04-07 01:50:37
0x283835878028d343cd00406d309d90a894a001c1,2026-04-03 11:20:09,1,5,0.5047288431064102,1,611,2026-03-29 10:25:18,2026-04-07 01:50:37
0xeaa72500d92c5acaae31b6e9106cbe4a3ece1565,2026-04-03 11:20:35,0,5,0.39411332033668517,0,1230,2026-03-29 10:25:18,2026-04-07 01:50:37
0x9608fd48e1150bf674439acce2ac1cfe21a6ca1e,2026-04-03 11:21:15,0,5,0.2541303545271863,0,1308,2026-03-29 10:25:18,2026-04-07 01:50:37
0x54ac698b73ded7cba348bec6a8a9af0299ee47e6,2026-04-03 12:21:45,0,5,0.45370893534251927,0,1068,2026-03-29 10:25:18,2026-04-07 01:50:37
0xd2f0c5e3ab7ce081a83a1f589e1f786081abb09c,2026-04-03 13:20:19,1,5,0.5750895576505478,1,161,2026-03-29 10:25:18,2026-04-07 01:50:37
0x7bb928370a3f33aed24c4ea2aae91b416e7a7d5b,2026-04-03 14:21:11,0,5,0.5201669049339235,1,458,2026-03-29 10:25:18,2026-04-07 01:50:37
0xb3bac8213eceb3fced8ea0c6f3c77dfb9e60ccef,2026-04-03 14:21:25,0,5,0.4852240617231645,0,813,2026-03-29 10:25:18,2026-04-07 01:50:37
0xe7581085ecfcd69fb88cdcdf8a7e6e5b68e279ee,2026-04-03 14:24:27,0,5,0.4752024686930811,0,927,2026-03-29 10:25:18,2026-04-07 01:50:37
0x8a782f05e79a899de8e986a7a497e724279e4898,2026-04-03 14:24:53,0,5,0.5283687139036239,1,392,2026-03-29 10:25:18,2026-04-07 01:50:37
0x29af2a286b8167d9681e68d74f46d5cafb1f2473,2026-04-03 14:26:45,0,5,0.5380304786462917,1,317,2026-03-29 10:25:18,2026-04-07 01:50:37
0x1073d3b26ef0c5dbb37bf4e417801fa29d1bd8ba,2026-04-03 14:28:21,0,5,0.5111765622374745,1,561,2026-03-29 10:25:18,2026-04-07 01:50:37
0x1f5f8933804febccd0e1fd8884c602fcc113fe38,2026-04-03 15:25:33,0,5,0.5138761776670758,1,534,2026-03-29 10:25:18,2026-04-07 01:50:37
0xcaa32e2de885c8d75861a36fe8f3ecb4c07736e0,2026-04-03 15:25:33,0,5,0.4566372412325532,0,1048,2026-03-29 10:25:18,2026-04-07 01:50:37
0xdcebb5e22e542b76474dad988c3e756a0e54481a,2026-04-03 15:26:55,1,5,0.49842224921239414,0,683,2026-03-29 10:25:18,2026-04-07 01:50:37
0xf3752b2369295535cdbdb5562667ae02569a4344,2026-04-03 17:25:07,0,5,0.5201914617807567,1,456,2026-03-29 10:25:18,2026-04-07 01:50:37
0xb51bf69b43022c6f72cc94eb10edc2c36237dae3,2026-04-03 17:25:21,0,5,0.4363667575913542,0,1133,2026-03-29 10:25:18,2026-04-07 01:50:37
0xd95c4fedb19bc42a9924da01dd2131ef9c9713b2,2026-04-03 17:25:35,1,5,0.5882103685683703,1,124,2026-03-29 10:25:18,2026-04-07 01:50:37
0xd1d35cfbc21c9b3b5d47b2bfddd199f5c8c8f4f1,2026-04-03 17:27:19,0,5,0.49209473211353333,0,747,2026-03-29 10:25:18,2026-04-07 01:50:37
0xfe252ac97e5a413299d3fae044c6c2b218d54e99,2026-04-03 18:25:45,1,5,0.6002078442205286,1,84,2026-03-29 10:25:18,2026-04-07 01:50:37
0xdfb34c6b1bd85660c9bdeefb6b99af1f6adff4f6,2026-04-03 18:27:35,1,5,0.5097114304641959,1,577,2026-03-29 10:25:18,2026-04-07 01:50:37
0xa85b3359d5e0bdcb925f6a2b94ddfbf6d403eb0e,2026-04-03 18:27:55,0,5,0.5168014006807272,1,509,2026-03-29 10:25:18,2026-04-07 01:50:37
0x38ab61c0f6ed95a3959b192d54c619515351bd88,2026-04-03 18:30:01,0,5,0.5563451245854841,1,222,2026-03-29 10:25:18,2026-04-07 01:50:37
0x00e1e82c27aae8b2459c7721497e7b481916b679,2026-04-03 19:25:41,0,5,0.2784378509897706,0,1300,2026-03-29 10:25:18,2026-04-07 01:50:37
0x2a5388703318f96b1db618e84ba46da147f6074a,2026-04-03 19:26:15,1,5,0.49781665057255303,0,686,2026-03-29 10:25:18,2026-04-07 01:50:37
0x698422e32d154937159a890fd614becd5939117b,2026-04-03 19:30:09,0,5,0.40697611857526345,0,1213,2026-03-29 10:25:18,2026-04-07 01:50:37
0x89d6ff2c939ea2c38b4dc51036b8f059da8771ca,2026-04-03 20:29:33,1,5,0.45769123479993296,0,1044,2026-03-29 10:25:18,2026-04-07 01:50:37
0x049dae5639598b6cdfe836bcf59149aa7aefcc0d,2026-04-03 20:30:05,0,5,0.5469441081067313,1,261,2026-03-29 10:25:18,2026-04-07 01:50:37
0xb9a42e27108f4853b1a72b6fde432f61d9e65a71,2026-04-03 21:33:07,1,5,0.5196550873459219,1,473,2026-03-29 10:25:18,2026-04-07 01:50:37
0xf28b62d5e99bd3c72bcad391cd2ea051241c77af,2026-04-03 21:33:11,0,5,0.48888546401693433,0,782,2026-03-29 10:25:18,2026-04-07 01:50:37
0x6f62f0dd670b2f9051bc466fb660a9099eb371c8,2026-04-03 21:34:11,1,5,0.27063016793668737,0,1304,2026-03-29 10:25:18,2026-04-07 01:50:37
0x55aeeb3eb4e8cc0da6d9e4939caf533bf6c3f5df,2026-04-03 21:34:55,0,5,0.47695996306934507,0,908,2026-03-29 10:25:18,2026-04-07 01:50:37
0x27f738fe203827445690339104aae35b20bc44b0,2026-04-03 21:35:17,0,5,0.31057006952280475,0,1283,2026-03-29 10:25:18,2026-04-07 01:50:37
0x01f42b2a782b4a34a2cba65a47024e736c93ee13,2026-04-03 22:37:09,0,5,0.4965186404863792,0,699,2026-03-29 10:25:18,2026-04-07 01:50:37
0xb5bd8ee4e71353d659cea543f1ab37e7d08eb891,2026-04-04 00:32:57,0,5,0.2754272991231441,0,1301,2026-03-29 10:25:18,2026-04-07 01:50:37
0x2b89409fbbaf3ac4975adce69729a7867b694d56,2026-04-04 00:37:19,0,5,0.4475707487459207,0,1098,2026-03-29 10:25:18,2026-04-07 01:50:37
0x034845730e7bb8d1194fea5c336d4008e4476302,2026-04-04 00:37:35,0,5,0.5159111132226558,1,518,2026-03-29 10:25:18,2026-04-07 01:50:37
0x2add271887c13f58bbee06c2ce6f2cffc9dd7cd6,2026-04-04 01:33:55,0,5,0.447776058976144,0,1097,2026-03-29 10:25:18,2026-04-07 01:50:37
0x7c8a88ee29d0fc5e7eec02f8b3f71a33190c02ac,2026-04-04 01:34:01,0,5,0.409386451070876,0,1208,2026-03-29 10:25:18,2026-04-07 01:50:37
0xc90ebd2a7cc3a08f748d2da1608bcefe133f2a62,2026-04-04 01:35:01,0,5,0.3996218043724373,0,1224,2026-03-29 10:25:18,2026-04-07 01:50:37
0x74e374bca93e95e95e7226c63a21c639a685242c,2026-04-04 02:35:31,1,5,0.41273416690246345,0,1198,2026-03-29 10:25:18,2026-04-07 01:50:37
0x0c92e4a630ab08ac41a26d374cd333803b7f5567,2026-04-04 03:40:31,0,5,0.6015609339939568,1,74,2026-03-29 10:25:18,2026-04-07 01:50:37
0x8f5e5ff19278b1da839b666404c7302c0e495cdb,2026-04-04 04:39:09,1,5,0.603306602755238,1,41,2026-03-29 10:25:18,2026-04-07 01:50:37
0x76a1f5f4a6ac99f5de9fba514d609072fc7c4652,2026-04-04 04:39:49,0,5,0.38237811464545945,0,1243,2026-03-29 10:25:18,2026-04-07 01:50:37
0xfc45e452c98f88f6107949d1b6a4df8d6248b59c,2026-04-04 04:45:09,0,5,0.5119573774146684,1,552,2026-03-29 10:25:18,2026-04-07 01:50:37
0x485050efbc3f457efcd4ee262017948e6f2eab3b,2026-04-04 06:38:39,0,5,0.5124768875610125,1,546,2026-03-29 10:25:18,2026-04-07 01:50:37
0xe18de7e91198c4ea2a063085f9a39404298f24eb,2026-04-04 06:40:19,1,5,0.5956354581582659,1,103,2026-03-29 10:25:18,2026-04-07 01:50:37
0x5d7e57d00504a85ee12dbe7ac9056d97154551de,2026-04-04 07:44:59,1,5,0.4552810925191023,0,1054,2026-03-29 10:25:18,2026-04-07 01:50:37
0xc866c27965a4e2f28b17c6e973ac8952f2dd8c6d,2026-04-04 09:55:31,0,5,0.25767905863590074,0,1307,2026-03-29 10:25:18,2026-04-07 01:50:37
0x4c2eccb3e82a53ef78d16a06960fd46751caa09a,2026-04-04 09:59:39,1,5,0.5493718775431019,1,249,2026-03-29 10:25:18,2026-04-07 01:50:37
0x1d485fd3ad6677bcbaf6a52fa05988f7e79ba260,2026-04-04 10:59:01,1,5,0.4648693481488257,0,997,2026-03-29 10:25:18,2026-04-07 01:50:37
0x3c0357c0622f6b03c8ab62da058cf7482e7400cc,2026-04-04 12:00:07,0,5,0.4700422577409389,0,959,2026-03-29 10:25:18,2026-04-07 01:50:37
0x5b5de2c149602ec0b1cb9e8fe20e6168d9ddadc4,2026-04-04 12:01:11,0,5,0.5681729192764647,1,177,2026-03-29 10:25:18,2026-04-07 01:50:37
0x20e1ae4fd6605fd467358fbbdca17990cbf80e98,2026-04-04 13:04:51,0,5,0.5187217802759233,1,484,2026-03-29 10:25:18,2026-04-07 01:50:37
0x5bc707f9c7f09590c649ad4c107df263dcd52415,2026-04-04 14:02:49,0,5,0.5051956525063415,1,604,2026-03-29 10:25:18,2026-04-07 01:50:37
0x93e0fa0ce9aee97755e4261a9383a0cebd043d28,2026-04-04 15:02:29,0,5,0.520365131398494,1,455,2026-03-29 10:25:18,2026-04-07 01:50:37
0x06944e717cc8d44f46c9c21fb685eec1b5ba428c,2026-04-04 15:02:31,1,5,0.5727898068801444,1,169,2026-03-29 10:25:18,2026-04-07 01:50:37
0x33c38d188d4da1f63eb83ff8dcd40e744ab4d236,2026-04-04 15:03:09,1,5,0.5977606135071065,1,91,2026-03-29 10:25:18,2026-04-07 01:50:37
0x60a772c2289610ef4ee8731391abd40176bad091,2026-04-04 15:05:23,0,5,0.5902667334591872,1,118,2026-03-29 10:25:18,2026-04-07 01:50:37
0x0105d164963928b357cfe03a2420321a9414d9c0,2026-04-04 15:05:29,1,5,0.5864535983666259,1,129,2026-03-29 10:25:18,2026-04-07 01:50:37
0x6d3c9fe9cb9a7e006c99b13bdd0451ab5059c74a,2026-04-04 16:06:47,0,5,0.4943455761979575,0,722,2026-03-29 10:25:18,2026-04-07 01:50:37
0x292a4b349e6ef9a13028e5bc1b5a6214d9495d78,2026-04-04 16:07:43,1,5,0.4519650521103927,0,1076,2026-03-29 10:25:18,2026-04-07 01:50:37
0xf6beafa72d6416525c4cf039c9c122883dbef6a3,2026-04-04 16:08:31,1,5,0.5024818397293312,1,633,2026-03-29 10:25:18,2026-04-07 01:50:37
0x5540d34e4f110b09159a10b5196829a3a5c7fbf4,2026-04-04 16:09:53,1,5,0.4639069416660681,0,1007,2026-03-29 10:25:18,2026-04-07 01:50:37
0xa4e810d1f9273ba30a3827ab966cc857942cff03,2026-04-04 17:09:11,0,5,0.4480907319840322,0,1093,2026-03-29 10:25:18,2026-04-07 01:50:37
0x2fbe677aa5450066ca730fd2f4ed0f79839536a7,2026-04-04 20:11:07,1,5,0.5355747089387598,1,339,2026-03-29 10:25:18,2026-04-07 01:50:37
0x07d06f2253e9d7fa42a6d8dbe88ae29a98e61310,2026-04-04 21:12:47,1,5,0.2247018619422507,0,1316,2026-03-29 10:25:18,2026-04-07 01:50:37
0x656947cf556d72c15761f7ca4fe2e815d9927600,2026-04-04 21:12:47,0,5,0.39690843884333826,0,1226,2026-03-29 10:25:18,2026-04-07 01:50:37
0x6306ddb0368487d858bcd42186da0e97db5d41b8,2026-04-04 22:14:59,0,5,0.47939574339108304,0,879,2026-03-29 10:25:18,2026-04-07 01:50:37
0x89207d195197abcfaef9fae99d5483fcdab14ca5,2026-04-04 23:19:47,0,5,0.4076983927641275,0,1212,2026-03-29 10:25:18,2026-04-07 01:50:37
0x88efc5d2ca0e0409995f29935e6b9fa229654404,2026-04-05 00:14:05,1,5,0.5472262483376727,1,259,2026-03-29 10:25:18,2026-04-07 01:50:37
0xf2252e4aa8386e26cae9a778c9b9ec41fcedcc69,2026-04-07 01:47:01,0,5,0.5254670181810523,1,412,2026-03-29 10:25:18,2026-04-07 01:50:37
0xdb2cbd93fd461f9657b23260674190b0bf42b935,2026-04-07 01:49:05,0,5,0.4411447930319737,0,1117,2026-03-29 10:25:18,2026-04-07 01:50:37
0x20d178acdbf2c96f1a6634c7dc7c9918fdaf75db,2026-04-07 01:50:17,0,5,0.4943423155511572,0,723,2026-03-29 10:25:18,2026-04-07 01:50:37
0x167a59f38ffe5eb3b116c793fae3ae295070d542,2026-04-07 01:50:37,0,5,0.5215447391323444,1,449,2026-03-29 10:25:18,2026-04-07 01:50:37
0x75110b2afa07a881292528a355715a0febe1582e,2026-04-07 01:50:37,0,5,0.4915120455740957,0,756,2026-03-29 10:25:18,2026-04-07 01:50:37
